ISO-10303-21;
HEADER;
FILE_DESCRIPTION(('Open CASCADE Model'),'2;1');
FILE_NAME('Open CASCADE Shape Model','2026-08-27T15:09:04',('Author'),(
    'Open CASCADE'),'Open CASCADE STEP processor 7.9','build123d',
  'Unknown');
FILE_SCHEMA(('AUTOMOTIVE_DESIGN { 1 0 10303 214 1 1 1 1 }'));
ENDSEC;
DATA;
#1 = APPLICATION_PROTOCOL_DEFINITION('international standard',
  'automotive_design',2000,#2);
#2 = APPLICATION_CONTEXT(
  'core data for automotive mechanical design processes');
#3 = SHAPE_DEFINITION_REPRESENTATION(#4,#10);
#4 = PRODUCT_DEFINITION_SHAPE('','',#5);
#5 = PRODUCT_DEFINITION('design','',#6,#9);
#6 = PRODUCT_DEFINITION_FORMATION('','',#7);
#7 = PRODUCT('COMPOUND','COMPOUND','',(#8));
#8 = PRODUCT_CONTEXT('',#2,'mechanical');
#9 = PRODUCT_DEFINITION_CONTEXT('part definition',#2,'design');
#10 = ADVANCED_BREP_SHAPE_REPRESENTATION('',(#11,#15),#9055);
#11 = AXIS2_PLACEMENT_3D('',#12,#13,#14);
#12 = CARTESIAN_POINT('',(0.,0.,0.));
#13 = DIRECTION('',(0.,0.,1.));
#14 = DIRECTION('',(1.,0.,-0.));
#15 = MANIFOLD_SOLID_BREP('',#16);
#16 = CLOSED_SHELL('',(#17,#519,#572,#1420,#1546,#1573,#1577,#4841,#5477
    ,#5529,#5576,#5790,#6025,#6239,#6453,#6667,#6881,#7095,#7309,#7499,
    #7713,#7927,#8153,#8367,#8560,#8750,#8929,#8954,#9048));
#17 = ADVANCED_FACE('',(#18,#134,#329),#32,.T.);
#18 = FACE_BOUND('',#19,.T.);
#19 = EDGE_LOOP('',(#20,#50,#77,#78,#107));
#20 = ORIENTED_EDGE('',*,*,#21,.T.);
#21 = EDGE_CURVE('',#22,#24,#26,.T.);
#22 = VERTEX_POINT('',#23);
#23 = CARTESIAN_POINT('',(10.,-2.449293598295E-15,80.));
#24 = VERTEX_POINT('',#25);
#25 = CARTESIAN_POINT('',(10.,0.,103.));
#26 = SEAM_CURVE('',#27,(#31,#43),.PCURVE_S1.);
#27 = LINE('',#28,#29);
#28 = CARTESIAN_POINT('',(10.,-2.449293598295E-15,80.));
#29 = VECTOR('',#30,1.);
#30 = DIRECTION('',(0.,0.,1.));
#31 = PCURVE('',#32,#37);
#32 = CYLINDRICAL_SURFACE('',#33,10.);
#33 = AXIS2_PLACEMENT_3D('',#34,#35,#36);
#34 = CARTESIAN_POINT('',(0.,0.,80.));
#35 = DIRECTION('',(0.,0.,1.));
#36 = DIRECTION('',(1.,0.,0.));
#37 = DEFINITIONAL_REPRESENTATION('',(#38),#42);
#38 = LINE('',#39,#40);
#39 = CARTESIAN_POINT('',(6.28318530718,-0.));
#40 = VECTOR('',#41,1.);
#41 = DIRECTION('',(0.,1.));
#42 = ( GEOMETRIC_REPRESENTATION_CONTEXT(2) 
PARAMETRIC_REPRESENTATION_CONTEXT() REPRESENTATION_CONTEXT('2D SPACE',''
  ) );
#43 = PCURVE('',#32,#44);
#44 = DEFINITIONAL_REPRESENTATION('',(#45),#49);
#45 = LINE('',#46,#47);
#46 = CARTESIAN_POINT('',(0.,-0.));
#47 = VECTOR('',#48,1.);
#48 = DIRECTION('',(0.,1.));
#49 = ( GEOMETRIC_REPRESENTATION_CONTEXT(2) 
PARAMETRIC_REPRESENTATION_CONTEXT() REPRESENTATION_CONTEXT('2D SPACE',''
  ) );
#50 = ORIENTED_EDGE('',*,*,#51,.F.);
#51 = EDGE_CURVE('',#24,#24,#52,.T.);
#52 = SURFACE_CURVE('',#53,(#58,#65),.PCURVE_S1.);
#53 = CIRCLE('',#54,10.);
#54 = AXIS2_PLACEMENT_3D('',#55,#56,#57);
#55 = CARTESIAN_POINT('',(0.,0.,103.));
#56 = DIRECTION('',(0.,0.,1.));
#57 = DIRECTION('',(1.,0.,-0.));
#58 = PCURVE('',#32,#59);
#59 = DEFINITIONAL_REPRESENTATION('',(#60),#64);
#60 = LINE('',#61,#62);
#61 = CARTESIAN_POINT('',(0.,23.));
#62 = VECTOR('',#63,1.);
#63 = DIRECTION('',(1.,0.));
#64 = ( GEOMETRIC_REPRESENTATION_CONTEXT(2) 
PARAMETRIC_REPRESENTATION_CONTEXT() REPRESENTATION_CONTEXT('2D SPACE',''
  ) );
#65 = PCURVE('',#66,#71);
#66 = CONICAL_SURFACE('',#67,10.,0.785398163397);
#67 = AXIS2_PLACEMENT_3D('',#68,#69,#70);
#68 = CARTESIAN_POINT('',(0.,0.,103.));
#69 = DIRECTION('',(-0.,-0.,-1.));
#70 = DIRECTION('',(1.,0.,0.));
#71 = DEFINITIONAL_REPRESENTATION('',(#72),#76);
#72 = LINE('',#73,#74);
#73 = CARTESIAN_POINT('',(-0.,-0.));
#74 = VECTOR('',#75,1.);
#75 = DIRECTION('',(-1.,-0.));
#76 = ( GEOMETRIC_REPRESENTATION_CONTEXT(2) 
PARAMETRIC_REPRESENTATION_CONTEXT() REPRESENTATION_CONTEXT('2D SPACE',''
  ) );
#77 = ORIENTED_EDGE('',*,*,#21,.F.);
#78 = ORIENTED_EDGE('',*,*,#79,.T.);
#79 = EDGE_CURVE('',#22,#80,#82,.T.);
#80 = VERTEX_POINT('',#81);
#81 = CARTESIAN_POINT('',(2.048912525721,-9.787847437611,80.));
#82 = SURFACE_CURVE('',#83,(#88,#95),.PCURVE_S1.);
#83 = CIRCLE('',#84,10.);
#84 = AXIS2_PLACEMENT_3D('',#85,#86,#87);
#85 = CARTESIAN_POINT('',(0.,0.,80.));
#86 = DIRECTION('',(0.,0.,1.));
#87 = DIRECTION('',(1.,0.,0.));
#88 = PCURVE('',#32,#89);
#89 = DEFINITIONAL_REPRESENTATION('',(#90),#94);
#90 = LINE('',#91,#92);
#91 = CARTESIAN_POINT('',(0.,0.));
#92 = VECTOR('',#93,1.);
#93 = DIRECTION('',(1.,0.));
#94 = ( GEOMETRIC_REPRESENTATION_CONTEXT(2) 
PARAMETRIC_REPRESENTATION_CONTEXT() REPRESENTATION_CONTEXT('2D SPACE',''
  ) );
#95 = PCURVE('',#96,#101);
#96 = PLANE('',#97);
#97 = AXIS2_PLACEMENT_3D('',#98,#99,#100);
#98 = CARTESIAN_POINT('',(0.,0.,80.));
#99 = DIRECTION('',(0.,0.,1.));
#100 = DIRECTION('',(1.,0.,0.));
#101 = DEFINITIONAL_REPRESENTATION('',(#102),#106);
#102 = CIRCLE('',#103,10.);
#103 = AXIS2_PLACEMENT_2D('',#104,#105);
#104 = CARTESIAN_POINT('',(0.,0.));
#105 = DIRECTION('',(1.,0.));
#106 = ( GEOMETRIC_REPRESENTATION_CONTEXT(2) 
PARAMETRIC_REPRESENTATION_CONTEXT() REPRESENTATION_CONTEXT('2D SPACE',''
  ) );
#107 = ORIENTED_EDGE('',*,*,#108,.T.);
#108 = EDGE_CURVE('',#80,#22,#109,.T.);
#109 = SURFACE_CURVE('',#110,(#115,#122),.PCURVE_S1.);
#110 = CIRCLE('',#111,10.);
#111 = AXIS2_PLACEMENT_3D('',#112,#113,#114);
#112 = CARTESIAN_POINT('',(0.,0.,80.));
#113 = DIRECTION('',(0.,0.,1.));
#114 = DIRECTION('',(1.,0.,0.));
#115 = PCURVE('',#32,#116);
#116 = DEFINITIONAL_REPRESENTATION('',(#117),#121);
#117 = LINE('',#118,#119);
#118 = CARTESIAN_POINT('',(0.,0.));
#119 = VECTOR('',#120,1.);
#120 = DIRECTION('',(1.,0.));
#121 = ( GEOMETRIC_REPRESENTATION_CONTEXT(2) 
PARAMETRIC_REPRESENTATION_CONTEXT() REPRESENTATION_CONTEXT('2D SPACE',''
  ) );
#122 = PCURVE('',#123,#128);
#123 = PLANE('',#124);
#124 = AXIS2_PLACEMENT_3D('',#125,#126,#127);
#125 = CARTESIAN_POINT('',(0.,0.,80.));
#126 = DIRECTION('',(0.,0.,1.));
#127 = DIRECTION('',(1.,0.,0.));
#128 = DEFINITIONAL_REPRESENTATION('',(#129),#133);
#129 = CIRCLE('',#130,10.);
#130 = AXIS2_PLACEMENT_2D('',#131,#132);
#131 = CARTESIAN_POINT('',(0.,0.));
#132 = DIRECTION('',(1.,0.));
#133 = ( GEOMETRIC_REPRESENTATION_CONTEXT(2) 
PARAMETRIC_REPRESENTATION_CONTEXT() REPRESENTATION_CONTEXT('2D SPACE',''
  ) );
#134 = FACE_BOUND('',#135,.T.);
#135 = EDGE_LOOP('',(#136));
#136 = ORIENTED_EDGE('',*,*,#137,.F.);
#137 = EDGE_CURVE('',#138,#138,#140,.T.);
#138 = VERTEX_POINT('',#139);
#139 = CARTESIAN_POINT('',(3.,-9.539392014169,92.5));
#140 = SURFACE_CURVE('',#141,(#200,#262),.PCURVE_S1.);
#141 = B_SPLINE_CURVE_WITH_KNOTS('',8,(#142,#143,#144,#145,#146,#147,
    #148,#149,#150,#151,#152,#153,#154,#155,#156,#157,#158,#159,#160,
    #161,#162,#163,#164,#165,#166,#167,#168,#169,#170,#171,#172,#173,
    #174,#175,#176,#177,#178,#179,#180,#181,#182,#183,#184,#185,#186,
    #187,#188,#189,#190,#191,#192,#193,#194,#195,#196,#197,#198,#199),
  .UNSPECIFIED.,.T.,.F.,(9,7,7,7,7,7,7,7,9),(0.,0.120174614419,
    0.221774937163,0.313666586851,0.43364724801,0.556965891563,
    0.678600744276,0.821571999171,1.),.UNSPECIFIED.);
#142 = CARTESIAN_POINT('',(3.,-9.539392014169,92.5));
#143 = CARTESIAN_POINT('',(3.,-9.539392014169,92.74806742448));
#144 = CARTESIAN_POINT('',(2.976557527712,-9.546764343533,
    92.995844781624));
#145 = CARTESIAN_POINT('',(2.929766317132,-9.561479445563,
    93.241947316357));
#146 = CARTESIAN_POINT('',(2.859434977772,-9.583243216636,
    93.484928399457));
#147 = CARTESIAN_POINT('',(2.765132587543,-9.611488838988,
    93.723176573022));
#148 = CARTESIAN_POINT('',(2.646229751092,-9.645337824842,
    93.954787667198));
#149 = CARTESIAN_POINT('',(2.501948934139,-9.683542571613,
    94.177397562633));
#150 = CARTESIAN_POINT('',(2.187281168981,-9.758984412142,94.56597989108
    ));
#151 = CARTESIAN_POINT('',(2.02317180351,-9.795746941748,94.736875188164
    ));
#152 = CARTESIAN_POINT('',(1.838712725184,-9.833591950679,
    94.897728015421));
#153 = CARTESIAN_POINT('',(1.633858336303,-9.871069410113,
    95.045428454332));
#154 = CARTESIAN_POINT('',(1.408928918941,-9.906450993935,95.17666340661
    ));
#155 = CARTESIAN_POINT('',(1.164656167767,-9.937804389195,
    95.287883708311));
#156 = CARTESIAN_POINT('',(0.902282283865,-9.963120909778,
    95.375235764681));
#157 = CARTESIAN_POINT('',(0.371805136787,-9.996273181501,
    95.487992163108));
#158 = CARTESIAN_POINT('',(0.110778494884,-10.00528967312,
    95.517639918638));
#159 = CARTESIAN_POINT('',(-0.154374538229,-10.00639355124,
    95.520948414342));
#160 = CARTESIAN_POINT('',(-0.418347425266,-9.999114919902,
    95.497182598392));
#161 = CARTESIAN_POINT('',(-0.675816153195,-9.983917644345,
    95.44721506172));
#162 = CARTESIAN_POINT('',(-0.9217474074,-9.962140499728,95.373509763875
    ));
#163 = CARTESIAN_POINT('',(-1.151681015052,-9.93572789161,
    95.280167926034));
#164 = CARTESIAN_POINT('',(-1.636542599112,-9.869069990993,
    95.033118609474));
#165 = CARTESIAN_POINT('',(-1.882960100856,-9.826331361952,
    94.866962434733));
#166 = CARTESIAN_POINT('',(-2.1012479052,-9.781645077448,94.680603914365
    ));
#167 = CARTESIAN_POINT('',(-2.292114539248,-9.737561967571,
    94.478679252893));
#168 = CARTESIAN_POINT('',(-2.456555521946,-9.696050501292,
    94.264753389894));
#169 = CARTESIAN_POINT('',(-2.595597566671,-9.658573584097,
    94.041558738005));
#170 = CARTESIAN_POINT('',(-2.710126562967,-9.626220647192,
    93.811163255754));
#171 = CARTESIAN_POINT('',(-2.893876988361,-9.572611376998,
    93.332477031928));
#172 = CARTESIAN_POINT('',(-2.961718503452,-9.551698071174,
    93.083946227297));
#173 = CARTESIAN_POINT('',(-3.00478655335,-9.537944017181,
    92.831584366762));
#174 = CARTESIAN_POINT('',(-3.023404240951,-9.531896353518,
    92.577192523217));
#175 = CARTESIAN_POINT('',(-3.017705211413,-9.533773827998,
    92.322432556671));
#176 = CARTESIAN_POINT('',(-2.987634739242,-9.54347709038,
    92.068945392734));
#177 = CARTESIAN_POINT('',(-2.932942969593,-9.560584359505,
    91.81846636049));
#178 = CARTESIAN_POINT('',(-2.774485353223,-9.60775576768,
    91.330783963249));
#179 = CARTESIAN_POINT('',(-2.67148215248,-9.637615012816,91.0936988276)
  );
#180 = CARTESIAN_POINT('',(-2.54367120925,-9.673195152503,
    90.863148510409));
#181 = CARTESIAN_POINT('',(-2.390221483527,-9.713494481174,
    90.641059259476));
#182 = CARTESIAN_POINT('',(-2.210092755204,-9.75715508202,
    90.429974501918));
#183 = CARTESIAN_POINT('',(-2.00219206032,-9.802326157847,
    90.233241655986));
#184 = CARTESIAN_POINT('',(-1.765610814866,-9.846562417811,
    90.055274264109));
#185 = CARTESIAN_POINT('',(-1.187797447292,-9.934226251858,
    89.721673560799));
#186 = CARTESIAN_POINT('',(-0.824425492547,-9.97782933147,
    89.569045587648));
#187 = CARTESIAN_POINT('',(-0.422577571251,-10.00935400113,
    89.468326556429));
#188 = CARTESIAN_POINT('',(1.339368616016E-10,-10.02103672621,
    89.433289367236));
#189 = CARTESIAN_POINT('',(0.422577571045,-10.00935400114,
    89.468326556399));
#190 = CARTESIAN_POINT('',(0.824425492636,-9.977829331463,
    89.569045587677));
#191 = CARTESIAN_POINT('',(1.187797447274,-9.93422625186,89.721673560789
    ));
#192 = CARTESIAN_POINT('',(1.889628512228,-9.827746884196,
    90.126875915066));
#193 = CARTESIAN_POINT('',(2.217179217727,-9.76009907218,90.405024916456
    ));
#194 = CARTESIAN_POINT('',(2.483567465346,-9.693365180536,
    90.718098027061));
#195 = CARTESIAN_POINT('',(2.692150367379,-9.634499441121,
    91.054312785466));
#196 = CARTESIAN_POINT('',(2.846243133486,-9.587743052397,
    91.405517693433));
#197 = CARTESIAN_POINT('',(2.94843406889,-9.55560941572,91.766089223682)
  );
#198 = CARTESIAN_POINT('',(3.,-9.539392014169,92.132087248919));
#199 = CARTESIAN_POINT('',(3.,-9.539392014169,92.5));
#200 = PCURVE('',#32,#201);
#201 = DEFINITIONAL_REPRESENTATION('',(#202),#261);
#202 = B_SPLINE_CURVE_WITH_KNOTS('',8,(#203,#204,#205,#206,#207,#208,
    #209,#210,#211,#212,#213,#214,#215,#216,#217,#218,#219,#220,#221,
    #222,#223,#224,#225,#226,#227,#228,#229,#230,#231,#232,#233,#234,
    #235,#236,#237,#238,#239,#240,#241,#242,#243,#244,#245,#246,#247,
    #248,#249,#250,#251,#252,#253,#254,#255,#256,#257,#258,#259,#260),
  .UNSPECIFIED.,.F.,.F.,(9,7,7,7,7,7,7,7,9),(0.,0.120174614419,
    0.221774937163,0.313666586851,0.43364724801,0.556965891563,
    0.678600744276,0.821571999171,1.),.UNSPECIFIED.);
#203 = CARTESIAN_POINT('',(5.0170816344,12.5));
#204 = CARTESIAN_POINT('',(5.0170816344,12.74806742448));
#205 = CARTESIAN_POINT('',(5.014624197237,12.995844781624));
#206 = CARTESIAN_POINT('',(5.009719138314,13.241947316357));
#207 = CARTESIAN_POINT('',(5.002357060397,13.484928399457));
#208 = CARTESIAN_POINT('',(4.992513795505,13.723176573023));
#209 = CARTESIAN_POINT('',(4.980153805124,13.954787667198));
#210 = CARTESIAN_POINT('',(4.965232606931,14.177397562633));
#211 = CARTESIAN_POINT('',(4.932874103607,14.56597989108));
#212 = CARTESIAN_POINT('',(4.91605831117,14.736875188164));
#213 = CARTESIAN_POINT('',(4.897233467844,14.897728015421));
#214 = CARTESIAN_POINT('',(4.876418244944,15.045428454332));
#215 = CARTESIAN_POINT('',(4.853664698256,15.17666340661));
#216 = CARTESIAN_POINT('',(4.829056267805,15.287883708311));
#217 = CARTESIAN_POINT('',(4.802712065663,15.375235764681));
#218 = CARTESIAN_POINT('',(4.749560859027,15.487992163108));
#219 = CARTESIAN_POINT('',(4.72345275972,15.517639918638));
#220 = CARTESIAN_POINT('',(4.696957773171,15.520948414342));
#221 = CARTESIAN_POINT('',(4.670576578958,15.497182598392));
#222 = CARTESIAN_POINT('',(4.644808100849,15.44721506172));
#223 = CARTESIAN_POINT('',(4.620132865492,15.373509763875));
#224 = CARTESIAN_POINT('',(4.596994053196,15.280167926034));
#225 = CARTESIAN_POINT('',(4.548051839167,15.033118609474));
#226 = CARTESIAN_POINT('',(4.523057637404,14.866962434733));
#227 = CARTESIAN_POINT('',(4.500791124355,14.680603914365));
#228 = CARTESIAN_POINT('',(4.481211523837,14.478679252893));
#229 = CARTESIAN_POINT('',(4.464256153728,14.264753389894));
#230 = CARTESIAN_POINT('',(4.4498575751,14.041558738005));
#231 = CARTESIAN_POINT('',(4.437956899281,13.811163255754));
#232 = CARTESIAN_POINT('',(4.418815798821,13.332477031928));
#233 = CARTESIAN_POINT('',(4.411717430265,13.083946227297));
#234 = CARTESIAN_POINT('',(4.407196393067,12.831584366762));
#235 = CARTESIAN_POINT('',(4.405238699881,12.577192523217));
#236 = CARTESIAN_POINT('',(4.405838835814,12.322432556671));
#237 = CARTESIAN_POINT('',(4.408998609392,12.068945392734));
#238 = CARTESIAN_POINT('',(4.414728551911,11.81846636049));
#239 = CARTESIAN_POINT('',(4.431261536498,11.330783963249));
#240 = CARTESIAN_POINT('',(4.441985654052,11.0936988276));
#241 = CARTESIAN_POINT('',(4.455251430628,10.863148510409));
#242 = CARTESIAN_POINT('',(4.471113151498,10.641059259476));
#243 = CARTESIAN_POINT('',(4.489639660475,10.429974501918));
#244 = CARTESIAN_POINT('',(4.510901689317,10.233241655986));
#245 = CARTESIAN_POINT('',(4.534955675054,10.055274264109));
#246 = CARTESIAN_POINT('',(4.593398231085,9.721673560799));
#247 = CARTESIAN_POINT('',(4.62997811916,9.569045587649));
#248 = CARTESIAN_POINT('',(4.670230498105,9.468326556429));
#249 = CARTESIAN_POINT('',(4.712388980398,9.433289367236));
#250 = CARTESIAN_POINT('',(4.754547462644,9.468326556399));
#251 = CARTESIAN_POINT('',(4.794799841618,9.569045587677));
#252 = CARTESIAN_POINT('',(4.831379729683,9.721673560789));
#253 = CARTESIAN_POINT('',(4.902365974792,10.126875915066));
#254 = CARTESIAN_POINT('',(4.93576513578,10.405024916456));
#255 = CARTESIAN_POINT('',(4.963197070391,10.718098027061));
#256 = CARTESIAN_POINT('',(4.984861876383,11.054312785466));
#257 = CARTESIAN_POINT('',(5.000963454607,11.405517693434));
#258 = CARTESIAN_POINT('',(5.011676073554,11.766089223682));
#259 = CARTESIAN_POINT('',(5.0170816344,12.132087248919));
#260 = CARTESIAN_POINT('',(5.0170816344,12.5));
#261 = ( GEOMETRIC_REPRESENTATION_CONTEXT(2) 
PARAMETRIC_REPRESENTATION_CONTEXT() REPRESENTATION_CONTEXT('2D SPACE',''
  ) );
#262 = PCURVE('',#263,#268);
#263 = CYLINDRICAL_SURFACE('',#264,3.);
#264 = AXIS2_PLACEMENT_3D('',#265,#266,#267);
#265 = CARTESIAN_POINT('',(0.,0.,92.5));
#266 = DIRECTION('',(0.,-1.,0.));
#267 = DIRECTION('',(1.,0.,0.));
#268 = DEFINITIONAL_REPRESENTATION('',(#269),#328);
#269 = B_SPLINE_CURVE_WITH_KNOTS('',8,(#270,#271,#272,#273,#274,#275,
    #276,#277,#278,#279,#280,#281,#282,#283,#284,#285,#286,#287,#288,
    #289,#290,#291,#292,#293,#294,#295,#296,#297,#298,#299,#300,#301,
    #302,#303,#304,#305,#306,#307,#308,#309,#310,#311,#312,#313,#314,
    #315,#316,#317,#318,#319,#320,#321,#322,#323,#324,#325,#326,#327),
  .UNSPECIFIED.,.F.,.F.,(9,7,7,7,7,7,7,7,9),(0.,0.120174614419,
    0.221774937163,0.313666586851,0.43364724801,0.556965891563,
    0.678600744276,0.821571999171,1.),.UNSPECIFIED.);
#270 = CARTESIAN_POINT('',(0.,9.539392014169));
#271 = CARTESIAN_POINT('',(8.268914149345E-02,9.539392014169));
#272 = CARTESIAN_POINT('',(0.165281515476,9.546764343533));
#273 = CARTESIAN_POINT('',(0.248177509094,9.561479445563));
#274 = CARTESIAN_POINT('',(0.331747085053,9.583243216636));
#275 = CARTESIAN_POINT('',(0.416366881217,9.611488838988));
#276 = CARTESIAN_POINT('',(0.502430362622,9.645337824842));
#277 = CARTESIAN_POINT('',(0.590363494924,9.683542571613));
#278 = CARTESIAN_POINT('',(0.757034171013,9.758984412142));
#279 = CARTESIAN_POINT('',(0.835730025425,9.795746941748));
#280 = CARTESIAN_POINT('',(0.916772210781,9.833591950679));
#281 = CARTESIAN_POINT('',(1.00021579438,9.871069410113));
#282 = CARTESIAN_POINT('',(1.086177002761,9.906450993935));
#283 = CARTESIAN_POINT('',(1.174832690146,9.937804389195));
#284 = CARTESIAN_POINT('',(1.266433442618,9.963120909778));
#285 = CARTESIAN_POINT('',(1.447209549987,9.996273181501));
#286 = CARTESIAN_POINT('',(1.534371628944,10.005289673125));
#287 = CARTESIAN_POINT('',(1.622018668787,10.006393551241));
#288 = CARTESIAN_POINT('',(1.709455409119,9.999114919902));
#289 = CARTESIAN_POINT('',(1.796010182931,9.983917644345));
#290 = CARTESIAN_POINT('',(1.880947340365,9.962140499728));
#291 = CARTESIAN_POINT('',(1.963363715532,9.93572789161));
#292 = CARTESIAN_POINT('',(2.144754674669,9.869069990993));
#293 = CARTESIAN_POINT('',(2.243085893374,9.826331361952));
#294 = CARTESIAN_POINT('',(2.337769866146,9.781645077448));
#295 = CARTESIAN_POINT('',(2.429379824379,9.737561967571));
#296 = CARTESIAN_POINT('',(2.51843092823,9.696050501292));
#297 = CARTESIAN_POINT('',(2.605410413294,9.658573584097));
#298 = CARTESIAN_POINT('',(2.690788893292,9.626220647192));
#299 = CARTESIAN_POINT('',(2.861703010684,9.572611376998));
#300 = CARTESIAN_POINT('',(2.947148241893,9.551698071174));
#301 = CARTESIAN_POINT('',(3.03181700187,9.537944017181));
#302 = CARTESIAN_POINT('',(3.116064530667,9.531896353518));
#303 = CARTESIAN_POINT('',(3.200232455822,9.533773827998));
#304 = CARTESIAN_POINT('',(3.284661064975,9.54347709038));
#305 = CARTESIAN_POINT('',(3.369701181547,9.560584359505));
#306 = CARTESIAN_POINT('',(3.540627720922,9.60775576768));
#307 = CARTESIAN_POINT('',(3.626397836382,9.637615012816));
#308 = CARTESIAN_POINT('',(3.713584524759,9.673195152503));
#309 = CARTESIAN_POINT('',(3.802673598628,9.713494481174));
#310 = CARTESIAN_POINT('',(3.894168304556,9.75715508202));
#311 = CARTESIAN_POINT('',(3.988599971372,9.802326157847));
#312 = CARTESIAN_POINT('',(4.086556554478,9.846562417811));
#313 = CARTESIAN_POINT('',(4.308957023352,9.934226251858));
#314 = CARTESIAN_POINT('',(4.439293115537,9.97782933147));
#315 = CARTESIAN_POINT('',(4.574717270533,10.009354001135));
#316 = CARTESIAN_POINT('',(4.712388980435,10.021036726214));
#317 = CARTESIAN_POINT('',(4.85006069016,10.009354001143));
#318 = CARTESIAN_POINT('',(4.985484845266,9.977829331463));
#319 = CARTESIAN_POINT('',(5.115820937411,9.93422625186));
#320 = CARTESIAN_POINT('',(5.385955840262,9.827746884196));
#321 = CARTESIAN_POINT('',(5.526870471643,9.76009907218));
#322 = CARTESIAN_POINT('',(5.661083800411,9.693365180536));
#323 = CARTESIAN_POINT('',(5.790162120432,9.634499441121));
#324 = CARTESIAN_POINT('',(5.915550507917,9.587743052397));
#325 = CARTESIAN_POINT('',(6.038547677642,9.55560941572));
#326 = CARTESIAN_POINT('',(6.160547723486,9.539392014169));
#327 = CARTESIAN_POINT('',(6.28318530718,9.539392014169));
#328 = ( GEOMETRIC_REPRESENTATION_CONTEXT(2) 
PARAMETRIC_REPRESENTATION_CONTEXT() REPRESENTATION_CONTEXT('2D SPACE',''
  ) );
#329 = FACE_BOUND('',#330,.T.);
#330 = EDGE_LOOP('',(#331));
#331 = ORIENTED_EDGE('',*,*,#332,.T.);
#332 = EDGE_CURVE('',#333,#333,#335,.T.);
#333 = VERTEX_POINT('',#334);
#334 = CARTESIAN_POINT('',(3.,9.539392014169,92.5));
#335 = SURFACE_CURVE('',#336,(#395,#457),.PCURVE_S1.);
#336 = B_SPLINE_CURVE_WITH_KNOTS('',8,(#337,#338,#339,#340,#341,#342,
    #343,#344,#345,#346,#347,#348,#349,#350,#351,#352,#353,#354,#355,
    #356,#357,#358,#359,#360,#361,#362,#363,#364,#365,#366,#367,#368,
    #369,#370,#371,#372,#373,#374,#375,#376,#377,#378,#379,#380,#381,
    #382,#383,#384,#385,#386,#387,#388,#389,#390,#391,#392,#393,#394),
  .UNSPECIFIED.,.T.,.F.,(9,7,7,7,7,7,7,7,9),(0.,0.120174614417,
    0.22177493716,0.313666586847,0.433647248005,0.556965891556,
    0.678600744267,0.821571999165,1.),.UNSPECIFIED.);
#337 = CARTESIAN_POINT('',(3.,9.539392014169,92.5));
#338 = CARTESIAN_POINT('',(3.,9.539392014169,92.74806742448));
#339 = CARTESIAN_POINT('',(2.976557527712,9.546764343533,92.995844781625
    ));
#340 = CARTESIAN_POINT('',(2.929766317133,9.561479445563,93.241947316357
    ));
#341 = CARTESIAN_POINT('',(2.859434977772,9.583243216636,93.484928399457
    ));
#342 = CARTESIAN_POINT('',(2.765132587543,9.611488838988,93.723176573023
    ));
#343 = CARTESIAN_POINT('',(2.646229751092,9.645337824842,93.954787667197
    ));
#344 = CARTESIAN_POINT('',(2.501948934139,9.683542571613,94.177397562634
    ));
#345 = CARTESIAN_POINT('',(2.187281168981,9.758984412142,94.56597989108)
  );
#346 = CARTESIAN_POINT('',(2.02317180351,9.795746941748,94.736875188164)
  );
#347 = CARTESIAN_POINT('',(1.838712725184,9.833591950679,94.897728015421
    ));
#348 = CARTESIAN_POINT('',(1.633858336303,9.871069410113,95.045428454331
    ));
#349 = CARTESIAN_POINT('',(1.408928918941,9.906450993935,95.176663406611
    ));
#350 = CARTESIAN_POINT('',(1.164656167767,9.937804389195,95.287883708311
    ));
#351 = CARTESIAN_POINT('',(0.902282283864,9.963120909778,95.375235764681
    ));
#352 = CARTESIAN_POINT('',(0.371805136787,9.996273181501,95.487992163108
    ));
#353 = CARTESIAN_POINT('',(0.110778494884,10.005289673125,
    95.517639918638));
#354 = CARTESIAN_POINT('',(-0.154374538229,10.006393551241,
    95.520948414341));
#355 = CARTESIAN_POINT('',(-0.418347425266,9.999114919902,
    95.497182598392));
#356 = CARTESIAN_POINT('',(-0.675816153195,9.983917644345,95.44721506172
    ));
#357 = CARTESIAN_POINT('',(-0.9217474074,9.962140499728,95.373509763875)
  );
#358 = CARTESIAN_POINT('',(-1.151681015052,9.93572789161,95.280167926034
    ));
#359 = CARTESIAN_POINT('',(-1.636542599112,9.869069990993,
    95.033118609474));
#360 = CARTESIAN_POINT('',(-1.882960100856,9.826331361952,
    94.866962434733));
#361 = CARTESIAN_POINT('',(-2.1012479052,9.781645077448,94.680603914365)
  );
#362 = CARTESIAN_POINT('',(-2.292114539248,9.737561967571,
    94.478679252893));
#363 = CARTESIAN_POINT('',(-2.456555521946,9.696050501292,
    94.264753389894));
#364 = CARTESIAN_POINT('',(-2.595597566671,9.658573584097,
    94.041558738005));
#365 = CARTESIAN_POINT('',(-2.710126562967,9.626220647192,
    93.811163255754));
#366 = CARTESIAN_POINT('',(-2.893876988361,9.572611376998,
    93.332477031928));
#367 = CARTESIAN_POINT('',(-2.961718503452,9.551698071174,
    93.083946227298));
#368 = CARTESIAN_POINT('',(-3.00478655335,9.537944017181,92.831584366761
    ));
#369 = CARTESIAN_POINT('',(-3.023404240951,9.531896353518,
    92.577192523217));
#370 = CARTESIAN_POINT('',(-3.017705211413,9.533773827998,
    92.322432556671));
#371 = CARTESIAN_POINT('',(-2.987634739242,9.54347709038,92.068945392733
    ));
#372 = CARTESIAN_POINT('',(-2.932942969593,9.560584359505,91.81846636049
    ));
#373 = CARTESIAN_POINT('',(-2.774485353223,9.60775576768,91.330783963249
    ));
#374 = CARTESIAN_POINT('',(-2.67148215248,9.637615012816,91.0936988276)
  );
#375 = CARTESIAN_POINT('',(-2.54367120925,9.673195152503,90.863148510409
    ));
#376 = CARTESIAN_POINT('',(-2.390221483527,9.713494481174,
    90.641059259476));
#377 = CARTESIAN_POINT('',(-2.210092755205,9.75715508202,90.429974501918
    ));
#378 = CARTESIAN_POINT('',(-2.00219206032,9.802326157847,90.233241655986
    ));
#379 = CARTESIAN_POINT('',(-1.765610814866,9.846562417811,
    90.055274264109));
#380 = CARTESIAN_POINT('',(-1.187797447283,9.934226251859,
    89.721673560794));
#381 = CARTESIAN_POINT('',(-0.824425492594,9.977829331466,
    89.569045587663));
#382 = CARTESIAN_POINT('',(-0.422577571139,10.009354001139,
    89.468326556414));
#383 = CARTESIAN_POINT('',(-1.306954544589E-11,10.021036726214,
    89.433289367237));
#384 = CARTESIAN_POINT('',(0.422577571156,10.009354001139,
    89.468326556412));
#385 = CARTESIAN_POINT('',(0.824425492593,9.977829331466,89.569045587665
    ));
#386 = CARTESIAN_POINT('',(1.187797447281,9.934226251859,89.721673560792
    ));
#387 = CARTESIAN_POINT('',(1.889628512228,9.827746884196,90.126875915065
    ));
#388 = CARTESIAN_POINT('',(2.217179217729,9.76009907218,90.405024916457)
  );
#389 = CARTESIAN_POINT('',(2.483567465344,9.693365180536,90.71809802706)
  );
#390 = CARTESIAN_POINT('',(2.692150367379,9.634499441121,91.054312785468
    ));
#391 = CARTESIAN_POINT('',(2.846243133486,9.587743052397,91.405517693431
    ));
#392 = CARTESIAN_POINT('',(2.948434068889,9.55560941572,91.766089223684)
  );
#393 = CARTESIAN_POINT('',(3.,9.539392014169,92.132087248918));
#394 = CARTESIAN_POINT('',(3.,9.539392014169,92.5));
#395 = PCURVE('',#32,#396);
#396 = DEFINITIONAL_REPRESENTATION('',(#397),#456);
#397 = B_SPLINE_CURVE_WITH_KNOTS('',8,(#398,#399,#400,#401,#402,#403,
    #404,#405,#406,#407,#408,#409,#410,#411,#412,#413,#414,#415,#416,
    #417,#418,#419,#420,#421,#422,#423,#424,#425,#426,#427,#428,#429,
    #430,#431,#432,#433,#434,#435,#436,#437,#438,#439,#440,#441,#442,
    #443,#444,#445,#446,#447,#448,#449,#450,#451,#452,#453,#454,#455),
  .UNSPECIFIED.,.T.,.F.,(9,7,7,7,7,7,7,7,9),(0.,0.120174614417,
    0.22177493716,0.313666586847,0.433647248005,0.556965891556,
    0.678600744267,0.821571999165,1.),.UNSPECIFIED.);
#398 = CARTESIAN_POINT('',(1.266103672779,12.5));
#399 = CARTESIAN_POINT('',(1.266103672779,12.74806742448));
#400 = CARTESIAN_POINT('',(1.268561109943,12.995844781625));
#401 = CARTESIAN_POINT('',(1.273466168865,13.241947316357));
#402 = CARTESIAN_POINT('',(1.280828246782,13.484928399457));
#403 = CARTESIAN_POINT('',(1.290671511675,13.723176573023));
#404 = CARTESIAN_POINT('',(1.303031502055,13.954787667197));
#405 = CARTESIAN_POINT('',(1.317952700249,14.177397562634));
#406 = CARTESIAN_POINT('',(1.350311203572,14.56597989108));
#407 = CARTESIAN_POINT('',(1.367126996009,14.736875188164));
#408 = CARTESIAN_POINT('',(1.385951839336,14.897728015421));
#409 = CARTESIAN_POINT('',(1.406767062236,15.045428454331));
#410 = CARTESIAN_POINT('',(1.429520608924,15.176663406611));
#411 = CARTESIAN_POINT('',(1.454129039374,15.287883708311));
#412 = CARTESIAN_POINT('',(1.480473241516,15.375235764681));
#413 = CARTESIAN_POINT('',(1.533624448153,15.487992163108));
#414 = CARTESIAN_POINT('',(1.55973254746,15.517639918638));
#415 = CARTESIAN_POINT('',(1.586227534008,15.520948414341));
#416 = CARTESIAN_POINT('',(1.612608728221,15.497182598392));
#417 = CARTESIAN_POINT('',(1.63837720633,15.44721506172));
#418 = CARTESIAN_POINT('',(1.663052441688,15.373509763875));
#419 = CARTESIAN_POINT('',(1.686191253983,15.280167926034));
#420 = CARTESIAN_POINT('',(1.735133468013,15.033118609474));
#421 = CARTESIAN_POINT('',(1.760127669776,14.866962434733));
#422 = CARTESIAN_POINT('',(1.782394182825,14.680603914365));
#423 = CARTESIAN_POINT('',(1.801973783343,14.478679252893));
#424 = CARTESIAN_POINT('',(1.818929153452,14.264753389894));
#425 = CARTESIAN_POINT('',(1.83332773208,14.041558738005));
#426 = CARTESIAN_POINT('',(1.845228407899,13.811163255754));
#427 = CARTESIAN_POINT('',(1.864369508359,13.332477031928));
#428 = CARTESIAN_POINT('',(1.871467876915,13.083946227297));
#429 = CARTESIAN_POINT('',(1.875988914112,12.831584366762));
#430 = CARTESIAN_POINT('',(1.877946607299,12.577192523217));
#431 = CARTESIAN_POINT('',(1.877346471366,12.322432556671));
#432 = CARTESIAN_POINT('',(1.874186697787,12.068945392734));
#433 = CARTESIAN_POINT('',(1.868456755269,11.81846636049));
#434 = CARTESIAN_POINT('',(1.851923770682,11.330783963249));
#435 = CARTESIAN_POINT('',(1.841199653128,11.0936988276));
#436 = CARTESIAN_POINT('',(1.827933876551,10.863148510409));
#437 = CARTESIAN_POINT('',(1.812072155682,10.641059259476));
#438 = CARTESIAN_POINT('',(1.793545646704,10.429974501918));
#439 = CARTESIAN_POINT('',(1.772283617862,10.233241655986));
#440 = CARTESIAN_POINT('',(1.748229632126,10.055274264109));
#441 = CARTESIAN_POINT('',(1.689787076094,9.721673560794));
#442 = CARTESIAN_POINT('',(1.653207188024,9.569045587663));
#443 = CARTESIAN_POINT('',(1.612954809063,9.468326556413));
#444 = CARTESIAN_POINT('',(1.570796326796,9.433289367237));
#445 = CARTESIAN_POINT('',(1.528637844525,9.468326556412));
#446 = CARTESIAN_POINT('',(1.488385465566,9.569045587665));
#447 = CARTESIAN_POINT('',(1.451805577496,9.721673560792));
#448 = CARTESIAN_POINT('',(1.380819332387,10.126875915065));
#449 = CARTESIAN_POINT('',(1.347420171399,10.405024916457));
#450 = CARTESIAN_POINT('',(1.319988236789,10.718098027059));
#451 = CARTESIAN_POINT('',(1.298323430796,11.054312785468));
#452 = CARTESIAN_POINT('',(1.282221852572,11.405517693431));
#453 = CARTESIAN_POINT('',(1.271509233626,11.766089223684));
#454 = CARTESIAN_POINT('',(1.266103672779,12.132087248918));
#455 = CARTESIAN_POINT('',(1.266103672779,12.5));
#456 = ( GEOMETRIC_REPRESENTATION_CONTEXT(2) 
PARAMETRIC_REPRESENTATION_CONTEXT() REPRESENTATION_CONTEXT('2D SPACE',''
  ) );
#457 = PCURVE('',#263,#458);
#458 = DEFINITIONAL_REPRESENTATION('',(#459),#518);
#459 = B_SPLINE_CURVE_WITH_KNOTS('',8,(#460,#461,#462,#463,#464,#465,
    #466,#467,#468,#469,#470,#471,#472,#473,#474,#475,#476,#477,#478,
    #479,#480,#481,#482,#483,#484,#485,#486,#487,#488,#489,#490,#491,
    #492,#493,#494,#495,#496,#497,#498,#499,#500,#501,#502,#503,#504,
    #505,#506,#507,#508,#509,#510,#511,#512,#513,#514,#515,#516,#517),
  .UNSPECIFIED.,.F.,.F.,(9,7,7,7,7,7,7,7,9),(0.,0.120174614417,
    0.22177493716,0.313666586847,0.433647248005,0.556965891556,
    0.678600744267,0.821571999165,1.),.UNSPECIFIED.);
#460 = CARTESIAN_POINT('',(0.,-9.539392014169));
#461 = CARTESIAN_POINT('',(8.268914149334E-02,-9.539392014169));
#462 = CARTESIAN_POINT('',(0.165281515477,-9.546764343533));
#463 = CARTESIAN_POINT('',(0.248177509094,-9.561479445563));
#464 = CARTESIAN_POINT('',(0.331747085053,-9.583243216636));
#465 = CARTESIAN_POINT('',(0.416366881217,-9.611488838988));
#466 = CARTESIAN_POINT('',(0.502430362622,-9.645337824842));
#467 = CARTESIAN_POINT('',(0.590363494924,-9.683542571613));
#468 = CARTESIAN_POINT('',(0.757034171013,-9.758984412142));
#469 = CARTESIAN_POINT('',(0.835730025425,-9.795746941748));
#470 = CARTESIAN_POINT('',(0.916772210781,-9.833591950679));
#471 = CARTESIAN_POINT('',(1.00021579438,-9.871069410113));
#472 = CARTESIAN_POINT('',(1.086177002762,-9.906450993935));
#473 = CARTESIAN_POINT('',(1.174832690146,-9.937804389195));
#474 = CARTESIAN_POINT('',(1.266433442618,-9.963120909778));
#475 = CARTESIAN_POINT('',(1.447209549987,-9.996273181501));
#476 = CARTESIAN_POINT('',(1.534371628944,-10.00528967312));
#477 = CARTESIAN_POINT('',(1.622018668787,-10.00639355124));
#478 = CARTESIAN_POINT('',(1.709455409119,-9.999114919902));
#479 = CARTESIAN_POINT('',(1.796010182931,-9.983917644345));
#480 = CARTESIAN_POINT('',(1.880947340364,-9.962140499728));
#481 = CARTESIAN_POINT('',(1.963363715532,-9.93572789161));
#482 = CARTESIAN_POINT('',(2.144754674669,-9.869069990993));
#483 = CARTESIAN_POINT('',(2.243085893374,-9.826331361952));
#484 = CARTESIAN_POINT('',(2.337769866146,-9.781645077448));
#485 = CARTESIAN_POINT('',(2.429379824379,-9.737561967571));
#486 = CARTESIAN_POINT('',(2.51843092823,-9.696050501292));
#487 = CARTESIAN_POINT('',(2.605410413294,-9.658573584097));
#488 = CARTESIAN_POINT('',(2.690788893292,-9.626220647192));
#489 = CARTESIAN_POINT('',(2.861703010684,-9.572611376998));
#490 = CARTESIAN_POINT('',(2.947148241893,-9.551698071174));
#491 = CARTESIAN_POINT('',(3.03181700187,-9.537944017181));
#492 = CARTESIAN_POINT('',(3.116064530667,-9.531896353518));
#493 = CARTESIAN_POINT('',(3.200232455822,-9.533773827998));
#494 = CARTESIAN_POINT('',(3.284661064976,-9.54347709038));
#495 = CARTESIAN_POINT('',(3.369701181547,-9.560584359505));
#496 = CARTESIAN_POINT('',(3.540627720922,-9.60775576768));
#497 = CARTESIAN_POINT('',(3.626397836382,-9.637615012816));
#498 = CARTESIAN_POINT('',(3.713584524759,-9.673195152503));
#499 = CARTESIAN_POINT('',(3.802673598628,-9.713494481174));
#500 = CARTESIAN_POINT('',(3.894168304556,-9.75715508202));
#501 = CARTESIAN_POINT('',(3.988599971372,-9.802326157847));
#502 = CARTESIAN_POINT('',(4.086556554478,-9.846562417811));
#503 = CARTESIAN_POINT('',(4.308957023355,-9.934226251859));
#504 = CARTESIAN_POINT('',(4.439293115519,-9.977829331466));
#505 = CARTESIAN_POINT('',(4.574717270575,-10.00935400113));
#506 = CARTESIAN_POINT('',(4.712388980378,-10.02103672621));
#507 = CARTESIAN_POINT('',(4.850060690202,-10.00935400113));
#508 = CARTESIAN_POINT('',(4.985484845249,-9.977829331466));
#509 = CARTESIAN_POINT('',(5.115820937413,-9.934226251859));
#510 = CARTESIAN_POINT('',(5.385955840262,-9.827746884196));
#511 = CARTESIAN_POINT('',(5.526870471644,-9.76009907218));
#512 = CARTESIAN_POINT('',(5.661083800409,-9.693365180536));
#513 = CARTESIAN_POINT('',(5.790162120434,-9.634499441121));
#514 = CARTESIAN_POINT('',(5.915550507915,-9.587743052397));
#515 = CARTESIAN_POINT('',(6.038547677643,-9.55560941572));
#516 = CARTESIAN_POINT('',(6.160547723486,-9.539392014169));
#517 = CARTESIAN_POINT('',(6.28318530718,-9.539392014169));
#518 = ( GEOMETRIC_REPRESENTATION_CONTEXT(2) 
PARAMETRIC_REPRESENTATION_CONTEXT() REPRESENTATION_CONTEXT('2D SPACE',''
  ) );
#519 = ADVANCED_FACE('',(#520),#66,.T.);
#520 = FACE_BOUND('',#521,.T.);
#521 = EDGE_LOOP('',(#522,#543,#544,#545));
#522 = ORIENTED_EDGE('',*,*,#523,.F.);
#523 = EDGE_CURVE('',#24,#524,#526,.T.);
#524 = VERTEX_POINT('',#525);
#525 = CARTESIAN_POINT('',(8.,0.,105.));
#526 = SEAM_CURVE('',#527,(#531,#537),.PCURVE_S1.);
#527 = LINE('',#528,#529);
#528 = CARTESIAN_POINT('',(10.,0.,103.));
#529 = VECTOR('',#530,1.);
#530 = DIRECTION('',(-0.707106781187,0.,0.707106781187));
#531 = PCURVE('',#66,#532);
#532 = DEFINITIONAL_REPRESENTATION('',(#533),#536);
#533 = B_SPLINE_CURVE_WITH_KNOTS('',1,(#534,#535),.UNSPECIFIED.,.F.,.F.,
  (2,2),(0.,2.828427124746),.PIECEWISE_BEZIER_KNOTS.);
#534 = CARTESIAN_POINT('',(0.,0.));
#535 = CARTESIAN_POINT('',(0.,-2.));
#536 = ( GEOMETRIC_REPRESENTATION_CONTEXT(2) 
PARAMETRIC_REPRESENTATION_CONTEXT() REPRESENTATION_CONTEXT('2D SPACE',''
  ) );
#537 = PCURVE('',#66,#538);
#538 = DEFINITIONAL_REPRESENTATION('',(#539),#542);
#539 = B_SPLINE_CURVE_WITH_KNOTS('',1,(#540,#541),.UNSPECIFIED.,.F.,.F.,
  (2,2),(0.,2.828427124746),.PIECEWISE_BEZIER_KNOTS.);
#540 = CARTESIAN_POINT('',(-6.28318530718,0.));
#541 = CARTESIAN_POINT('',(-6.28318530718,-2.));
#542 = ( GEOMETRIC_REPRESENTATION_CONTEXT(2) 
PARAMETRIC_REPRESENTATION_CONTEXT() REPRESENTATION_CONTEXT('2D SPACE',''
  ) );
#543 = ORIENTED_EDGE('',*,*,#51,.T.);
#544 = ORIENTED_EDGE('',*,*,#523,.T.);
#545 = ORIENTED_EDGE('',*,*,#546,.F.);
#546 = EDGE_CURVE('',#524,#524,#547,.T.);
#547 = SURFACE_CURVE('',#548,(#553,#560),.PCURVE_S1.);
#548 = CIRCLE('',#549,8.);
#549 = AXIS2_PLACEMENT_3D('',#550,#551,#552);
#550 = CARTESIAN_POINT('',(0.,0.,105.));
#551 = DIRECTION('',(0.,0.,1.));
#552 = DIRECTION('',(1.,0.,-0.));
#553 = PCURVE('',#66,#554);
#554 = DEFINITIONAL_REPRESENTATION('',(#555),#559);
#555 = LINE('',#556,#557);
#556 = CARTESIAN_POINT('',(-0.,-2.));
#557 = VECTOR('',#558,1.);
#558 = DIRECTION('',(-1.,-0.));
#559 = ( GEOMETRIC_REPRESENTATION_CONTEXT(2) 
PARAMETRIC_REPRESENTATION_CONTEXT() REPRESENTATION_CONTEXT('2D SPACE',''
  ) );
#560 = PCURVE('',#561,#566);
#561 = PLANE('',#562);
#562 = AXIS2_PLACEMENT_3D('',#563,#564,#565);
#563 = CARTESIAN_POINT('',(0.,0.,105.));
#564 = DIRECTION('',(0.,0.,1.));
#565 = DIRECTION('',(1.,0.,0.));
#566 = DEFINITIONAL_REPRESENTATION('',(#567),#571);
#567 = CIRCLE('',#568,8.);
#568 = AXIS2_PLACEMENT_2D('',#569,#570);
#569 = CARTESIAN_POINT('',(0.,0.));
#570 = DIRECTION('',(1.,0.));
#571 = ( GEOMETRIC_REPRESENTATION_CONTEXT(2) 
PARAMETRIC_REPRESENTATION_CONTEXT() REPRESENTATION_CONTEXT('2D SPACE',''
  ) );
#572 = ADVANCED_FACE('',(#573),#123,.F.);
#573 = FACE_BOUND('',#574,.F.);
#574 = EDGE_LOOP('',(#575,#576,#603,#1023));
#575 = ORIENTED_EDGE('',*,*,#108,.T.);
#576 = ORIENTED_EDGE('',*,*,#577,.T.);
#577 = EDGE_CURVE('',#22,#578,#580,.T.);
#578 = VERTEX_POINT('',#579);
#579 = CARTESIAN_POINT('',(9.25,3.563226103065E-13,80.));
#580 = SURFACE_CURVE('',#581,(#585,#592),.PCURVE_S1.);
#581 = LINE('',#582,#583);
#582 = CARTESIAN_POINT('',(5.704150467721,8.66818220834E-13,80.));
#583 = VECTOR('',#584,1.);
#584 = DIRECTION('',(-1.,1.451805620188E-13,0.));
#585 = PCURVE('',#123,#586);
#586 = DEFINITIONAL_REPRESENTATION('',(#587),#591);
#587 = LINE('',#588,#589);
#588 = CARTESIAN_POINT('',(5.704150467721,8.66818220834E-13));
#589 = VECTOR('',#590,1.);
#590 = DIRECTION('',(-1.,1.451805620188E-13));
#591 = ( GEOMETRIC_REPRESENTATION_CONTEXT(2) 
PARAMETRIC_REPRESENTATION_CONTEXT() REPRESENTATION_CONTEXT('2D SPACE',''
  ) );
#592 = PCURVE('',#593,#598);
#593 = PLANE('',#594);
#594 = AXIS2_PLACEMENT_3D('',#595,#596,#597);
#595 = CARTESIAN_POINT('',(11.408300935441,-7.769784718376E-12,
    80.000000000118));
#596 = DIRECTION('',(1.448623865156E-13,0.997808415267,
    6.616922564496E-02));
#597 = DIRECTION('',(1.577721810442E-30,-6.616922564496E-02,
    0.997808415267));
#598 = DEFINITIONAL_REPRESENTATION('',(#599),#602);
#599 = B_SPLINE_CURVE_WITH_KNOTS('',1,(#600,#601),.UNSPECIFIED.,.F.,.F.,
  (2,2),(-6.295849532279,-3.545849532104),.PIECEWISE_BEZIER_KNOTS.);
#600 = CARTESIAN_POINT('',(-1.18004076907E-10,0.591699064559));
#601 = CARTESIAN_POINT('',(-1.180304947417E-10,-2.158300935617));
#602 = ( GEOMETRIC_REPRESENTATION_CONTEXT(2) 
PARAMETRIC_REPRESENTATION_CONTEXT() REPRESENTATION_CONTEXT('2D SPACE',''
  ) );
#603 = ORIENTED_EDGE('',*,*,#604,.F.);
#604 = EDGE_CURVE('',#605,#578,#607,.T.);
#605 = VERTEX_POINT('',#606);
#606 = CARTESIAN_POINT('',(4.099174204264,-8.292323299829,80.));
#607 = SURFACE_CURVE('',#608,(#636,#667),.PCURVE_S1.);
#608 = B_SPLINE_CURVE_WITH_KNOTS('',6,(#609,#610,#611,#612,#613,#614,
    #615,#616,#617,#618,#619,#620,#621,#622,#623,#624,#625,#626,#627,
    #628,#629,#630,#631,#632,#633,#634,#635),.UNSPECIFIED.,.F.,.F.,(7,5,
    5,5,5,7),(0.,0.549980555015,0.579982093736,0.633984786103,
    0.783991566252,1.),.UNSPECIFIED.);
#609 = CARTESIAN_POINT('',(4.099174204264,-8.292323299829,80.));
#610 = CARTESIAN_POINT('',(4.944106222056,-7.874604989288,80.));
#611 = CARTESIAN_POINT('',(5.738240965857,-7.353437663268,80.));
#612 = CARTESIAN_POINT('',(6.465097751158,-6.736822300355,80.));
#613 = CARTESIAN_POINT('',(7.111063305793,-6.035919333675,80.));
#614 = CARTESIAN_POINT('',(7.664428964213,-5.263875018877,80.));
#615 = CARTESIAN_POINT('',(8.141180946659,-4.391709155263,80.));
#616 = CARTESIAN_POINT('',(8.165541637687,-4.346428929102,80.));
#617 = CARTESIAN_POINT('',(8.189600035937,-4.300986719722,80.));
#618 = CARTESIAN_POINT('',(8.213354797187,-4.255385050746,80.));
#619 = CARTESIAN_POINT('',(8.236804605316,-4.209626460588,80.));
#620 = CARTESIAN_POINT('',(8.301606533236,-4.081070296146,80.));
#621 = CARTESIAN_POINT('',(8.342272677281,-3.997926935902,80.));
#622 = CARTESIAN_POINT('',(8.38193909076,-3.914298315969,80.));
#623 = CARTESIAN_POINT('',(8.420598562086,-3.830199472023,80.));
#624 = CARTESIAN_POINT('',(8.458244181764,-3.745645581171,80.));
#625 = CARTESIAN_POINT('',(8.596605425855,-3.424559674802,80.));
#626 = CARTESIAN_POINT('',(8.690467867557,-3.185073966807,80.));
#627 = CARTESIAN_POINT('',(8.776314688412,-2.942524041736,80.));
#628 = CARTESIAN_POINT('',(8.854022791251,-2.697245444463,80.));
#629 = CARTESIAN_POINT('',(8.923487960813,-2.449580060962,80.));
#630 = CARTESIAN_POINT('',(9.072661462049,-1.840304654272,80.));
#631 = CARTESIAN_POINT('',(9.143429629878,-1.47650210332,80.));
#632 = CARTESIAN_POINT('',(9.196674323547,-1.109511607428,80.));
#633 = CARTESIAN_POINT('',(9.232225728758,-0.740386954329,80.));
#634 = CARTESIAN_POINT('',(9.250000000006,-0.370191984809,80.));
#635 = CARTESIAN_POINT('',(9.25,4.245492846167E-13,80.));
#636 = PCURVE('',#123,#637);
#637 = DEFINITIONAL_REPRESENTATION('',(#638),#666);
#638 = B_SPLINE_CURVE_WITH_KNOTS('',6,(#639,#640,#641,#642,#643,#644,
    #645,#646,#647,#648,#649,#650,#651,#652,#653,#654,#655,#656,#657,
    #658,#659,#660,#661,#662,#663,#664,#665),.UNSPECIFIED.,.F.,.F.,(7,5,
    5,5,5,7),(0.,0.549980555015,0.579982093736,0.633984786103,
    0.783991566252,1.),.UNSPECIFIED.);
#639 = CARTESIAN_POINT('',(4.099174204264,-8.292323299829));
#640 = CARTESIAN_POINT('',(4.944106222056,-7.874604989288));
#641 = CARTESIAN_POINT('',(5.738240965857,-7.353437663268));
#642 = CARTESIAN_POINT('',(6.465097751158,-6.736822300355));
#643 = CARTESIAN_POINT('',(7.111063305793,-6.035919333675));
#644 = CARTESIAN_POINT('',(7.664428964213,-5.263875018877));
#645 = CARTESIAN_POINT('',(8.141180946659,-4.391709155263));
#646 = CARTESIAN_POINT('',(8.165541637687,-4.346428929102));
#647 = CARTESIAN_POINT('',(8.189600035937,-4.300986719722));
#648 = CARTESIAN_POINT('',(8.213354797187,-4.255385050746));
#649 = CARTESIAN_POINT('',(8.236804605316,-4.209626460588));
#650 = CARTESIAN_POINT('',(8.301606533236,-4.081070296146));
#651 = CARTESIAN_POINT('',(8.342272677281,-3.997926935902));
#652 = CARTESIAN_POINT('',(8.38193909076,-3.914298315969));
#653 = CARTESIAN_POINT('',(8.420598562086,-3.830199472023));
#654 = CARTESIAN_POINT('',(8.458244181764,-3.745645581171));
#655 = CARTESIAN_POINT('',(8.596605425855,-3.424559674802));
#656 = CARTESIAN_POINT('',(8.690467867557,-3.185073966807));
#657 = CARTESIAN_POINT('',(8.776314688412,-2.942524041736));
#658 = CARTESIAN_POINT('',(8.854022791251,-2.697245444463));
#659 = CARTESIAN_POINT('',(8.923487960813,-2.449580060962));
#660 = CARTESIAN_POINT('',(9.072661462049,-1.840304654272));
#661 = CARTESIAN_POINT('',(9.143429629878,-1.47650210332));
#662 = CARTESIAN_POINT('',(9.196674323547,-1.109511607428));
#663 = CARTESIAN_POINT('',(9.232225728758,-0.740386954329));
#664 = CARTESIAN_POINT('',(9.250000000006,-0.370191984809));
#665 = CARTESIAN_POINT('',(9.25,4.245492846167E-13));
#666 = ( GEOMETRIC_REPRESENTATION_CONTEXT(2) 
PARAMETRIC_REPRESENTATION_CONTEXT() REPRESENTATION_CONTEXT('2D SPACE',''
  ) );
#667 = PCURVE('',#668,#993);
#668 = B_SPLINE_SURFACE_WITH_KNOTS('',1,11,(
    (#669,#670,#671,#672,#673,#674,#675,#676,#677,#678,#679,#680,#681
      ,#682,#683,#684,#685,#686,#687,#688,#689,#690,#691,#692,#693,#694
      ,#695,#696,#697,#698,#699,#700,#701,#702,#703,#704,#705,#706,#707
      ,#708,#709,#710,#711,#712,#713,#714,#715,#716,#717,#718,#719,#720
      ,#721,#722,#723,#724,#725,#726,#727,#728,#729,#730,#731,#732,#733
      ,#734,#735,#736,#737,#738,#739,#740,#741,#742,#743,#744,#745,#746
      ,#747,#748,#749,#750,#751,#752,#753,#754,#755,#756,#757,#758,#759
      ,#760,#761,#762,#763,#764,#765,#766,#767,#768,#769,#770,#771,#772
      ,#773,#774,#775,#776,#777,#778,#779,#780,#781,#782,#783,#784,#785
      ,#786,#787,#788,#789,#790,#791,#792,#793,#794,#795,#796,#797,#798
      ,#799,#800,#801,#802,#803,#804,#805,#806,#807,#808,#809,#810,#811
      ,#812,#813,#814,#815,#816,#817,#818,#819,#820,#821,#822,#823,#824
      ,#825,#826,#827,#828,#829,#830)
    ,(#831,#832,#833,#834,#835,#836,#837,#838,#839,#840,#841,#842,#843
      ,#844,#845,#846,#847,#848,#849,#850,#851,#852,#853,#854,#855,#856
      ,#857,#858,#859,#860,#861,#862,#863,#864,#865,#866,#867,#868,#869
      ,#870,#871,#872,#873,#874,#875,#876,#877,#878,#879,#880,#881,#882
      ,#883,#884,#885,#886,#887,#888,#889,#890,#891,#892,#893,#894,#895
      ,#896,#897,#898,#899,#900,#901,#902,#903,#904,#905,#906,#907,#908
      ,#909,#910,#911,#912,#913,#914,#915,#916,#917,#918,#919,#920,#921
      ,#922,#923,#924,#925,#926,#927,#928,#929,#930,#931,#932,#933,#934
      ,#935,#936,#937,#938,#939,#940,#941,#942,#943,#944,#945,#946,#947
      ,#948,#949,#950,#951,#952,#953,#954,#955,#956,#957,#958,#959,#960
      ,#961,#962,#963,#964,#965,#966,#967,#968,#969,#970,#971,#972,#973
      ,#974,#975,#976,#977,#978,#979,#980,#981,#982,#983,#984,#985,#986
      ,#987,#988,#989,#990,#991,#992
    )),.UNSPECIFIED.,.F.,.F.,.F.,(2,2),(12,10,10,10,10,10,10,10,10,10,10
    ,10,10,10,10,10,12),(0.,1.763139720814),(0.,8.029845428422,
    16.059690856845,24.089536285267,32.11938171369,40.149227142112,
    48.179072570535,56.208917998957,64.23876342738,72.268608855802,
    80.298454284225,88.328299712647,96.35814514107,104.38799056949,
    112.41783599791,120.44768142633,128.47752685476),.UNSPECIFIED.);
#669 = CARTESIAN_POINT('',(9.25,5.833279501646E-02,-0.87963782536));
#670 = CARTESIAN_POINT('',(9.216680384133,5.34192040723,-0.425092368989)
  );
#671 = CARTESIAN_POINT('',(5.864299539596,10.604457694283,
    2.945307867906E-02));
#672 = CARTESIAN_POINT('',(-0.799421225949,13.529622562306,
    0.483998550971));
#673 = CARTESIAN_POINT('',(-8.906753692035,11.803481434585,
    0.938543972423));
#674 = CARTESIAN_POINT('',(-14.91573513587,4.796865376651,1.393089473675
    ));
#675 = CARTESIAN_POINT('',(-14.85405067679,-4.984601032006,
    1.847634876442));
#676 = CARTESIAN_POINT('',(-8.757179930102,-11.91487458269,
    2.302180376709));
#677 = CARTESIAN_POINT('',(-0.628722078324,-13.5386287883,2.756725799764
    ));
#678 = CARTESIAN_POINT('',(5.997576476688,-10.52965376104,3.211271270366
    ));
#679 = CARTESIAN_POINT('',(9.283319615496,-5.225254817285,3.66581671938)
  );
#680 = CARTESIAN_POINT('',(9.216680384318,5.341920407279,4.574907630454)
  );
#681 = CARTESIAN_POINT('',(5.864299539305,10.60445769418,5.029453079568)
  );
#682 = CARTESIAN_POINT('',(-0.799421225586,13.529622562483,
    5.483998549831));
#683 = CARTESIAN_POINT('',(-8.9067536924,11.803481434349,5.938543973597)
  );
#684 = CARTESIAN_POINT('',(-14.91573513557,4.796865376891,6.393089472708
    ));
#685 = CARTESIAN_POINT('',(-14.85405067699,-4.984601032189,
    6.847634877076));
#686 = CARTESIAN_POINT('',(-8.757179929987,-11.91487458259,
    7.302180376373));
#687 = CARTESIAN_POINT('',(-0.62872207838,-13.53862878834,7.756725799915
    ));
#688 = CARTESIAN_POINT('',(5.997576476711,-10.52965376103,8.211271270306
    ));
#689 = CARTESIAN_POINT('',(9.283319615489,-5.225254817286,8.665816719399
    ));
#690 = CARTESIAN_POINT('',(9.216680384328,5.341920407278,9.574907630425)
  );
#691 = CARTESIAN_POINT('',(5.86429953923,10.604457694183,10.029453079786
    ));
#692 = CARTESIAN_POINT('',(-0.799421225317,13.529622562502,
    10.483998549048));
#693 = CARTESIAN_POINT('',(-8.906753693014,11.803481434257,
    10.938543975421));
#694 = CARTESIAN_POINT('',(-14.9157351346,4.796865377092,11.393089469731
    ));
#695 = CARTESIAN_POINT('',(-14.85405067808,-4.984601032467,
    11.847634880563));
#696 = CARTESIAN_POINT('',(-8.757179929094,-11.91487458233,
    12.302180373464));
#697 = CARTESIAN_POINT('',(-0.628722078896,-13.53862878851,
    12.756725801602));
#698 = CARTESIAN_POINT('',(5.997576476905,-10.52965376096,
    13.211271269676));
#699 = CARTESIAN_POINT('',(9.283319615455,-5.225254817298,
    13.665816719509));
#700 = CARTESIAN_POINT('',(9.216680384348,5.341920407286,14.574907630361
    ));
#701 = CARTESIAN_POINT('',(5.864299539209,10.604457694169,15.02945307988
    ));
#702 = CARTESIAN_POINT('',(-0.799421225374,13.529622562493,
    15.48399854912));
#703 = CARTESIAN_POINT('',(-8.906753692732,11.80348143435,
    15.938543974739));
#704 = CARTESIAN_POINT('',(-14.91573513519,4.796865376874,
    16.393089471386));
#705 = CARTESIAN_POINT('',(-14.85405067733,-4.984601032164,
    16.847634878208));
#706 = CARTESIAN_POINT('',(-8.757179929756,-11.91487458261,
    17.302180375616));
#707 = CARTESIAN_POINT('',(-0.62872207851,-13.53862878834,
    17.756725800344));
#708 = CARTESIAN_POINT('',(5.997576476779,-10.52965376102,
    18.211271270079));
#709 = CARTESIAN_POINT('',(9.283319615453,-5.225254817292,
    18.665816719515));
#710 = CARTESIAN_POINT('',(9.216680384398,5.341920407292,19.574907630205
    ));
#711 = CARTESIAN_POINT('',(5.864299538821,10.604457694102,
    20.029453081076));
#712 = CARTESIAN_POINT('',(-0.799421224239,13.529622562707,
    20.483998545635));
#713 = CARTESIAN_POINT('',(-8.906753694837,11.80348143392,
    20.938543981203));
#714 = CARTESIAN_POINT('',(-14.91573513246,4.796865377481,21.39308946296
    ));
#715 = CARTESIAN_POINT('',(-14.85405067987,-4.984601032786,
    21.847634886124));
#716 = CARTESIAN_POINT('',(-8.757179928067,-11.91487458215,
    22.302180370333));
#717 = CARTESIAN_POINT('',(-0.628722079257,-13.53862878857,
    22.756725802676));
#718 = CARTESIAN_POINT('',(5.997576476939,-10.52965376096,
    23.211271269586));
#719 = CARTESIAN_POINT('',(9.283319615495,-5.225254817289,
    23.665816719381));
#720 = CARTESIAN_POINT('',(9.216680384251,5.341920407266,24.574907630662
    ));
#721 = CARTESIAN_POINT('',(5.864299539767,10.604457694274,
    25.029453078099));
#722 = CARTESIAN_POINT('',(-0.799421226775,13.529622562249,
    25.483998553668));
#723 = CARTESIAN_POINT('',(-8.90675369051,11.803481434706,
    25.938543967457));
#724 = CARTESIAN_POINT('',(-14.91573513761,4.796865376525,
    26.393089479234));
#725 = CARTESIAN_POINT('',(-14.85405067548,-4.984601031943,
    26.847634872469));
#726 = CARTESIAN_POINT('',(-8.75717993071,-11.91487458268,
    27.302180378437));
#727 = CARTESIAN_POINT('',(-0.628722078179,-13.53862878833,
    27.756725799395));
#728 = CARTESIAN_POINT('',(5.997576476673,-10.52965376102,
    28.211271270401));
#729 = CARTESIAN_POINT('',(9.283319615519,-5.225254817283,
    28.665816719306));
#730 = CARTESIAN_POINT('',(9.216680384243,5.341920407264,29.574907630689
    ));
#731 = CARTESIAN_POINT('',(5.864299539786,10.604457694277,30.02945307807
    ));
#732 = CARTESIAN_POINT('',(-0.799421226875,13.52962256222,
    30.483998553832));
#733 = CARTESIAN_POINT('',(-8.9067536902,11.803481434809,30.938543966795
    ));
#734 = CARTESIAN_POINT('',(-14.91573513817,4.796865376325,
    31.393089480726));
#735 = CARTESIAN_POINT('',(-14.85405067482,-4.984601031686,
    31.847634870408));
#736 = CARTESIAN_POINT('',(-8.757179931233,-11.91487458291,
    32.302180380176));
#737 = CARTESIAN_POINT('',(-0.628722077941,-13.53862878821,
    32.756725798599));
#738 = CARTESIAN_POINT('',(5.99757647667,-10.52965376105,33.21127127041)
  );
#739 = CARTESIAN_POINT('',(9.283319615437,-5.225254817294,
    33.665816719567));
#740 = CARTESIAN_POINT('',(9.216680384455,5.341920407305,34.574907630028
    ));
#741 = CARTESIAN_POINT('',(5.864299538522,10.604457694038,
    35.029453082035));
#742 = CARTESIAN_POINT('',(-0.799421223646,13.529622562816,
    35.483998543659));
#743 = CARTESIAN_POINT('',(-8.906753695399,11.803481433862,
    35.93854398315));
#744 = CARTESIAN_POINT('',(-14.91573513247,4.796865377359,
    36.393089463036));
#745 = CARTESIAN_POINT('',(-14.8540506791,-4.984601032466,
    36.847634883219));
#746 = CARTESIAN_POINT('',(-8.757179929196,-11.91487458253,
    37.302180374442));
#747 = CARTESIAN_POINT('',(-0.628722078375,-13.5386287883,
    37.756725799601));
#748 = CARTESIAN_POINT('',(5.997576476547,-10.52965376107,
    38.211271270897));
#749 = CARTESIAN_POINT('',(9.283319615562,-5.225254817271,
    38.665816719167));
#750 = CARTESIAN_POINT('',(9.216680384238,5.341920407262,39.574907630704
    ));
#751 = CARTESIAN_POINT('',(5.864299539716,10.604457694267,
    40.029453078294));
#752 = CARTESIAN_POINT('',(-0.799421226681,13.529622562251,
    40.483998553242));
#753 = CARTESIAN_POINT('',(-8.906753690452,11.803481434771,
    40.938543967495));
#754 = CARTESIAN_POINT('',(-14.91573513805,4.796865376336,
    41.393089480522));
#755 = CARTESIAN_POINT('',(-14.85405067467,-4.98460103165,
    41.847634869731));
#756 = CARTESIAN_POINT('',(-8.757179931584,-11.91487458297,
    42.302180381467));
#757 = CARTESIAN_POINT('',(-0.628722077574,-13.53862878814,
    42.756725797335));
#758 = CARTESIAN_POINT('',(5.997576476421,-10.5296537611,43.211271271232
    ));
#759 = CARTESIAN_POINT('',(9.283319615559,-5.22525481727,43.665816719179
    ));
#760 = CARTESIAN_POINT('',(9.216680384238,5.34192040726,44.574907630704)
  );
#761 = CARTESIAN_POINT('',(5.864299539644,10.604457694257,
    45.029453078458));
#762 = CARTESIAN_POINT('',(-0.799421226247,13.529622562346,
    45.483998552143));
#763 = CARTESIAN_POINT('',(-8.906753691713,11.803481434465,45.938543971)
  );
#764 = CARTESIAN_POINT('',(-14.91573513578,4.796865376918,
    46.393089473589));
#765 = CARTESIAN_POINT('',(-14.85405067745,-4.984601032398,
    46.84763487891));
#766 = CARTESIAN_POINT('',(-8.75717992917,-11.9148745823,47.302180373239
    ));
#767 = CARTESIAN_POINT('',(-0.628722079032,-13.53862878856,
    47.756725802273));
#768 = CARTESIAN_POINT('',(5.997576476974,-10.52965376094,
    48.211271269408));
#769 = CARTESIAN_POINT('',(9.28331961548,-5.225254817294,48.665816719432
    ));
#770 = CARTESIAN_POINT('',(9.216680384242,5.341920407264,49.574907630691
    ));
#771 = CARTESIAN_POINT('',(5.86429953982,10.604457694284,50.029453077893
    ));
#772 = CARTESIAN_POINT('',(-0.79942122675,13.529622562258,
    50.483998553778));
#773 = CARTESIAN_POINT('',(-8.906753690949,11.803481434604,
    50.938543968511));
#774 = CARTESIAN_POINT('',(-14.91573513648,4.796865376784,
    51.393089475798));
#775 = CARTESIAN_POINT('',(-14.85405067714,-4.984601032325,
    51.84763487804));
#776 = CARTESIAN_POINT('',(-8.757179929101,-11.9148745823,
    52.302180372856));
#777 = CARTESIAN_POINT('',(-0.628722079242,-13.53862878859,
    52.756725803029));
#778 = CARTESIAN_POINT('',(5.997576477121,-10.52965376091,53.21127126892
    ));
#779 = CARTESIAN_POINT('',(9.283319615427,-5.225254817304,
    53.665816719596));
#780 = CARTESIAN_POINT('',(9.21668038431,5.341920407278,54.574907630479)
  );
#781 = CARTESIAN_POINT('',(5.864299539534,10.604457694231,
    55.029453078813));
#782 = CARTESIAN_POINT('',(-0.799421226221,13.529622562339,
    55.483998552001));
#783 = CARTESIAN_POINT('',(-8.906753691396,11.803481434583,
    55.938543970091));
#784 = CARTESIAN_POINT('',(-14.91573513662,4.796865376631,
    56.393089476307));
#785 = CARTESIAN_POINT('',(-14.85405067625,-4.984601031991,
    56.84763487475));
#786 = CARTESIAN_POINT('',(-8.75717993032,-11.91487458268,
    57.302180377266));
#787 = CARTESIAN_POINT('',(-0.628722078288,-13.53862878831,
    57.75672579971));
#788 = CARTESIAN_POINT('',(5.997576476668,-10.52965376104,
    58.211271270429));
#789 = CARTESIAN_POINT('',(9.283319615538,-5.225254817276,
    58.665816719245));
#790 = CARTESIAN_POINT('',(9.216680384206,5.341920407253,59.574907630803
    ));
#791 = CARTESIAN_POINT('',(5.864299539868,10.604457694302,
    60.029453077764));
#792 = CARTESIAN_POINT('',(-0.799421226678,13.529622562273,
    60.483998553453));
#793 = CARTESIAN_POINT('',(-8.906753691415,11.803481434475,
    60.938543970215));
#794 = CARTESIAN_POINT('',(-14.91573513541,4.796865377083,
    61.393089472093));
#795 = CARTESIAN_POINT('',(-14.85405067863,-4.98460103274,
    61.847634883104));
#796 = CARTESIAN_POINT('',(-8.757179927678,-11.91487458192,
    62.302180368114));
#797 = CARTESIAN_POINT('',(-0.628722080174,-13.53862878883,
    62.756725806105));
#798 = CARTESIAN_POINT('',(5.997576477526,-10.52965376082,
    63.211271267591));
#799 = CARTESIAN_POINT('',(9.283319615325,-5.225254817324,
    63.665816719927));
#800 = CARTESIAN_POINT('',(9.216680384423,5.341920407298,64.57490763012)
  );
#801 = CARTESIAN_POINT('',(5.864299538962,10.604457694141,65.02945308063
    ));
#802 = CARTESIAN_POINT('',(-0.799421224626,13.529622562596,
    65.483998546912));
#803 = CARTESIAN_POINT('',(-8.906753694418,11.803481434063,65.9385439798
    ));
#804 = CARTESIAN_POINT('',(-14.91573513248,4.796865377404,
    66.393089462893));
#805 = CARTESIAN_POINT('',(-14.85405068046,-4.984601032838,
    66.84763488847));
#806 = CARTESIAN_POINT('',(-8.757179927143,-11.914874582,67.302180366858
    ));
#807 = CARTESIAN_POINT('',(-0.628722080039,-13.5386287887,67.75672580547
    ));
#808 = CARTESIAN_POINT('',(5.997576477346,-10.52965376088,
    68.211271268203));
#809 = CARTESIAN_POINT('',(9.283319615372,-5.225254817311,68.66581671978
    ));
#810 = CARTESIAN_POINT('',(9.216680384405,5.341920407293,69.574907630176
    ));
#811 = CARTESIAN_POINT('',(5.864299538923,10.604457694122,
    70.029453080749));
#812 = CARTESIAN_POINT('',(-0.799421224384,13.529622562685,
    70.483998546134));
#813 = CARTESIAN_POINT('',(-8.906753695031,11.803481433857,
    70.938543981787));
#814 = CARTESIAN_POINT('',(-14.91573513148,4.796865377715,
    71.393089459728));
#815 = CARTESIAN_POINT('',(-14.85405068156,-4.984601033159,
    71.847634891887));
#816 = CARTESIAN_POINT('',(-8.757179926325,-11.91487458178,
    72.302180364364));
#817 = CARTESIAN_POINT('',(-0.628722080397,-13.5386287888,
    72.756725806549));
#818 = CARTESIAN_POINT('',(5.997576477366,-10.52965376087,73.21127126815
    ));
#819 = CARTESIAN_POINT('',(9.283319615465,-5.225254817296,73.66581671949
    ));
#820 = CARTESIAN_POINT('',(9.216680384164,5.341920407251,74.574907630923
    ));
#821 = CARTESIAN_POINT('',(5.864299540477,10.604457694393,
    75.029453075882));
#822 = CARTESIAN_POINT('',(-0.799421228691,13.529622561926,
    75.483998559755));
#823 = CARTESIAN_POINT('',(-8.906753687325,11.803481435253,
    75.938543957324));
#824 = CARTESIAN_POINT('',(-14.91573514124,4.796865375886,
    76.393089490521));
#825 = CARTESIAN_POINT('',(-14.85405067255,-4.984601031415,
    76.847634863891));
#826 = CARTESIAN_POINT('',(-8.757179932351,-11.91487458299,
    77.302180382917));
#827 = CARTESIAN_POINT('',(-0.628722077548,-13.53862878821,
    77.756725797738));
#828 = CARTESIAN_POINT('',(5.997576476474,-10.52965376106,78.21127127097
    ));
#829 = CARTESIAN_POINT('',(9.283319615612,-5.225254817262,
    78.665816718997));
#830 = CARTESIAN_POINT('',(9.249999999824,5.833279497916E-02,
    79.120362175187));
#831 = CARTESIAN_POINT('',(9.25,-5.833279501414E-02,0.87963782536));
#832 = CARTESIAN_POINT('',(9.283319615872,5.225254817303,1.334183281738)
  );
#833 = CARTESIAN_POINT('',(5.99757647658,10.52965376132,1.78872872937));
#834 = CARTESIAN_POINT('',(-0.628722077959,13.538628788432,
    2.243274201751));
#835 = CARTESIAN_POINT('',(-8.757179930527,11.914874583101,
    2.697819623071));
#836 = CARTESIAN_POINT('',(-14.85405067688,4.984601032104,3.152365124432
    ));
#837 = CARTESIAN_POINT('',(-14.91573513616,-4.796865376747,
    3.606910527184));
#838 = CARTESIAN_POINT('',(-8.906753692449,-11.80348143464,
    4.061456027371));
#839 = CARTESIAN_POINT('',(-0.799421225736,-13.52962256271,
    4.516001450534));
#840 = CARTESIAN_POINT('',(5.864299539405,-10.60445769441,4.970546921065
    ));
#841 = CARTESIAN_POINT('',(9.216680384475,-5.341920407419,5.425092370102
    ));
#842 = CARTESIAN_POINT('',(9.283319615697,5.225254817352,6.334183281176)
  );
#843 = CARTESIAN_POINT('',(5.997576476865,10.529653761216,6.788728730267
    ));
#844 = CARTESIAN_POINT('',(-0.628722078335,13.538628788609,7.2432742006)
  );
#845 = CARTESIAN_POINT('',(-8.757179930128,11.914874582865,
    7.697819624259));
#846 = CARTESIAN_POINT('',(-14.85405067722,4.984601032343,8.152365123452
    ));
#847 = CARTESIAN_POINT('',(-14.91573513595,-4.796865376928,
    8.606910527829));
#848 = CARTESIAN_POINT('',(-8.906753692558,-11.80348143454,
    9.061456027028));
#849 = CARTESIAN_POINT('',(-0.799421225692,-13.52962256274,
    9.516001450688));
#850 = CARTESIAN_POINT('',(5.864299539389,-10.6044576944,9.970546921004)
  );
#851 = CARTESIAN_POINT('',(9.21668038448,-5.34192040742,10.425092370122)
  );
#852 = CARTESIAN_POINT('',(9.283319615689,5.22525481735,11.334183281148)
  );
#853 = CARTESIAN_POINT('',(5.997576476934,10.529653761218,
    11.788728730483));
#854 = CARTESIAN_POINT('',(-0.628722078589,13.538628788628,
    12.243274199824));
#855 = CARTESIAN_POINT('',(-8.757179929537,11.914874582779,
    12.697819626068));
#856 = CARTESIAN_POINT('',(-14.85405067816,4.98460103253,13.152365120497
    ));
#857 = CARTESIAN_POINT('',(-14.91573513487,-4.796865377183,
    13.606910531292));
#858 = CARTESIAN_POINT('',(-8.906753693452,-11.8034814343,
    14.061456024139));
#859 = CARTESIAN_POINT('',(-0.799421225169,-13.52962256289,
    14.516001452363));
#860 = CARTESIAN_POINT('',(5.86429953919,-10.60445769435,14.970546920378
    ));
#861 = CARTESIAN_POINT('',(9.216680384516,-5.341920407431,15.42509237023
    ));
#862 = CARTESIAN_POINT('',(9.283319615666,5.225254817359,16.334183281084
    ));
#863 = CARTESIAN_POINT('',(5.997576476968,10.5296537612,16.788728730578)
  );
#864 = CARTESIAN_POINT('',(-0.628722078565,13.538628788629,
    17.243274199893));
#865 = CARTESIAN_POINT('',(-8.757179929757,11.914874582864,
    17.697819625393));
#866 = CARTESIAN_POINT('',(-14.85405067767,4.984601032307,
    18.152365122141));
#867 = CARTESIAN_POINT('',(-14.91573513553,-4.796865376863,
    18.606910528949));
#868 = CARTESIAN_POINT('',(-8.906753692852,-11.8034814346,
    19.061456026281));
#869 = CARTESIAN_POINT('',(-0.799421225525,-13.52962256271,
    19.516001451111));
#870 = CARTESIAN_POINT('',(5.864299539307,-10.60445769441,
    19.970546920779));
#871 = CARTESIAN_POINT('',(9.216680384519,-5.341920407425,
    20.425092370238));
#872 = CARTESIAN_POINT('',(9.283319615617,5.225254817366,21.334183280926
    ));
#873 = CARTESIAN_POINT('',(5.997576477344,10.529653761115,
    21.788728731779));
#874 = CARTESIAN_POINT('',(-0.628722079662,13.538628788908,
    22.243274196394));
#875 = CARTESIAN_POINT('',(-8.757179927725,11.914874582294,
    22.69781963188));
#876 = CARTESIAN_POINT('',(-14.8540506803,4.984601033119,23.15236511369)
  );
#877 = CARTESIAN_POINT('',(-14.91573513307,-4.796865377696,
    23.606910536885));
#878 = CARTESIAN_POINT('',(-8.906753694489,-11.80348143399,
    24.061456020988));
#879 = CARTESIAN_POINT('',(-0.7994212248,-13.52962256302,24.516001453446
    ));
#880 = CARTESIAN_POINT('',(5.864299539152,-10.60445769432,
    24.970546920286));
#881 = CARTESIAN_POINT('',(9.216680384477,-5.341920407424,
    25.425092370103));
#882 = CARTESIAN_POINT('',(9.283319615761,5.225254817338,26.334183281385
    ));
#883 = CARTESIAN_POINT('',(5.997576476418,10.529653761327,
    26.788728728793));
#884 = CARTESIAN_POINT('',(-0.628722077187,13.538628788323,
    27.243274204451));
#885 = CARTESIAN_POINT('',(-8.757179931946,11.914874583305,
    27.697819618097));
#886 = CARTESIAN_POINT('',(-14.85405067527,4.984601031901,
    28.152365130003));
#887 = CARTESIAN_POINT('',(-14.91573513738,-4.796865376643,
    28.606910523203));
#888 = CARTESIAN_POINT('',(-8.906753691883,-11.80348143463,
    29.061456029102));
#889 = CARTESIAN_POINT('',(-0.799421225872,-13.52962256275,
    29.516001450164));
#890 = CARTESIAN_POINT('',(5.86429953942,-10.60445769439,29.970546921099
    ));
#891 = CARTESIAN_POINT('',(9.216680384453,-5.341920407418,
    30.425092370028));
#892 = CARTESIAN_POINT('',(9.283319615768,5.225254817335,31.334183281412
    ));
#893 = CARTESIAN_POINT('',(5.997576476409,10.52965376134,31.788728728763
    ));
#894 = CARTESIAN_POINT('',(-0.628722077118,13.538628788248,
    32.243274204617));
#895 = CARTESIAN_POINT('',(-8.757179932188,11.914874583529,
    32.697819617433));
#896 = CARTESIAN_POINT('',(-14.85405067481,4.984601031493,
    33.152365131494));
#897 = CARTESIAN_POINT('',(-14.91573513792,-4.796865376145,
    33.606910521146));
#898 = CARTESIAN_POINT('',(-8.906753691462,-11.80348143505,
    34.061456030834));
#899 = CARTESIAN_POINT('',(-0.799421226054,-13.52962256252,
    34.516001449374));
#900 = CARTESIAN_POINT('',(5.864299539405,-10.60445769446,
    34.970546921105));
#901 = CARTESIAN_POINT('',(9.216680384536,-5.341920407427,
    35.425092370291));
#902 = CARTESIAN_POINT('',(9.283319615561,5.225254817379,36.334183280748
    ));
#903 = CARTESIAN_POINT('',(5.997576477632,10.529653761034,
    36.788728732746));
#904 = CARTESIAN_POINT('',(-0.628722080214,13.538628789081,
    37.243274194399));
#905 = CARTESIAN_POINT('',(-8.757179927249,11.914874582106,
    37.69781963386));
#906 = CARTESIAN_POINT('',(-14.85405068017,4.984601033173,
    38.152365113726));
#907 = CARTESIAN_POINT('',(-14.91573513398,-4.79686537755,
    38.606910534013));
#908 = CARTESIAN_POINT('',(-8.906753693259,-11.80348143424,
    39.061456025077));
#909 = CARTESIAN_POINT('',(-0.799421225733,-13.52962256281,
    39.516001450379));
#910 = CARTESIAN_POINT('',(5.86429953956,-10.60445769442,39.970546921595
    ));
#911 = CARTESIAN_POINT('',(9.216680384408,-5.341920407407,
    40.425092369888));
#912 = CARTESIAN_POINT('',(9.283319615775,5.225254817333,41.334183281428
    ));
#913 = CARTESIAN_POINT('',(5.997576476468,10.52965376132,41.788728728984
    ));
#914 = CARTESIAN_POINT('',(-0.628722077272,13.538628788333,
    42.243274204034));
#915 = CARTESIAN_POINT('',(-8.75717993203,11.914874583346,
    42.697819618119));
#916 = CARTESIAN_POINT('',(-14.85405067478,4.984601031751,43.15236513131
    ));
#917 = CARTESIAN_POINT('',(-14.91573513826,-4.796865376396,
    43.606910520446));
#918 = CARTESIAN_POINT('',(-8.906753690943,-11.80348143489,
    44.061456032147));
#919 = CARTESIAN_POINT('',(-0.799421226516,-13.52962256258,
    44.516001448096));
#920 = CARTESIAN_POINT('',(5.864299539686,-10.60445769446,
    44.970546921934));
#921 = CARTESIAN_POINT('',(9.21668038441,-5.341920407406,45.425092369901
    ));
#922 = CARTESIAN_POINT('',(9.283319615776,5.225254817331,46.334183281427
    ));
#923 = CARTESIAN_POINT('',(5.997576476537,10.529653761311,
    46.788728729154));
#924 = CARTESIAN_POINT('',(-0.628722077707,13.538628788424,
    47.243274202921));
#925 = CARTESIAN_POINT('',(-8.757179930761,11.914874583043,
    47.697819621645));
#926 = CARTESIAN_POINT('',(-14.85405067707,4.984601032332,
    48.152365124356));
#927 = CARTESIAN_POINT('',(-14.91573513543,-4.796865377133,
    48.60691052964));
#928 = CARTESIAN_POINT('',(-8.90675369341,-11.80348143424,
    49.061456023912));
#929 = CARTESIAN_POINT('',(-0.799421225024,-13.52962256297,
    49.516001453036));
#930 = CARTESIAN_POINT('',(5.86429953912,-10.60445769431,49.970546920109
    ));
#931 = CARTESIAN_POINT('',(9.216680384492,-5.341920407429,
    50.425092370153));
#932 = CARTESIAN_POINT('',(9.28331961577,5.225254817336,51.334183281414)
  );
#933 = CARTESIAN_POINT('',(5.997576476374,10.529653761339,
    51.788728728583));
#934 = CARTESIAN_POINT('',(-0.628722077242,13.538628788323,
    52.243274204571));
#935 = CARTESIAN_POINT('',(-8.757179931447,11.914874583223,
    52.697819619128));
#936 = CARTESIAN_POINT('',(-14.85405067648,4.984601032128,
    53.152365126601));
#937 = CARTESIAN_POINT('',(-14.91573513564,-4.79686537698,
    53.606910528735));
#938 = CARTESIAN_POINT('',(-8.906753693558,-11.8034814343,
    54.061456023554));
#939 = CARTESIAN_POINT('',(-0.799421224773,-13.52962256297,
    54.516001453779));
#940 = CARTESIAN_POINT('',(5.86429953896,-10.6044576943,54.970546919626)
  );
#941 = CARTESIAN_POINT('',(9.216680384545,-5.341920407438,
    55.425092370317));
#942 = CARTESIAN_POINT('',(9.283319615703,5.22525481735,56.334183281202)
  );
#943 = CARTESIAN_POINT('',(5.997576476646,10.529653761269,
    56.788728729507));
#944 = CARTESIAN_POINT('',(-0.628722077721,13.538628788467,
    57.243274202782));
#945 = CARTESIAN_POINT('',(-8.757179931106,11.91487458307,
    57.697819620735));
#946 = CARTESIAN_POINT('',(-14.85405067619,4.984601032167,58.15236512707
    ));
#947 = CARTESIAN_POINT('',(-14.91573513669,-4.796865376851,
    58.60691052549));
#948 = CARTESIAN_POINT('',(-8.906753692222,-11.80348143453,
    59.061456027927));
#949 = CARTESIAN_POINT('',(-0.799421225789,-13.52962256278,
    59.516001450481));
#950 = CARTESIAN_POINT('',(5.864299539433,-10.60445769439,
    59.970546921127));
#951 = CARTESIAN_POINT('',(9.216680384432,-5.341920407412,
    60.425092369967));
#952 = CARTESIAN_POINT('',(9.283319615806,5.225254817323,61.334183281526
    ));
#953 = CARTESIAN_POINT('',(5.997576476328,10.529653761381,
    61.788728728457));
#954 = CARTESIAN_POINT('',(-0.62872207733,13.53862878824,62.243274204241
    ));
#955 = CARTESIAN_POINT('',(-8.75717993093,11.914874583322,
    62.697819620837));
#956 = CARTESIAN_POINT('',(-14.85405067765,4.984601032078,
    63.152365122891));
#957 = CARTESIAN_POINT('',(-14.91573513402,-4.796865377025,
    63.606910533804));
#958 = CARTESIAN_POINT('',(-8.90675369508,-11.80348143419,
    64.061456018806));
#959 = CARTESIAN_POINT('',(-0.799421223789,-13.52962256307,
    64.51600145686));
#960 = CARTESIAN_POINT('',(5.864299538539,-10.60445769424,
    64.970546918294));
#961 = CARTESIAN_POINT('',(9.216680384648,-5.341920407456,
    65.425092370649));
#962 = CARTESIAN_POINT('',(9.283319615594,5.225254817373,66.334183280843
    ));
#963 = CARTESIAN_POINT('',(5.997576477195,10.529653761153,
    66.788728731323));
#964 = CARTESIAN_POINT('',(-0.628722079268,13.538628788783,
    67.243274197697));
#965 = CARTESIAN_POINT('',(-8.75717992813,11.914874582496,
    67.697819630429));
#966 = CARTESIAN_POINT('',(-14.85405068033,4.984601032918,
    68.152365113689));
#967 = CARTESIAN_POINT('',(-14.91573513241,-4.796865377579,
    68.606910539164));
#968 = CARTESIAN_POINT('',(-8.90675369549,-11.803481434,69.061456017563)
  );
#969 = CARTESIAN_POINT('',(-0.79942122397,-13.52962256306,
    69.516001456212));
#970 = CARTESIAN_POINT('',(5.864299538729,-10.60445769428,
    69.970546918913));
#971 = CARTESIAN_POINT('',(9.216680384601,-5.341920407444,
    70.425092370501));
#972 = CARTESIAN_POINT('',(9.283319615611,5.225254817368,71.334183280899
    ));
#973 = CARTESIAN_POINT('',(5.997576477236,10.529653761142,
    71.788728731451));
#974 = CARTESIAN_POINT('',(-0.628722079515,13.538628788853,
    72.243274196898));
#975 = CARTESIAN_POINT('',(-8.757179927502,11.914874582315,
    72.697819632452));
#976 = CARTESIAN_POINT('',(-14.85405068135,4.984601033223,
    73.152365110479));
#977 = CARTESIAN_POINT('',(-14.91573513128,-4.796865377933,
    73.606910542622));
#978 = CARTESIAN_POINT('',(-8.906753696332,-11.80348143372,
    74.06145601504));
#979 = CARTESIAN_POINT('',(-0.799421223596,-13.5296225632,
    74.516001457305));
#980 = CARTESIAN_POINT('',(5.864299538699,-10.60445769425,
    74.970546918855));
#981 = CARTESIAN_POINT('',(9.216680384512,-5.341920407431,
    75.425092370211));
#982 = CARTESIAN_POINT('',(9.283319615842,5.225254817323,76.334183281648
    ));
#983 = CARTESIAN_POINT('',(5.997576475745,10.529653761457,
    76.788728726569));
#984 = CARTESIAN_POINT('',(-0.628722075371,13.53862878796,
    77.243274210555));
#985 = CARTESIAN_POINT('',(-8.75717993496,11.91487458393,77.697819607937
    ));
#986 = CARTESIAN_POINT('',(-14.85405067183,4.984601031151,
    78.152365141317));
#987 = CARTESIAN_POINT('',(-14.91573514015,-4.796865375988,
    78.606910514607));
#988 = CARTESIAN_POINT('',(-8.906753690318,-11.80348143504,
    79.061456033588));
#989 = CARTESIAN_POINT('',(-0.799421226493,-13.52962256256,
    79.516001448512));
#990 = CARTESIAN_POINT('',(5.864299539635,-10.60445769445,
    79.970546921662));
#991 = CARTESIAN_POINT('',(9.216680384344,-5.341920407396,
    80.425092369724));
#992 = CARTESIAN_POINT('',(9.250000000176,-5.833279505102E-02,
    80.879637825907));
#993 = DEFINITIONAL_REPRESENTATION('',(#994),#1022);
#994 = B_SPLINE_CURVE_WITH_KNOTS('',6,(#995,#996,#997,#998,#999,#1000,
    #1001,#1002,#1003,#1004,#1005,#1006,#1007,#1008,#1009,#1010,#1011,
    #1012,#1013,#1014,#1015,#1016,#1017,#1018,#1019,#1020,#1021),
  .UNSPECIFIED.,.F.,.F.,(7,5,5,5,5,7),(0.,0.549980555015,0.579982093736,
    0.633984786103,0.783991566252,1.),.UNSPECIFIED.);
#995 = CARTESIAN_POINT('',(1.763139720814,127.06485570019));
#996 = CARTESIAN_POINT('',(1.682336569526,127.19433866701));
#997 = CARTESIAN_POINT('',(1.601507142895,127.32386373873));
#998 = CARTESIAN_POINT('',(1.520708123881,127.45334008378));
#999 = CARTESIAN_POINT('',(1.439909174313,127.58281631754));
#1000 = CARTESIAN_POINT('',(1.359079830514,127.71234125654));
#1001 = CARTESIAN_POINT('',(1.273868450259,127.84888818754));
#1002 = CARTESIAN_POINT('',(1.269460602179,127.85595154136));
#1003 = CARTESIAN_POINT('',(1.26505275332,127.86301489642));
#1004 = CARTESIAN_POINT('',(1.260644903652,127.87007825278));
#1005 = CARTESIAN_POINT('',(1.256237053147,127.87714161047));
#1006 = CARTESIAN_POINT('',(1.243895080676,127.8969189977));
#1007 = CARTESIAN_POINT('',(1.235960956675,127.90963303049));
#1008 = CARTESIAN_POINT('',(1.228026829643,127.92234706814));
#1009 = CARTESIAN_POINT('',(1.220092699466,127.93506111082));
#1010 = CARTESIAN_POINT('',(1.212158566048,127.9477751587));
#1011 = CARTESIAN_POINT('',(1.182185263262,127.99580586182));
#1012 = CARTESIAN_POINT('',(1.160146056763,128.03112257657));
#1013 = CARTESIAN_POINT('',(1.138106814425,128.06643934874));
#1014 = CARTESIAN_POINT('',(1.116067542975,128.10175616756));
#1015 = CARTESIAN_POINT('',(1.094028251262,128.13707301885));
#1016 = CARTESIAN_POINT('',(1.040252552163,128.22324585926));
#1017 = CARTESIAN_POINT('',(1.008515844011,128.27410233035));
#1018 = CARTESIAN_POINT('',(0.976779405792,128.32495836886));
#1019 = CARTESIAN_POINT('',(0.945042967163,128.375814408));
#1020 = CARTESIAN_POINT('',(0.91330625815,128.42667088037));
#1021 = CARTESIAN_POINT('',(0.881569859859,128.47752685476));
#1022 = ( GEOMETRIC_REPRESENTATION_CONTEXT(2) 
PARAMETRIC_REPRESENTATION_CONTEXT() REPRESENTATION_CONTEXT('2D SPACE',''
  ) );
#1023 = ORIENTED_EDGE('',*,*,#1024,.F.);
#1024 = EDGE_CURVE('',#80,#605,#1025,.T.);
#1025 = SURFACE_CURVE('',#1026,(#1047,#1071),.PCURVE_S1.);
#1026 = B_SPLINE_CURVE_WITH_KNOTS('',7,(#1027,#1028,#1029,#1030,#1031,
    #1032,#1033,#1034,#1035,#1036,#1037,#1038,#1039,#1040,#1041,#1042,
    #1043,#1044,#1045,#1046),.UNSPECIFIED.,.F.,.F.,(8,6,6,8),(0.,
    0.340967477947,0.60828144842,1.),.UNSPECIFIED.);
#1027 = CARTESIAN_POINT('',(-9.363166600361,-9.019254593475,80.));
#1028 = CARTESIAN_POINT('',(-8.764154692782,-9.411209953436,80.));
#1029 = CARTESIAN_POINT('',(-8.139832221414,-9.763502242849,80.));
#1030 = CARTESIAN_POINT('',(-7.492976436161,-10.07346160266,80.));
#1031 = CARTESIAN_POINT('',(-6.826716148803,-10.33860484165,80.));
#1032 = CARTESIAN_POINT('',(-6.144542789734,-10.55666280415,80.));
#1033 = CARTESIAN_POINT('',(-5.450331624987,-10.72563979013,80.));
#1034 = CARTESIAN_POINT('',(-4.198047006953,-10.93662340199,80.));
#1035 = CARTESIAN_POINT('',(-3.642949362206,-10.99817437929,80.));
#1036 = CARTESIAN_POINT('',(-3.085155986926,-11.02776899921,80.));
#1037 = CARTESIAN_POINT('',(-2.526878532353,-11.0247652201,80.));
#1038 = CARTESIAN_POINT('',(-1.970464586312,-10.98868566402,80.));
#1039 = CARTESIAN_POINT('',(-1.418396900788,-10.91924671902,80.));
#1040 = CARTESIAN_POINT('',(-7.450153399424E-02,-10.66568723432,80.));
#1041 = CARTESIAN_POINT('',(0.709471332586,-10.44320953325,80.));
#1042 = CARTESIAN_POINT('',(1.47024463587,-10.14879611722,80.));
#1043 = CARTESIAN_POINT('',(2.19895485096,-9.783409783689,80.));
#1044 = CARTESIAN_POINT('',(2.886362733217,-9.349333630881,80.));
#1045 = CARTESIAN_POINT('',(3.522945728029,-8.850370266809,80.));
#1046 = CARTESIAN_POINT('',(4.099174204264,-8.292323299829,80.));
#1047 = PCURVE('',#123,#1048);
#1048 = DEFINITIONAL_REPRESENTATION('',(#1049),#1070);
#1049 = B_SPLINE_CURVE_WITH_KNOTS('',7,(#1050,#1051,#1052,#1053,#1054,
    #1055,#1056,#1057,#1058,#1059,#1060,#1061,#1062,#1063,#1064,#1065,
    #1066,#1067,#1068,#1069),.UNSPECIFIED.,.F.,.F.,(8,6,6,8),(0.,
    0.340967477947,0.60828144842,1.),.UNSPECIFIED.);
#1050 = CARTESIAN_POINT('',(-9.363166600361,-9.019254593475));
#1051 = CARTESIAN_POINT('',(-8.764154692782,-9.411209953436));
#1052 = CARTESIAN_POINT('',(-8.139832221414,-9.763502242849));
#1053 = CARTESIAN_POINT('',(-7.492976436161,-10.07346160266));
#1054 = CARTESIAN_POINT('',(-6.826716148803,-10.33860484165));
#1055 = CARTESIAN_POINT('',(-6.144542789734,-10.55666280415));
#1056 = CARTESIAN_POINT('',(-5.450331624987,-10.72563979013));
#1057 = CARTESIAN_POINT('',(-4.198047006953,-10.93662340199));
#1058 = CARTESIAN_POINT('',(-3.642949362206,-10.99817437929));
#1059 = CARTESIAN_POINT('',(-3.085155986926,-11.02776899921));
#1060 = CARTESIAN_POINT('',(-2.526878532353,-11.0247652201));
#1061 = CARTESIAN_POINT('',(-1.970464586312,-10.98868566402));
#1062 = CARTESIAN_POINT('',(-1.418396900788,-10.91924671902));
#1063 = CARTESIAN_POINT('',(-7.450153399424E-02,-10.66568723432));
#1064 = CARTESIAN_POINT('',(0.709471332586,-10.44320953325));
#1065 = CARTESIAN_POINT('',(1.47024463587,-10.14879611722));
#1066 = CARTESIAN_POINT('',(2.19895485096,-9.783409783689));
#1067 = CARTESIAN_POINT('',(2.886362733217,-9.349333630881));
#1068 = CARTESIAN_POINT('',(3.522945728029,-8.850370266809));
#1069 = CARTESIAN_POINT('',(4.099174204264,-8.292323299829));
#1070 = ( GEOMETRIC_REPRESENTATION_CONTEXT(2) 
PARAMETRIC_REPRESENTATION_CONTEXT() REPRESENTATION_CONTEXT('2D SPACE',''
  ) );
#1071 = PCURVE('',#1072,#1397);
#1072 = B_SPLINE_SURFACE_WITH_KNOTS('',1,11,(
    (#1073,#1074,#1075,#1076,#1077,#1078,#1079,#1080,#1081,#1082,#1083
      ,#1084,#1085,#1086,#1087,#1088,#1089,#1090,#1091,#1092,#1093,#1094
      ,#1095,#1096,#1097,#1098,#1099,#1100,#1101,#1102,#1103,#1104,#1105
      ,#1106,#1107,#1108,#1109,#1110,#1111,#1112,#1113,#1114,#1115,#1116
      ,#1117,#1118,#1119,#1120,#1121,#1122,#1123,#1124,#1125,#1126,#1127
      ,#1128,#1129,#1130,#1131,#1132,#1133,#1134,#1135,#1136,#1137,#1138
      ,#1139,#1140,#1141,#1142,#1143,#1144,#1145,#1146,#1147,#1148,#1149
      ,#1150,#1151,#1152,#1153,#1154,#1155,#1156,#1157,#1158,#1159,#1160
      ,#1161,#1162,#1163,#1164,#1165,#1166,#1167,#1168,#1169,#1170,#1171
      ,#1172,#1173,#1174,#1175,#1176,#1177,#1178,#1179,#1180,#1181,#1182
      ,#1183,#1184,#1185,#1186,#1187,#1188,#1189,#1190,#1191,#1192,#1193
      ,#1194,#1195,#1196,#1197,#1198,#1199,#1200,#1201,#1202,#1203,#1204
      ,#1205,#1206,#1207,#1208,#1209,#1210,#1211,#1212,#1213,#1214,#1215
      ,#1216,#1217,#1218,#1219,#1220,#1221,#1222,#1223,#1224,#1225,#1226
      ,#1227,#1228,#1229,#1230,#1231,#1232,#1233,#1234)
    ,(#1235,#1236,#1237,#1238,#1239,#1240,#1241,#1242,#1243,#1244,#1245
      ,#1246,#1247,#1248,#1249,#1250,#1251,#1252,#1253,#1254,#1255,#1256
      ,#1257,#1258,#1259,#1260,#1261,#1262,#1263,#1264,#1265,#1266,#1267
      ,#1268,#1269,#1270,#1271,#1272,#1273,#1274,#1275,#1276,#1277,#1278
      ,#1279,#1280,#1281,#1282,#1283,#1284,#1285,#1286,#1287,#1288,#1289
      ,#1290,#1291,#1292,#1293,#1294,#1295,#1296,#1297,#1298,#1299,#1300
      ,#1301,#1302,#1303,#1304,#1305,#1306,#1307,#1308,#1309,#1310,#1311
      ,#1312,#1313,#1314,#1315,#1316,#1317,#1318,#1319,#1320,#1321,#1322
      ,#1323,#1324,#1325,#1326,#1327,#1328,#1329,#1330,#1331,#1332,#1333
      ,#1334,#1335,#1336,#1337,#1338,#1339,#1340,#1341,#1342,#1343,#1344
      ,#1345,#1346,#1347,#1348,#1349,#1350,#1351,#1352,#1353,#1354,#1355
      ,#1356,#1357,#1358,#1359,#1360,#1361,#1362,#1363,#1364,#1365,#1366
      ,#1367,#1368,#1369,#1370,#1371,#1372,#1373,#1374,#1375,#1376,#1377
      ,#1378,#1379,#1380,#1381,#1382,#1383,#1384,#1385,#1386,#1387,#1388
      ,#1389,#1390,#1391,#1392,#1393,#1394,#1395,#1396
  )),.UNSPECIFIED.,.F.,.F.,.F.,(2,2),(12,10,10,10,10,10,10,10,10,10,10,
    10,10,10,10,10,12),(0.,3.882285676538),(0.,8.029845428422,
    16.059690856845,24.089536285267,32.11938171369,40.149227142112,
    48.179072570535,56.208917998957,64.23876342738,72.268608855802,
    80.298454284225,88.328299712647,96.35814514107,104.38799056949,
    112.41783599791,120.44768142633,128.47752685476),.UNSPECIFIED.);
#1073 = CARTESIAN_POINT('',(9.25,-5.833279501412E-02,0.87963782536));
#1074 = CARTESIAN_POINT('',(9.283319615872,5.225254817303,1.334183281738
    ));
#1075 = CARTESIAN_POINT('',(5.99757647658,10.52965376132,1.78872872937)
  );
#1076 = CARTESIAN_POINT('',(-0.628722077958,13.538628788431,
    2.243274201751));
#1077 = CARTESIAN_POINT('',(-8.757179930528,11.914874583102,
    2.697819623071));
#1078 = CARTESIAN_POINT('',(-14.85405067688,4.984601032102,
    3.152365124432));
#1079 = CARTESIAN_POINT('',(-14.91573513617,-4.796865376745,
    3.606910527184));
#1080 = CARTESIAN_POINT('',(-8.906753692448,-11.80348143464,
    4.061456027371));
#1081 = CARTESIAN_POINT('',(-0.799421225737,-13.52962256271,
    4.516001450534));
#1082 = CARTESIAN_POINT('',(5.864299539405,-10.60445769441,
    4.970546921065));
#1083 = CARTESIAN_POINT('',(9.216680384475,-5.341920407419,
    5.425092370102));
#1084 = CARTESIAN_POINT('',(9.283319615697,5.225254817351,6.334183281176
    ));
#1085 = CARTESIAN_POINT('',(5.997576476866,10.529653761217,
    6.788728730267));
#1086 = CARTESIAN_POINT('',(-0.628722078335,13.538628788608,7.2432742006
    ));
#1087 = CARTESIAN_POINT('',(-8.757179930127,11.914874582867,
    7.697819624259));
#1088 = CARTESIAN_POINT('',(-14.85405067722,4.984601032341,
    8.152365123452));
#1089 = CARTESIAN_POINT('',(-14.91573513595,-4.796865376926,
    8.606910527829));
#1090 = CARTESIAN_POINT('',(-8.906753692559,-11.80348143454,
    9.061456027028));
#1091 = CARTESIAN_POINT('',(-0.799421225692,-13.52962256274,
    9.516001450688));
#1092 = CARTESIAN_POINT('',(5.864299539389,-10.60445769441,
    9.970546921004));
#1093 = CARTESIAN_POINT('',(9.21668038448,-5.34192040742,10.425092370122
    ));
#1094 = CARTESIAN_POINT('',(9.283319615689,5.22525481735,11.334183281148
    ));
#1095 = CARTESIAN_POINT('',(5.997576476933,10.529653761218,
    11.788728730483));
#1096 = CARTESIAN_POINT('',(-0.628722078588,13.538628788627,
    12.243274199824));
#1097 = CARTESIAN_POINT('',(-8.757179929539,11.914874582781,
    12.697819626068));
#1098 = CARTESIAN_POINT('',(-14.85405067816,4.984601032529,
    13.152365120497));
#1099 = CARTESIAN_POINT('',(-14.91573513487,-4.796865377182,
    13.606910531292));
#1100 = CARTESIAN_POINT('',(-8.90675369345,-11.8034814343,
    14.061456024139));
#1101 = CARTESIAN_POINT('',(-0.799421225171,-13.52962256289,
    14.516001452363));
#1102 = CARTESIAN_POINT('',(5.864299539191,-10.60445769435,
    14.970546920378));
#1103 = CARTESIAN_POINT('',(9.216680384516,-5.341920407431,
    15.42509237023));
#1104 = CARTESIAN_POINT('',(9.283319615667,5.225254817359,
    16.334183281084));
#1105 = CARTESIAN_POINT('',(5.997576476967,10.529653761199,
    16.788728730578));
#1106 = CARTESIAN_POINT('',(-0.628722078564,13.53862878863,
    17.243274199893));
#1107 = CARTESIAN_POINT('',(-8.75717992976,11.914874582861,
    17.697819625393));
#1108 = CARTESIAN_POINT('',(-14.85405067766,4.98460103231,
    18.152365122141));
#1109 = CARTESIAN_POINT('',(-14.91573513554,-4.796865376866,
    18.606910528949));
#1110 = CARTESIAN_POINT('',(-8.906753692849,-11.8034814346,
    19.061456026281));
#1111 = CARTESIAN_POINT('',(-0.799421225526,-13.52962256271,
    19.516001451111));
#1112 = CARTESIAN_POINT('',(5.864299539307,-10.60445769441,
    19.970546920779));
#1113 = CARTESIAN_POINT('',(9.216680384519,-5.341920407425,
    20.425092370238));
#1114 = CARTESIAN_POINT('',(9.283319615617,5.225254817366,
    21.334183280926));
#1115 = CARTESIAN_POINT('',(5.997576477344,10.529653761116,
    21.788728731779));
#1116 = CARTESIAN_POINT('',(-0.628722079661,13.538628788906,
    22.243274196394));
#1117 = CARTESIAN_POINT('',(-8.757179927725,11.914874582297,
    22.69781963188));
#1118 = CARTESIAN_POINT('',(-14.8540506803,4.984601033115,23.15236511369
    ));
#1119 = CARTESIAN_POINT('',(-14.91573513307,-4.796865377692,
    23.606910536885));
#1120 = CARTESIAN_POINT('',(-8.906753694488,-11.80348143399,
    24.061456020988));
#1121 = CARTESIAN_POINT('',(-0.7994212248,-13.52962256301,
    24.516001453446));
#1122 = CARTESIAN_POINT('',(5.864299539152,-10.60445769432,
    24.970546920286));
#1123 = CARTESIAN_POINT('',(9.216680384477,-5.341920407424,
    25.425092370103));
#1124 = CARTESIAN_POINT('',(9.283319615761,5.225254817337,
    26.334183281385));
#1125 = CARTESIAN_POINT('',(5.99757647642,10.529653761327,
    26.788728728793));
#1126 = CARTESIAN_POINT('',(-0.628722077191,13.538628788323,
    27.243274204451));
#1127 = CARTESIAN_POINT('',(-8.75717993194,11.914874583305,
    27.697819618097));
#1128 = CARTESIAN_POINT('',(-14.85405067528,4.9846010319,28.152365130003
    ));
#1129 = CARTESIAN_POINT('',(-14.91573513737,-4.796865376642,
    28.606910523203));
#1130 = CARTESIAN_POINT('',(-8.90675369189,-11.80348143463,
    29.061456029102));
#1131 = CARTESIAN_POINT('',(-0.799421225869,-13.52962256275,
    29.516001450164));
#1132 = CARTESIAN_POINT('',(5.864299539419,-10.60445769439,
    29.970546921099));
#1133 = CARTESIAN_POINT('',(9.216680384453,-5.341920407418,
    30.425092370028));
#1134 = CARTESIAN_POINT('',(9.283319615768,5.225254817335,
    31.334183281412));
#1135 = CARTESIAN_POINT('',(5.997576476409,10.52965376134,
    31.788728728763));
#1136 = CARTESIAN_POINT('',(-0.628722077117,13.538628788248,
    32.243274204617));
#1137 = CARTESIAN_POINT('',(-8.757179932188,11.914874583529,
    32.697819617433));
#1138 = CARTESIAN_POINT('',(-14.85405067481,4.984601031493,
    33.152365131494));
#1139 = CARTESIAN_POINT('',(-14.91573513792,-4.796865376146,
    33.606910521146));
#1140 = CARTESIAN_POINT('',(-8.906753691461,-11.80348143505,
    34.061456030834));
#1141 = CARTESIAN_POINT('',(-0.799421226054,-13.52962256252,
    34.516001449374));
#1142 = CARTESIAN_POINT('',(5.864299539405,-10.60445769446,
    34.970546921105));
#1143 = CARTESIAN_POINT('',(9.216680384536,-5.341920407427,
    35.425092370291));
#1144 = CARTESIAN_POINT('',(9.283319615561,5.225254817379,
    36.334183280748));
#1145 = CARTESIAN_POINT('',(5.997576477633,10.529653761035,
    36.788728732746));
#1146 = CARTESIAN_POINT('',(-0.628722080216,13.538628789079,
    37.243274194399));
#1147 = CARTESIAN_POINT('',(-8.757179927246,11.914874582109,
    37.69781963386));
#1148 = CARTESIAN_POINT('',(-14.85405068017,4.984601033169,
    38.152365113726));
#1149 = CARTESIAN_POINT('',(-14.91573513397,-4.796865377546,
    38.606910534013));
#1150 = CARTESIAN_POINT('',(-8.906753693263,-11.80348143424,
    39.061456025077));
#1151 = CARTESIAN_POINT('',(-0.799421225731,-13.52962256281,
    39.516001450379));
#1152 = CARTESIAN_POINT('',(5.864299539559,-10.60445769442,
    39.970546921595));
#1153 = CARTESIAN_POINT('',(9.216680384408,-5.341920407407,
    40.425092369888));
#1154 = CARTESIAN_POINT('',(9.283319615775,5.225254817333,
    41.334183281428));
#1155 = CARTESIAN_POINT('',(5.997576476469,10.52965376132,
    41.788728728984));
#1156 = CARTESIAN_POINT('',(-0.628722077275,13.538628788332,
    42.243274204034));
#1157 = CARTESIAN_POINT('',(-8.757179932026,11.914874583347,
    42.697819618119));
#1158 = CARTESIAN_POINT('',(-14.85405067478,4.984601031751,
    43.15236513131));
#1159 = CARTESIAN_POINT('',(-14.91573513825,-4.796865376396,
    43.606910520446));
#1160 = CARTESIAN_POINT('',(-8.906753690946,-11.80348143489,
    44.061456032147));
#1161 = CARTESIAN_POINT('',(-0.799421226514,-13.52962256258,
    44.516001448096));
#1162 = CARTESIAN_POINT('',(5.864299539685,-10.60445769446,
    44.970546921934));
#1163 = CARTESIAN_POINT('',(9.21668038441,-5.341920407406,
    45.425092369901));
#1164 = CARTESIAN_POINT('',(9.283319615776,5.225254817331,
    46.334183281427));
#1165 = CARTESIAN_POINT('',(5.997576476538,10.529653761311,
    46.788728729154));
#1166 = CARTESIAN_POINT('',(-0.628722077709,13.538628788425,
    47.243274202921));
#1167 = CARTESIAN_POINT('',(-8.757179930756,11.914874583042,
    47.697819621645));
#1168 = CARTESIAN_POINT('',(-14.85405067708,4.984601032333,
    48.152365124356));
#1169 = CARTESIAN_POINT('',(-14.91573513543,-4.796865377134,
    48.60691052964));
#1170 = CARTESIAN_POINT('',(-8.906753693413,-11.80348143424,
    49.061456023912));
#1171 = CARTESIAN_POINT('',(-0.799421225023,-13.52962256297,
    49.516001453036));
#1172 = CARTESIAN_POINT('',(5.86429953912,-10.60445769431,
    49.970546920109));
#1173 = CARTESIAN_POINT('',(9.216680384492,-5.341920407429,
    50.425092370153));
#1174 = CARTESIAN_POINT('',(9.28331961577,5.225254817336,51.334183281414
    ));
#1175 = CARTESIAN_POINT('',(5.997576476375,10.52965376134,
    51.788728728583));
#1176 = CARTESIAN_POINT('',(-0.628722077243,13.538628788321,
    52.243274204571));
#1177 = CARTESIAN_POINT('',(-8.757179931446,11.914874583225,
    52.697819619128));
#1178 = CARTESIAN_POINT('',(-14.85405067649,4.984601032125,
    53.152365126601));
#1179 = CARTESIAN_POINT('',(-14.91573513564,-4.796865376977,
    53.606910528735));
#1180 = CARTESIAN_POINT('',(-8.906753693559,-11.80348143431,
    54.061456023554));
#1181 = CARTESIAN_POINT('',(-0.799421224772,-13.52962256297,
    54.516001453779));
#1182 = CARTESIAN_POINT('',(5.86429953896,-10.6044576943,54.970546919626
    ));
#1183 = CARTESIAN_POINT('',(9.216680384545,-5.341920407438,
    55.425092370317));
#1184 = CARTESIAN_POINT('',(9.283319615703,5.225254817351,
    56.334183281202));
#1185 = CARTESIAN_POINT('',(5.997576476647,10.529653761268,
    56.788728729507));
#1186 = CARTESIAN_POINT('',(-0.628722077723,13.538628788469,
    57.243274202782));
#1187 = CARTESIAN_POINT('',(-8.757179931103,11.914874583066,
    57.697819620735));
#1188 = CARTESIAN_POINT('',(-14.85405067619,4.984601032172,
    58.15236512707));
#1189 = CARTESIAN_POINT('',(-14.91573513668,-4.796865376856,
    58.60691052549));
#1190 = CARTESIAN_POINT('',(-8.906753692225,-11.80348143452,
    59.061456027927));
#1191 = CARTESIAN_POINT('',(-0.799421225787,-13.52962256278,
    59.516001450481));
#1192 = CARTESIAN_POINT('',(5.864299539432,-10.60445769439,
    59.970546921127));
#1193 = CARTESIAN_POINT('',(9.216680384433,-5.341920407412,
    60.425092369967));
#1194 = CARTESIAN_POINT('',(9.283319615806,5.225254817324,
    61.334183281526));
#1195 = CARTESIAN_POINT('',(5.997576476328,10.529653761381,
    61.788728728457));
#1196 = CARTESIAN_POINT('',(-0.62872207733,13.53862878824,
    62.243274204241));
#1197 = CARTESIAN_POINT('',(-8.757179930929,11.914874583321,
    62.697819620837));
#1198 = CARTESIAN_POINT('',(-14.85405067765,4.98460103208,
    63.152365122891));
#1199 = CARTESIAN_POINT('',(-14.91573513402,-4.796865377027,
    63.606910533804));
#1200 = CARTESIAN_POINT('',(-8.90675369508,-11.80348143419,
    64.061456018806));
#1201 = CARTESIAN_POINT('',(-0.799421223788,-13.52962256307,
    64.51600145686));
#1202 = CARTESIAN_POINT('',(5.864299538538,-10.60445769424,
    64.970546918294));
#1203 = CARTESIAN_POINT('',(9.216680384648,-5.341920407456,
    65.425092370649));
#1204 = CARTESIAN_POINT('',(9.283319615594,5.225254817373,
    66.334183280843));
#1205 = CARTESIAN_POINT('',(5.997576477196,10.529653761153,
    66.788728731323));
#1206 = CARTESIAN_POINT('',(-0.628722079271,13.538628788782,
    67.243274197697));
#1207 = CARTESIAN_POINT('',(-8.757179928126,11.914874582497,
    67.697819630429));
#1208 = CARTESIAN_POINT('',(-14.85405068034,4.984601032917,
    68.152365113689));
#1209 = CARTESIAN_POINT('',(-14.9157351324,-4.796865377578,
    68.606910539164));
#1210 = CARTESIAN_POINT('',(-8.906753695494,-11.803481434,
    69.061456017563));
#1211 = CARTESIAN_POINT('',(-0.799421223967,-13.52962256306,
    69.516001456212));
#1212 = CARTESIAN_POINT('',(5.864299538728,-10.60445769428,
    69.970546918913));
#1213 = CARTESIAN_POINT('',(9.216680384601,-5.341920407444,
    70.425092370501));
#1214 = CARTESIAN_POINT('',(9.283319615611,5.225254817368,
    71.334183280899));
#1215 = CARTESIAN_POINT('',(5.997576477236,10.529653761142,
    71.788728731451));
#1216 = CARTESIAN_POINT('',(-0.628722079515,13.538628788851,
    72.243274196898));
#1217 = CARTESIAN_POINT('',(-8.757179927502,11.914874582317,
    72.697819632452));
#1218 = CARTESIAN_POINT('',(-14.85405068135,4.98460103322,
    73.152365110479));
#1219 = CARTESIAN_POINT('',(-14.91573513128,-4.796865377931,
    73.606910542622));
#1220 = CARTESIAN_POINT('',(-8.906753696332,-11.80348143372,
    74.06145601504));
#1221 = CARTESIAN_POINT('',(-0.799421223597,-13.5296225632,
    74.516001457305));
#1222 = CARTESIAN_POINT('',(5.8642995387,-10.60445769425,74.970546918855
    ));
#1223 = CARTESIAN_POINT('',(9.216680384512,-5.341920407431,
    75.425092370211));
#1224 = CARTESIAN_POINT('',(9.283319615843,5.225254817323,
    76.334183281648));
#1225 = CARTESIAN_POINT('',(5.997576475744,10.529653761457,
    76.788728726569));
#1226 = CARTESIAN_POINT('',(-0.62872207537,13.538628787962,
    77.243274210555));
#1227 = CARTESIAN_POINT('',(-8.757179934962,11.914874583926,
    77.697819607937));
#1228 = CARTESIAN_POINT('',(-14.85405067183,4.984601031155,
    78.152365141317));
#1229 = CARTESIAN_POINT('',(-14.91573514016,-4.796865375993,
    78.606910514607));
#1230 = CARTESIAN_POINT('',(-8.906753690315,-11.80348143504,
    79.061456033588));
#1231 = CARTESIAN_POINT('',(-0.799421226495,-13.52962256257,
    79.516001448512));
#1232 = CARTESIAN_POINT('',(5.864299539635,-10.60445769445,
    79.970546921662));
#1233 = CARTESIAN_POINT('',(9.216680384344,-5.341920407396,
    80.425092369724));
#1234 = CARTESIAN_POINT('',(9.250000000176,-5.833279505102E-02,
    80.879637825907));
#1235 = CARTESIAN_POINT('',(13.,-0.124820259674,1.882245171879));
#1236 = CARTESIAN_POINT('',(13.071297168327,7.300762387983,
    2.336790625767));
#1237 = CARTESIAN_POINT('',(8.477965039432,14.770964362864,
    2.791336082779));
#1238 = CARTESIAN_POINT('',(-0.820929515927,19.030570043343,
    3.24588153096));
#1239 = CARTESIAN_POINT('',(-12.2524652538,16.786130367511,
    3.700426997402));
#1240 = CARTESIAN_POINT('',(-20.85331288333,7.074323327657,4.15497243509
    ));
#1241 = CARTESIAN_POINT('',(-20.98530501947,-6.672607393316,
    4.609517908418));
#1242 = CARTESIAN_POINT('',(-12.57252253533,-16.54777179605,
    5.064063346292));
#1243 = CARTESIAN_POINT('',(-1.186190805718,-19.01129856055,
    5.518608812369));
#1244 = CARTESIAN_POINT('',(8.192779632238,-14.93102949196,
    5.973154261019));
#1245 = CARTESIAN_POINT('',(12.928702832448,-7.550402907296,
    6.427699717595));
#1246 = CARTESIAN_POINT('',(13.071297167937,7.300762387963,
    7.336790625965));
#1247 = CARTESIAN_POINT('',(8.477965040064,14.770964362911,
    7.791336082464));
#1248 = CARTESIAN_POINT('',(-0.820929516755,19.030570043251,
    8.245881531361));
#1249 = CARTESIAN_POINT('',(-12.25246525293,16.786130367647,
    8.700426996993));
#1250 = CARTESIAN_POINT('',(-20.85331288406,7.074323327507,
    9.154972435423));
#1251 = CARTESIAN_POINT('',(-20.98530501898,-6.672607393194,
    9.609517908203));
#1252 = CARTESIAN_POINT('',(-12.57252253558,-16.54777179612,
    10.064063346404));
#1253 = CARTESIAN_POINT('',(-1.186190805611,-19.01129856052,
    10.51860881232));
#1254 = CARTESIAN_POINT('',(8.192779632198,-14.93102949197,
    10.973154261038));
#1255 = CARTESIAN_POINT('',(12.92870283246,-7.550402907295,
    11.427699717589));
#1256 = CARTESIAN_POINT('',(13.071297167919,7.300762387962,
    12.336790625974));
#1257 = CARTESIAN_POINT('',(8.477965040213,14.77096436292,
    12.791336082395));
#1258 = CARTESIAN_POINT('',(-0.8209295173,19.030570043219,
    13.245881531613));
#1259 = CARTESIAN_POINT('',(-12.25246525167,16.786130367715,
    13.7004269964));
#1260 = CARTESIAN_POINT('',(-20.85331288606,7.074323327406,
    14.154972436396));
#1261 = CARTESIAN_POINT('',(-20.98530501671,-6.672607393084,
    14.609517907056));
#1262 = CARTESIAN_POINT('',(-12.57252253746,-16.54777179621,
    15.064063347368));
#1263 = CARTESIAN_POINT('',(-1.186190804517,-19.01129856047,
    15.518608811755));
#1264 = CARTESIAN_POINT('',(8.192779631783,-14.93102949199,
    15.973154261252));
#1265 = CARTESIAN_POINT('',(12.928702832535,-7.550402907292,
    16.427699717551));
#1266 = CARTESIAN_POINT('',(13.071297167873,7.300762387961,
    17.336790625999));
#1267 = CARTESIAN_POINT('',(8.477965040282,14.770964362916,
    17.791336082351));
#1268 = CARTESIAN_POINT('',(-0.820929517243,19.030570043229,
    18.245881531615));
#1269 = CARTESIAN_POINT('',(-12.25246525215,16.786130367711,
    18.700426996593));
#1270 = CARTESIAN_POINT('',(-20.85331288499,7.07432332739,
    19.154972435876));
#1271 = CARTESIAN_POINT('',(-20.98530501814,-6.672607393048,
    19.609517907823));
#1272 = CARTESIAN_POINT('',(-12.57252253618,-16.54777179624,
    20.064063346654));
#1273 = CARTESIAN_POINT('',(-1.186190805273,-19.01129856045,
    20.518608812179));
#1274 = CARTESIAN_POINT('',(8.192779632028,-14.931029492,20.973154261115
    ));
#1275 = CARTESIAN_POINT('',(12.928702832543,-7.550402907288,
    21.427699717549));
#1276 = CARTESIAN_POINT('',(13.071297167764,7.300762387954,
    22.336790626052));
#1277 = CARTESIAN_POINT('',(8.477965041107,14.770964362945,
    22.791336081948));
#1278 = CARTESIAN_POINT('',(-0.820929519646,19.030570043172,
    23.245881532788));
#1279 = CARTESIAN_POINT('',(-12.2524652477,16.786130367769,
    23.700426994408));
#1280 = CARTESIAN_POINT('',(-20.85331289074,7.07432332738,
    24.154972438747));
#1281 = CARTESIAN_POINT('',(-20.98530501279,-6.672607393106,
    24.609517905091));
#1282 = CARTESIAN_POINT('',(-12.57252253972,-16.54777179616,
    25.064063348512));
#1283 = CARTESIAN_POINT('',(-1.186190803715,-19.01129856051,
    25.518608811332));
#1284 = CARTESIAN_POINT('',(8.1927796317,-14.93102949197,25.973154261309
    ));
#1285 = CARTESIAN_POINT('',(12.92870283245,-7.550402907299,
    26.427699717589));
#1286 = CARTESIAN_POINT('',(13.071297168079,7.300762387972,
    27.336790625899));
#1287 = CARTESIAN_POINT('',(8.477965039081,14.770964362869,
    27.791336082939));
#1288 = CARTESIAN_POINT('',(-0.820929514224,19.030570043351,
    28.24588153013));
#1289 = CARTESIAN_POINT('',(-12.25246525695,16.786130367479,
    28.700426998938));
#1290 = CARTESIAN_POINT('',(-20.85331287973,7.074323327714,
    29.154972433393));
#1291 = CARTESIAN_POINT('',(-20.98530502217,-6.672607393384,
    29.609517909588));
#1292 = CARTESIAN_POINT('',(-12.57252253406,-16.54777179599,
    30.064063345831));
#1293 = CARTESIAN_POINT('',(-1.186190806027,-19.01129856058,
    30.518608812428));
#1294 = CARTESIAN_POINT('',(8.192779632272,-14.93102949195,
    30.973154261034));
#1295 = CARTESIAN_POINT('',(12.9287028324,-7.550402907301,
    31.427699717613));
#1296 = CARTESIAN_POINT('',(13.071297168095,7.300762387971,
    32.336790625894));
#1297 = CARTESIAN_POINT('',(8.477965039056,14.770964362883,
    32.791336082927));
#1298 = CARTESIAN_POINT('',(-0.820929514058,19.030570043294,
    33.245881530119));
#1299 = CARTESIAN_POINT('',(-12.2524652575,16.786130367623,
    33.700426999107));
#1300 = CARTESIAN_POINT('',(-20.8533128787,7.074323327473,
    34.154972432926));
#1301 = CARTESIAN_POINT('',(-20.98530502339,-6.672607393103,
    34.609517910284));
#1302 = CARTESIAN_POINT('',(-12.57252253311,-16.54777179621,
    35.064063345215));
#1303 = CARTESIAN_POINT('',(-1.18619080644,-19.01129856046,
    35.518608812728));
#1304 = CARTESIAN_POINT('',(8.192779632244,-14.931029492,35.973154261013
    ));
#1305 = CARTESIAN_POINT('',(12.92870283258,-7.550402907287,
    36.427699717529));
#1306 = CARTESIAN_POINT('',(13.071297167641,7.300762387951,
    37.336790626115));
#1307 = CARTESIAN_POINT('',(8.477965041745,14.770964362954,
    37.791336081614));
#1308 = CARTESIAN_POINT('',(-0.820929520898,19.030570043176,
    38.245881533471));
#1309 = CARTESIAN_POINT('',(-12.25246524654,16.786130367718,
    38.700426993731));
#1310 = CARTESIAN_POINT('',(-20.85331289065,7.074323327494,
    39.154972438747));
#1311 = CARTESIAN_POINT('',(-20.98530501452,-6.672607393265,
    39.609517906042));
#1312 = CARTESIAN_POINT('',(-12.57252253724,-16.547771796,
    40.064063347149));
#1313 = CARTESIAN_POINT('',(-1.186190805631,-19.01129856061,
    40.518608812361));
#1314 = CARTESIAN_POINT('',(8.192779632547,-14.93102949193,
    40.973154260867));
#1315 = CARTESIAN_POINT('',(12.928702832306,-7.550402907302,
    41.427699717662));
#1316 = CARTESIAN_POINT('',(13.071297168107,7.300762387968,
    42.336790625883));
#1317 = CARTESIAN_POINT('',(8.477965039195,14.770964362891,
    42.791336082887));
#1318 = CARTESIAN_POINT('',(-0.820929514433,19.030570043304,
    43.245881530235));
#1319 = CARTESIAN_POINT('',(-12.25246525707,16.78613036754,
    43.700426998995));
#1320 = CARTESIAN_POINT('',(-20.85331287877,7.074323327672,
    44.154972432871));
#1321 = CARTESIAN_POINT('',(-20.98530502395,-6.67260739338,
    44.609517910598));
#1322 = CARTESIAN_POINT('',(-12.57252253214,-16.54777179596,
    45.06406334474));
#1323 = CARTESIAN_POINT('',(-1.186190807353,-19.01129856062,
    45.518608813167));
#1324 = CARTESIAN_POINT('',(8.192779632823,-14.93102949193,
    45.973154260731));
#1325 = CARTESIAN_POINT('',(12.928702832311,-7.550402907302,
    46.427699717663));
#1326 = CARTESIAN_POINT('',(13.071297168108,7.300762387968,
    47.336790625881));
#1327 = CARTESIAN_POINT('',(8.477965039344,14.770964362901,
    47.791336082834));
#1328 = CARTESIAN_POINT('',(-0.820929515354,19.030570043259,
    48.245881530605));
#1329 = CARTESIAN_POINT('',(-12.25246525439,16.786130367651,
    48.700426997811));
#1330 = CARTESIAN_POINT('',(-20.85331288361,7.074323327488,
    49.154972435214));
#1331 = CARTESIAN_POINT('',(-20.98530501801,-6.67260739316,
    49.609517907489));
#1332 = CARTESIAN_POINT('',(-12.57252253731,-16.54777179616,
    50.064063347542));
#1333 = CARTESIAN_POINT('',(-1.186190804226,-19.01129856048,
    50.518608811471));
#1334 = CARTESIAN_POINT('',(8.192779631638,-14.93102949198,
    50.973154261365));
#1335 = CARTESIAN_POINT('',(12.928702832482,-7.550402907296,
    51.427699717573));
#1336 = CARTESIAN_POINT('',(13.071297168099,7.300762387971,
    52.336790625889));
#1337 = CARTESIAN_POINT('',(8.477965038975,14.770964362876,
    52.791336083011));
#1338 = CARTESIAN_POINT('',(-0.820929514303,19.030570043315,
    53.24588153009));
#1339 = CARTESIAN_POINT('',(-12.25246525596,16.786130367578,
    53.700426998589));
#1340 = CARTESIAN_POINT('',(-20.85331288221,7.07432332754,
    54.154972434541));
#1341 = CARTESIAN_POINT('',(-20.98530501859,-6.67260739316,
    54.609517907724));
#1342 = CARTESIAN_POINT('',(-12.57252253754,-16.5477717962,
    55.064063347708));
#1343 = CARTESIAN_POINT('',(-1.186190803735,-19.01129856044,
    55.518608811198));
#1344 = CARTESIAN_POINT('',(8.192779631309,-14.93102949201,
    55.973154261537));
#1345 = CARTESIAN_POINT('',(12.928702832595,-7.550402907292,
    56.427699717516));
#1346 = CARTESIAN_POINT('',(13.071297167954,7.300762387966,
    57.336790625962));
#1347 = CARTESIAN_POINT('',(8.477965039577,14.770964362882,
    57.791336082698));
#1348 = CARTESIAN_POINT('',(-0.820929515395,19.030570043336,
    58.245881530692));
#1349 = CARTESIAN_POINT('',(-12.25246525509,16.786130367481,
    58.700426998046));
#1350 = CARTESIAN_POINT('',(-20.85331288178,7.074323327742,
    59.154972434396));
#1351 = CARTESIAN_POINT('',(-20.98530502062,-6.672607393434,
    59.609517908789));
#1352 = CARTESIAN_POINT('',(-12.57252253484,-16.54777179594,
    60.064063346261));
#1353 = CARTESIAN_POINT('',(-1.186190805826,-19.01129856061,
    60.518608812298));
#1354 = CARTESIAN_POINT('',(8.192779632294,-14.93102949194,
    60.973154261032));
#1355 = CARTESIAN_POINT('',(12.928702832356,-7.550402907302,
    61.427699717635));
#1356 = CARTESIAN_POINT('',(13.071297168176,7.300762387972,
    62.33679062585));
#1357 = CARTESIAN_POINT('',(8.477965038872,14.770964362901,
    62.791336083063));
#1358 = CARTESIAN_POINT('',(-0.820929514462,19.030570043195,
    63.245881530169));
#1359 = CARTESIAN_POINT('',(-12.25246525494,16.786130367878,
    63.700426998089));
#1360 = CARTESIAN_POINT('',(-20.85331288455,7.074323327055,
    64.154972435665));
#1361 = CARTESIAN_POINT('',(-20.9853050153,-6.672607392619,
    64.609517906163));
#1362 = CARTESIAN_POINT('',(-12.57252254066,-16.54777179663,
    65.064063349183));
#1363 = CARTESIAN_POINT('',(-1.186190801702,-19.01129856021,
    65.518608810236));
#1364 = CARTESIAN_POINT('',(8.19277963043,-14.93102949208,
    65.973154261954));
#1365 = CARTESIAN_POINT('',(12.928702832813,-7.55040290728,
    66.427699717412));
#1366 = CARTESIAN_POINT('',(13.071297167717,7.300762387958,
    67.336790626071));
#1367 = CARTESIAN_POINT('',(8.477965040779,14.77096436291,
    67.791336082152));
#1368 = CARTESIAN_POINT('',(-0.820929518767,19.030570043251,
    68.245881532222));
#1369 = CARTESIAN_POINT('',(-12.25246524866,16.786130367689,
    68.700426995117));
#1370 = CARTESIAN_POINT('',(-20.85331289066,7.074323327382,
    69.154972438461));
#1371 = CARTESIAN_POINT('',(-20.98530501153,-6.672607392991,
    69.609517904606));
#1372 = CARTESIAN_POINT('',(-12.57252254173,-16.54777179633,
    70.064063349458));
#1373 = CARTESIAN_POINT('',(-1.186190802011,-19.01129856037,
    70.518608810511));
#1374 = CARTESIAN_POINT('',(8.192779630818,-14.93102949203,
    70.973154261732));
#1375 = CARTESIAN_POINT('',(12.928702832715,-7.550402907286,
    71.427699717463));
#1376 = CARTESIAN_POINT('',(13.071297167753,7.30076238796,
    72.336790626055));
#1377 = CARTESIAN_POINT('',(8.477965040867,14.770964362908,
    72.791336082085));
#1378 = CARTESIAN_POINT('',(-0.820929519296,19.030570043246,
    73.245881532565));
#1379 = CARTESIAN_POINT('',(-12.25246524732,16.786130367701,
    73.700426994289));
#1380 = CARTESIAN_POINT('',(-20.85331289283,7.07432332738,
    74.154972439757));
#1381 = CARTESIAN_POINT('',(-20.98530500913,-6.672607393019,
    74.609517903206));
#1382 = CARTESIAN_POINT('',(-12.57252254351,-16.54777179628,
    75.064063350498));
#1383 = CARTESIAN_POINT('',(-1.186190801223,-19.01129856042,
    75.518608810032));
#1384 = CARTESIAN_POINT('',(8.192779630763,-14.931029492,75.973154261794
    ));
#1385 = CARTESIAN_POINT('',(12.92870283252,-7.550402907298,
    76.427699717553));
#1386 = CARTESIAN_POINT('',(13.07129716826,7.300762387978,
    77.336790625805));
#1387 = CARTESIAN_POINT('',(8.4779650376,14.770964362834,77.791336083718
    ));
#1388 = CARTESIAN_POINT('',(-0.820929510231,19.030570043432,
    78.245881528006));
#1389 = CARTESIAN_POINT('',(-12.25246526358,16.78613036737,
    78.700427002469));
#1390 = CARTESIAN_POINT('',(-20.85331287216,7.074323327796,
    79.154972429444));
#1391 = CARTESIAN_POINT('',(-20.98530502828,-6.672607393386,
    79.609517912634));
#1392 = CARTESIAN_POINT('',(-12.57252253063,-16.54777179605,
    80.064063344185));
#1393 = CARTESIAN_POINT('',(-1.186190807367,-19.01129856053,
    80.518608813082));
#1394 = CARTESIAN_POINT('',(8.192779632713,-14.93102949197,
    80.973154260787));
#1395 = CARTESIAN_POINT('',(12.928702832185,-7.550402907303,
    81.427699717743));
#1396 = CARTESIAN_POINT('',(13.000000000376,-0.12482025966,
    81.88224517168));
#1397 = DEFINITIONAL_REPRESENTATION('',(#1398),#1419);
#1398 = B_SPLINE_CURVE_WITH_KNOTS('',7,(#1399,#1400,#1401,#1402,#1403,
    #1404,#1405,#1406,#1407,#1408,#1409,#1410,#1411,#1412,#1413,#1414,
    #1415,#1416,#1417,#1418),.UNSPECIFIED.,.F.,.F.,(8,6,6,8),(0.,
    0.340967477947,0.60828144842,1.),.UNSPECIFIED.);
#1399 = CARTESIAN_POINT('',(3.882285676538,125.45469929721));
#1400 = CARTESIAN_POINT('',(3.717187095322,125.523173016));
#1401 = CARTESIAN_POINT('',(3.549975297981,125.59252317942));
#1402 = CARTESIAN_POINT('',(3.380566290678,125.66278462347));
#1403 = CARTESIAN_POINT('',(3.208861414572,125.73399826633));
#1404 = CARTESIAN_POINT('',(3.034746980534,125.80621125996));
#1405 = CARTESIAN_POINT('',(2.858096729268,125.87947596968));
#1406 = CARTESIAN_POINT('',(2.538192924213,126.0121542945));
#1407 = CARTESIAN_POINT('',(2.395965603116,126.0711422853));
#1408 = CARTESIAN_POINT('',(2.252032951031,126.13083755264));
#1409 = CARTESIAN_POINT('',(2.106325206957,126.19126902951));
#1410 = CARTESIAN_POINT('',(1.95876448838,126.25246901726));
#1411 = CARTESIAN_POINT('',(1.809265281381,126.31447298231));
#1412 = CARTESIAN_POINT('',(1.435686845059,126.46941256208));
#1413 = CARTESIAN_POINT('',(1.209241152118,126.56332965443));
#1414 = CARTESIAN_POINT('',(0.978147971114,126.65917426663));
#1415 = CARTESIAN_POINT('',(0.742095442312,126.75707574075));
#1416 = CARTESIAN_POINT('',(0.50070798246,126.85718984787));
#1417 = CARTESIAN_POINT('',(0.253522553198,126.95970863057));
#1418 = CARTESIAN_POINT('',(0.,127.06485570019));
#1419 = ( GEOMETRIC_REPRESENTATION_CONTEXT(2) 
PARAMETRIC_REPRESENTATION_CONTEXT() REPRESENTATION_CONTEXT('2D SPACE',''
  ) );
#1420 = ADVANCED_FACE('',(#1421),#96,.T.);
#1421 = FACE_BOUND('',#1422,.T.);
#1422 = EDGE_LOOP('',(#1423,#1444,#1473,#1545));
#1423 = ORIENTED_EDGE('',*,*,#1424,.F.);
#1424 = EDGE_CURVE('',#1425,#22,#1427,.T.);
#1425 = VERTEX_POINT('',#1426);
#1426 = CARTESIAN_POINT('',(12.,-2.939152317954E-15,80.));
#1427 = SURFACE_CURVE('',#1428,(#1432,#1438),.PCURVE_S1.);
#1428 = LINE('',#1429,#1430);
#1429 = CARTESIAN_POINT('',(5.704150467721,8.66818220834E-13,80.));
#1430 = VECTOR('',#1431,1.);
#1431 = DIRECTION('',(-1.,1.451805620188E-13,0.));
#1432 = PCURVE('',#96,#1433);
#1433 = DEFINITIONAL_REPRESENTATION('',(#1434),#1437);
#1434 = B_SPLINE_CURVE_WITH_KNOTS('',1,(#1435,#1436),.UNSPECIFIED.,.F.,
  .F.,(2,2),(-6.295849532279,-3.545849532104),.PIECEWISE_BEZIER_KNOTS.);
#1435 = CARTESIAN_POINT('',(12.,-4.721675264833E-14));
#1436 = CARTESIAN_POINT('',(9.249999999824,3.52029792929E-13));
#1437 = ( GEOMETRIC_REPRESENTATION_CONTEXT(2) 
PARAMETRIC_REPRESENTATION_CONTEXT() REPRESENTATION_CONTEXT('2D SPACE',''
  ) );
#1438 = PCURVE('',#593,#1439);
#1439 = DEFINITIONAL_REPRESENTATION('',(#1440),#1443);
#1440 = B_SPLINE_CURVE_WITH_KNOTS('',1,(#1441,#1442),.UNSPECIFIED.,.F.,
  .F.,(2,2),(-6.295849532279,-3.545849532104),.PIECEWISE_BEZIER_KNOTS.);
#1441 = CARTESIAN_POINT('',(-1.18004076907E-10,0.591699064559));
#1442 = CARTESIAN_POINT('',(-1.180304947417E-10,-2.158300935617));
#1443 = ( GEOMETRIC_REPRESENTATION_CONTEXT(2) 
PARAMETRIC_REPRESENTATION_CONTEXT() REPRESENTATION_CONTEXT('2D SPACE',''
  ) );
#1444 = ORIENTED_EDGE('',*,*,#1445,.T.);
#1445 = EDGE_CURVE('',#1425,#1446,#1448,.T.);
#1446 = VERTEX_POINT('',#1447);
#1447 = CARTESIAN_POINT('',(-5.405599343445,-10.71351929751,80.));
#1448 = SURFACE_CURVE('',#1449,(#1454,#1461),.PCURVE_S1.);
#1449 = CIRCLE('',#1450,12.);
#1450 = AXIS2_PLACEMENT_3D('',#1451,#1452,#1453);
#1451 = CARTESIAN_POINT('',(0.,0.,80.));
#1452 = DIRECTION('',(0.,0.,1.));
#1453 = DIRECTION('',(1.,0.,0.));
#1454 = PCURVE('',#96,#1455);
#1455 = DEFINITIONAL_REPRESENTATION('',(#1456),#1460);
#1456 = CIRCLE('',#1457,12.);
#1457 = AXIS2_PLACEMENT_2D('',#1458,#1459);
#1458 = CARTESIAN_POINT('',(0.,0.));
#1459 = DIRECTION('',(1.,0.));
#1460 = ( GEOMETRIC_REPRESENTATION_CONTEXT(2) 
PARAMETRIC_REPRESENTATION_CONTEXT() REPRESENTATION_CONTEXT('2D SPACE',''
  ) );
#1461 = PCURVE('',#1462,#1467);
#1462 = CYLINDRICAL_SURFACE('',#1463,12.);
#1463 = AXIS2_PLACEMENT_3D('',#1464,#1465,#1466);
#1464 = CARTESIAN_POINT('',(0.,0.,0.));
#1465 = DIRECTION('',(0.,0.,1.));
#1466 = DIRECTION('',(1.,0.,0.));
#1467 = DEFINITIONAL_REPRESENTATION('',(#1468),#1472);
#1468 = LINE('',#1469,#1470);
#1469 = CARTESIAN_POINT('',(0.,80.));
#1470 = VECTOR('',#1471,1.);
#1471 = DIRECTION('',(1.,0.));
#1472 = ( GEOMETRIC_REPRESENTATION_CONTEXT(2) 
PARAMETRIC_REPRESENTATION_CONTEXT() REPRESENTATION_CONTEXT('2D SPACE',''
  ) );
#1473 = ORIENTED_EDGE('',*,*,#1474,.T.);
#1474 = EDGE_CURVE('',#1446,#80,#1475,.T.);
#1475 = SURFACE_CURVE('',#1476,(#1497,#1521),.PCURVE_S1.);
#1476 = B_SPLINE_CURVE_WITH_KNOTS('',7,(#1477,#1478,#1479,#1480,#1481,
    #1482,#1483,#1484,#1485,#1486,#1487,#1488,#1489,#1490,#1491,#1492,
    #1493,#1494,#1495,#1496),.UNSPECIFIED.,.F.,.F.,(8,6,6,8),(0.,
    0.340967477947,0.60828144842,1.),.UNSPECIFIED.);
#1477 = CARTESIAN_POINT('',(-9.363166600361,-9.019254593475,80.));
#1478 = CARTESIAN_POINT('',(-8.764154692782,-9.411209953436,80.));
#1479 = CARTESIAN_POINT('',(-8.139832221414,-9.763502242849,80.));
#1480 = CARTESIAN_POINT('',(-7.492976436161,-10.07346160266,80.));
#1481 = CARTESIAN_POINT('',(-6.826716148803,-10.33860484165,80.));
#1482 = CARTESIAN_POINT('',(-6.144542789734,-10.55666280415,80.));
#1483 = CARTESIAN_POINT('',(-5.450331624987,-10.72563979013,80.));
#1484 = CARTESIAN_POINT('',(-4.198047006953,-10.93662340199,80.));
#1485 = CARTESIAN_POINT('',(-3.642949362206,-10.99817437929,80.));
#1486 = CARTESIAN_POINT('',(-3.085155986926,-11.02776899921,80.));
#1487 = CARTESIAN_POINT('',(-2.526878532353,-11.0247652201,80.));
#1488 = CARTESIAN_POINT('',(-1.970464586312,-10.98868566402,80.));
#1489 = CARTESIAN_POINT('',(-1.418396900788,-10.91924671902,80.));
#1490 = CARTESIAN_POINT('',(-7.450153399424E-02,-10.66568723432,80.));
#1491 = CARTESIAN_POINT('',(0.709471332586,-10.44320953325,80.));
#1492 = CARTESIAN_POINT('',(1.47024463587,-10.14879611722,80.));
#1493 = CARTESIAN_POINT('',(2.19895485096,-9.783409783689,80.));
#1494 = CARTESIAN_POINT('',(2.886362733217,-9.349333630881,80.));
#1495 = CARTESIAN_POINT('',(3.522945728029,-8.850370266809,80.));
#1496 = CARTESIAN_POINT('',(4.099174204264,-8.292323299829,80.));
#1497 = PCURVE('',#96,#1498);
#1498 = DEFINITIONAL_REPRESENTATION('',(#1499),#1520);
#1499 = B_SPLINE_CURVE_WITH_KNOTS('',7,(#1500,#1501,#1502,#1503,#1504,
    #1505,#1506,#1507,#1508,#1509,#1510,#1511,#1512,#1513,#1514,#1515,
    #1516,#1517,#1518,#1519),.UNSPECIFIED.,.F.,.F.,(8,6,6,8),(0.,
    0.340967477947,0.60828144842,1.),.UNSPECIFIED.);
#1500 = CARTESIAN_POINT('',(-9.363166600361,-9.019254593475));
#1501 = CARTESIAN_POINT('',(-8.764154692782,-9.411209953436));
#1502 = CARTESIAN_POINT('',(-8.139832221414,-9.763502242849));
#1503 = CARTESIAN_POINT('',(-7.492976436161,-10.07346160266));
#1504 = CARTESIAN_POINT('',(-6.826716148803,-10.33860484165));
#1505 = CARTESIAN_POINT('',(-6.144542789734,-10.55666280415));
#1506 = CARTESIAN_POINT('',(-5.450331624987,-10.72563979013));
#1507 = CARTESIAN_POINT('',(-4.198047006953,-10.93662340199));
#1508 = CARTESIAN_POINT('',(-3.642949362206,-10.99817437929));
#1509 = CARTESIAN_POINT('',(-3.085155986926,-11.02776899921));
#1510 = CARTESIAN_POINT('',(-2.526878532353,-11.0247652201));
#1511 = CARTESIAN_POINT('',(-1.970464586312,-10.98868566402));
#1512 = CARTESIAN_POINT('',(-1.418396900788,-10.91924671902));
#1513 = CARTESIAN_POINT('',(-7.450153399424E-02,-10.66568723432));
#1514 = CARTESIAN_POINT('',(0.709471332586,-10.44320953325));
#1515 = CARTESIAN_POINT('',(1.47024463587,-10.14879611722));
#1516 = CARTESIAN_POINT('',(2.19895485096,-9.783409783689));
#1517 = CARTESIAN_POINT('',(2.886362733217,-9.349333630881));
#1518 = CARTESIAN_POINT('',(3.522945728029,-8.850370266809));
#1519 = CARTESIAN_POINT('',(4.099174204264,-8.292323299829));
#1520 = ( GEOMETRIC_REPRESENTATION_CONTEXT(2) 
PARAMETRIC_REPRESENTATION_CONTEXT() REPRESENTATION_CONTEXT('2D SPACE',''
  ) );
#1521 = PCURVE('',#1072,#1522);
#1522 = DEFINITIONAL_REPRESENTATION('',(#1523),#1544);
#1523 = B_SPLINE_CURVE_WITH_KNOTS('',7,(#1524,#1525,#1526,#1527,#1528,
    #1529,#1530,#1531,#1532,#1533,#1534,#1535,#1536,#1537,#1538,#1539,
    #1540,#1541,#1542,#1543),.UNSPECIFIED.,.F.,.F.,(8,6,6,8),(0.,
    0.340967477947,0.60828144842,1.),.UNSPECIFIED.);
#1524 = CARTESIAN_POINT('',(3.882285676538,125.45469929721));
#1525 = CARTESIAN_POINT('',(3.717187095322,125.523173016));
#1526 = CARTESIAN_POINT('',(3.549975297981,125.59252317942));
#1527 = CARTESIAN_POINT('',(3.380566290678,125.66278462347));
#1528 = CARTESIAN_POINT('',(3.208861414572,125.73399826633));
#1529 = CARTESIAN_POINT('',(3.034746980534,125.80621125996));
#1530 = CARTESIAN_POINT('',(2.858096729268,125.87947596968));
#1531 = CARTESIAN_POINT('',(2.538192924213,126.0121542945));
#1532 = CARTESIAN_POINT('',(2.395965603116,126.0711422853));
#1533 = CARTESIAN_POINT('',(2.252032951031,126.13083755264));
#1534 = CARTESIAN_POINT('',(2.106325206957,126.19126902951));
#1535 = CARTESIAN_POINT('',(1.95876448838,126.25246901726));
#1536 = CARTESIAN_POINT('',(1.809265281381,126.31447298231));
#1537 = CARTESIAN_POINT('',(1.435686845059,126.46941256208));
#1538 = CARTESIAN_POINT('',(1.209241152118,126.56332965443));
#1539 = CARTESIAN_POINT('',(0.978147971114,126.65917426663));
#1540 = CARTESIAN_POINT('',(0.742095442312,126.75707574075));
#1541 = CARTESIAN_POINT('',(0.50070798246,126.85718984787));
#1542 = CARTESIAN_POINT('',(0.253522553198,126.95970863057));
#1543 = CARTESIAN_POINT('',(0.,127.06485570019));
#1544 = ( GEOMETRIC_REPRESENTATION_CONTEXT(2) 
PARAMETRIC_REPRESENTATION_CONTEXT() REPRESENTATION_CONTEXT('2D SPACE',''
  ) );
#1545 = ORIENTED_EDGE('',*,*,#79,.F.);
#1546 = ADVANCED_FACE('',(#1547),#263,.F.);
#1547 = FACE_BOUND('',#1548,.F.);
#1548 = EDGE_LOOP('',(#1549,#1550,#1571,#1572));
#1549 = ORIENTED_EDGE('',*,*,#332,.T.);
#1550 = ORIENTED_EDGE('',*,*,#1551,.T.);
#1551 = EDGE_CURVE('',#333,#138,#1552,.T.);
#1552 = SEAM_CURVE('',#1553,(#1557,#1564),.PCURVE_S1.);
#1553 = LINE('',#1554,#1555);
#1554 = CARTESIAN_POINT('',(3.,20.,92.5));
#1555 = VECTOR('',#1556,1.);
#1556 = DIRECTION('',(0.,-1.,0.));
#1557 = PCURVE('',#263,#1558);
#1558 = DEFINITIONAL_REPRESENTATION('',(#1559),#1563);
#1559 = LINE('',#1560,#1561);
#1560 = CARTESIAN_POINT('',(0.,-20.));
#1561 = VECTOR('',#1562,1.);
#1562 = DIRECTION('',(-0.,1.));
#1563 = ( GEOMETRIC_REPRESENTATION_CONTEXT(2) 
PARAMETRIC_REPRESENTATION_CONTEXT() REPRESENTATION_CONTEXT('2D SPACE',''
  ) );
#1564 = PCURVE('',#263,#1565);
#1565 = DEFINITIONAL_REPRESENTATION('',(#1566),#1570);
#1566 = LINE('',#1567,#1568);
#1567 = CARTESIAN_POINT('',(6.28318530718,-20.));
#1568 = VECTOR('',#1569,1.);
#1569 = DIRECTION('',(-0.,1.));
#1570 = ( GEOMETRIC_REPRESENTATION_CONTEXT(2) 
PARAMETRIC_REPRESENTATION_CONTEXT() REPRESENTATION_CONTEXT('2D SPACE',''
  ) );
#1571 = ORIENTED_EDGE('',*,*,#137,.F.);
#1572 = ORIENTED_EDGE('',*,*,#1551,.F.);
#1573 = ADVANCED_FACE('',(#1574),#561,.T.);
#1574 = FACE_BOUND('',#1575,.T.);
#1575 = EDGE_LOOP('',(#1576));
#1576 = ORIENTED_EDGE('',*,*,#546,.T.);
#1577 = ADVANCED_FACE('',(#1578),#1072,.F.);
#1578 = FACE_BOUND('',#1579,.F.);
#1579 = EDGE_LOOP('',(#1580,#1761,#1787,#1812,#2005,#2198,#2385,#2578,
    #2771,#2985,#3178,#3371,#3564,#3778,#3947,#4116,#4309,#4502,#4716,
    #4839,#4840));
#1580 = ORIENTED_EDGE('',*,*,#1581,.F.);
#1581 = EDGE_CURVE('',#1582,#605,#1584,.T.);
#1582 = VERTEX_POINT('',#1583);
#1583 = CARTESIAN_POINT('',(9.25,-5.833279501414E-02,0.87963782536));
#1584 = SURFACE_CURVE('',#1585,(#1748,#1755),.PCURVE_S1.);
#1585 = B_SPLINE_CURVE_WITH_KNOTS('',11,(#1586,#1587,#1588,#1589,#1590,
    #1591,#1592,#1593,#1594,#1595,#1596,#1597,#1598,#1599,#1600,#1601,
    #1602,#1603,#1604,#1605,#1606,#1607,#1608,#1609,#1610,#1611,#1612,
    #1613,#1614,#1615,#1616,#1617,#1618,#1619,#1620,#1621,#1622,#1623,
    #1624,#1625,#1626,#1627,#1628,#1629,#1630,#1631,#1632,#1633,#1634,
    #1635,#1636,#1637,#1638,#1639,#1640,#1641,#1642,#1643,#1644,#1645,
    #1646,#1647,#1648,#1649,#1650,#1651,#1652,#1653,#1654,#1655,#1656,
    #1657,#1658,#1659,#1660,#1661,#1662,#1663,#1664,#1665,#1666,#1667,
    #1668,#1669,#1670,#1671,#1672,#1673,#1674,#1675,#1676,#1677,#1678,
    #1679,#1680,#1681,#1682,#1683,#1684,#1685,#1686,#1687,#1688,#1689,
    #1690,#1691,#1692,#1693,#1694,#1695,#1696,#1697,#1698,#1699,#1700,
    #1701,#1702,#1703,#1704,#1705,#1706,#1707,#1708,#1709,#1710,#1711,
    #1712,#1713,#1714,#1715,#1716,#1717,#1718,#1719,#1720,#1721,#1722,
    #1723,#1724,#1725,#1726,#1727,#1728,#1729,#1730,#1731,#1732,#1733,
    #1734,#1735,#1736,#1737,#1738,#1739,#1740,#1741,#1742,#1743,#1744,
    #1745,#1746,#1747),.UNSPECIFIED.,.F.,.F.,(12,10,10,10,10,10,10,10,10
    ,10,10,10,10,10,10,10,12),(0.,8.029845428422,16.059690856845,
    24.089536285267,32.11938171369,40.149227142112,48.179072570535,
    56.208917998957,64.23876342738,72.268608855802,80.298454284225,
    88.328299712647,96.35814514107,104.38799056949,112.41783599791,
    120.44768142633,128.47752685476),.UNSPECIFIED.);
#1586 = CARTESIAN_POINT('',(9.25,-5.833279501412E-02,0.87963782536));
#1587 = CARTESIAN_POINT('',(9.283319615872,5.225254817303,1.334183281738
    ));
#1588 = CARTESIAN_POINT('',(5.99757647658,10.52965376132,1.78872872937)
  );
#1589 = CARTESIAN_POINT('',(-0.628722077958,13.538628788431,
    2.243274201751));
#1590 = CARTESIAN_POINT('',(-8.757179930528,11.914874583102,
    2.697819623071));
#1591 = CARTESIAN_POINT('',(-14.85405067688,4.984601032102,
    3.152365124432));
#1592 = CARTESIAN_POINT('',(-14.91573513617,-4.796865376745,
    3.606910527184));
#1593 = CARTESIAN_POINT('',(-8.906753692448,-11.80348143464,
    4.061456027371));
#1594 = CARTESIAN_POINT('',(-0.799421225737,-13.52962256271,
    4.516001450534));
#1595 = CARTESIAN_POINT('',(5.864299539405,-10.60445769441,
    4.970546921065));
#1596 = CARTESIAN_POINT('',(9.216680384475,-5.341920407419,
    5.425092370102));
#1597 = CARTESIAN_POINT('',(9.283319615697,5.225254817351,6.334183281176
    ));
#1598 = CARTESIAN_POINT('',(5.997576476866,10.529653761217,
    6.788728730267));
#1599 = CARTESIAN_POINT('',(-0.628722078335,13.538628788608,7.2432742006
    ));
#1600 = CARTESIAN_POINT('',(-8.757179930127,11.914874582867,
    7.697819624259));
#1601 = CARTESIAN_POINT('',(-14.85405067722,4.984601032341,
    8.152365123452));
#1602 = CARTESIAN_POINT('',(-14.91573513595,-4.796865376926,
    8.606910527829));
#1603 = CARTESIAN_POINT('',(-8.906753692559,-11.80348143454,
    9.061456027028));
#1604 = CARTESIAN_POINT('',(-0.799421225692,-13.52962256274,
    9.516001450688));
#1605 = CARTESIAN_POINT('',(5.864299539389,-10.60445769441,
    9.970546921004));
#1606 = CARTESIAN_POINT('',(9.21668038448,-5.34192040742,10.425092370122
    ));
#1607 = CARTESIAN_POINT('',(9.283319615689,5.22525481735,11.334183281148
    ));
#1608 = CARTESIAN_POINT('',(5.997576476933,10.529653761218,
    11.788728730483));
#1609 = CARTESIAN_POINT('',(-0.628722078588,13.538628788627,
    12.243274199824));
#1610 = CARTESIAN_POINT('',(-8.757179929539,11.914874582781,
    12.697819626068));
#1611 = CARTESIAN_POINT('',(-14.85405067816,4.984601032529,
    13.152365120497));
#1612 = CARTESIAN_POINT('',(-14.91573513487,-4.796865377182,
    13.606910531292));
#1613 = CARTESIAN_POINT('',(-8.90675369345,-11.8034814343,
    14.061456024139));
#1614 = CARTESIAN_POINT('',(-0.799421225171,-13.52962256289,
    14.516001452363));
#1615 = CARTESIAN_POINT('',(5.864299539191,-10.60445769435,
    14.970546920378));
#1616 = CARTESIAN_POINT('',(9.216680384516,-5.341920407431,
    15.42509237023));
#1617 = CARTESIAN_POINT('',(9.283319615667,5.225254817359,
    16.334183281084));
#1618 = CARTESIAN_POINT('',(5.997576476967,10.529653761199,
    16.788728730578));
#1619 = CARTESIAN_POINT('',(-0.628722078564,13.53862878863,
    17.243274199893));
#1620 = CARTESIAN_POINT('',(-8.75717992976,11.914874582861,
    17.697819625393));
#1621 = CARTESIAN_POINT('',(-14.85405067766,4.98460103231,
    18.152365122141));
#1622 = CARTESIAN_POINT('',(-14.91573513554,-4.796865376866,
    18.606910528949));
#1623 = CARTESIAN_POINT('',(-8.906753692849,-11.8034814346,
    19.061456026281));
#1624 = CARTESIAN_POINT('',(-0.799421225526,-13.52962256271,
    19.516001451111));
#1625 = CARTESIAN_POINT('',(5.864299539307,-10.60445769441,
    19.970546920779));
#1626 = CARTESIAN_POINT('',(9.216680384519,-5.341920407425,
    20.425092370238));
#1627 = CARTESIAN_POINT('',(9.283319615617,5.225254817366,
    21.334183280926));
#1628 = CARTESIAN_POINT('',(5.997576477344,10.529653761116,
    21.788728731779));
#1629 = CARTESIAN_POINT('',(-0.628722079661,13.538628788906,
    22.243274196394));
#1630 = CARTESIAN_POINT('',(-8.757179927725,11.914874582297,
    22.69781963188));
#1631 = CARTESIAN_POINT('',(-14.8540506803,4.984601033115,23.15236511369
    ));
#1632 = CARTESIAN_POINT('',(-14.91573513307,-4.796865377692,
    23.606910536885));
#1633 = CARTESIAN_POINT('',(-8.906753694488,-11.80348143399,
    24.061456020988));
#1634 = CARTESIAN_POINT('',(-0.7994212248,-13.52962256301,
    24.516001453446));
#1635 = CARTESIAN_POINT('',(5.864299539152,-10.60445769432,
    24.970546920286));
#1636 = CARTESIAN_POINT('',(9.216680384477,-5.341920407424,
    25.425092370103));
#1637 = CARTESIAN_POINT('',(9.283319615761,5.225254817337,
    26.334183281385));
#1638 = CARTESIAN_POINT('',(5.99757647642,10.529653761327,
    26.788728728793));
#1639 = CARTESIAN_POINT('',(-0.628722077191,13.538628788323,
    27.243274204451));
#1640 = CARTESIAN_POINT('',(-8.75717993194,11.914874583305,
    27.697819618097));
#1641 = CARTESIAN_POINT('',(-14.85405067528,4.9846010319,28.152365130003
    ));
#1642 = CARTESIAN_POINT('',(-14.91573513737,-4.796865376642,
    28.606910523203));
#1643 = CARTESIAN_POINT('',(-8.90675369189,-11.80348143463,
    29.061456029102));
#1644 = CARTESIAN_POINT('',(-0.799421225869,-13.52962256275,
    29.516001450164));
#1645 = CARTESIAN_POINT('',(5.864299539419,-10.60445769439,
    29.970546921099));
#1646 = CARTESIAN_POINT('',(9.216680384453,-5.341920407418,
    30.425092370028));
#1647 = CARTESIAN_POINT('',(9.283319615768,5.225254817335,
    31.334183281412));
#1648 = CARTESIAN_POINT('',(5.997576476409,10.52965376134,
    31.788728728763));
#1649 = CARTESIAN_POINT('',(-0.628722077117,13.538628788248,
    32.243274204617));
#1650 = CARTESIAN_POINT('',(-8.757179932188,11.914874583529,
    32.697819617433));
#1651 = CARTESIAN_POINT('',(-14.85405067481,4.984601031493,
    33.152365131494));
#1652 = CARTESIAN_POINT('',(-14.91573513792,-4.796865376146,
    33.606910521146));
#1653 = CARTESIAN_POINT('',(-8.906753691461,-11.80348143505,
    34.061456030834));
#1654 = CARTESIAN_POINT('',(-0.799421226054,-13.52962256252,
    34.516001449374));
#1655 = CARTESIAN_POINT('',(5.864299539405,-10.60445769446,
    34.970546921105));
#1656 = CARTESIAN_POINT('',(9.216680384536,-5.341920407427,
    35.425092370291));
#1657 = CARTESIAN_POINT('',(9.283319615561,5.225254817379,
    36.334183280748));
#1658 = CARTESIAN_POINT('',(5.997576477633,10.529653761035,
    36.788728732746));
#1659 = CARTESIAN_POINT('',(-0.628722080216,13.538628789079,
    37.243274194399));
#1660 = CARTESIAN_POINT('',(-8.757179927246,11.914874582109,
    37.69781963386));
#1661 = CARTESIAN_POINT('',(-14.85405068017,4.984601033169,
    38.152365113726));
#1662 = CARTESIAN_POINT('',(-14.91573513397,-4.796865377546,
    38.606910534013));
#1663 = CARTESIAN_POINT('',(-8.906753693263,-11.80348143424,
    39.061456025077));
#1664 = CARTESIAN_POINT('',(-0.799421225731,-13.52962256281,
    39.516001450379));
#1665 = CARTESIAN_POINT('',(5.864299539559,-10.60445769442,
    39.970546921595));
#1666 = CARTESIAN_POINT('',(9.216680384408,-5.341920407407,
    40.425092369888));
#1667 = CARTESIAN_POINT('',(9.283319615775,5.225254817333,
    41.334183281428));
#1668 = CARTESIAN_POINT('',(5.997576476469,10.52965376132,
    41.788728728984));
#1669 = CARTESIAN_POINT('',(-0.628722077275,13.538628788332,
    42.243274204034));
#1670 = CARTESIAN_POINT('',(-8.757179932026,11.914874583347,
    42.697819618119));
#1671 = CARTESIAN_POINT('',(-14.85405067478,4.984601031751,
    43.15236513131));
#1672 = CARTESIAN_POINT('',(-14.91573513825,-4.796865376396,
    43.606910520446));
#1673 = CARTESIAN_POINT('',(-8.906753690946,-11.80348143489,
    44.061456032147));
#1674 = CARTESIAN_POINT('',(-0.799421226514,-13.52962256258,
    44.516001448096));
#1675 = CARTESIAN_POINT('',(5.864299539685,-10.60445769446,
    44.970546921934));
#1676 = CARTESIAN_POINT('',(9.21668038441,-5.341920407406,
    45.425092369901));
#1677 = CARTESIAN_POINT('',(9.283319615776,5.225254817331,
    46.334183281427));
#1678 = CARTESIAN_POINT('',(5.997576476538,10.529653761311,
    46.788728729154));
#1679 = CARTESIAN_POINT('',(-0.628722077709,13.538628788425,
    47.243274202921));
#1680 = CARTESIAN_POINT('',(-8.757179930756,11.914874583042,
    47.697819621645));
#1681 = CARTESIAN_POINT('',(-14.85405067708,4.984601032333,
    48.152365124356));
#1682 = CARTESIAN_POINT('',(-14.91573513543,-4.796865377134,
    48.60691052964));
#1683 = CARTESIAN_POINT('',(-8.906753693413,-11.80348143424,
    49.061456023912));
#1684 = CARTESIAN_POINT('',(-0.799421225023,-13.52962256297,
    49.516001453036));
#1685 = CARTESIAN_POINT('',(5.86429953912,-10.60445769431,
    49.970546920109));
#1686 = CARTESIAN_POINT('',(9.216680384492,-5.341920407429,
    50.425092370153));
#1687 = CARTESIAN_POINT('',(9.28331961577,5.225254817336,51.334183281414
    ));
#1688 = CARTESIAN_POINT('',(5.997576476375,10.52965376134,
    51.788728728583));
#1689 = CARTESIAN_POINT('',(-0.628722077243,13.538628788321,
    52.243274204571));
#1690 = CARTESIAN_POINT('',(-8.757179931446,11.914874583225,
    52.697819619128));
#1691 = CARTESIAN_POINT('',(-14.85405067649,4.984601032125,
    53.152365126601));
#1692 = CARTESIAN_POINT('',(-14.91573513564,-4.796865376977,
    53.606910528735));
#1693 = CARTESIAN_POINT('',(-8.906753693559,-11.80348143431,
    54.061456023554));
#1694 = CARTESIAN_POINT('',(-0.799421224772,-13.52962256297,
    54.516001453779));
#1695 = CARTESIAN_POINT('',(5.86429953896,-10.6044576943,54.970546919626
    ));
#1696 = CARTESIAN_POINT('',(9.216680384545,-5.341920407438,
    55.425092370317));
#1697 = CARTESIAN_POINT('',(9.283319615703,5.225254817351,
    56.334183281202));
#1698 = CARTESIAN_POINT('',(5.997576476647,10.529653761268,
    56.788728729507));
#1699 = CARTESIAN_POINT('',(-0.628722077723,13.538628788469,
    57.243274202782));
#1700 = CARTESIAN_POINT('',(-8.757179931103,11.914874583066,
    57.697819620735));
#1701 = CARTESIAN_POINT('',(-14.85405067619,4.984601032172,
    58.15236512707));
#1702 = CARTESIAN_POINT('',(-14.91573513668,-4.796865376856,
    58.60691052549));
#1703 = CARTESIAN_POINT('',(-8.906753692225,-11.80348143452,
    59.061456027927));
#1704 = CARTESIAN_POINT('',(-0.799421225787,-13.52962256278,
    59.516001450481));
#1705 = CARTESIAN_POINT('',(5.864299539432,-10.60445769439,
    59.970546921127));
#1706 = CARTESIAN_POINT('',(9.216680384433,-5.341920407412,
    60.425092369967));
#1707 = CARTESIAN_POINT('',(9.283319615806,5.225254817324,
    61.334183281526));
#1708 = CARTESIAN_POINT('',(5.997576476328,10.529653761381,
    61.788728728457));
#1709 = CARTESIAN_POINT('',(-0.62872207733,13.53862878824,
    62.243274204241));
#1710 = CARTESIAN_POINT('',(-8.757179930929,11.914874583321,
    62.697819620837));
#1711 = CARTESIAN_POINT('',(-14.85405067765,4.98460103208,
    63.152365122891));
#1712 = CARTESIAN_POINT('',(-14.91573513402,-4.796865377027,
    63.606910533804));
#1713 = CARTESIAN_POINT('',(-8.90675369508,-11.80348143419,
    64.061456018806));
#1714 = CARTESIAN_POINT('',(-0.799421223788,-13.52962256307,
    64.51600145686));
#1715 = CARTESIAN_POINT('',(5.864299538538,-10.60445769424,
    64.970546918294));
#1716 = CARTESIAN_POINT('',(9.216680384648,-5.341920407456,
    65.425092370649));
#1717 = CARTESIAN_POINT('',(9.283319615594,5.225254817373,
    66.334183280843));
#1718 = CARTESIAN_POINT('',(5.997576477196,10.529653761153,
    66.788728731323));
#1719 = CARTESIAN_POINT('',(-0.628722079271,13.538628788782,
    67.243274197697));
#1720 = CARTESIAN_POINT('',(-8.757179928126,11.914874582497,
    67.697819630429));
#1721 = CARTESIAN_POINT('',(-14.85405068034,4.984601032917,
    68.152365113689));
#1722 = CARTESIAN_POINT('',(-14.9157351324,-4.796865377578,
    68.606910539164));
#1723 = CARTESIAN_POINT('',(-8.906753695494,-11.803481434,
    69.061456017563));
#1724 = CARTESIAN_POINT('',(-0.799421223967,-13.52962256306,
    69.516001456212));
#1725 = CARTESIAN_POINT('',(5.864299538728,-10.60445769428,
    69.970546918913));
#1726 = CARTESIAN_POINT('',(9.216680384601,-5.341920407444,
    70.425092370501));
#1727 = CARTESIAN_POINT('',(9.283319615611,5.225254817368,
    71.334183280899));
#1728 = CARTESIAN_POINT('',(5.997576477236,10.529653761142,
    71.788728731451));
#1729 = CARTESIAN_POINT('',(-0.628722079515,13.538628788851,
    72.243274196898));
#1730 = CARTESIAN_POINT('',(-8.757179927502,11.914874582317,
    72.697819632452));
#1731 = CARTESIAN_POINT('',(-14.85405068135,4.98460103322,
    73.152365110479));
#1732 = CARTESIAN_POINT('',(-14.91573513128,-4.796865377931,
    73.606910542622));
#1733 = CARTESIAN_POINT('',(-8.906753696332,-11.80348143372,
    74.06145601504));
#1734 = CARTESIAN_POINT('',(-0.799421223597,-13.5296225632,
    74.516001457305));
#1735 = CARTESIAN_POINT('',(5.8642995387,-10.60445769425,74.970546918855
    ));
#1736 = CARTESIAN_POINT('',(9.216680384512,-5.341920407431,
    75.425092370211));
#1737 = CARTESIAN_POINT('',(9.283319615843,5.225254817323,
    76.334183281648));
#1738 = CARTESIAN_POINT('',(5.997576475744,10.529653761457,
    76.788728726569));
#1739 = CARTESIAN_POINT('',(-0.62872207537,13.538628787962,
    77.243274210555));
#1740 = CARTESIAN_POINT('',(-8.757179934962,11.914874583926,
    77.697819607937));
#1741 = CARTESIAN_POINT('',(-14.85405067183,4.984601031155,
    78.152365141317));
#1742 = CARTESIAN_POINT('',(-14.91573514016,-4.796865375993,
    78.606910514607));
#1743 = CARTESIAN_POINT('',(-8.906753690315,-11.80348143504,
    79.061456033588));
#1744 = CARTESIAN_POINT('',(-0.799421226495,-13.52962256257,
    79.516001448512));
#1745 = CARTESIAN_POINT('',(5.864299539635,-10.60445769445,
    79.970546921662));
#1746 = CARTESIAN_POINT('',(9.216680384344,-5.341920407396,
    80.425092369724));
#1747 = CARTESIAN_POINT('',(9.250000000176,-5.833279505102E-02,
    80.879637825907));
#1748 = PCURVE('',#1072,#1749);
#1749 = DEFINITIONAL_REPRESENTATION('',(#1750),#1754);
#1750 = LINE('',#1751,#1752);
#1751 = CARTESIAN_POINT('',(0.,0.));
#1752 = VECTOR('',#1753,1.);
#1753 = DIRECTION('',(0.,1.));
#1754 = ( GEOMETRIC_REPRESENTATION_CONTEXT(2) 
PARAMETRIC_REPRESENTATION_CONTEXT() REPRESENTATION_CONTEXT('2D SPACE',''
  ) );
#1755 = PCURVE('',#668,#1756);
#1756 = DEFINITIONAL_REPRESENTATION('',(#1757),#1760);
#1757 = B_SPLINE_CURVE_WITH_KNOTS('',1,(#1758,#1759),.UNSPECIFIED.,.F.,
  .F.,(2,2),(0.,128.47752685476),.PIECEWISE_BEZIER_KNOTS.);
#1758 = CARTESIAN_POINT('',(1.763139720814,0.));
#1759 = CARTESIAN_POINT('',(1.763139720814,128.47752685476));
#1760 = ( GEOMETRIC_REPRESENTATION_CONTEXT(2) 
PARAMETRIC_REPRESENTATION_CONTEXT() REPRESENTATION_CONTEXT('2D SPACE',''
  ) );
#1761 = ORIENTED_EDGE('',*,*,#1762,.T.);
#1762 = EDGE_CURVE('',#1582,#1763,#1765,.T.);
#1763 = VERTEX_POINT('',#1764);
#1764 = CARTESIAN_POINT('',(11.999522219177,-0.107081798048,
    1.614755472391));
#1765 = SURFACE_CURVE('',#1766,(#1769,#1776),.PCURVE_S1.);
#1766 = B_SPLINE_CURVE_WITH_KNOTS('',1,(#1767,#1768),.UNSPECIFIED.,.F.,
  .F.,(2,2),(0.,3.882285676538),.PIECEWISE_BEZIER_KNOTS.);
#1767 = CARTESIAN_POINT('',(9.25,-5.833279501412E-02,0.87963782536));
#1768 = CARTESIAN_POINT('',(13.,-0.124820259674,1.882245171879));
#1769 = PCURVE('',#1072,#1770);
#1770 = DEFINITIONAL_REPRESENTATION('',(#1771),#1775);
#1771 = LINE('',#1772,#1773);
#1772 = CARTESIAN_POINT('',(0.,0.));
#1773 = VECTOR('',#1774,1.);
#1774 = DIRECTION('',(1.,0.));
#1775 = ( GEOMETRIC_REPRESENTATION_CONTEXT(2) 
PARAMETRIC_REPRESENTATION_CONTEXT() REPRESENTATION_CONTEXT('2D SPACE',''
  ) );
#1776 = PCURVE('',#1777,#1782);
#1777 = PLANE('',#1778);
#1778 = AXIS2_PLACEMENT_3D('',#1779,#1780,#1781);
#1779 = CARTESIAN_POINT('',(11.408300935441,2.504878316477E-13,
    1.549248992182E-14));
#1780 = DIRECTION('',(4.25721646689E-13,0.997808415267,
    6.616922564521E-02));
#1781 = DIRECTION('',(3.155443620884E-30,-6.616922564521E-02,
    0.997808415267));
#1782 = DEFINITIONAL_REPRESENTATION('',(#1783),#1786);
#1783 = B_SPLINE_CURVE_WITH_KNOTS('',1,(#1784,#1785),.UNSPECIFIED.,.F.,
  .F.,(2,2),(0.,3.882285676538),.PIECEWISE_BEZIER_KNOTS.);
#1784 = CARTESIAN_POINT('',(0.881569860407,-2.158300935441));
#1785 = CARTESIAN_POINT('',(1.886379332024,1.591699064559));
#1786 = ( GEOMETRIC_REPRESENTATION_CONTEXT(2) 
PARAMETRIC_REPRESENTATION_CONTEXT() REPRESENTATION_CONTEXT('2D SPACE',''
  ) );
#1787 = ORIENTED_EDGE('',*,*,#1788,.T.);
#1788 = EDGE_CURVE('',#1763,#1789,#1791,.T.);
#1789 = VERTEX_POINT('',#1790);
#1790 = CARTESIAN_POINT('',(12.,-2.939152317954E-15,1.621856623675));
#1791 = SURFACE_CURVE('',#1792,(#1795,#1801),.PCURVE_S1.);
#1792 = B_SPLINE_CURVE_WITH_KNOTS('',1,(#1793,#1794),.UNSPECIFIED.,.F.,
  .F.,(2,2),(0.,1.),.PIECEWISE_BEZIER_KNOTS.);
#1793 = CARTESIAN_POINT('',(11.999522219177,-0.107081798048,
    1.614755472391));
#1794 = CARTESIAN_POINT('',(12.,-5.689893001204E-16,1.621856623675));
#1795 = PCURVE('',#1072,#1796);
#1796 = DEFINITIONAL_REPRESENTATION('',(#1797),#1800);
#1797 = B_SPLINE_CURVE_WITH_KNOTS('',1,(#1798,#1799),.UNSPECIFIED.,.F.,
  .F.,(2,2),(0.,1.),.PIECEWISE_BEZIER_KNOTS.);
#1798 = CARTESIAN_POINT('',(2.846514861022,0.));
#1799 = CARTESIAN_POINT('',(2.846514759065,1.14042717217E-02));
#1800 = ( GEOMETRIC_REPRESENTATION_CONTEXT(2) 
PARAMETRIC_REPRESENTATION_CONTEXT() REPRESENTATION_CONTEXT('2D SPACE',''
  ) );
#1801 = PCURVE('',#1802,#1807);
#1802 = CYLINDRICAL_SURFACE('',#1803,12.);
#1803 = AXIS2_PLACEMENT_3D('',#1804,#1805,#1806);
#1804 = CARTESIAN_POINT('',(0.,0.,0.));
#1805 = DIRECTION('',(0.,0.,1.));
#1806 = DIRECTION('',(1.,0.,0.));
#1807 = DEFINITIONAL_REPRESENTATION('',(#1808),#1811);
#1808 = B_SPLINE_CURVE_WITH_KNOTS('',1,(#1809,#1810),.UNSPECIFIED.,.F.,
  .F.,(2,2),(0.,1.),.PIECEWISE_BEZIER_KNOTS.);
#1809 = CARTESIAN_POINT('',(6.274261705577,1.614755472391));
#1810 = CARTESIAN_POINT('',(6.28318530718,1.621856623675));
#1811 = ( GEOMETRIC_REPRESENTATION_CONTEXT(2) 
PARAMETRIC_REPRESENTATION_CONTEXT() REPRESENTATION_CONTEXT('2D SPACE',''
  ) );
#1812 = ORIENTED_EDGE('',*,*,#1813,.T.);
#1813 = EDGE_CURVE('',#1789,#1814,#1816,.T.);
#1814 = VERTEX_POINT('',#1815);
#1815 = CARTESIAN_POINT('',(12.,-2.939152317954E-15,6.621856623635));
#1816 = SURFACE_CURVE('',#1817,(#1876,#1938),.PCURVE_S1.);
#1817 = B_SPLINE_CURVE_WITH_KNOTS('',8,(#1818,#1819,#1820,#1821,#1822,
    #1823,#1824,#1825,#1826,#1827,#1828,#1829,#1830,#1831,#1832,#1833,
    #1834,#1835,#1836,#1837,#1838,#1839,#1840,#1841,#1842,#1843,#1844,
    #1845,#1846,#1847,#1848,#1849,#1850,#1851,#1852,#1853,#1854,#1855,
    #1856,#1857,#1858,#1859,#1860,#1861,#1862,#1863,#1864,#1865,#1866,
    #1867,#1868,#1869,#1870,#1871,#1872,#1873,#1874,#1875),
  .UNSPECIFIED.,.F.,.F.,(9,7,7,7,7,7,7,7,9),(0.,0.109988458962,
    0.266207223569,0.419231242562,0.607263752288,0.696834024875,
    0.792346238921,0.884504769453,1.),.UNSPECIFIED.);
#1818 = CARTESIAN_POINT('',(12.,0.,1.621856623675));
#1819 = CARTESIAN_POINT('',(12.,1.036213118332,1.690572162876));
#1820 = CARTESIAN_POINT('',(11.897646618774,2.072933999009,
    1.759300747086));
#1821 = CARTESIAN_POINT('',(11.693035939733,3.097720289314,
    1.828037725787));
#1822 = CARTESIAN_POINT('',(11.387807462666,4.098705144365,
    1.896778876685));
#1823 = CARTESIAN_POINT('',(10.985144103735,5.064597227113,
    1.965520405704));
#1824 = CARTESIAN_POINT('',(10.489772195479,5.984680708346,
    2.034258946991));
#1825 = CARTESIAN_POINT('',(9.907961486814,6.848815266685,2.102991562913
    ));
#1826 = CARTESIAN_POINT('',(8.309494455982,8.781732899038,2.269326045894
    ));
#1827 = CARTESIAN_POINT('',(7.211243478003,9.785965388928,2.367059774362
    ));
#1828 = CARTESIAN_POINT('',(5.975683059037,10.631194385163,2.46470569324
    ));
#1829 = CARTESIAN_POINT('',(4.630168458687,11.296611435525,2.56231024891
    ));
#1830 = CARTESIAN_POINT('',(3.204560752158,11.767079054338,
    2.659925347554));
#1831 = CARTESIAN_POINT('',(1.730796422464,12.032210870418,
    2.757598934337));
#1832 = CARTESIAN_POINT('',(0.243246315678,12.087466360605,
    2.855361107713));
#1833 = CARTESIAN_POINT('',(-2.655014500854,11.791065422008,
    3.048559984537));
#1834 = CARTESIAN_POINT('',(-4.071065903187,11.447261132833,
    3.144296586712));
#1835 = CARTESIAN_POINT('',(-5.434254479042,10.90900640894,
    3.239958711801));
#1836 = CARTESIAN_POINT('',(-6.713861549587,10.186686141468,
    3.335578085358));
#1837 = CARTESIAN_POINT('',(-7.882251325932,9.295584824025,
    3.431199258767));
#1838 = CARTESIAN_POINT('',(-8.914438867943,8.255066696656,
    3.526864903591));
#1839 = CARTESIAN_POINT('',(-9.788728383082,7.089334423724,
    3.622601797691));
#1840 = CARTESIAN_POINT('',(-11.34941404479,4.281140001799,
    3.835656471916));
#1841 = CARTESIAN_POINT('',(-11.95148341456,2.582711151601,
    3.953500170072));
#1842 = CARTESIAN_POINT('',(-12.25892356558,0.792482515765,
    4.071087308706));
#1843 = CARTESIAN_POINT('',(-12.26094616808,-1.03039301094,
    4.188580522682));
#1844 = CARTESIAN_POINT('',(-11.95471372879,-2.827343287812,
    4.306069681554));
#1845 = CARTESIAN_POINT('',(-11.35280179102,-4.541103438998,
    4.423650689837));
#1846 = CARTESIAN_POINT('',(-10.47578890895,-6.115173814379,
    4.541485018676));
#1847 = CARTESIAN_POINT('',(-8.841781633545,-8.156889244396,
    4.714901430936));
#1848 = CARTESIAN_POINT('',(-8.261603607223,-8.773299572383,
    4.770850133102));
#1849 = CARTESIAN_POINT('',(-7.632563237119,-9.342299463572,
    4.826796937285));
#1850 = CARTESIAN_POINT('',(-6.95917331122,-9.859408778171,
    4.882744122492));
#1851 = CARTESIAN_POINT('',(-6.246366382065,-10.32071575821,
    4.938692957709));
#1852 = CARTESIAN_POINT('',(-5.499494766754,-10.72287702758,4.9946437019
    ));
#1853 = CARTESIAN_POINT('',(-4.724330546939,-11.06311759196,
    5.050595604006));
#1854 = CARTESIAN_POINT('',(-3.076911371,-11.63366097495,5.166209917098)
  );
#1855 = CARTESIAN_POINT('',(-2.201351803757,-11.85527502578,
    5.225875206485));
#1856 = CARTESIAN_POINT('',(-1.307956681375,-12.001498298,5.285542110657
    ));
#1857 = CARTESIAN_POINT('',(-0.404328637471,-12.07068478539,
    5.345209767103));
#1858 = CARTESIAN_POINT('',(0.501896874988,-12.06211716894,
    5.404877111259));
#1859 = CARTESIAN_POINT('',(1.403051583692,-11.97600681678,
    5.464542876503));
#1860 = CARTESIAN_POINT('',(2.291434396985,-11.81349378426,5.52420559416
    ));
#1861 = CARTESIAN_POINT('',(3.996714980306,-11.34811615978,
    5.641426844531));
#1862 = CARTESIAN_POINT('',(4.815391870306,-11.05031323486,
    5.699001501247));
#1863 = CARTESIAN_POINT('',(5.608530220366,-10.6850439284,5.756580258028
    ));
#1864 = CARTESIAN_POINT('',(6.369694127426,-10.25490332545,
    5.814163853827));
#1865 = CARTESIAN_POINT('',(7.092772592849,-9.763177240338,
    5.871756117511));
#1866 = CARTESIAN_POINT('',(7.771988463956,-9.213838148412,
    5.929357030596));
#1867 = CARTESIAN_POINT('',(8.401967363113,-8.611635516189,
    5.986953807373));
#1868 = CARTESIAN_POINT('',(9.699597031885,-7.148493640619,
    6.116640752586));
#1869 = CARTESIAN_POINT('',(10.337682394051,-6.259195724515,
    6.188836312284));
#1870 = CARTESIAN_POINT('',(10.882086791496,-5.305183237153,
    6.261022979129));
#1871 = CARTESIAN_POINT('',(11.325283760527,-4.298288620947,
    6.333192270208));
#1872 = CARTESIAN_POINT('',(11.661657587095,-3.251006016783,
    6.405354826718));
#1873 = CARTESIAN_POINT('',(11.88727230648,-2.17636126214,6.477525962941
    ));
#1874 = CARTESIAN_POINT('',(12.,-1.087941534633,6.5497107611));
#1875 = CARTESIAN_POINT('',(12.,7.105427357601E-15,6.621856623635));
#1876 = PCURVE('',#1072,#1877);
#1877 = DEFINITIONAL_REPRESENTATION('',(#1878),#1937);
#1878 = B_SPLINE_CURVE_WITH_KNOTS('',8,(#1879,#1880,#1881,#1882,#1883,
    #1884,#1885,#1886,#1887,#1888,#1889,#1890,#1891,#1892,#1893,#1894,
    #1895,#1896,#1897,#1898,#1899,#1900,#1901,#1902,#1903,#1904,#1905,
    #1906,#1907,#1908,#1909,#1910,#1911,#1912,#1913,#1914,#1915,#1916,
    #1917,#1918,#1919,#1920,#1921,#1922,#1923,#1924,#1925,#1926,#1927,
    #1928,#1929,#1930,#1931,#1932,#1933,#1934,#1935,#1936),
  .UNSPECIFIED.,.F.,.F.,(9,7,7,7,7,7,7,7,9),(0.,0.109988458962,
    0.266207223569,0.419231242562,0.607263752288,0.696834024875,
    0.792346238921,0.884504769453,1.),.UNSPECIFIED.);
#1879 = CARTESIAN_POINT('',(2.846514759065,1.14042717217E-02));
#1880 = CARTESIAN_POINT('',(2.846512828607,0.12176010403));
#1881 = CARTESIAN_POINT('',(2.846501761861,0.232140675445));
#1882 = CARTESIAN_POINT('',(2.846491475194,0.342534404622));
#1883 = CARTESIAN_POINT('',(2.846487926609,0.452932039634));
#1884 = CARTESIAN_POINT('',(2.846493115751,0.563326657974));
#1885 = CARTESIAN_POINT('',(2.8465050839,0.673713666552));
#1886 = CARTESIAN_POINT('',(2.846517913975,0.7840908017));
#1887 = CARTESIAN_POINT('',(2.846527151266,1.051215008136));
#1888 = CARTESIAN_POINT('',(2.846526470363,1.208172637085));
#1889 = CARTESIAN_POINT('',(2.846518501355,1.364992269246));
#1890 = CARTESIAN_POINT('',(2.846512695456,1.521744576239));
#1891 = CARTESIAN_POINT('',(2.846512377588,1.678511538791));
#1892 = CARTESIAN_POINT('',(2.846514526779,1.835371408288));
#1893 = CARTESIAN_POINT('',(2.846515998396,1.992373826134));
#1894 = CARTESIAN_POINT('',(2.846516171188,2.302645178038));
#1895 = CARTESIAN_POINT('',(2.846514897075,2.456395729932));
#1896 = CARTESIAN_POINT('',(2.846511286181,2.610027643093));
#1897 = CARTESIAN_POINT('',(2.846506122482,2.763591542635));
#1898 = CARTESIAN_POINT('',(2.846502663977,2.917157625461));
#1899 = CARTESIAN_POINT('',(2.846503276662,3.070793439503));
#1900 = CARTESIAN_POINT('',(2.846506842118,3.224542453034));
#1901 = CARTESIAN_POINT('',(2.846517872685,3.566697098534));
#1902 = CARTESIAN_POINT('',(2.846526040585,3.755947047124));
#1903 = CARTESIAN_POINT('',(2.846533208453,3.944785383808));
#1904 = CARTESIAN_POINT('',(2.846533921308,4.133475557583));
#1905 = CARTESIAN_POINT('',(2.846524994748,4.322163216871));
#1906 = CARTESIAN_POINT('',(2.846515226455,4.510998732585));
#1907 = CARTESIAN_POINT('',(2.846508700598,4.700239728496));
#1908 = CARTESIAN_POINT('',(2.846504926326,4.978742690894));
#1909 = CARTESIAN_POINT('',(2.846504699749,5.068594670928));
#1910 = CARTESIAN_POINT('',(2.846505365113,5.158443232933));
#1911 = CARTESIAN_POINT('',(2.846506758452,5.248292104928));
#1912 = CARTESIAN_POINT('',(2.846508651116,5.338143419694));
#1913 = CARTESIAN_POINT('',(2.846510749766,5.427997714782));
#1914 = CARTESIAN_POINT('',(2.846512696378,5.517853932503));
#1915 = CARTESIAN_POINT('',(2.846515531105,5.703525769503));
#1916 = CARTESIAN_POINT('',(2.846516340465,5.799346044071));
#1917 = CARTESIAN_POINT('',(2.846516482494,5.895169188703));
#1918 = CARTESIAN_POINT('',(2.846516057614,5.990993776588));
#1919 = CARTESIAN_POINT('',(2.846515280486,6.086818009035));
#1920 = CARTESIAN_POINT('',(2.846514480018,6.182639715481));
#1921 = CARTESIAN_POINT('',(2.846514099356,6.278456353484));
#1922 = CARTESIAN_POINT('',(2.846515271486,6.466709571631));
#1923 = CARTESIAN_POINT('',(2.846516567975,6.559172152723));
#1924 = CARTESIAN_POINT('',(2.846518697895,6.651640972734));
#1925 = CARTESIAN_POINT('',(2.846521484972,6.744117291506));
#1926 = CARTESIAN_POINT('',(2.846524217184,6.836607553387));
#1927 = CARTESIAN_POINT('',(2.846525781091,6.929112190486));
#1928 = CARTESIAN_POINT('',(2.846525177438,7.021611083787));
#1929 = CARTESIAN_POINT('',(2.84651895988,7.229886887314));
#1930 = CARTESIAN_POINT('',(2.846511936695,7.34583363714));
#1931 = CARTESIAN_POINT('',(2.846502143319,7.461767254239));
#1932 = CARTESIAN_POINT('',(2.846489930269,7.577673969941));
#1933 = CARTESIAN_POINT('',(2.846482513586,7.693567880868));
#1934 = CARTESIAN_POINT('',(2.846491436703,7.809468793707));
#1935 = CARTESIAN_POINT('',(2.846516785652,7.92538483467));
#1936 = CARTESIAN_POINT('',(2.846514758903,8.041249700144));
#1937 = ( GEOMETRIC_REPRESENTATION_CONTEXT(2) 
PARAMETRIC_REPRESENTATION_CONTEXT() REPRESENTATION_CONTEXT('2D SPACE',''
  ) );
#1938 = PCURVE('',#1939,#1944);
#1939 = CYLINDRICAL_SURFACE('',#1940,12.);
#1940 = AXIS2_PLACEMENT_3D('',#1941,#1942,#1943);
#1941 = CARTESIAN_POINT('',(0.,0.,0.));
#1942 = DIRECTION('',(0.,0.,1.));
#1943 = DIRECTION('',(1.,0.,0.));
#1944 = DEFINITIONAL_REPRESENTATION('',(#1945),#2004);
#1945 = B_SPLINE_CURVE_WITH_KNOTS('',8,(#1946,#1947,#1948,#1949,#1950,
    #1951,#1952,#1953,#1954,#1955,#1956,#1957,#1958,#1959,#1960,#1961,
    #1962,#1963,#1964,#1965,#1966,#1967,#1968,#1969,#1970,#1971,#1972,
    #1973,#1974,#1975,#1976,#1977,#1978,#1979,#1980,#1981,#1982,#1983,
    #1984,#1985,#1986,#1987,#1988,#1989,#1990,#1991,#1992,#1993,#1994,
    #1995,#1996,#1997,#1998,#1999,#2000,#2001,#2002,#2003),
  .UNSPECIFIED.,.F.,.F.,(9,7,7,7,7,7,7,7,9),(0.,0.109988458962,
    0.266207223569,0.419231242562,0.607263752288,0.696834024875,
    0.792346238921,0.884504769453,1.),.UNSPECIFIED.);
#1946 = CARTESIAN_POINT('',(0.,1.621856623675));
#1947 = CARTESIAN_POINT('',(8.63510931943E-02,1.690572162876));
#1948 = CARTESIAN_POINT('',(0.17272114967,1.759300747086));
#1949 = CARTESIAN_POINT('',(0.2591015067,1.828037725787));
#1950 = CARTESIAN_POINT('',(0.345485175076,1.896778876685));
#1951 = CARTESIAN_POINT('',(0.43186683911,1.965520405704));
#1952 = CARTESIAN_POINT('',(0.518242856635,2.034258946991));
#1953 = CARTESIAN_POINT('',(0.604611259003,2.102991562913));
#1954 = CARTESIAN_POINT('',(0.813631251104,2.269326045894));
#1955 = CARTESIAN_POINT('',(0.936447547429,2.367059774362));
#1956 = CARTESIAN_POINT('',(1.059155152433,2.46470569324));
#1957 = CARTESIAN_POINT('',(1.181809489611,2.56231024891));
#1958 = CARTESIAN_POINT('',(1.304475394659,2.659925347554));
#1959 = CARTESIAN_POINT('',(1.42721459937,2.757598934337));
#1960 = CARTESIAN_POINT('',(1.550065756371,2.855361107713));
#1961 = CARTESIAN_POINT('',(1.792847226425,3.048559984537));
#1962 = CARTESIAN_POINT('',(1.913154375479,3.144296586712));
#1963 = CARTESIAN_POINT('',(2.033368777543,3.239958711801));
#1964 = CARTESIAN_POINT('',(2.153529700403,3.335578085358));
#1965 = CARTESIAN_POINT('',(2.273691950822,3.431199258767));
#1966 = CARTESIAN_POINT('',(2.393908512544,3.526864903591));
#1967 = CARTESIAN_POINT('',(2.514213603973,3.622601797691));
#1968 = CARTESIAN_POINT('',(2.781941902787,3.835656471916));
#1969 = CARTESIAN_POINT('',(2.93002579697,3.953500170072));
#1970 = CARTESIAN_POINT('',(3.077787867977,4.071087308706));
#1971 = CARTESIAN_POINT('',(3.225434340452,4.188580522682));
#1972 = CARTESIAN_POINT('',(3.373078606836,4.306069681554));
#1973 = CARTESIAN_POINT('',(3.520838132488,4.423650689837));
#1974 = CARTESIAN_POINT('',(3.668914846939,4.541485018676));
#1975 = CARTESIAN_POINT('',(3.886837196661,4.714901430936));
#1976 = CARTESIAN_POINT('',(3.957144392657,4.770850133102));
#1977 = CARTESIAN_POINT('',(4.027448978466,4.826796937285));
#1978 = CARTESIAN_POINT('',(4.097753891942,4.882744122492));
#1979 = CARTESIAN_POINT('',(4.168060806933,4.938692957709));
#1980 = CARTESIAN_POINT('',(4.238370133283,4.9946437019));
#1981 = CARTESIAN_POINT('',(4.308681016832,5.050595604006));
#1982 = CARTESIAN_POINT('',(4.453965930715,5.166209917098));
#1983 = CARTESIAN_POINT('',(4.528943621493,5.225875206485));
#1984 = CARTESIAN_POINT('',(4.603923502464,5.285542110657));
#1985 = CARTESIAN_POINT('',(4.678904399104,5.345209767103));
#1986 = CARTESIAN_POINT('',(4.753884871643,5.404877111259));
#1987 = CARTESIAN_POINT('',(4.828863215066,5.464542876503));
#1988 = CARTESIAN_POINT('',(4.903837459115,5.52420559416));
#1989 = CARTESIAN_POINT('',(5.051140958197,5.641426844531));
#1990 = CARTESIAN_POINT('',(5.123490575278,5.699001501247));
#1991 = CARTESIAN_POINT('',(5.19584505127,5.756580258028));
#1992 = CARTESIAN_POINT('',(5.268205460796,5.814163853827));
#1993 = CARTESIAN_POINT('',(5.340576932288,5.871756117511));
#1994 = CARTESIAN_POINT('',(5.412959854101,5.929357030596));
#1995 = CARTESIAN_POINT('',(5.485338475815,5.986953807373));
#1996 = CARTESIAN_POINT('',(5.648310587125,6.116640752586));
#1997 = CARTESIAN_POINT('',(5.739037081546,6.188836312284));
#1998 = CARTESIAN_POINT('',(5.829753170753,6.261022979129));
#1999 = CARTESIAN_POINT('',(5.920448295217,6.333192270208));
#2000 = CARTESIAN_POINT('',(6.011132706876,6.405354826718));
#2001 = CARTESIAN_POINT('',(6.101821813746,6.477525962941));
#2002 = CARTESIAN_POINT('',(6.192523512627,6.5497107611));
#2003 = CARTESIAN_POINT('',(6.28318530718,6.621856623635));
#2004 = ( GEOMETRIC_REPRESENTATION_CONTEXT(2) 
PARAMETRIC_REPRESENTATION_CONTEXT() REPRESENTATION_CONTEXT('2D SPACE',''
  ) );
#2005 = ORIENTED_EDGE('',*,*,#2006,.T.);
#2006 = EDGE_CURVE('',#1814,#2007,#2009,.T.);
#2007 = VERTEX_POINT('',#2008);
#2008 = CARTESIAN_POINT('',(12.,-2.939152317954E-15,11.621856623636));
#2009 = SURFACE_CURVE('',#2010,(#2069,#2131),.PCURVE_S1.);
#2010 = B_SPLINE_CURVE_WITH_KNOTS('',8,(#2011,#2012,#2013,#2014,#2015,
    #2016,#2017,#2018,#2019,#2020,#2021,#2022,#2023,#2024,#2025,#2026,
    #2027,#2028,#2029,#2030,#2031,#2032,#2033,#2034,#2035,#2036,#2037,
    #2038,#2039,#2040,#2041,#2042,#2043,#2044,#2045,#2046,#2047,#2048,
    #2049,#2050,#2051,#2052,#2053,#2054,#2055,#2056,#2057,#2058,#2059,
    #2060,#2061,#2062,#2063,#2064,#2065,#2066,#2067,#2068),
  .UNSPECIFIED.,.F.,.F.,(9,7,7,7,7,7,7,7,9),(0.,0.147691878312,
    0.221358911358,0.329613323039,0.434795266004,0.58986259306,
    0.742976484352,0.865653132411,1.),.UNSPECIFIED.);
#2011 = CARTESIAN_POINT('',(12.,7.105427357601E-15,6.621856623635));
#2012 = CARTESIAN_POINT('',(12.,1.3911881335,6.714112011121));
#2013 = CARTESIAN_POINT('',(11.815674724386,2.783776018615,
    6.806451067845));
#2014 = CARTESIAN_POINT('',(11.446384948214,4.146744073301,
    6.898730436454));
#2015 = CARTESIAN_POINT('',(10.898591568298,5.452065469171,
    6.990976730931));
#2016 = CARTESIAN_POINT('',(10.182502681501,6.673363121421,
    7.083228700044));
#2017 = CARTESIAN_POINT('',(9.313008179011,7.786453474294,7.175525133926
    ));
#2018 = CARTESIAN_POINT('',(8.308887579097,8.769083429619,7.267887156402
    ));
#2019 = CARTESIAN_POINT('',(6.640687163629,10.019108882948,
    7.406124084944));
#2020 = CARTESIAN_POINT('',(6.057892068681,10.39853263281,7.452137423921
    ));
#2021 = CARTESIAN_POINT('',(5.450365441816,10.73917694475,7.498158214639
    ));
#2022 = CARTESIAN_POINT('',(4.821146558195,11.03914877253,7.544184614767
    ));
#2023 = CARTESIAN_POINT('',(4.173418364608,11.296863588505,7.59021433436
    ));
#2024 = CARTESIAN_POINT('',(3.510507479469,11.511045383628,
    7.636244635855));
#2025 = CARTESIAN_POINT('',(2.835884192819,11.680726667446,
    7.682272334072));
#2026 = CARTESIAN_POINT('',(1.149896340527,11.988234448586,
    7.795922776273));
#2027 = CARTESIAN_POINT('',(0.128384642108,12.073762125073,
    7.863565526699));
#2028 = CARTESIAN_POINT('',(-0.899679525573,12.059820253569,
    7.931213467593));
#2029 = CARTESIAN_POINT('',(-1.922883734893,11.945908100395,
    7.998860544241));
#2030 = CARTESIAN_POINT('',(-2.930096233962,11.733035442194,
    8.066503227119));
#2031 = CARTESIAN_POINT('',(-3.910465946625,11.423722565924,
    8.13414051189));
#2032 = CARTESIAN_POINT('',(-4.853422472462,11.02200026886,
    8.201773919404));
#2033 = CARTESIAN_POINT('',(-6.618520679158,10.058686585269,
    8.33512150083));
#2034 = CARTESIAN_POINT('',(-7.44384888864,9.501606658677,8.400846290408
    ));
#2035 = CARTESIAN_POINT('',(-8.21519104625,8.86748215127,8.466573935328)
  );
#2036 = CARTESIAN_POINT('',(-8.924110353101,8.162509306938,8.53229936437
    ));
#2037 = CARTESIAN_POINT('',(-9.563202880401,7.393768541011,
    8.598020364197));
#2038 = CARTESIAN_POINT('',(-10.12609756945,6.56922444026,8.663737579355
    ));
#2039 = CARTESIAN_POINT('',(-10.60745623165,5.697725762898,
    8.729454512275));
#2040 = CARTESIAN_POINT('',(-11.5860756609,3.449299898247,8.892071451584
    ));
#2041 = CARTESIAN_POINT('',(-11.98360421732,2.026414946819,
    8.989104354465));
#2042 = CARTESIAN_POINT('',(-12.18015224884,0.553554897619,
    9.086072388919));
#2043 = CARTESIAN_POINT('',(-12.16964952741,-0.93621474898,
    9.182959556832));
#2044 = CARTESIAN_POINT('',(-11.95213915802,-2.410018307053,
    9.279843374545));
#2045 = CARTESIAN_POINT('',(-11.53266446839,-3.835388020456,
    9.376802310139));
#2046 = CARTESIAN_POINT('',(-10.92226619614,-5.180649291982,
    9.473824988429));
#2047 = CARTESIAN_POINT('',(-9.369754492695,-7.634741266923,
    9.666396704895));
#2048 = CARTESIAN_POINT('',(-8.429932804874,-8.749489050576,
    9.762188981823));
#2049 = CARTESIAN_POINT('',(-7.339606503041,-9.729952639731,
    9.857898676226));
#2050 = CARTESIAN_POINT('',(-6.121719601816,-10.55338578859,
    9.953567436674));
#2051 = CARTESIAN_POINT('',(-4.802207077267,-11.20189063284,
    10.049243168569));
#2052 = CARTESIAN_POINT('',(-3.409503301082,-11.66165350791,
    10.144970547385));
#2053 = CARTESIAN_POINT('',(-1.975004871872,-11.92392884444,
    10.24077830469));
#2054 = CARTESIAN_POINT('',(0.62061785018,-12.03954042153,
    10.413075973399));
#2055 = CARTESIAN_POINT('',(1.781805390739,-11.96392089263,
    10.489778569178));
#2056 = CARTESIAN_POINT('',(2.932071345666,-11.76013633366,
    10.566468263996));
#2057 = CARTESIAN_POINT('',(4.054869994491,-11.4302851224,
    10.643134212566));
#2058 = CARTESIAN_POINT('',(5.134474836348,-10.97882284724,
    10.719798243991));
#2059 = CARTESIAN_POINT('',(6.15595881529,-10.41222424975,
    10.796485142339));
#2060 = CARTESIAN_POINT('',(7.105318760329,-9.739167646219,
    10.873194048015));
#2061 = CARTESIAN_POINT('',(8.916402026503,-8.13026328895,
    11.033842182129));
#2062 = CARTESIAN_POINT('',(9.762379849216,-7.174451837166,
    11.117875512825));
#2063 = CARTESIAN_POINT('',(10.490211528587,-6.118842960682,
    11.201880195399));
#2064 = CARTESIAN_POINT('',(11.086638726512,-4.980695324068,
    11.285849824434));
#2065 = CARTESIAN_POINT('',(11.541478771473,-3.77886364634,
    11.369823848114));
#2066 = CARTESIAN_POINT('',(11.847313655044,-2.533507907151,
    11.453842297781));
#2067 = CARTESIAN_POINT('',(12.,-1.266138881076,11.537893764643));
#2068 = CARTESIAN_POINT('',(12.,-7.105427357601E-15,11.621856623636));
#2069 = PCURVE('',#1072,#2070);
#2070 = DEFINITIONAL_REPRESENTATION('',(#2071),#2130);
#2071 = B_SPLINE_CURVE_WITH_KNOTS('',8,(#2072,#2073,#2074,#2075,#2076,
    #2077,#2078,#2079,#2080,#2081,#2082,#2083,#2084,#2085,#2086,#2087,
    #2088,#2089,#2090,#2091,#2092,#2093,#2094,#2095,#2096,#2097,#2098,
    #2099,#2100,#2101,#2102,#2103,#2104,#2105,#2106,#2107,#2108,#2109,
    #2110,#2111,#2112,#2113,#2114,#2115,#2116,#2117,#2118,#2119,#2120,
    #2121,#2122,#2123,#2124,#2125,#2126,#2127,#2128,#2129),
  .UNSPECIFIED.,.F.,.F.,(9,7,7,7,7,7,7,7,9),(0.,0.147691878312,
    0.221358911358,0.329613323039,0.434795266004,0.58986259306,
    0.742976484352,0.865653132411,1.),.UNSPECIFIED.);
#2072 = CARTESIAN_POINT('',(2.846514758903,8.041249700144));
#2073 = CARTESIAN_POINT('',(2.84651216723,8.189410075317));
#2074 = CARTESIAN_POINT('',(2.846473526034,8.337719772039));
#2075 = CARTESIAN_POINT('',(2.846484310827,8.48591311234));
#2076 = CARTESIAN_POINT('',(2.846507321582,8.634048265957));
#2077 = CARTESIAN_POINT('',(2.846520945184,8.782196426134));
#2078 = CARTESIAN_POINT('',(2.84652633209,8.930419411477));
#2079 = CARTESIAN_POINT('',(2.846525823174,9.078750175334));
#2080 = CARTESIAN_POINT('',(2.846521835721,9.300756062847));
#2081 = CARTESIAN_POINT('',(2.846519936054,9.37465285065));
#2082 = CARTESIAN_POINT('',(2.846517960861,9.448561637041));
#2083 = CARTESIAN_POINT('',(2.846516266022,9.522479315697));
#2084 = CARTESIAN_POINT('',(2.846515066156,9.596402120024));
#2085 = CARTESIAN_POINT('',(2.846514434622,9.670325623155));
#2086 = CARTESIAN_POINT('',(2.846514303519,9.744244737951));
#2087 = CARTESIAN_POINT('',(2.846514699058,9.926763670652));
#2088 = CARTESIAN_POINT('',(2.846515759884,10.035395396736));
#2089 = CARTESIAN_POINT('',(2.846516688424,10.144035513415));
#2090 = CARTESIAN_POINT('',(2.846516866364,10.25267455345));
#2091 = CARTESIAN_POINT('',(2.846516014818,10.361306964198));
#2092 = CARTESIAN_POINT('',(2.846514194331,10.469931107616));
#2093 = CARTESIAN_POINT('',(2.846511804874,10.578549260257));
#2094 = CARTESIAN_POINT('',(2.846507429804,10.792703168215));
#2095 = CARTESIAN_POINT('',(2.846505335656,10.898256016976));
#2096 = CARTESIAN_POINT('',(2.846504085026,11.003813101485));
#2097 = CARTESIAN_POINT('',(2.846504148437,11.109366082371));
#2098 = CARTESIAN_POINT('',(2.846505685318,11.21491133896));
#2099 = CARTESIAN_POINT('',(2.846508544001,11.320449969278));
#2100 = CARTESIAN_POINT('',(2.846512261722,11.425987790049));
#2101 = CARTESIAN_POINT('',(2.846521671149,11.687141664881));
#2102 = CARTESIAN_POINT('',(2.846527563126,11.842971063536));
#2103 = CARTESIAN_POINT('',(2.846531596777,11.998697056234));
#2104 = CARTESIAN_POINT('',(2.84653130619,12.154294973222));
#2105 = CARTESIAN_POINT('',(2.84652638665,12.309889429724));
#2106 = CARTESIAN_POINT('',(2.846519164173,12.465605478352));
#2107 = CARTESIAN_POINT('',(2.846513051234,12.621423435603));
#2108 = CARTESIAN_POINT('',(2.846504977325,12.930691007633));
#2109 = CARTESIAN_POINT('',(2.846503032933,13.084531249453));
#2110 = CARTESIAN_POINT('',(2.846504322689,13.238237524946));
#2111 = CARTESIAN_POINT('',(2.846509009354,13.391876652922));
#2112 = CARTESIAN_POINT('',(2.84651402943,13.545526838547));
#2113 = CARTESIAN_POINT('',(2.846516404444,13.699261064555));
#2114 = CARTESIAN_POINT('',(2.84651652218,13.853125312126));
#2115 = CARTESIAN_POINT('',(2.846515265936,14.129830562628));
#2116 = CARTESIAN_POINT('',(2.846514245558,14.253012983436));
#2117 = CARTESIAN_POINT('',(2.846513187036,14.376174701521));
#2118 = CARTESIAN_POINT('',(2.846513819414,14.499297582575));
#2119 = CARTESIAN_POINT('',(2.846516877277,14.622416378795));
#2120 = CARTESIAN_POINT('',(2.84652122129,14.745571365164));
#2121 = CARTESIAN_POINT('',(2.846524379324,14.8687621865));
#2122 = CARTESIAN_POINT('',(2.846524649353,15.126758011566));
#2123 = CARTESIAN_POINT('',(2.846520308186,15.261714743306));
#2124 = CARTESIAN_POINT('',(2.846513725533,15.396626396692));
#2125 = CARTESIAN_POINT('',(2.846497014368,15.53148595592));
#2126 = CARTESIAN_POINT('',(2.846478913161,15.666353149325));
#2127 = CARTESIAN_POINT('',(2.846482964307,15.801282501926));
#2128 = CARTESIAN_POINT('',(2.846517117621,15.936252394414));
#2129 = CARTESIAN_POINT('',(2.846514758906,16.071095128567));
#2130 = ( GEOMETRIC_REPRESENTATION_CONTEXT(2) 
PARAMETRIC_REPRESENTATION_CONTEXT() REPRESENTATION_CONTEXT('2D SPACE',''
  ) );
#2131 = PCURVE('',#2132,#2137);
#2132 = CYLINDRICAL_SURFACE('',#2133,12.);
#2133 = AXIS2_PLACEMENT_3D('',#2134,#2135,#2136);
#2134 = CARTESIAN_POINT('',(0.,0.,0.));
#2135 = DIRECTION('',(0.,0.,1.));
#2136 = DIRECTION('',(1.,0.,0.));
#2137 = DEFINITIONAL_REPRESENTATION('',(#2138),#2197);
#2138 = B_SPLINE_CURVE_WITH_KNOTS('',8,(#2139,#2140,#2141,#2142,#2143,
    #2144,#2145,#2146,#2147,#2148,#2149,#2150,#2151,#2152,#2153,#2154,
    #2155,#2156,#2157,#2158,#2159,#2160,#2161,#2162,#2163,#2164,#2165,
    #2166,#2167,#2168,#2169,#2170,#2171,#2172,#2173,#2174,#2175,#2176,
    #2177,#2178,#2179,#2180,#2181,#2182,#2183,#2184,#2185,#2186,#2187,
    #2188,#2189,#2190,#2191,#2192,#2193,#2194,#2195,#2196),
  .UNSPECIFIED.,.F.,.F.,(9,7,7,7,7,7,7,7,9),(0.,0.147691878312,
    0.221358911358,0.329613323039,0.434795266004,0.58986259306,
    0.742976484352,0.865653132411,1.),.UNSPECIFIED.);
#2139 = CARTESIAN_POINT('',(0.,6.621856623635));
#2140 = CARTESIAN_POINT('',(0.115932344458,6.714112011121));
#2141 = CARTESIAN_POINT('',(0.23198099243,6.806451067845));
#2142 = CARTESIAN_POINT('',(0.347938039213,6.898730436454));
#2143 = CARTESIAN_POINT('',(0.463851639922,6.990976730931));
#2144 = CARTESIAN_POINT('',(0.579775483279,7.083228700044));
#2145 = CARTESIAN_POINT('',(0.695757630088,7.175525133926));
#2146 = CARTESIAN_POINT('',(0.81182354009,7.267887156402));
#2147 = CARTESIAN_POINT('',(0.985538189974,7.406124084944));
#2148 = CARTESIAN_POINT('',(1.043360666571,7.452137423921));
#2149 = CARTESIAN_POINT('',(1.101192456759,7.498158214639));
#2150 = CARTESIAN_POINT('',(1.159031163651,7.544184614767));
#2151 = CARTESIAN_POINT('',(1.216873872647,7.59021433436));
#2152 = CARTESIAN_POINT('',(1.274717151435,7.636244635855));
#2153 = CARTESIAN_POINT('',(1.332557049988,7.682272334072));
#2154 = CARTESIAN_POINT('',(1.47537385362,7.795922776273));
#2155 = CARTESIAN_POINT('',(1.560375837588,7.863565526699));
#2156 = CARTESIAN_POINT('',(1.645384566469,7.931213467593));
#2157 = CARTESIAN_POINT('',(1.730392601426,7.998860544241));
#2158 = CARTESIAN_POINT('',(1.815395550793,8.066503227119));
#2159 = CARTESIAN_POINT('',(1.900392070069,8.13414051189));
#2160 = CARTESIAN_POINT('',(1.985383861923,8.201773919404));
#2161 = CARTESIAN_POINT('',(2.152955259067,8.33512150083));
#2162 = CARTESIAN_POINT('',(2.235548260445,8.400846290408));
#2163 = CARTESIAN_POINT('',(2.318144466186,8.466573935328));
#2164 = CARTESIAN_POINT('',(2.400737364938,8.53229936437));
#2165 = CARTESIAN_POINT('',(2.483324148135,8.598020364197));
#2166 = CARTESIAN_POINT('',(2.565905709998,8.663737579355));
#2167 = CARTESIAN_POINT('',(2.648486647535,8.729454512275));
#2168 = CARTESIAN_POINT('',(2.852833759226,8.892071451584));
#2169 = CARTESIAN_POINT('',(2.974766896401,8.989104354465));
#2170 = CARTESIAN_POINT('',(3.096619318206,9.086072388919));
#2171 = CARTESIAN_POINT('',(3.218371599904,9.182959556832));
#2172 = CARTESIAN_POINT('',(3.340121081278,9.279843374545));
#2173 = CARTESIAN_POINT('',(3.461965516531,9.376802310139));
#2174 = CARTESIAN_POINT('',(3.583889538695,9.473824988429));
#2175 = CARTESIAN_POINT('',(3.825884430899,9.666396704895));
#2176 = CARTESIAN_POINT('',(3.946260951721,9.762188981823));
#2177 = CARTESIAN_POINT('',(4.06653276306,9.857898676226));
#2178 = CARTESIAN_POINT('',(4.186752352789,9.953567436674));
#2179 = CARTESIAN_POINT('',(4.306980954434,10.049243168569));
#2180 = CARTESIAN_POINT('',(4.427275456736,10.144970547385));
#2181 = CARTESIAN_POINT('',(4.547671483132,10.24077830469));
#2182 = CARTESIAN_POINT('',(4.764187830859,10.413075973399));
#2183 = CARTESIAN_POINT('',(4.860575419146,10.489778569178));
#2184 = CARTESIAN_POINT('',(4.956946531532,10.566468263996));
#2185 = CARTESIAN_POINT('',(5.053287001687,10.643134212566));
#2186 = CARTESIAN_POINT('',(5.149624180699,10.719798243991));
#2187 = CARTESIAN_POINT('',(5.245989828989,10.796485142339));
#2188 = CARTESIAN_POINT('',(5.342383871049,10.873194048015));
#2189 = CARTESIAN_POINT('',(5.54426041177,11.033842182129));
#2190 = CARTESIAN_POINT('',(5.649861587423,11.117875512825));
#2191 = CARTESIAN_POINT('',(5.755428176862,11.201880195399));
#2192 = CARTESIAN_POINT('',(5.860953757543,11.285849824434));
#2193 = CARTESIAN_POINT('',(5.966484410673,11.369823848114));
#2194 = CARTESIAN_POINT('',(6.072063081074,11.453842297781));
#2195 = CARTESIAN_POINT('',(6.177673733757,11.537893764643));
#2196 = CARTESIAN_POINT('',(6.28318530718,11.621856623636));
#2197 = ( GEOMETRIC_REPRESENTATION_CONTEXT(2) 
PARAMETRIC_REPRESENTATION_CONTEXT() REPRESENTATION_CONTEXT('2D SPACE',''
  ) );
#2198 = ORIENTED_EDGE('',*,*,#2199,.T.);
#2199 = EDGE_CURVE('',#2007,#2200,#2202,.T.);
#2200 = VERTEX_POINT('',#2201);
#2201 = CARTESIAN_POINT('',(12.,-2.939152317954E-15,16.621856623633));
#2202 = SURFACE_CURVE('',#2203,(#2260,#2320),.PCURVE_S1.);
#2203 = B_SPLINE_CURVE_WITH_KNOTS('',7,(#2204,#2205,#2206,#2207,#2208,
    #2209,#2210,#2211,#2212,#2213,#2214,#2215,#2216,#2217,#2218,#2219,
    #2220,#2221,#2222,#2223,#2224,#2225,#2226,#2227,#2228,#2229,#2230,
    #2231,#2232,#2233,#2234,#2235,#2236,#2237,#2238,#2239,#2240,#2241,
    #2242,#2243,#2244,#2245,#2246,#2247,#2248,#2249,#2250,#2251,#2252,
    #2253,#2254,#2255,#2256,#2257,#2258,#2259),.UNSPECIFIED.,.F.,.F.,(8,
    6,6,6,6,6,6,6,6,8),(0.,0.106345477784,0.207090925511,0.306016772611,
    0.388262400656,0.518289609541,0.666116928223,0.760142914433,
    0.889603205094,1.),.UNSPECIFIED.);
#2204 = CARTESIAN_POINT('',(12.,-7.105427357601E-15,11.621856623636));
#2205 = CARTESIAN_POINT('',(12.,1.145573173818,11.697824276392));
#2206 = CARTESIAN_POINT('',(11.872290215976,2.291806382292,
    11.773812066057));
#2207 = CARTESIAN_POINT('',(11.617009282561,3.420667316273,
    11.849809203459));
#2208 = CARTESIAN_POINT('',(11.236998786441,4.515132536027,
    11.925807805037));
#2209 = CARTESIAN_POINT('',(10.737803266355,5.559187471238,
    12.001802892831));
#2210 = CARTESIAN_POINT('',(10.127670213092,6.537826421002,
    12.077792394488));
#2211 = CARTESIAN_POINT('',(8.74482403265,8.288926476899,12.225760622905
    ));
#2212 = CARTESIAN_POINT('',(7.982323583102,9.069646625904,12.29772934571
    ));
#2213 = CARTESIAN_POINT('',(7.139248032579,9.76769593953,12.369670582282
    ));
#2214 = CARTESIAN_POINT('',(6.226302095833,10.373549978605,
    12.441603423362));
#2215 = CARTESIAN_POINT('',(5.255367927158,10.879247576475,
    12.513555862425));
#2216 = CARTESIAN_POINT('',(4.239511023132,11.278496200224,
    12.585537942327));
#2217 = CARTESIAN_POINT('',(2.166024601549,11.850911436313,
    12.728184058424));
#2218 = CARTESIAN_POINT('',(1.109295996772,12.02808363758,
    12.798860706394));
#2219 = CARTESIAN_POINT('',(3.660420366139E-02,12.095095325277,
    12.869524135325));
#2220 = CARTESIAN_POINT('',(-1.03841404486,12.050519222816,
    12.940188348123));
#2221 = CARTESIAN_POINT('',(-2.102073600807,11.894856933752,
    13.010863363325));
#2222 = CARTESIAN_POINT('',(-3.140605101619,11.630617499591,
    13.081549175276));
#2223 = CARTESIAN_POINT('',(-4.971611271077,10.957525508221,
    13.210914427214));
#2224 = CARTESIAN_POINT('',(-5.776713433615,10.580324331483,
    13.269649199959));
#2225 = CARTESIAN_POINT('',(-6.548083558667,10.134245469954,
    13.328391702002));
#2226 = CARTESIAN_POINT('',(-7.278674409582,9.622938723511,
    13.387139541577));
#2227 = CARTESIAN_POINT('',(-7.962011791357,9.050940849158,
    13.445887596799));
#2228 = CARTESIAN_POINT('',(-8.592194550635,8.423675561027,
    13.504628015662));
#2229 = CARTESIAN_POINT('',(-10.06773056488,6.678372226944,
    13.656187780744));
#2230 = CARTESIAN_POINT('',(-10.82706420456,5.485065529741,
    13.749127419947));
#2231 = CARTESIAN_POINT('',(-11.41967784194,4.192745285242,
    13.842021314314));
#2232 = CARTESIAN_POINT('',(-11.83142390561,2.82948334932,
    13.934884589466));
#2233 = CARTESIAN_POINT('',(-12.05327158236,1.42506164804,
    14.027785272245));
#2234 = CARTESIAN_POINT('',(-12.08140451697,1.072813545187E-02,
    14.120735808355));
#2235 = CARTESIAN_POINT('',(-11.73728962565,-2.96141429194,
    14.319147245792));
#2236 = CARTESIAN_POINT('',(-11.30915093063,-4.517089212765,
    14.424890677395));
#2237 = CARTESIAN_POINT('',(-10.64038561902,-5.996908072339,
    14.530504513157));
#2238 = CARTESIAN_POINT('',(-9.748902213921,-7.357887744494,
    14.636105156177));
#2239 = CARTESIAN_POINT('',(-8.659703105165,-8.56208049317,
    14.741709585028));
#2240 = CARTESIAN_POINT('',(-7.404891262082,-9.576101257388,
    14.847441841606));
#2241 = CARTESIAN_POINT('',(-5.152970520591,-10.88448944872,
    15.020154101194));
#2242 = CARTESIAN_POINT('',(-4.227203599913,-11.30706662115,
    15.087303281681));
#2243 = CARTESIAN_POINT('',(-3.261700574418,-11.63746280453,
    15.154456776019));
#2244 = CARTESIAN_POINT('',(-2.267442007868,-11.87129364892,
    15.22161331123));
#2245 = CARTESIAN_POINT('',(-1.255843740973,-12.00588287696,
    15.288769379465));
#2246 = CARTESIAN_POINT('',(-0.238756891391,-12.04026228392,
    15.355919238003));
#2247 = CARTESIAN_POINT('',(2.162555178729,-11.88555139576,
    15.515491094871));
#2248 = CARTESIAN_POINT('',(3.541913105128,-11.60738264682,
    15.607956600565));
#2249 = CARTESIAN_POINT('',(4.877438867424,-11.14256109898,
    15.700368272498));
#2250 = CARTESIAN_POINT('',(6.139943110632,-10.49998957393,15.7927620751
    ));
#2251 = CARTESIAN_POINT('',(7.302099858161,-9.69328118161,
    15.885209032354));
#2252 = CARTESIAN_POINT('',(8.338853935175,-8.740988785628,
    15.977716150832));
#2253 = CARTESIAN_POINT('',(9.988717559737,-6.755534019175,
    16.148902827524));
#2254 = CARTESIAN_POINT('',(10.643211677105,-5.753152318958,
    16.227762917927));
#2255 = CARTESIAN_POINT('',(11.179394181441,-4.677738689904,
    16.306599078887));
#2256 = CARTESIAN_POINT('',(11.588018275792,-3.546329592557,
    16.385409684903));
#2257 = CARTESIAN_POINT('',(11.862743606823,-2.376893412392,
    16.464227297534));
#2258 = CARTESIAN_POINT('',(12.,-1.188179806273,16.543063550435));
#2259 = CARTESIAN_POINT('',(12.,7.105427357601E-15,16.621856623633));
#2260 = PCURVE('',#1072,#2261);
#2261 = DEFINITIONAL_REPRESENTATION('',(#2262),#2319);
#2262 = B_SPLINE_CURVE_WITH_KNOTS('',7,(#2263,#2264,#2265,#2266,#2267,
    #2268,#2269,#2270,#2271,#2272,#2273,#2274,#2275,#2276,#2277,#2278,
    #2279,#2280,#2281,#2282,#2283,#2284,#2285,#2286,#2287,#2288,#2289,
    #2290,#2291,#2292,#2293,#2294,#2295,#2296,#2297,#2298,#2299,#2300,
    #2301,#2302,#2303,#2304,#2305,#2306,#2307,#2308,#2309,#2310,#2311,
    #2312,#2313,#2314,#2315,#2316,#2317,#2318),.UNSPECIFIED.,.F.,.F.,(8,
    6,6,6,6,6,6,6,6,8),(0.,0.106345477784,0.207090925511,0.306016772611,
    0.388262400656,0.518289609541,0.666116928223,0.760142914433,
    0.889603205094,1.),.UNSPECIFIED.);
#2263 = CARTESIAN_POINT('',(2.846514758906,16.071095128567));
#2264 = CARTESIAN_POINT('',(2.846512624796,16.193097715517));
#2265 = CARTESIAN_POINT('',(2.84649837431,16.315137666917));
#2266 = CARTESIAN_POINT('',(2.846487502014,16.437191229412));
#2267 = CARTESIAN_POINT('',(2.846487872673,16.559242480373));
#2268 = CARTESIAN_POINT('',(2.846499721255,16.681283327901));
#2269 = CARTESIAN_POINT('',(2.84651565293,16.803313510826));
#2270 = CARTESIAN_POINT('',(2.846525370436,17.040941881045));
#2271 = CARTESIAN_POINT('',(2.846526744315,17.156520855197));
#2272 = CARTESIAN_POINT('',(2.84652402199,17.272057386186));
#2273 = CARTESIAN_POINT('',(2.846519940066,17.387580998161));
#2274 = CARTESIAN_POINT('',(2.846516822419,17.503135683962));
#2275 = CARTESIAN_POINT('',(2.84651514972,17.618737372752));
#2276 = CARTESIAN_POINT('',(2.846514041458,17.847823085041));
#2277 = CARTESIAN_POINT('',(2.846514568725,17.961327378079));
#2278 = CARTESIAN_POINT('',(2.846515892452,18.074810111423));
#2279 = CARTESIAN_POINT('',(2.846516890874,18.188294238551));
#2280 = CARTESIAN_POINT('',(2.846516636471,18.301796233608));
#2281 = CARTESIAN_POINT('',(2.846515273003,18.415316027889));
#2282 = CARTESIAN_POINT('',(2.846511660054,18.623074121714));
#2283 = CARTESIAN_POINT('',(2.846509497964,18.717401247713));
#2284 = CARTESIAN_POINT('',(2.846507355013,18.811740778785));
#2285 = CARTESIAN_POINT('',(2.846505663641,18.906088694481));
#2286 = CARTESIAN_POINT('',(2.846504747645,19.000436634915));
#2287 = CARTESIAN_POINT('',(2.846504822189,19.094771900774));
#2288 = CARTESIAN_POINT('',(2.846507846059,19.338170943995));
#2289 = CARTESIAN_POINT('',(2.846512189723,19.487427329879));
#2290 = CARTESIAN_POINT('',(2.846519025521,19.636609217372));
#2291 = CARTESIAN_POINT('',(2.84652568683,19.785742003721));
#2292 = CARTESIAN_POINT('',(2.846529499804,19.934936046893));
#2293 = CARTESIAN_POINT('',(2.846529440924,20.084211758803));
#2294 = CARTESIAN_POINT('',(2.846523780366,20.402856741259));
#2295 = CARTESIAN_POINT('',(2.846517367966,20.572680082934));
#2296 = CARTESIAN_POINT('',(2.846508913355,20.742296144692));
#2297 = CARTESIAN_POINT('',(2.846502904213,20.911890005069));
#2298 = CARTESIAN_POINT('',(2.846502990646,21.081487417268));
#2299 = CARTESIAN_POINT('',(2.846505915684,21.251288939549));
#2300 = CARTESIAN_POINT('',(2.846511540929,21.528657156126));
#2301 = CARTESIAN_POINT('',(2.846513994202,21.636495646635));
#2302 = CARTESIAN_POINT('',(2.846515859307,21.744341308996));
#2303 = CARTESIAN_POINT('',(2.846516701099,21.852192279319));
#2304 = CARTESIAN_POINT('',(2.846516503783,21.960042930655));
#2305 = CARTESIAN_POINT('',(2.846515670916,22.067883873002));
#2306 = CARTESIAN_POINT('',(2.846514136628,22.324151978415));
#2307 = CARTESIAN_POINT('',(2.846513603588,22.472648943127));
#2308 = CARTESIAN_POINT('',(2.846514681887,22.62105878419));
#2309 = CARTESIAN_POINT('',(2.846520339638,22.769438028356));
#2310 = CARTESIAN_POINT('',(2.84652696302,22.917902236762));
#2311 = CARTESIAN_POINT('',(2.846526780189,23.066465885072));
#2312 = CARTESIAN_POINT('',(2.846516077482,23.341390834609));
#2313 = CARTESIAN_POINT('',(2.846506857734,23.468041525728));
#2314 = CARTESIAN_POINT('',(2.846495298891,23.594654757029));
#2315 = CARTESIAN_POINT('',(2.846482375786,23.7212275137));
#2316 = CARTESIAN_POINT('',(2.846485914884,23.84780469517));
#2317 = CARTESIAN_POINT('',(2.846516972368,23.974400399241));
#2318 = CARTESIAN_POINT('',(2.846514758894,24.100940556989));
#2319 = ( GEOMETRIC_REPRESENTATION_CONTEXT(2) 
PARAMETRIC_REPRESENTATION_CONTEXT() REPRESENTATION_CONTEXT('2D SPACE',''
  ) );
#2320 = PCURVE('',#2321,#2326);
#2321 = CYLINDRICAL_SURFACE('',#2322,12.);
#2322 = AXIS2_PLACEMENT_3D('',#2323,#2324,#2325);
#2323 = CARTESIAN_POINT('',(0.,0.,0.));
#2324 = DIRECTION('',(0.,0.,1.));
#2325 = DIRECTION('',(1.,0.,0.));
#2326 = DEFINITIONAL_REPRESENTATION('',(#2327),#2384);
#2327 = B_SPLINE_CURVE_WITH_KNOTS('',7,(#2328,#2329,#2330,#2331,#2332,
    #2333,#2334,#2335,#2336,#2337,#2338,#2339,#2340,#2341,#2342,#2343,
    #2344,#2345,#2346,#2347,#2348,#2349,#2350,#2351,#2352,#2353,#2354,
    #2355,#2356,#2357,#2358,#2359,#2360,#2361,#2362,#2363,#2364,#2365,
    #2366,#2367,#2368,#2369,#2370,#2371,#2372,#2373,#2374,#2375,#2376,
    #2377,#2378,#2379,#2380,#2381,#2382,#2383),.UNSPECIFIED.,.F.,.F.,(8,
    6,6,6,6,6,6,6,6,8),(0.,0.106345477784,0.207090925511,0.306016772611,
    0.388262400656,0.518289609541,0.666116928223,0.760142914433,
    0.889603205094,1.),.UNSPECIFIED.);
#2328 = CARTESIAN_POINT('',(0.,11.621856623636));
#2329 = CARTESIAN_POINT('',(9.54644311515E-02,11.697824276392));
#2330 = CARTESIAN_POINT('',(0.190957597863,11.773812066057));
#2331 = CARTESIAN_POINT('',(0.28646150682,11.849809203459));
#2332 = CARTESIAN_POINT('',(0.38196402162,11.925807805037));
#2333 = CARTESIAN_POINT('',(0.477458862774,12.001802892831));
#2334 = CARTESIAN_POINT('',(0.572945607703,12.077792394488));
#2335 = CARTESIAN_POINT('',(0.758885692224,12.225760622905));
#2336 = CARTESIAN_POINT('',(0.849324108345,12.29772934571));
#2337 = CARTESIAN_POINT('',(0.939728984403,12.369670582282));
#2338 = CARTESIAN_POINT('',(1.030123407448,12.441603423362));
#2339 = CARTESIAN_POINT('',(1.120541957489,12.513555862425));
#2340 = CARTESIAN_POINT('',(1.210997321063,12.585537942327));
#2341 = CARTESIAN_POINT('',(1.39025127544,12.728184058424));
#2342 = CARTESIAN_POINT('',(1.479065725524,12.798860706393));
#2343 = CARTESIAN_POINT('',(1.567863529877,12.869524135325));
#2344 = CARTESIAN_POINT('',(1.656662681423,12.940188348123));
#2345 = CARTESIAN_POINT('',(1.745475968611,13.010863363325));
#2346 = CARTESIAN_POINT('',(1.834303223759,13.081549175276));
#2347 = CARTESIAN_POINT('',(1.996870227497,13.210914427214));
#2348 = CARTESIAN_POINT('',(2.070679492778,13.269649199959));
#2349 = CARTESIAN_POINT('',(2.144498389164,13.328391702002));
#2350 = CARTESIAN_POINT('',(2.218323746566,13.387139541577));
#2351 = CARTESIAN_POINT('',(2.292149022054,13.445887596799));
#2352 = CARTESIAN_POINT('',(2.365964299856,13.504628015662));
#2353 = CARTESIAN_POINT('',(2.556418622487,13.656187780744));
#2354 = CARTESIAN_POINT('',(2.673208314286,13.749127419947));
#2355 = CARTESIAN_POINT('',(2.789939741089,13.842021314314));
#2356 = CARTESIAN_POINT('',(2.906632937683,13.934884589466));
#2357 = CARTESIAN_POINT('',(3.023374239532,14.027785272245));
#2358 = CARTESIAN_POINT('',(3.140179446666,14.120735808355));
#2359 = CARTESIAN_POINT('',(3.389512524695,14.319147245792));
#2360 = CARTESIAN_POINT('',(3.522395673964,14.424890677395));
#2361 = CARTESIAN_POINT('',(3.65511644124,14.530504513157));
#2362 = CARTESIAN_POINT('',(3.787819586536,14.636105156177));
#2363 = CARTESIAN_POINT('',(3.920525711411,14.741709585028));
#2364 = CARTESIAN_POINT('',(4.053391926879,14.847441841606));
#2365 = CARTESIAN_POINT('',(4.270427297223,15.020154101194));
#2366 = CARTESIAN_POINT('',(4.354808996883,15.087303281681));
#2367 = CARTESIAN_POINT('',(4.439196356587,15.154456776019));
#2368 = CARTESIAN_POINT('',(4.523587846045,15.22161331123));
#2369 = CARTESIAN_POINT('',(4.607978995948,15.288769379465));
#2370 = CARTESIAN_POINT('',(4.692362397971,15.355919238003));
#2371 = CARTESIAN_POINT('',(4.892886626159,15.515491094871));
#2372 = CARTESIAN_POINT('',(5.009081943933,15.607956600565));
#2373 = CARTESIAN_POINT('',(5.125208687695,15.700368272498));
#2374 = CARTESIAN_POINT('',(5.241311472764,15.7927620751));
#2375 = CARTESIAN_POINT('',(5.357481217319,15.885209032354));
#2376 = CARTESIAN_POINT('',(5.473729469607,15.977716150832));
#2377 = CARTESIAN_POINT('',(5.688853474694,16.148902827524));
#2378 = CARTESIAN_POINT('',(5.787955540146,16.227762917927));
#2379 = CARTESIAN_POINT('',(5.887028559201,16.306599078887));
#2380 = CARTESIAN_POINT('',(5.986069014601,16.385409684903));
#2381 = CARTESIAN_POINT('',(6.085112155264,16.464227297534));
#2382 = CARTESIAN_POINT('',(6.184170323324,16.543063550435));
#2383 = CARTESIAN_POINT('',(6.28318530718,16.621856623633));
#2384 = ( GEOMETRIC_REPRESENTATION_CONTEXT(2) 
PARAMETRIC_REPRESENTATION_CONTEXT() REPRESENTATION_CONTEXT('2D SPACE',''
  ) );
#2385 = ORIENTED_EDGE('',*,*,#2386,.T.);
#2386 = EDGE_CURVE('',#2200,#2387,#2389,.T.);
#2387 = VERTEX_POINT('',#2388);
#2388 = CARTESIAN_POINT('',(12.,-2.939152317954E-15,21.621856623644));
#2389 = SURFACE_CURVE('',#2390,(#2449,#2511),.PCURVE_S1.);
#2390 = B_SPLINE_CURVE_WITH_KNOTS('',8,(#2391,#2392,#2393,#2394,#2395,
    #2396,#2397,#2398,#2399,#2400,#2401,#2402,#2403,#2404,#2405,#2406,
    #2407,#2408,#2409,#2410,#2411,#2412,#2413,#2414,#2415,#2416,#2417,
    #2418,#2419,#2420,#2421,#2422,#2423,#2424,#2425,#2426,#2427,#2428,
    #2429,#2430,#2431,#2432,#2433,#2434,#2435,#2436,#2437,#2438,#2439,
    #2440,#2441,#2442,#2443,#2444,#2445,#2446,#2447,#2448),
  .UNSPECIFIED.,.F.,.F.,(9,7,7,7,7,7,7,7,9),(0.,0.154264368218,
    0.258110645007,0.33624147511,0.507980184794,0.641403527322,
    0.741517519516,0.886062475558,1.),.UNSPECIFIED.);
#2391 = CARTESIAN_POINT('',(12.,7.105427357601E-15,16.621856623633));
#2392 = CARTESIAN_POINT('',(12.,1.453143991842,16.718220558041));
#2393 = CARTESIAN_POINT('',(11.798891721188,2.908449241281,
    16.814717774823));
#2394 = CARTESIAN_POINT('',(11.395638247398,4.33007412499,
    16.911152852531));
#2395 = CARTESIAN_POINT('',(10.798037122474,5.685910389764,
    17.007549592063));
#2396 = CARTESIAN_POINT('',(10.018252227823,6.945968856886,
    17.103951640601));
#2397 = CARTESIAN_POINT('',(9.074043575338,8.083145029889,
    17.200403000198));
#2398 = CARTESIAN_POINT('',(7.987469761904,9.072589057572,
    17.296939297527));
#2399 = CARTESIAN_POINT('',(5.982707168244,10.448161596463,
    17.458169601395));
#2400 = CARTESIAN_POINT('',(5.124057192285,10.926688055505,
    17.523060442926));
#2401 = CARTESIAN_POINT('',(4.222059690557,11.324411711353,
    17.587961293587));
#2402 = CARTESIAN_POINT('',(3.285743835525,11.636721337796,
    17.652862984149));
#2403 = CARTESIAN_POINT('',(2.324446479463,11.860286335611,
    17.717759832494));
#2404 = CARTESIAN_POINT('',(1.347812154448,11.993056732561,
    17.782649643617));
#2405 = CARTESIAN_POINT('',(0.365793072362,12.034263183398,
    17.847533709628));
#2406 = CARTESIAN_POINT('',(-1.346524731174,11.946914170903,
    17.96123291206));
#2407 = CARTESIAN_POINT('',(-2.078721019047,11.857923576556,
    18.010022691083));
#2408 = CARTESIAN_POINT('',(-2.803891664089,11.717672317958,
    18.058802985528));
#2409 = CARTESIAN_POINT('',(-3.518026206514,11.526782297044,
    18.107585406922));
#2410 = CARTESIAN_POINT('',(-4.217151801396,11.286270186547,
    18.156376339603));
#2411 = CARTESIAN_POINT('',(-4.897333218658,10.997547429997,
    18.205176940726));
#2412 = CARTESIAN_POINT('',(-5.554672843082,10.662420241721,
    18.253983140258));
#2413 = CARTESIAN_POINT('',(-7.571510299597,9.44928618133,
    18.410058000599));
#2414 = CARTESIAN_POINT('',(-8.83207145935,8.400223263736,
    18.517548144616));
#2415 = CARTESIAN_POINT('',(-9.922800975643,7.160452615085,
    18.624884203023));
#2416 = CARTESIAN_POINT('',(-10.8127195886,5.763367543787,
    18.732156012486));
#2417 = CARTESIAN_POINT('',(-11.47655569795,4.245591340662,
    18.839438390278));
#2418 = CARTESIAN_POINT('',(-11.89779048663,2.648522182939,
    18.946798625182));
#2419 = CARTESIAN_POINT('',(-12.06575016081,1.016755603433,
    19.054317663256));
#2420 = CARTESIAN_POINT('',(-11.92236670803,-1.853694013556,
    19.24490681229));
#2421 = CARTESIAN_POINT('',(-11.70941878678,-3.10246982737,
    19.328319210485));
#2422 = CARTESIAN_POINT('',(-11.34682086078,-4.322328214621,
    19.411704048188));
#2423 = CARTESIAN_POINT('',(-10.839712753,-5.492530643236,
    19.495071994627));
#2424 = CARTESIAN_POINT('',(-10.19598936139,-6.593617963472,
    19.578445993679));
#2425 = CARTESIAN_POINT('',(-9.426614479295,-7.607648811127,
    19.661848062792));
#2426 = CARTESIAN_POINT('',(-8.54527364245,-8.518092379981,
    19.745284227019));
#2427 = CARTESIAN_POINT('',(-6.838363834801,-9.905863437218,
    19.891168577029));
#2428 = CARTESIAN_POINT('',(-6.052849976908,-10.43530692072,
    19.953723378382));
#2429 = CARTESIAN_POINT('',(-5.220754730742,-10.89339586626,
    20.016290952586));
#2430 = CARTESIAN_POINT('',(-4.349714920743,-11.27532094945,
    20.078866834382));
#2431 = CARTESIAN_POINT('',(-3.447798648398,-11.57734467049,
    20.141445664275));
#2432 = CARTESIAN_POINT('',(-2.523505292238,-11.79680135416,
    20.204021188531));
#2433 = CARTESIAN_POINT('',(-1.585765507834,-11.9320971498,
    20.266586259178));
#2434 = CARTESIAN_POINT('',(0.715868187162,-12.05578509882,
    20.419437812468));
#2435 = CARTESIAN_POINT('',(2.086975496314,-11.95260021677,
    20.509863493966));
#2436 = CARTESIAN_POINT('',(3.440092327774,-11.67075955447,
    20.600236178725));
#2437 = CARTESIAN_POINT('',(4.748357185257,-11.2147403167,
    20.690578364774));
#2438 = CARTESIAN_POINT('',(5.986367683589,-10.59267750954,
    20.780924229262));
#2439 = CARTESIAN_POINT('',(7.130555635165,-9.817122170934,
    20.87130532167));
#2440 = CARTESIAN_POINT('',(8.158965340913,-8.904269095156,
    20.96173939157));
#2441 = CARTESIAN_POINT('',(9.757563210162,-7.066991565513,
    21.123238052166));
#2442 = CARTESIAN_POINT('',(10.380077879326,-6.184328075013,
    21.194491542428));
#2443 = CARTESIAN_POINT('',(10.910858297701,-5.239343181586,
    21.265736830528));
#2444 = CARTESIAN_POINT('',(11.342779168793,-4.243498170287,
    21.336966726971));
#2445 = CARTESIAN_POINT('',(11.670448885958,-3.208821698995,
    21.408186719782));
#2446 = CARTESIAN_POINT('',(11.890202547739,-2.147883511467,
    21.479414828655));
#2447 = CARTESIAN_POINT('',(12.,-1.073719016481,21.550653914581));
#2448 = CARTESIAN_POINT('',(12.,8.881784197001E-15,21.621856623644));
#2449 = PCURVE('',#1072,#2450);
#2450 = DEFINITIONAL_REPRESENTATION('',(#2451),#2510);
#2451 = B_SPLINE_CURVE_WITH_KNOTS('',8,(#2452,#2453,#2454,#2455,#2456,
    #2457,#2458,#2459,#2460,#2461,#2462,#2463,#2464,#2465,#2466,#2467,
    #2468,#2469,#2470,#2471,#2472,#2473,#2474,#2475,#2476,#2477,#2478,
    #2479,#2480,#2481,#2482,#2483,#2484,#2485,#2486,#2487,#2488,#2489,
    #2490,#2491,#2492,#2493,#2494,#2495,#2496,#2497,#2498,#2499,#2500,
    #2501,#2502,#2503,#2504,#2505,#2506,#2507,#2508,#2509),
  .UNSPECIFIED.,.F.,.F.,(9,7,7,7,7,7,7,7,9),(0.,0.154264368218,
    0.258110645007,0.33624147511,0.507980184794,0.641403527322,
    0.741517519516,0.886062475558,1.),.UNSPECIFIED.);
#2452 = CARTESIAN_POINT('',(2.846514758894,24.100940556989));
#2453 = CARTESIAN_POINT('',(2.846512051815,24.255699179369));
#2454 = CARTESIAN_POINT('',(2.846470005499,24.410688164853));
#2455 = CARTESIAN_POINT('',(2.846486052038,24.565553263216));
#2456 = CARTESIAN_POINT('',(2.846511540555,24.720352875646));
#2457 = CARTESIAN_POINT('',(2.846523899441,24.875166459615));
#2458 = CARTESIAN_POINT('',(2.846527455912,25.030062886374));
#2459 = CARTESIAN_POINT('',(2.846525452354,25.185098026495));
#2460 = CARTESIAN_POINT('',(2.84651984017,25.444031237804));
#2461 = CARTESIAN_POINT('',(2.846517106832,25.548245056883));
#2462 = CARTESIAN_POINT('',(2.846514850289,25.652474752569));
#2463 = CARTESIAN_POINT('',(2.846513621342,25.756705370919));
#2464 = CARTESIAN_POINT('',(2.846513569432,25.860927724648));
#2465 = CARTESIAN_POINT('',(2.84651444263,25.965138393133));
#2466 = CARTESIAN_POINT('',(2.846515587648,26.069339722411));
#2467 = CARTESIAN_POINT('',(2.846516222324,26.251936863356));
#2468 = CARTESIAN_POINT('',(2.846516210421,26.3302917451));
#2469 = CARTESIAN_POINT('',(2.846515767626,26.408631573617));
#2470 = CARTESIAN_POINT('',(2.846514841042,26.486975018595));
#2471 = CARTESIAN_POINT('',(2.846513471376,26.565332316205));
#2472 = CARTESIAN_POINT('',(2.846511792934,26.643705269095));
#2473 = CARTESIAN_POINT('',(2.846510033623,26.722087246399));
#2474 = CARTESIAN_POINT('',(2.846505176767,26.972740661512));
#2475 = CARTESIAN_POINT('',(2.846502789783,27.145367499809));
#2476 = CARTESIAN_POINT('',(2.846503707698,27.317745510689));
#2477 = CARTESIAN_POINT('',(2.84651031305,27.49001798092));
#2478 = CARTESIAN_POINT('',(2.846520155975,27.662306080792));
#2479 = CARTESIAN_POINT('',(2.846527049206,27.834720440151));
#2480 = CARTESIAN_POINT('',(2.84652940582,28.007391714028));
#2481 = CARTESIAN_POINT('',(2.846526738415,28.313473101734));
#2482 = CARTESIAN_POINT('',(2.846523245526,28.447432283256));
#2483 = CARTESIAN_POINT('',(2.84651776427,28.581348028142));
#2484 = CARTESIAN_POINT('',(2.84651155419,28.715236948454));
#2485 = CARTESIAN_POINT('',(2.846506706668,28.849135023967));
#2486 = CARTESIAN_POINT('',(2.846504436946,28.983077109998));
#2487 = CARTESIAN_POINT('',(2.846504484261,29.117072990752));
#2488 = CARTESIAN_POINT('',(2.846507143259,29.351357644147));
#2489 = CARTESIAN_POINT('',(2.846509286796,29.451817832261));
#2490 = CARTESIAN_POINT('',(2.846511706774,29.552298418527));
#2491 = CARTESIAN_POINT('',(2.846513867044,29.652792454241));
#2492 = CARTESIAN_POINT('',(2.846515422537,29.753291475336));
#2493 = CARTESIAN_POINT('',(2.846516219261,29.853785502375));
#2494 = CARTESIAN_POINT('',(2.8465162943,29.954263040555));
#2495 = CARTESIAN_POINT('',(2.846515271611,30.199738333991));
#2496 = CARTESIAN_POINT('',(2.84651385289,30.344959771436));
#2497 = CARTESIAN_POINT('',(2.84651286844,30.490095917647));
#2498 = CARTESIAN_POINT('',(2.846514037537,30.635182190692));
#2499 = CARTESIAN_POINT('',(2.846519961351,30.780272399217));
#2500 = CARTESIAN_POINT('',(2.84652617257,30.925419063483));
#2501 = CARTESIAN_POINT('',(2.846526759402,31.070653140651));
#2502 = CARTESIAN_POINT('',(2.846518320409,31.330018496973));
#2503 = CARTESIAN_POINT('',(2.846511438576,31.444452253783));
#2504 = CARTESIAN_POINT('',(2.846500369053,31.558874574995));
#2505 = CARTESIAN_POINT('',(2.846490955018,31.673271491077));
#2506 = CARTESIAN_POINT('',(2.846481900084,31.787652353297));
#2507 = CARTESIAN_POINT('',(2.846492403048,31.902038138131));
#2508 = CARTESIAN_POINT('',(2.846516759177,32.016435806251));
#2509 = CARTESIAN_POINT('',(2.84651475894,32.130785985411));
#2510 = ( GEOMETRIC_REPRESENTATION_CONTEXT(2) 
PARAMETRIC_REPRESENTATION_CONTEXT() REPRESENTATION_CONTEXT('2D SPACE',''
  ) );
#2511 = PCURVE('',#2512,#2517);
#2512 = CYLINDRICAL_SURFACE('',#2513,12.);
#2513 = AXIS2_PLACEMENT_3D('',#2514,#2515,#2516);
#2514 = CARTESIAN_POINT('',(0.,0.,0.));
#2515 = DIRECTION('',(0.,0.,1.));
#2516 = DIRECTION('',(1.,0.,0.));
#2517 = DEFINITIONAL_REPRESENTATION('',(#2518),#2577);
#2518 = B_SPLINE_CURVE_WITH_KNOTS('',8,(#2519,#2520,#2521,#2522,#2523,
    #2524,#2525,#2526,#2527,#2528,#2529,#2530,#2531,#2532,#2533,#2534,
    #2535,#2536,#2537,#2538,#2539,#2540,#2541,#2542,#2543,#2544,#2545,
    #2546,#2547,#2548,#2549,#2550,#2551,#2552,#2553,#2554,#2555,#2556,
    #2557,#2558,#2559,#2560,#2561,#2562,#2563,#2564,#2565,#2566,#2567,
    #2568,#2569,#2570,#2571,#2572,#2573,#2574,#2575,#2576),
  .UNSPECIFIED.,.F.,.F.,(9,7,7,7,7,7,7,7,9),(0.,0.154264368218,
    0.258110645007,0.33624147511,0.507980184794,0.641403527322,
    0.741517519516,0.886062475558,1.),.UNSPECIFIED.);
#2519 = CARTESIAN_POINT('',(0.,16.621856623633));
#2520 = CARTESIAN_POINT('',(0.121095332654,16.718220558041));
#2521 = CARTESIAN_POINT('',(0.242370332591,16.814717774823));
#2522 = CARTESIAN_POINT('',(0.363547791806,16.911152852531));
#2523 = CARTESIAN_POINT('',(0.484676527664,17.007549592063));
#2524 = CARTESIAN_POINT('',(0.605815984272,17.103951640601));
#2525 = CARTESIAN_POINT('',(0.72701990443,17.200403000198));
#2526 = CARTESIAN_POINT('',(0.848331700623,17.296939297527));
#2527 = CARTESIAN_POINT('',(1.050940945275,17.458169601395));
#2528 = CARTESIAN_POINT('',(1.132485632295,17.523060442926));
#2529 = CARTESIAN_POINT('',(1.214042672438,17.587961293587));
#2530 = CARTESIAN_POINT('',(1.295600475856,17.652862984149));
#2531 = CARTESIAN_POINT('',(1.377151931893,17.717759832494));
#2532 = CARTESIAN_POINT('',(1.458694409087,17.782649643617));
#2533 = CARTESIAN_POINT('',(1.540229755168,17.847533709628));
#2534 = CARTESIAN_POINT('',(1.683108445708,17.96123291206));
#2535 = CARTESIAN_POINT('',(1.74441969216,18.010022691083));
#2536 = CARTESIAN_POINT('',(1.805719212375,18.058802985528));
#2537 = CARTESIAN_POINT('',(1.867021586098,18.107585406922));
#2538 = CARTESIAN_POINT('',(1.928334796849,18.156376339603));
#2539 = CARTESIAN_POINT('',(1.989660231933,18.205176940726));
#2540 = CARTESIAN_POINT('',(2.050992682435,18.253983140258));
#2541 = CARTESIAN_POINT('',(2.24712415008,18.410058000599));
#2542 = CARTESIAN_POINT('',(2.382201045966,18.517548144616));
#2543 = CARTESIAN_POINT('',(2.517082884669,18.624884203023));
#2544 = CARTESIAN_POINT('',(2.651881941985,18.732156012486));
#2545 = CARTESIAN_POINT('',(2.786693508182,18.839438390278));
#2546 = CARTESIAN_POINT('',(2.921604142099,18.946798625182));
#2547 = CARTESIAN_POINT('',(3.056715895265,19.054317663256));
#2548 = CARTESIAN_POINT('',(3.296218270257,19.24490681229));
#2549 = CARTESIAN_POINT('',(3.401038542574,19.328319210485));
#2550 = CARTESIAN_POINT('',(3.50582473944,19.411704048188));
#2551 = CARTESIAN_POINT('',(3.610589812821,19.495071994627));
#2552 = CARTESIAN_POINT('',(3.715361945737,19.578445993679));
#2553 = CARTESIAN_POINT('',(3.820168553985,19.661848062792));
#2554 = CARTESIAN_POINT('',(3.925017397308,19.745284227019));
#2555 = CARTESIAN_POINT('',(4.108340306079,19.891168577029));
#2556 = CARTESIAN_POINT('',(4.18694843923,19.953723378382));
#2557 = CARTESIAN_POINT('',(4.265572632943,20.016290952586));
#2558 = CARTESIAN_POINT('',(4.344207427342,20.078866834382));
#2559 = CARTESIAN_POINT('',(4.422846162831,20.141445664275));
#2560 = CARTESIAN_POINT('',(4.50148098009,20.204021188531));
#2561 = CARTESIAN_POINT('',(4.580102820077,20.266586259178));
#2562 = CARTESIAN_POINT('',(4.772182382128,20.419437812468));
#2563 = CARTESIAN_POINT('',(4.885815006067,20.509863493966));
#2564 = CARTESIAN_POINT('',(4.999380501709,20.600236178725));
#2565 = CARTESIAN_POINT('',(5.112906613749,20.690578364774));
#2566 = CARTESIAN_POINT('',(5.226435744944,20.780924229262));
#2567 = CARTESIAN_POINT('',(5.340009614321,20.87130532167));
#2568 = CARTESIAN_POINT('',(5.453652442637,20.96173939157));
#2569 = CARTESIAN_POINT('',(5.656601257142,21.123238052166));
#2570 = CARTESIAN_POINT('',(5.74614379346,21.194491542428));
#2571 = CARTESIAN_POINT('',(5.835677594017,21.265736830528));
#2572 = CARTESIAN_POINT('',(5.925190775314,21.336966726971));
#2573 = CARTESIAN_POINT('',(6.014691742217,21.408186719782));
#2574 = CARTESIAN_POINT('',(6.104195047791,21.479414828655));
#2575 = CARTESIAN_POINT('',(6.193708722473,21.550653914581));
#2576 = CARTESIAN_POINT('',(6.28318530718,21.621856623644));
#2577 = ( GEOMETRIC_REPRESENTATION_CONTEXT(2) 
PARAMETRIC_REPRESENTATION_CONTEXT() REPRESENTATION_CONTEXT('2D SPACE',''
  ) );
#2578 = ORIENTED_EDGE('',*,*,#2579,.T.);
#2579 = EDGE_CURVE('',#2387,#2580,#2582,.T.);
#2580 = VERTEX_POINT('',#2581);
#2581 = CARTESIAN_POINT('',(12.,-2.939152317954E-15,26.62185662362));
#2582 = SURFACE_CURVE('',#2583,(#2642,#2704),.PCURVE_S1.);
#2583 = B_SPLINE_CURVE_WITH_KNOTS('',8,(#2584,#2585,#2586,#2587,#2588,
    #2589,#2590,#2591,#2592,#2593,#2594,#2595,#2596,#2597,#2598,#2599,
    #2600,#2601,#2602,#2603,#2604,#2605,#2606,#2607,#2608,#2609,#2610,
    #2611,#2612,#2613,#2614,#2615,#2616,#2617,#2618,#2619,#2620,#2621,
    #2622,#2623,#2624,#2625,#2626,#2627,#2628,#2629,#2630,#2631,#2632,
    #2633,#2634,#2635,#2636,#2637,#2638,#2639,#2640,#2641),
  .UNSPECIFIED.,.F.,.F.,(9,7,7,7,7,7,7,7,9),(0.,8.73217235689E-02,
    0.243935046765,0.342719511511,0.500113434539,0.65454804845,
    0.766571693727,0.881798138309,1.),.UNSPECIFIED.);
#2584 = CARTESIAN_POINT('',(12.,8.881784197001E-15,21.621856623644));
#2585 = CARTESIAN_POINT('',(12.,0.822556301297,21.676403703569));
#2586 = CARTESIAN_POINT('',(11.935505658072,1.645521472938,
    21.730970150941));
#2587 = CARTESIAN_POINT('',(11.806538759535,2.462643749465,
    21.785545817238));
#2588 = CARTESIAN_POINT('',(11.613745724926,3.267900750307,
    21.840123496749));
#2589 = CARTESIAN_POINT('',(11.358397609997,4.055499479783,
    21.894698926573));
#2590 = CARTESIAN_POINT('',(11.042390105716,4.819876327103,
    21.94927078662));
#2591 = CARTESIAN_POINT('',(10.668243538265,5.555697066365,
    22.003840699613));
#2592 = CARTESIAN_POINT('',(9.469430173882,7.517195010479,
    22.156290198688));
#2593 = CARTESIAN_POINT('',(8.521501819085,8.670298181566,
    22.254311624623));
#2594 = CARTESIAN_POINT('',(7.414231056021,9.68446534474,22.352264797414
    ));
#2595 = CARTESIAN_POINT('',(6.171954310883,10.535086828259,
    22.450137408377));
#2596 = CARTESIAN_POINT('',(4.822499727337,11.202830747338,
    22.548013223601));
#2597 = CARTESIAN_POINT('',(3.396368990805,11.672826273762,
    22.645971550715));
#2598 = CARTESIAN_POINT('',(1.927032434344,11.9358437415,22.743990500458
    ));
#2599 = CARTESIAN_POINT('',(-0.477832204847,12.026559069734,
    22.903581854421));
#2600 = CARTESIAN_POINT('',(-1.411009001604,11.979181839767,
    22.965302330004));
#2601 = CARTESIAN_POINT('',(-2.338469067362,11.849047453882,
    23.027003963509));
#2602 = CARTESIAN_POINT('',(-3.251766798253,11.637013350589,
    23.088692168735));
#2603 = CARTESIAN_POINT('',(-4.142695490648,11.344890165484,
    23.150380745275));
#2604 = CARTESIAN_POINT('',(-5.003286639682,10.97537766042,
    23.212083097016));
#2605 = CARTESIAN_POINT('',(-5.825847928963,10.532133267778,
    23.273803203427));
#2606 = CARTESIAN_POINT('',(-7.841344895838,9.20394539922,
    23.433870219937));
#2607 = CARTESIAN_POINT('',(-8.96628352591,8.211734561748,
    23.532357633882));
#2608 = CARTESIAN_POINT('',(-9.945392513789,7.063632689681,
    23.630778805185));
#2609 = CARTESIAN_POINT('',(-10.75461561007,5.785201298332,
    23.729119232785));
#2610 = CARTESIAN_POINT('',(-11.37538056142,4.40534662744,
    23.827462259586));
#2611 = CARTESIAN_POINT('',(-11.7937443835,2.955497820186,
    23.925890363946));
#2612 = CARTESIAN_POINT('',(-12.00160694919,1.469888119841,
    24.024385177901));
#2613 = CARTESIAN_POINT('',(-11.99840918255,-1.468127651582,
    24.219218285033));
#2614 = CARTESIAN_POINT('',(-11.79514925125,-2.925135760398,
    24.315845750406));
#2615 = CARTESIAN_POINT('',(-11.38940113282,-4.348022474298,
    24.412412189695));
#2616 = CARTESIAN_POINT('',(-10.78865208398,-5.704489938952,
    24.508905596814));
#2617 = CARTESIAN_POINT('',(-10.00582727348,-6.964743376754,
    24.605403003515));
#2618 = CARTESIAN_POINT('',(-9.05826123587,-8.101254114131,
    24.70197767032));
#2619 = CARTESIAN_POINT('',(-7.968502089295,-9.089547473227,
    24.798608863051));
#2620 = CARTESIAN_POINT('',(-5.895366637315,-10.50516592845,
    24.965082675183));
#2621 = CARTESIAN_POINT('',(-4.963532803027,-11.01290246469,
    25.035081588347));
#2622 = CARTESIAN_POINT('',(-3.982331055327,-11.42591640452,
    25.105087286931));
#2623 = CARTESIAN_POINT('',(-2.963078411737,-11.73861426931,
    25.175096201529));
#2624 = CARTESIAN_POINT('',(-1.917524866423,-11.94711783398,
    25.245104860835));
#2625 = CARTESIAN_POINT('',(-0.857853390192,-12.04926412697,
    25.315109891645));
#2626 = CARTESIAN_POINT('',(0.203320069506,-12.04460543025,
    25.385108018855));
#2627 = CARTESIAN_POINT('',(2.332582335401,-11.82106257783,
    25.527085097361));
#2628 = CARTESIAN_POINT('',(3.400735774518,-11.59607000162,
    25.599090123506));
#2629 = CARTESIAN_POINT('',(4.443397867519,-11.26081725048,
    25.671075797199));
#2630 = CARTESIAN_POINT('',(5.447502642951,-10.81886747764,
    25.74305415176));
#2631 = CARTESIAN_POINT('',(6.400629310972,-10.2753676124,
    25.815041094428));
#2632 = CARTESIAN_POINT('',(7.291089727895,-9.637162259705,
    25.887046605831));
#2633 = CARTESIAN_POINT('',(8.10795652146,-8.912826007045,
    25.959063103492));
#2634 = CARTESIAN_POINT('',(9.594186840888,-7.293188477683,
    26.104834051224));
#2635 = CARTESIAN_POINT('',(10.260448855211,-6.392590881092,
    26.178708169776));
#2636 = CARTESIAN_POINT('',(10.829557522149,-5.422836388401,
    26.252572004331));
#2637 = CARTESIAN_POINT('',(11.293367751877,-4.396417847618,
    26.32642542617));
#2638 = CARTESIAN_POINT('',(11.645605603969,-3.326584388412,
    26.400277374866));
#2639 = CARTESIAN_POINT('',(11.881962084286,-2.227322947341,
    26.474146344341));
#2640 = CARTESIAN_POINT('',(12.,-1.113282200831,26.548030317641));
#2641 = CARTESIAN_POINT('',(12.,1.42108547152E-14,26.62185662362));
#2642 = PCURVE('',#1072,#2643);
#2643 = DEFINITIONAL_REPRESENTATION('',(#2644),#2703);
#2644 = B_SPLINE_CURVE_WITH_KNOTS('',8,(#2645,#2646,#2647,#2648,#2649,
    #2650,#2651,#2652,#2653,#2654,#2655,#2656,#2657,#2658,#2659,#2660,
    #2661,#2662,#2663,#2664,#2665,#2666,#2667,#2668,#2669,#2670,#2671,
    #2672,#2673,#2674,#2675,#2676,#2677,#2678,#2679,#2680,#2681,#2682,
    #2683,#2684,#2685,#2686,#2687,#2688,#2689,#2690,#2691,#2692,#2693,
    #2694,#2695,#2696,#2697,#2698,#2699,#2700,#2701,#2702),
  .UNSPECIFIED.,.F.,.F.,(9,7,7,7,7,7,7,7,9),(0.,8.73217235689E-02,
    0.243935046765,0.342719511511,0.500113434539,0.65454804845,
    0.766571693727,0.881798138309,1.),.UNSPECIFIED.);
#2645 = CARTESIAN_POINT('',(2.84651475894,32.130785985411));
#2646 = CARTESIAN_POINT('',(2.846513226595,32.218387545018));
#2647 = CARTESIAN_POINT('',(2.846503508916,32.306023602967));
#2648 = CARTESIAN_POINT('',(2.846493413736,32.393674622791));
#2649 = CARTESIAN_POINT('',(2.846487914236,32.48132696974));
#2650 = CARTESIAN_POINT('',(2.846489148949,32.568972910785));
#2651 = CARTESIAN_POINT('',(2.846496421761,32.656610614611));
#2652 = CARTESIAN_POINT('',(2.846506201909,32.744244151625));
#2653 = CARTESIAN_POINT('',(2.846522745337,32.989066472972));
#2654 = CARTESIAN_POINT('',(2.84653063416,33.146482580914));
#2655 = CARTESIAN_POINT('',(2.846526943978,33.303793878743));
#2656 = CARTESIAN_POINT('',(2.846518577824,33.460977736101));
#2657 = CARTESIAN_POINT('',(2.846513443495,33.618165399021));
#2658 = CARTESIAN_POINT('',(2.846513331402,33.775483490541));
#2659 = CARTESIAN_POINT('',(2.846514414997,33.932898444224));
#2660 = CARTESIAN_POINT('',(2.846515978567,34.18919657655));
#2661 = CARTESIAN_POINT('',(2.846516510773,34.28831753156));
#2662 = CARTESIAN_POINT('',(2.846516495055,34.387408454024));
#2663 = CARTESIAN_POINT('',(2.846515586671,34.486478181315));
#2664 = CARTESIAN_POINT('',(2.846513792668,34.585548872232));
#2665 = CARTESIAN_POINT('',(2.846511494963,34.684641894602));
#2666 = CARTESIAN_POINT('',(2.846509275313,34.783763398052));
#2667 = CARTESIAN_POINT('',(2.846504780795,35.04082794228));
#2668 = CARTESIAN_POINT('',(2.846503156423,35.198996358105));
#2669 = CARTESIAN_POINT('',(2.846504920718,35.357056984863));
#2670 = CARTESIAN_POINT('',(2.84651063651,35.514986300868));
#2671 = CARTESIAN_POINT('',(2.846518593032,35.672918861781));
#2672 = CARTESIAN_POINT('',(2.846525500045,35.830988489899));
#2673 = CARTESIAN_POINT('',(2.846528460876,35.989166888223));
#2674 = CARTESIAN_POINT('',(2.846527992277,36.302063029494));
#2675 = CARTESIAN_POINT('',(2.846524664744,36.457245131787));
#2676 = CARTESIAN_POINT('',(2.846517774028,36.612330705885));
#2677 = CARTESIAN_POINT('',(2.84651012529,36.767299306963));
#2678 = CARTESIAN_POINT('',(2.846504772882,36.922273378855));
#2679 = CARTESIAN_POINT('',(2.846503221508,37.077369951627));
#2680 = CARTESIAN_POINT('',(2.846504852263,37.232555983519));
#2681 = CARTESIAN_POINT('',(2.846509547495,37.499905832058));
#2682 = CARTESIAN_POINT('',(2.846512297103,37.612320782247));
#2683 = CARTESIAN_POINT('',(2.846514792873,37.724746734888));
#2684 = CARTESIAN_POINT('',(2.846516395418,37.837178222808));
#2685 = CARTESIAN_POINT('',(2.846516855449,37.949609774588));
#2686 = CARTESIAN_POINT('',(2.846516313778,38.062035914566));
#2687 = CARTESIAN_POINT('',(2.846515301318,38.174451162833));
#2688 = CARTESIAN_POINT('',(2.84651416077,38.402462434825));
#2689 = CARTESIAN_POINT('',(2.846513995804,38.518100349248));
#2690 = CARTESIAN_POINT('',(2.846514993205,38.633706702144));
#2691 = CARTESIAN_POINT('',(2.846517667278,38.749300605349));
#2692 = CARTESIAN_POINT('',(2.846521921268,38.864907645531));
#2693 = CARTESIAN_POINT('',(2.846525453149,38.980544806013));
#2694 = CARTESIAN_POINT('',(2.846525909405,39.096200885687));
#2695 = CARTESIAN_POINT('',(2.846520041549,39.330306954996));
#2696 = CARTESIAN_POINT('',(2.846513669521,39.448949148387));
#2697 = CARTESIAN_POINT('',(2.846502559505,39.567576791049));
#2698 = CARTESIAN_POINT('',(2.846492005993,39.686187480404));
#2699 = CARTESIAN_POINT('',(2.846481045503,39.804795972729));
#2700 = CARTESIAN_POINT('',(2.846490494237,39.923423335286));
#2701 = CARTESIAN_POINT('',(2.846516832803,40.042067788557));
#2702 = CARTESIAN_POINT('',(2.846514758839,40.160631413834));
#2703 = ( GEOMETRIC_REPRESENTATION_CONTEXT(2) 
PARAMETRIC_REPRESENTATION_CONTEXT() REPRESENTATION_CONTEXT('2D SPACE',''
  ) );
#2704 = PCURVE('',#2705,#2710);
#2705 = CYLINDRICAL_SURFACE('',#2706,12.);
#2706 = AXIS2_PLACEMENT_3D('',#2707,#2708,#2709);
#2707 = CARTESIAN_POINT('',(0.,0.,0.));
#2708 = DIRECTION('',(0.,0.,1.));
#2709 = DIRECTION('',(1.,0.,0.));
#2710 = DEFINITIONAL_REPRESENTATION('',(#2711),#2770);
#2711 = B_SPLINE_CURVE_WITH_KNOTS('',8,(#2712,#2713,#2714,#2715,#2716,
    #2717,#2718,#2719,#2720,#2721,#2722,#2723,#2724,#2725,#2726,#2727,
    #2728,#2729,#2730,#2731,#2732,#2733,#2734,#2735,#2736,#2737,#2738,
    #2739,#2740,#2741,#2742,#2743,#2744,#2745,#2746,#2747,#2748,#2749,
    #2750,#2751,#2752,#2753,#2754,#2755,#2756,#2757,#2758,#2759,#2760,
    #2761,#2762,#2763,#2764,#2765,#2766,#2767,#2768,#2769),
  .UNSPECIFIED.,.F.,.F.,(9,7,7,7,7,7,7,7,9),(0.,8.73217235689E-02,
    0.243935046765,0.342719511511,0.500113434539,0.65454804845,
    0.766571693727,0.881798138309,1.),.UNSPECIFIED.);
#2712 = CARTESIAN_POINT('',(0.,21.621856623644));
#2713 = CARTESIAN_POINT('',(6.85463584414E-02,21.676403703569));
#2714 = CARTESIAN_POINT('',(0.137119447856,21.730970150941));
#2715 = CARTESIAN_POINT('',(0.205704198621,21.785545817238));
#2716 = CARTESIAN_POINT('',(0.274290092165,21.840123496749));
#2717 = CARTESIAN_POINT('',(0.34287116097,21.894698926573));
#2718 = CARTESIAN_POINT('',(0.411445988572,21.94927078662));
#2719 = CARTESIAN_POINT('',(0.480017709559,22.003840699613));
#2720 = CARTESIAN_POINT('',(0.671587026637,22.156290198688));
#2721 = CARTESIAN_POINT('',(0.794762632684,22.254311624623));
#2722 = CARTESIAN_POINT('',(0.917855635065,22.352264797414));
#2723 = CARTESIAN_POINT('',(1.040848144589,22.450137408377));
#2724 = CARTESIAN_POINT('',(1.163843175773,22.548013223601));
#2725 = CARTESIAN_POINT('',(1.286940386502,22.645971550715));
#2726 = CARTESIAN_POINT('',(1.410113957106,22.743990500458));
#2727 = CARTESIAN_POINT('',(1.610661873304,22.903581854421));
#2728 = CARTESIAN_POINT('',(1.688222090326,22.965302330004));
#2729 = CARTESIAN_POINT('',(1.765758944413,23.027003963509));
#2730 = CARTESIAN_POINT('',(1.843279292014,23.088692168735));
#2731 = CARTESIAN_POINT('',(1.920800399245,23.150380745275));
#2732 = CARTESIAN_POINT('',(1.998338923987,23.212083097016));
#2733 = CARTESIAN_POINT('',(2.075899642353,23.273803203427));
#2734 = CARTESIAN_POINT('',(2.277047581237,23.433870219937));
#2735 = CARTESIAN_POINT('',(2.400811013096,23.532357633882));
#2736 = CARTESIAN_POINT('',(2.524489799919,23.630778805185));
#2737 = CARTESIAN_POINT('',(2.64806576746,23.729119232785));
#2738 = CARTESIAN_POINT('',(2.771644426735,23.827462259586));
#2739 = CARTESIAN_POINT('',(2.895330553653,23.925890363946));
#2740 = CARTESIAN_POINT('',(3.019101903953,24.024385177901));
#2741 = CARTESIAN_POINT('',(3.263936696592,24.219218285033));
#2742 = CARTESIAN_POINT('',(3.385363498512,24.315845750406));
#2743 = CARTESIAN_POINT('',(3.506714654406,24.412412189695));
#2744 = CARTESIAN_POINT('',(3.627974079848,24.508905596814));
#2745 = CARTESIAN_POINT('',(3.749237650224,24.605403003515));
#2746 = CARTESIAN_POINT('',(3.870597148694,24.70197767032));
#2747 = CARTESIAN_POINT('',(3.992026932718,24.798608863051));
#2748 = CARTESIAN_POINT('',(4.201222916936,24.965082675183));
#2749 = CARTESIAN_POINT('',(4.289185556563,25.035081588347));
#2750 = CARTESIAN_POINT('',(4.377156892112,25.105087286931));
#2751 = CARTESIAN_POINT('',(4.465132576915,25.175096201529));
#2752 = CARTESIAN_POINT('',(4.553108263537,25.245104860835));
#2753 = CARTESIAN_POINT('',(4.641079603766,25.315109891645));
#2754 = CARTESIAN_POINT('',(4.72904224862,25.385108018855));
#2755 = CARTESIAN_POINT('',(4.90745596111,25.527085097361));
#2756 = CARTESIAN_POINT('',(4.997939836524,25.599090123506));
#2757 = CARTESIAN_POINT('',(5.088398835617,25.671075797199));
#2758 = CARTESIAN_POINT('',(5.178848014851,25.74305415176));
#2759 = CARTESIAN_POINT('',(5.269307586336,25.815041094428));
#2760 = CARTESIAN_POINT('',(5.359791046669,25.887046605831));
#2761 = CARTESIAN_POINT('',(5.450289636445,25.959063103492));
#2762 = CARTESIAN_POINT('',(5.633473406668,26.104834051224));
#2763 = CARTESIAN_POINT('',(5.726308968431,26.178708169776));
#2764 = CARTESIAN_POINT('',(5.81913339012,26.252572004331));
#2765 = CARTESIAN_POINT('',(5.911943872703,26.32642542617));
#2766 = CARTESIAN_POINT('',(6.004752924673,26.400277374866));
#2767 = CARTESIAN_POINT('',(6.09757511741,26.474146344341));
#2768 = CARTESIAN_POINT('',(6.190411790444,26.548030317641));
#2769 = CARTESIAN_POINT('',(6.28318530718,26.62185662362));
#2770 = ( GEOMETRIC_REPRESENTATION_CONTEXT(2) 
PARAMETRIC_REPRESENTATION_CONTEXT() REPRESENTATION_CONTEXT('2D SPACE',''
  ) );
#2771 = ORIENTED_EDGE('',*,*,#2772,.T.);
#2772 = EDGE_CURVE('',#2580,#2773,#2775,.T.);
#2773 = VERTEX_POINT('',#2774);
#2774 = CARTESIAN_POINT('',(12.,-2.939152317954E-15,31.621856623625));
#2775 = SURFACE_CURVE('',#2776,(#2842,#2911),.PCURVE_S1.);
#2776 = B_SPLINE_CURVE_WITH_KNOTS('',8,(#2777,#2778,#2779,#2780,#2781,
    #2782,#2783,#2784,#2785,#2786,#2787,#2788,#2789,#2790,#2791,#2792,
    #2793,#2794,#2795,#2796,#2797,#2798,#2799,#2800,#2801,#2802,#2803,
    #2804,#2805,#2806,#2807,#2808,#2809,#2810,#2811,#2812,#2813,#2814,
    #2815,#2816,#2817,#2818,#2819,#2820,#2821,#2822,#2823,#2824,#2825,
    #2826,#2827,#2828,#2829,#2830,#2831,#2832,#2833,#2834,#2835,#2836,
    #2837,#2838,#2839,#2840,#2841),.UNSPECIFIED.,.F.,.F.,(9,7,7,7,7,7,7,
    7,7,9),(0.,8.476221073391E-02,0.234903415392,0.305448572373,
    0.434670171569,0.54160029581,0.646888053628,0.794565881626,
    0.892508617297,1.),.UNSPECIFIED.);
#2777 = CARTESIAN_POINT('',(12.,1.42108547152E-14,26.62185662362));
#2778 = CARTESIAN_POINT('',(12.,0.798179746544,26.674787194279));
#2779 = CARTESIAN_POINT('',(11.939265865072,1.596755422863,
    26.727736959035));
#2780 = CARTESIAN_POINT('',(11.817825255645,2.389989100288,
    26.780694632608));
#2781 = CARTESIAN_POINT('',(11.636259767287,3.172355550033,
    26.833652237839));
#2782 = CARTESIAN_POINT('',(11.395704930709,3.938542243199,
    26.88660510569));
#2783 = CARTESIAN_POINT('',(11.097850211763,4.683449350766,
    26.939551875248));
#2784 = CARTESIAN_POINT('',(10.744939011442,5.402189743603,
    26.992494493719));
#2785 = CARTESIAN_POINT('',(9.622081346878,7.308580358039,
    27.139218619732));
#2786 = CARTESIAN_POINT('',(8.739346150245,8.431952528495,
    27.233112147695));
#2787 = CARTESIAN_POINT('',(7.707659098396,9.431535443645,27.32694900101
    ));
#2788 = CARTESIAN_POINT('',(6.547746603943,10.285125242713,
    27.420721653566));
#2789 = CARTESIAN_POINT('',(5.283447402409,10.974857554443,
    27.514498713568));
#2790 = CARTESIAN_POINT('',(3.941079997013,11.486610009804,
    27.608343127732));
#2791 = CARTESIAN_POINT('',(2.549695615541,11.810933977291,
    27.702234728585));
#2792 = CARTESIAN_POINT('',(0.480900402183,12.008749835018,
    27.840052206056));
#2793 = CARTESIAN_POINT('',(-0.184898903709,12.03018889877,
    27.884139368638));
#2794 = CARTESIAN_POINT('',(-0.851677133051,12.009390105425,
    27.92823023452));
#2795 = CARTESIAN_POINT('',(-1.516097306879,11.946354134824,
    27.972311393856));
#2796 = CARTESIAN_POINT('',(-2.174986040947,11.841405092429,
    28.016379031507));
#2797 = CARTESIAN_POINT('',(-2.82532837639,11.695120630735,
    28.060436324896));
#2798 = CARTESIAN_POINT('',(-3.464263283557,11.508282446501,
    28.104492760248));
#2799 = CARTESIAN_POINT('',(-5.233598606652,10.866988837876,
    28.22929326677));
#2800 = CARTESIAN_POINT('',(-6.331423028481,10.318955437283,
    28.310120765331));
#2801 = CARTESIAN_POINT('',(-7.3625416811,9.644329869997,28.390916771789
    ));
#2802 = CARTESIAN_POINT('',(-8.310061562402,8.853236895292,
    28.471676236931));
#2803 = CARTESIAN_POINT('',(-9.159166439335,7.957769428764,
    28.552416879593));
#2804 = CARTESIAN_POINT('',(-9.897198538616,6.972039226549,
    28.633166094569));
#2805 = CARTESIAN_POINT('',(-10.51347343676,5.911853295195,
    28.713947005073));
#2806 = CARTESIAN_POINT('',(-11.40287393398,3.871696846231,
    28.861538762305));
#2807 = CARTESIAN_POINT('',(-11.71703577171,2.908843196161,
    28.928380099124));
#2808 = CARTESIAN_POINT('',(-11.93815113427,1.917407111846,
    28.995227581642));
#2809 = CARTESIAN_POINT('',(-12.06320716436,0.907972066095,
    29.06207660957));
#2810 = CARTESIAN_POINT('',(-12.09066356553,-0.108777981493,
    29.128923235871));
#2811 = CARTESIAN_POINT('',(-12.02045260214,-1.12205858453,
    29.19576416675));
#2812 = CARTESIAN_POINT('',(-11.85397909942,-2.120984809836,
    29.262596761666));
#2813 = CARTESIAN_POINT('',(-11.33825302125,-4.053204108524,
    29.395214965056));
#2814 = CARTESIAN_POINT('',(-10.99170386761,-4.987922075862,
    29.461013508733));
#2815 = CARTESIAN_POINT('',(-10.55727475044,-5.88833441969,
    29.52681782613));
#2816 = CARTESIAN_POINT('',(-10.03894538197,-6.744794616583,
    29.592628165935));
#2817 = CARTESIAN_POINT('',(-9.441873418752,-7.548400339464,
    29.658441863752));
#2818 = CARTESIAN_POINT('',(-8.772394461663,-8.290993457601,
    29.724253342093));
#2819 = CARTESIAN_POINT('',(-8.038022055893,-8.965160036611,
    29.790054110387));
#2820 = CARTESIAN_POINT('',(-6.138578934451,-10.40449327905,
    29.948094667392));
#2821 = CARTESIAN_POINT('',(-4.916424615146,-11.09930500339,
    30.040518648567));
#2822 = CARTESIAN_POINT('',(-3.605785632885,-11.62845977772,
    30.132876283987));
#2823 = CARTESIAN_POINT('',(-2.233492041429,-11.98001241406,
    30.225179562651));
#2824 = CARTESIAN_POINT('',(-0.827004760547,-12.1463810626,
    30.317462880339));
#2825 = CARTESIAN_POINT('',(0.585439885843,-12.12511924756,
    30.409770387811));
#2826 = CARTESIAN_POINT('',(1.975192812802,-11.91786822837,
    30.502143700511));
#2827 = CARTESIAN_POINT('',(4.200019629151,-11.27882216595,
    30.655648932482));
#2828 = CARTESIAN_POINT('',(5.065122673699,-10.94589833263,
    30.716872756547));
#2829 = CARTESIAN_POINT('',(5.899818468176,-10.53723290604,
    30.778108527888));
#2830 = CARTESIAN_POINT('',(6.696322380497,-10.05609214834,
    30.83935318707));
#2831 = CARTESIAN_POINT('',(7.447411835869,-9.506649957291,
    30.900601320866));
#2832 = CARTESIAN_POINT('',(8.14642631679,-8.893987866195,
    30.961845162259));
#2833 = CARTESIAN_POINT('',(8.787267363048,-8.224095043964,
    31.023074590443));
#2834 = CARTESIAN_POINT('',(9.997795537794,-6.713425098163,
    31.151446437918));
#2835 = CARTESIAN_POINT('',(10.555365040086,-5.861252536147,
    31.218665333619));
#2836 = CARTESIAN_POINT('',(11.029681472559,-4.956516460637,
    31.285880977164));
#2837 = CARTESIAN_POINT('',(11.414897501472,-4.008929725,31.353080136866
    ));
#2838 = CARTESIAN_POINT('',(11.706689593294,-3.028690071682,
    31.420271743727));
#2839 = CARTESIAN_POINT('',(11.902203542604,-2.026418019527,
    31.487469445058));
#2840 = CARTESIAN_POINT('',(12.,-1.013094751098,31.554674158097));
#2841 = CARTESIAN_POINT('',(12.,-1.42108547152E-14,31.621856623625));
#2842 = PCURVE('',#1072,#2843);
#2843 = DEFINITIONAL_REPRESENTATION('',(#2844),#2910);
#2844 = B_SPLINE_CURVE_WITH_KNOTS('',8,(#2845,#2846,#2847,#2848,#2849,
    #2850,#2851,#2852,#2853,#2854,#2855,#2856,#2857,#2858,#2859,#2860,
    #2861,#2862,#2863,#2864,#2865,#2866,#2867,#2868,#2869,#2870,#2871,
    #2872,#2873,#2874,#2875,#2876,#2877,#2878,#2879,#2880,#2881,#2882,
    #2883,#2884,#2885,#2886,#2887,#2888,#2889,#2890,#2891,#2892,#2893,
    #2894,#2895,#2896,#2897,#2898,#2899,#2900,#2901,#2902,#2903,#2904,
    #2905,#2906,#2907,#2908,#2909),.UNSPECIFIED.,.F.,.F.,(9,7,7,7,7,7,7,
    7,7,9),(0.,8.476221073391E-02,0.234903415392,0.305448572373,
    0.434670171569,0.54160029581,0.646888053628,0.794565881626,
    0.892508617297,1.),.UNSPECIFIED.);
#2845 = CARTESIAN_POINT('',(2.846514758839,40.160631413834));
#2846 = CARTESIAN_POINT('',(2.846513271887,40.245636890704));
#2847 = CARTESIAN_POINT('',(2.846503968471,40.330676434538));
#2848 = CARTESIAN_POINT('',(2.84649416749,40.41572888605));
#2849 = CARTESIAN_POINT('',(2.846488571188,40.500779483939));
#2850 = CARTESIAN_POINT('',(2.846489265152,40.58581986489));
#2851 = CARTESIAN_POINT('',(2.846495718308,40.670848063577));
#2852 = CARTESIAN_POINT('',(2.846504782926,40.755868512657));
#2853 = CARTESIAN_POINT('',(2.84652116613,40.991496128316));
#2854 = CARTESIAN_POINT('',(2.846529875754,41.142282619304));
#2855 = CARTESIAN_POINT('',(2.846528078441,41.292982450249));
#2856 = CARTESIAN_POINT('',(2.846520847662,41.443581430262));
#2857 = CARTESIAN_POINT('',(2.846515137953,41.594186857641));
#2858 = CARTESIAN_POINT('',(2.846513587345,41.744898728759));
#2859 = CARTESIAN_POINT('',(2.846514059653,41.895685541246));
#2860 = CARTESIAN_POINT('',(2.846515334001,42.117015621004));
#2861 = CARTESIAN_POINT('',(2.846515834957,42.187818033417));
#2862 = CARTESIAN_POINT('',(2.84651625883,42.258626425185));
#2863 = CARTESIAN_POINT('',(2.846516424927,42.329419335453));
#2864 = CARTESIAN_POINT('',(2.846516211681,42.400190687642));
#2865 = CARTESIAN_POINT('',(2.846515588797,42.470945597162));
#2866 = CARTESIAN_POINT('',(2.846514614587,42.541699274411));
#2867 = CARTESIAN_POINT('',(2.846511177115,42.742126455436));
#2868 = CARTESIAN_POINT('',(2.84650814825,42.871934175603));
#2869 = CARTESIAN_POINT('',(2.846505010048,43.001691365772));
#2870 = CARTESIAN_POINT('',(2.846503092797,43.131389365336));
#2871 = CARTESIAN_POINT('',(2.846503768314,43.261056061242));
#2872 = CARTESIAN_POINT('',(2.846506874507,43.390735515912));
#2873 = CARTESIAN_POINT('',(2.846511365334,43.520465298348));
#2874 = CARTESIAN_POINT('',(2.846519903698,43.757489556526));
#2875 = CARTESIAN_POINT('',(2.846524022566,43.864832968825));
#2876 = CARTESIAN_POINT('',(2.846527405916,43.972186555978));
#2877 = CARTESIAN_POINT('',(2.846529398028,44.079543202022));
#2878 = CARTESIAN_POINT('',(2.846529675653,44.1868967022));
#2879 = CARTESIAN_POINT('',(2.846528248015,44.294241762956));
#2880 = CARTESIAN_POINT('',(2.846525456809,44.401574001944));
#2881 = CARTESIAN_POINT('',(2.846518549059,44.614557601738));
#2882 = CARTESIAN_POINT('',(2.846514307609,44.720229787884));
#2883 = CARTESIAN_POINT('',(2.846510218916,44.825911183091));
#2884 = CARTESIAN_POINT('',(2.846506973618,44.931601900307));
#2885 = CARTESIAN_POINT('',(2.846504985937,45.037297488794));
#2886 = CARTESIAN_POINT('',(2.84650439367,45.142988934133));
#2887 = CARTESIAN_POINT('',(2.846505058197,45.248662658219));
#2888 = CARTESIAN_POINT('',(2.846508677201,45.502469406091));
#2889 = CARTESIAN_POINT('',(2.846512329671,45.65089794779));
#2890 = CARTESIAN_POINT('',(2.846516190709,45.799219853764));
#2891 = CARTESIAN_POINT('',(2.846518298315,45.947455191677));
#2892 = CARTESIAN_POINT('',(2.846516847574,46.095659948706));
#2893 = CARTESIAN_POINT('',(2.84651447529,46.243903935967));
#2894 = CARTESIAN_POINT('',(2.846513701757,46.392252941325));
#2895 = CARTESIAN_POINT('',(2.846515548916,46.638776832263));
#2896 = CARTESIAN_POINT('',(2.846517507876,46.737099588552));
#2897 = CARTESIAN_POINT('',(2.846520141683,46.835441251908));
#2898 = CARTESIAN_POINT('',(2.84652284268,46.933797160994));
#2899 = CARTESIAN_POINT('',(2.84652494311,47.032158899284));
#2900 = CARTESIAN_POINT('',(2.846525715111,47.130514295067));
#2901 = CARTESIAN_POINT('',(2.846524370713,47.228847421446));
#2902 = CARTESIAN_POINT('',(2.8465153329,47.435012388345));
#2903 = CARTESIAN_POINT('',(2.846509816173,47.542966144847));
#2904 = CARTESIAN_POINT('',(2.84649795081,47.650917311547));
#2905 = CARTESIAN_POINT('',(2.846486017374,47.758842033937));
#2906 = CARTESIAN_POINT('',(2.846483871688,47.866750567284));
#2907 = CARTESIAN_POINT('',(2.846496678671,47.974662686626));
#2908 = CARTESIAN_POINT('',(2.84651664618,48.082583096763));
#2909 = CARTESIAN_POINT('',(2.846514758854,48.190476842256));
#2910 = ( GEOMETRIC_REPRESENTATION_CONTEXT(2) 
PARAMETRIC_REPRESENTATION_CONTEXT() REPRESENTATION_CONTEXT('2D SPACE',''
  ) );
#2911 = PCURVE('',#2912,#2917);
#2912 = CYLINDRICAL_SURFACE('',#2913,12.);
#2913 = AXIS2_PLACEMENT_3D('',#2914,#2915,#2916);
#2914 = CARTESIAN_POINT('',(0.,0.,0.));
#2915 = DIRECTION('',(0.,0.,1.));
#2916 = DIRECTION('',(1.,0.,0.));
#2917 = DEFINITIONAL_REPRESENTATION('',(#2918),#2984);
#2918 = B_SPLINE_CURVE_WITH_KNOTS('',8,(#2919,#2920,#2921,#2922,#2923,
    #2924,#2925,#2926,#2927,#2928,#2929,#2930,#2931,#2932,#2933,#2934,
    #2935,#2936,#2937,#2938,#2939,#2940,#2941,#2942,#2943,#2944,#2945,
    #2946,#2947,#2948,#2949,#2950,#2951,#2952,#2953,#2954,#2955,#2956,
    #2957,#2958,#2959,#2960,#2961,#2962,#2963,#2964,#2965,#2966,#2967,
    #2968,#2969,#2970,#2971,#2972,#2973,#2974,#2975,#2976,#2977,#2978,
    #2979,#2980,#2981,#2982,#2983),.UNSPECIFIED.,.F.,.F.,(9,7,7,7,7,7,7,
    7,7,9),(0.,8.476221073391E-02,0.234903415392,0.305448572373,
    0.434670171569,0.54160029581,0.646888053628,0.794565881626,
    0.892508617297,1.),.UNSPECIFIED.);
#2919 = CARTESIAN_POINT('',(0.,26.62185662362));
#2920 = CARTESIAN_POINT('',(6.651497887864E-02,26.674787194279));
#2921 = CARTESIAN_POINT('',(0.133056366046,26.727736959035));
#2922 = CARTESIAN_POINT('',(0.199607803769,26.780694632608));
#2923 = CARTESIAN_POINT('',(0.266157881104,26.833652237839));
#2924 = CARTESIAN_POINT('',(0.332700133903,26.88660510569));
#2925 = CARTESIAN_POINT('',(0.39923304481,26.939551875248));
#2926 = CARTESIAN_POINT('',(0.465760043261,26.992494493719));
#2927 = CARTESIAN_POINT('',(0.650134633838,27.139218619732));
#2928 = CARTESIAN_POINT('',(0.768122686878,27.233112147695));
#2929 = CARTESIAN_POINT('',(0.886042491085,27.32694900101));
#2930 = CARTESIAN_POINT('',(1.003882673059,27.420721653566));
#2931 = CARTESIAN_POINT('',(1.12172737488,27.514498713568));
#2932 = CARTESIAN_POINT('',(1.239655344767,27.608343127732));
#2933 = CARTESIAN_POINT('',(1.357642403031,27.702234728585));
#2934 = CARTESIAN_POINT('',(1.53082833291,27.840052206056));
#2935 = CARTESIAN_POINT('',(1.586229743486,27.884139368638));
#2936 = CARTESIAN_POINT('',(1.641635911596,27.92823023452));
#2937 = CARTESIAN_POINT('',(1.697030035289,27.972311393856));
#2938 = CARTESIAN_POINT('',(1.752407340629,28.016379031507));
#2939 = CARTESIAN_POINT('',(1.807771806664,28.060436324896));
#2940 = CARTESIAN_POINT('',(1.863135312785,28.104492760248));
#2941 = CARTESIAN_POINT('',(2.019966011001,28.22929326677));
#2942 = CARTESIAN_POINT('',(2.12153819136,28.310120765331));
#2943 = CARTESIAN_POINT('',(2.223070671557,28.390916771789));
#2944 = CARTESIAN_POINT('',(2.324556603374,28.471676236931));
#2945 = CARTESIAN_POINT('',(2.426017862582,28.552416879593));
#2946 = CARTESIAN_POINT('',(2.527489054155,28.633166094569));
#2947 = CARTESIAN_POINT('',(2.628999659831,28.713947005073));
#2948 = CARTESIAN_POINT('',(2.814465881312,28.861538762305));
#2949 = CARTESIAN_POINT('',(2.898459781578,28.928380099124));
#2950 = CARTESIAN_POINT('',(2.982461700151,28.995227581642));
#2951 = CARTESIAN_POINT('',(3.066466056414,29.06207660957));
#2952 = CARTESIAN_POINT('',(3.150467976035,29.128923235871));
#2953 = CARTESIAN_POINT('',(3.234463290971,29.19576416675));
#2954 = CARTESIAN_POINT('',(3.318448539461,29.262596761666));
#2955 = CARTESIAN_POINT('',(3.485103639183,29.395214965056));
#2956 = CARTESIAN_POINT('',(3.56778978915,29.461013508733));
#2957 = CARTESIAN_POINT('',(3.650483097095,29.52681782613));
#2958 = CARTESIAN_POINT('',(3.733183677634,29.592628165935));
#2959 = CARTESIAN_POINT('',(3.815888078835,29.658441863752));
#2960 = CARTESIAN_POINT('',(3.898589282218,29.724253342093));
#2961 = CARTESIAN_POINT('',(3.981276702759,29.790054110387));
#2962 = CARTESIAN_POINT('',(4.179875341042,29.948094667392));
#2963 = CARTESIAN_POINT('',(4.296017881804,30.040518648567));
#2964 = CARTESIAN_POINT('',(4.412077211173,30.132876283987));
#2965 = CARTESIAN_POINT('',(4.528068930878,30.225179562651));
#2966 = CARTESIAN_POINT('',(4.644036540636,30.317462880339));
#2967 = CARTESIAN_POINT('',(4.76003435418,30.409770387811));
#2968 = CARTESIAN_POINT('',(4.876113941197,30.502143700511));
#2969 = CARTESIAN_POINT('',(5.069012774654,30.655648932482));
#2970 = CARTESIAN_POINT('',(5.145947783934,30.716872756547));
#2971 = CARTESIAN_POINT('',(5.222897620643,30.778108527888));
#2972 = CARTESIAN_POINT('',(5.299858738201,30.83935318707));
#2973 = CARTESIAN_POINT('',(5.376824609227,30.900601320866));
#2974 = CARTESIAN_POINT('',(5.45378572554,30.961845162259));
#2975 = CARTESIAN_POINT('',(5.530729598161,31.023074590443));
#2976 = CARTESIAN_POINT('',(5.692050150061,31.151446437918));
#2977 = CARTESIAN_POINT('',(5.776522313331,31.218665333619));
#2978 = CARTESIAN_POINT('',(5.860992259002,31.285880977164));
#2979 = CARTESIAN_POINT('',(5.945441165044,31.353080136866));
#2980 = CARTESIAN_POINT('',(6.02987708162,31.420271743727));
#2981 = CARTESIAN_POINT('',(6.114315637184,31.487469445058));
#2982 = CARTESIAN_POINT('',(6.198760744588,31.554674158097));
#2983 = CARTESIAN_POINT('',(6.28318530718,31.621856623625));
#2984 = ( GEOMETRIC_REPRESENTATION_CONTEXT(2) 
PARAMETRIC_REPRESENTATION_CONTEXT() REPRESENTATION_CONTEXT('2D SPACE',''
  ) );
#2985 = ORIENTED_EDGE('',*,*,#2986,.T.);
#2986 = EDGE_CURVE('',#2773,#2987,#2989,.T.);
#2987 = VERTEX_POINT('',#2988);
#2988 = CARTESIAN_POINT('',(12.,-2.939152317954E-15,36.621856623653));
#2989 = SURFACE_CURVE('',#2990,(#3049,#3111),.PCURVE_S1.);
#2990 = B_SPLINE_CURVE_WITH_KNOTS('',8,(#2991,#2992,#2993,#2994,#2995,
    #2996,#2997,#2998,#2999,#3000,#3001,#3002,#3003,#3004,#3005,#3006,
    #3007,#3008,#3009,#3010,#3011,#3012,#3013,#3014,#3015,#3016,#3017,
    #3018,#3019,#3020,#3021,#3022,#3023,#3024,#3025,#3026,#3027,#3028,
    #3029,#3030,#3031,#3032,#3033,#3034,#3035,#3036,#3037,#3038,#3039,
    #3040,#3041,#3042,#3043,#3044,#3045,#3046,#3047,#3048),
  .UNSPECIFIED.,.F.,.F.,(9,7,7,7,7,7,7,7,9),(0.,8.070963620883E-02,
    0.234032252698,0.385662458324,0.462536037395,0.620553021415,
    0.778432063971,0.929105598257,1.),.UNSPECIFIED.);
#2991 = CARTESIAN_POINT('',(12.,-1.42108547152E-14,31.621856623625));
#2992 = CARTESIAN_POINT('',(12.,0.760112425405,31.672262794184));
#2993 = CARTESIAN_POINT('',(11.944939228013,1.520513732713,
    31.722682397964));
#2994 = CARTESIAN_POINT('',(11.834828261417,2.276307681207,
    31.773108690106));
#2995 = CARTESIAN_POINT('',(11.670136574792,3.022753586192,
    31.823536827835));
#2996 = CARTESIAN_POINT('',(11.451792539915,3.755266319,31.87396387046)
  );
#2997 = CARTESIAN_POINT('',(11.181183425762,4.469416306989,
    31.924388779377));
#2998 = CARTESIAN_POINT('',(10.860155398508,5.160929533541,
    31.974812418065));
#2999 = CARTESIAN_POINT('',(9.78976146424,7.08851613416,32.121029254891)
  );
#3000 = CARTESIAN_POINT('',(8.913830656116,8.256534676801,
    32.216940764957));
#3001 = CARTESIAN_POINT('',(7.879594157668,9.298698297886,
    32.312789141379));
#3002 = CARTESIAN_POINT('',(6.708721982043,10.190900984045,
    32.40856408161));
#3003 = CARTESIAN_POINT('',(5.426322964931,10.913709705862,
    32.504340470552));
#3004 = CARTESIAN_POINT('',(4.060165359231,11.451723958811,
    32.600191779179));
#3005 = CARTESIAN_POINT('',(2.640976154473,11.794560715926,
    32.69610431267));
#3006 = CARTESIAN_POINT('',(-0.21747423735,12.082769383402,
    32.886622973203));
#3007 = CARTESIAN_POINT('',(-1.659910567958,12.032857758128,
    32.981463427388));
#3008 = CARTESIAN_POINT('',(-3.090054582489,11.785683182756,
    33.076224412142));
#3009 = CARTESIAN_POINT('',(-4.476789973229,11.345067594978,
    33.170944438907));
#3010 = CARTESIAN_POINT('',(-5.79087238781,10.719990548995,
    33.265670923455));
#3011 = CARTESIAN_POINT('',(-7.004660168606,9.923770728342,
    33.360448562476));
#3012 = CARTESIAN_POINT('',(-8.092571824452,8.97497433153,
    33.455304305595));
#3013 = CARTESIAN_POINT('',(-9.509506422056,7.354834971047,
    33.598036425714));
#3014 = CARTESIAN_POINT('',(-9.948678253867,6.776842252681,
    33.646058180292));
#3015 = CARTESIAN_POINT('',(-10.34762969904,6.168953676052,
    33.694086248622));
#3016 = CARTESIAN_POINT('',(-10.70399524926,5.534426978749,
    33.742121433808));
#3017 = CARTESIAN_POINT('',(-11.01574888657,4.87673044055,
    33.790162633268));
#3018 = CARTESIAN_POINT('',(-11.28120408339,4.199542883429,
    33.838206838729));
#3019 = CARTESIAN_POINT('',(-11.49901380254,3.506753671551,
    33.886249136233));
#3020 = CARTESIAN_POINT('',(-12.01587943752,1.354762021898,
    34.033017797427));
#3021 = CARTESIAN_POINT('',(-12.15875219683,-0.144192051428,
    34.131885298496));
#3022 = CARTESIAN_POINT('',(-12.08700298029,-1.657282011562,
    34.230653829555));
#3023 = CARTESIAN_POINT('',(-11.8006017274,-3.148916825392,
    34.329371889593));
#3024 = CARTESIAN_POINT('',(-11.30579746343,-4.585081214807,
    34.428096535873));
#3025 = CARTESIAN_POINT('',(-10.61400626869,-5.93304686753,
    34.526883752274));
#3026 = CARTESIAN_POINT('',(-9.743000702877,-7.161710730829,
    34.625772368416));
#3027 = CARTESIAN_POINT('',(-7.698567077192,-9.324395997628,
    34.823128235767));
#3028 = CARTESIAN_POINT('',(-6.522147683496,-10.26212369255,
    34.921910983814));
#3029 = CARTESIAN_POINT('',(-5.216721080537,-11.02818009285,
    35.020606198744));
#3030 = CARTESIAN_POINT('',(-3.812045566631,-11.60305409139,
    35.119255826196));
#3031 = CARTESIAN_POINT('',(-2.340023117661,-11.9733460358,
    35.217911429286));
#3032 = CARTESIAN_POINT('',(-0.834321649017,-12.13075935923,
    35.31662328169));
#3033 = CARTESIAN_POINT('',(0.669319477591,-12.07328900714,
    35.415426108541));
#3034 = CARTESIAN_POINT('',(3.529903614106,-11.55658897695,
    35.608194769531));
#3035 = CARTESIAN_POINT('',(4.894723354677,-11.11505687692,
    35.702466041325));
#3036 = CARTESIAN_POINT('',(6.194399348411,-10.48929684978,
    35.796667693697));
#3037 = CARTESIAN_POINT('',(7.400540391324,-9.691643411578,
    35.890823888686));
#3038 = CARTESIAN_POINT('',(8.487585125688,-8.738172422232,
    35.984974063382));
#3039 = CARTESIAN_POINT('',(9.433393875442,-7.649351433793,
    36.079158116164));
#3040 = CARTESIAN_POINT('',(10.218745652202,-6.449226264899,
    36.173409899748));
#3041 = CARTESIAN_POINT('',(11.117788795169,-4.56518645041,
    36.311840938554));
#3042 = CARTESIAN_POINT('',(11.36717321936,-3.943911117088,
    36.356145257568));
#3043 = CARTESIAN_POINT('',(11.576780880565,-3.307249973468,
    36.400444172708));
#3044 = CARTESIAN_POINT('',(11.745512438311,-2.658275195198,
    36.444732129799));
#3045 = CARTESIAN_POINT('',(11.872591978058,-2.000046795157,
    36.489010552401));
#3046 = CARTESIAN_POINT('',(11.957512316317,-1.335597134861,
    36.533285063495));
#3047 = CARTESIAN_POINT('',(12.,-0.667925108562,36.577563771936));
#3048 = CARTESIAN_POINT('',(12.,1.7763568394E-15,36.621856623653));
#3049 = PCURVE('',#1072,#3050);
#3050 = DEFINITIONAL_REPRESENTATION('',(#3051),#3110);
#3051 = B_SPLINE_CURVE_WITH_KNOTS('',8,(#3052,#3053,#3054,#3055,#3056,
    #3057,#3058,#3059,#3060,#3061,#3062,#3063,#3064,#3065,#3066,#3067,
    #3068,#3069,#3070,#3071,#3072,#3073,#3074,#3075,#3076,#3077,#3078,
    #3079,#3080,#3081,#3082,#3083,#3084,#3085,#3086,#3087,#3088,#3089,
    #3090,#3091,#3092,#3093,#3094,#3095,#3096,#3097,#3098,#3099,#3100,
    #3101,#3102,#3103,#3104,#3105,#3106,#3107,#3108,#3109),
  .UNSPECIFIED.,.F.,.F.,(9,7,7,7,7,7,7,7,9),(0.,8.070963620883E-02,
    0.234032252698,0.385662458324,0.462536037395,0.620553021415,
    0.778432063971,0.929105598257,1.),.UNSPECIFIED.);
#3052 = CARTESIAN_POINT('',(2.846514758854,48.190476842256));
#3053 = CARTESIAN_POINT('',(2.846513342816,48.271428181195));
#3054 = CARTESIAN_POINT('',(2.846504346822,48.352404237217));
#3055 = CARTESIAN_POINT('',(2.846494677896,48.433391313638));
#3056 = CARTESIAN_POINT('',(2.846488820483,48.51437977321));
#3057 = CARTESIAN_POINT('',(2.846488836451,48.595364038128));
#3058 = CARTESIAN_POINT('',(2.846494365089,48.676342590026));
#3059 = CARTESIAN_POINT('',(2.846502623111,48.757317969979));
#3060 = CARTESIAN_POINT('',(2.846519387731,48.992130736697));
#3061 = CARTESIAN_POINT('',(2.846529907421,49.146157293842));
#3062 = CARTESIAN_POINT('',(2.846529040788,49.30008718272));
#3063 = CARTESIAN_POINT('',(2.846521700858,49.453901820108));
#3064 = CARTESIAN_POINT('',(2.846515467982,49.607718324938));
#3065 = CARTESIAN_POINT('',(2.846513571396,49.761653350013));
#3066 = CARTESIAN_POINT('',(2.846514020954,49.915685727277));
#3067 = CARTESIAN_POINT('',(2.846515747572,50.221652090235));
#3068 = CARTESIAN_POINT('',(2.8465170777,50.373962376065));
#3069 = CARTESIAN_POINT('',(2.846517294113,50.526145498353));
#3070 = CARTESIAN_POINT('',(2.846514119174,50.678264249921));
#3071 = CARTESIAN_POINT('',(2.84650902092,50.830394170174));
#3072 = CARTESIAN_POINT('',(2.846505211085,50.982605708564));
#3073 = CARTESIAN_POINT('',(2.846504180638,51.134941526985));
#3074 = CARTESIAN_POINT('',(2.846506546079,51.364163918375));
#3075 = CARTESIAN_POINT('',(2.84650805206,51.441284747071));
#3076 = CARTESIAN_POINT('',(2.84651017605,51.518415459141));
#3077 = CARTESIAN_POINT('',(2.846512780589,51.595557401357));
#3078 = CARTESIAN_POINT('',(2.846515682949,51.67270887879));
#3079 = CARTESIAN_POINT('',(2.846518655129,51.749865154812));
#3080 = CARTESIAN_POINT('',(2.846521423858,51.827018451095));
#3081 = CARTESIAN_POINT('',(2.846528288857,52.062721536498));
#3082 = CARTESIAN_POINT('',(2.846530916011,52.221498597197));
#3083 = CARTESIAN_POINT('',(2.846529787667,52.380118272691));
#3084 = CARTESIAN_POINT('',(2.846523782428,52.53865891595));
#3085 = CARTESIAN_POINT('',(2.846515581784,52.697211047043));
#3086 = CARTESIAN_POINT('',(2.846509064489,52.855862965656));
#3087 = CARTESIAN_POINT('',(2.846505769587,53.014676392648));
#3088 = CARTESIAN_POINT('',(2.846504755395,53.331624235123));
#3089 = CARTESIAN_POINT('',(2.846507018389,53.490265336121));
#3090 = CARTESIAN_POINT('',(2.846511809857,53.648764812969));
#3091 = CARTESIAN_POINT('',(2.84651666771,53.807191050203));
#3092 = CARTESIAN_POINT('',(2.846518265421,53.965628236253));
#3093 = CARTESIAN_POINT('',(2.84651629111,54.124157238439));
#3094 = CARTESIAN_POINT('',(2.846514604875,54.282832223296));
#3095 = CARTESIAN_POINT('',(2.846514262628,54.592412875481));
#3096 = CARTESIAN_POINT('',(2.84651548546,54.743809116488));
#3097 = CARTESIAN_POINT('',(2.846519581942,54.895092359022));
#3098 = CARTESIAN_POINT('',(2.846525877636,55.046301686302));
#3099 = CARTESIAN_POINT('',(2.846532299211,55.197501292957));
#3100 = CARTESIAN_POINT('',(2.846525116867,55.348760948931));
#3101 = CARTESIAN_POINT('',(2.846511239694,55.500132155115));
#3102 = CARTESIAN_POINT('',(2.846496576997,55.722454205208));
#3103 = CARTESIAN_POINT('',(2.846492809043,55.793607134645));
#3104 = CARTESIAN_POINT('',(2.846490823675,55.864750646309));
#3105 = CARTESIAN_POINT('',(2.846492069404,55.935875219606));
#3106 = CARTESIAN_POINT('',(2.846497660563,56.006982678565));
#3107 = CARTESIAN_POINT('',(2.846507007869,56.078082297923));
#3108 = CARTESIAN_POINT('',(2.846516003254,56.149188804048));
#3109 = CARTESIAN_POINT('',(2.846514758978,56.220322270679));
#3110 = ( GEOMETRIC_REPRESENTATION_CONTEXT(2) 
PARAMETRIC_REPRESENTATION_CONTEXT() REPRESENTATION_CONTEXT('2D SPACE',''
  ) );
#3111 = PCURVE('',#3112,#3117);
#3112 = CYLINDRICAL_SURFACE('',#3113,12.);
#3113 = AXIS2_PLACEMENT_3D('',#3114,#3115,#3116);
#3114 = CARTESIAN_POINT('',(0.,0.,0.));
#3115 = DIRECTION('',(0.,0.,1.));
#3116 = DIRECTION('',(1.,0.,0.));
#3117 = DEFINITIONAL_REPRESENTATION('',(#3118),#3177);
#3118 = B_SPLINE_CURVE_WITH_KNOTS('',8,(#3119,#3120,#3121,#3122,#3123,
    #3124,#3125,#3126,#3127,#3128,#3129,#3130,#3131,#3132,#3133,#3134,
    #3135,#3136,#3137,#3138,#3139,#3140,#3141,#3142,#3143,#3144,#3145,
    #3146,#3147,#3148,#3149,#3150,#3151,#3152,#3153,#3154,#3155,#3156,
    #3157,#3158,#3159,#3160,#3161,#3162,#3163,#3164,#3165,#3166,#3167,
    #3168,#3169,#3170,#3171,#3172,#3173,#3174,#3175,#3176),
  .UNSPECIFIED.,.F.,.F.,(9,7,7,7,7,7,7,7,9),(0.,8.070963620883E-02,
    0.234032252698,0.385662458324,0.462536037395,0.620553021415,
    0.778432063971,0.929105598257,1.),.UNSPECIFIED.);
#3119 = CARTESIAN_POINT('',(0.,31.621856623625));
#3120 = CARTESIAN_POINT('',(6.334270211706E-02,31.672262794184));
#3121 = CARTESIAN_POINT('',(0.126704521646,31.722682397964));
#3122 = CARTESIAN_POINT('',(0.190074910727,31.773108690106));
#3123 = CARTESIAN_POINT('',(0.253446450015,31.823536827835));
#3124 = CARTESIAN_POINT('',(0.316814848682,31.87396387046));
#3125 = CARTESIAN_POINT('',(0.380178944415,31.924388779377));
#3126 = CARTESIAN_POINT('',(0.443540703417,31.974812418065));
#3127 = CARTESIAN_POINT('',(0.627277631852,32.121029254891));
#3128 = CARTESIAN_POINT('',(0.747801032388,32.216940764957));
#3129 = CARTESIAN_POINT('',(0.868248407289,32.312789141379));
#3130 = CARTESIAN_POINT('',(0.988604850525,32.40856408161));
#3131 = CARTESIAN_POINT('',(1.108962144595,32.504340470552));
#3132 = CARTESIAN_POINT('',(1.229412110918,32.600191779179));
#3133 = CARTESIAN_POINT('',(1.349938730819,32.69610431267));
#3134 = CARTESIAN_POINT('',(1.589350667751,32.886622973203));
#3135 = CARTESIAN_POINT('',(1.708530461892,32.981463427388));
#3136 = CARTESIAN_POINT('',(1.827611146842,33.076224412142));
#3137 = CARTESIAN_POINT('',(1.946641600451,33.170944438907));
#3138 = CARTESIAN_POINT('',(2.065680588435,33.265670923455));
#3139 = CARTESIAN_POINT('',(2.184783081376,33.360448562476));
#3140 = CARTESIAN_POINT('',(2.303982593734,33.455304305595));
#3141 = CARTESIAN_POINT('',(2.483344022784,33.598036425714));
#3142 = CARTESIAN_POINT('',(2.543689325434,33.646058180292));
#3143 = CARTESIAN_POINT('',(2.604042351433,33.694086248622));
#3144 = CARTESIAN_POINT('',(2.664404172172,33.742121433808));
#3145 = CARTESIAN_POINT('',(2.72477347417,33.790162633268));
#3146 = CARTESIAN_POINT('',(2.78514655908,33.838206838729));
#3147 = CARTESIAN_POINT('',(2.845517343681,33.886249136233));
#3148 = CARTESIAN_POINT('',(3.02994999747,34.033017797427));
#3149 = CARTESIAN_POINT('',(3.154189787428,34.131885298496));
#3150 = CARTESIAN_POINT('',(3.278306514739,34.230653829555));
#3151 = CARTESIAN_POINT('',(3.402361312065,34.329371889593));
#3152 = CARTESIAN_POINT('',(3.526424859853,34.428096535873));
#3153 = CARTESIAN_POINT('',(3.650566299576,34.526883752274));
#3154 = CARTESIAN_POINT('',(3.774834173486,34.625772368416));
#3155 = CARTESIAN_POINT('',(4.022838939528,34.823128235767));
#3156 = CARTESIAN_POINT('',(4.146972307377,34.921910983814));
#3157 = CARTESIAN_POINT('',(4.270995130844,35.020606198744));
#3158 = CARTESIAN_POINT('',(4.394961023807,35.119255826196));
#3159 = CARTESIAN_POINT('',(4.518935569903,35.217911429286));
#3160 = CARTESIAN_POINT('',(4.642981612361,35.31662328169));
#3161 = CARTESIAN_POINT('',(4.767141372526,35.415426108541));
#3162 = CARTESIAN_POINT('',(5.009380930885,35.608194769531));
#3163 = CARTESIAN_POINT('',(5.127844615676,35.702466041325));
#3164 = CARTESIAN_POINT('',(5.246219733254,35.796667693697));
#3165 = CARTESIAN_POINT('',(5.364537183389,35.890823888686));
#3166 = CARTESIAN_POINT('',(5.48284786063,35.984974063382));
#3167 = CARTESIAN_POINT('',(5.601206307597,36.079158116164));
#3168 = CARTESIAN_POINT('',(5.719651902514,36.173409899748));
#3169 = CARTESIAN_POINT('',(5.893614793582,36.311840938554));
#3170 = CARTESIAN_POINT('',(5.949290530708,36.356145257568));
#3171 = CARTESIAN_POINT('',(6.00495882205,36.400444172708));
#3172 = CARTESIAN_POINT('',(6.060612130687,36.444732129799));
#3173 = CARTESIAN_POINT('',(6.116251908988,36.489010552401));
#3174 = CARTESIAN_POINT('',(6.171885592632,36.533285063495));
#3175 = CARTESIAN_POINT('',(6.227524881466,36.577563771936));
#3176 = CARTESIAN_POINT('',(6.28318530718,36.621856623653));
#3177 = ( GEOMETRIC_REPRESENTATION_CONTEXT(2) 
PARAMETRIC_REPRESENTATION_CONTEXT() REPRESENTATION_CONTEXT('2D SPACE',''
  ) );
#3178 = ORIENTED_EDGE('',*,*,#3179,.T.);
#3179 = EDGE_CURVE('',#2987,#3180,#3182,.T.);
#3180 = VERTEX_POINT('',#3181);
#3181 = CARTESIAN_POINT('',(12.,-2.939152317954E-15,41.621856623631));
#3182 = SURFACE_CURVE('',#3183,(#3242,#3304),.PCURVE_S1.);
#3183 = B_SPLINE_CURVE_WITH_KNOTS('',8,(#3184,#3185,#3186,#3187,#3188,
    #3189,#3190,#3191,#3192,#3193,#3194,#3195,#3196,#3197,#3198,#3199,
    #3200,#3201,#3202,#3203,#3204,#3205,#3206,#3207,#3208,#3209,#3210,
    #3211,#3212,#3213,#3214,#3215,#3216,#3217,#3218,#3219,#3220,#3221,
    #3222,#3223,#3224,#3225,#3226,#3227,#3228,#3229,#3230,#3231,#3232,
    #3233,#3234,#3235,#3236,#3237,#3238,#3239,#3240,#3241),
  .UNSPECIFIED.,.F.,.F.,(9,7,7,7,7,7,7,7,9),(0.,0.143704708705,
    0.241288864107,0.333250772577,0.489820352473,0.63448586697,
    0.784212602055,0.893390804,1.),.UNSPECIFIED.);
#3184 = CARTESIAN_POINT('',(12.,1.7763568394E-15,36.621856623653));
#3185 = CARTESIAN_POINT('',(12.,1.353589925055,36.711618719833));
#3186 = CARTESIAN_POINT('',(11.825504153121,2.708872881401,
    36.801484521628));
#3187 = CARTESIAN_POINT('',(11.475750165627,4.037226051329,
    36.89131801948));
#3188 = CARTESIAN_POINT('',(10.956412506625,5.312454867597,
    36.981124835103));
#3189 = CARTESIAN_POINT('',(10.276773247459,6.510058031669,
    37.070935656407));
#3190 = CARTESIAN_POINT('',(9.450300209353,7.607535821059,
    37.160781678908));
#3191 = CARTESIAN_POINT('',(8.493861877856,8.58414654777,37.250687305992
    ));
#3192 = CARTESIAN_POINT('',(6.708746171645,9.991900897592,
    37.401446966597));
#3193 = CARTESIAN_POINT('',(5.936604171126,10.498240975181,
    37.462434034744));
#3194 = CARTESIAN_POINT('',(5.121036135647,10.936238147253,
    37.523432419907));
#3195 = CARTESIAN_POINT('',(4.269180460885,11.301519712993,
    37.584437474161));
#3196 = CARTESIAN_POINT('',(3.388550098899,11.590686911946,
    37.645444110638));
#3197 = CARTESIAN_POINT('',(2.487032558132,11.801314924014,
    37.706446803524));
#3198 = CARTESIAN_POINT('',(1.572889903402,11.931952869456,
    37.767439588061));
#3199 = CARTESIAN_POINT('',(-0.210474869372,12.029404182645,
    37.88587941367));
#3200 = CARTESIAN_POINT('',(-1.079650082317,12.005245875407,
    37.943338326682));
#3201 = CARTESIAN_POINT('',(-1.945672613065,11.909350781581,
    38.000792309444));
#3202 = CARTESIAN_POINT('',(-2.801644758412,11.742169404426,
    38.058242120936));
#3203 = CARTESIAN_POINT('',(-3.64086538181,11.504900856056,
    38.115689769259));
#3204 = CARTESIAN_POINT('',(-4.456829913362,11.199492857439,
    38.173138511637));
#3205 = CARTESIAN_POINT('',(-5.243230349825,10.828641738396,
    38.230592854411));
#3206 = CARTESIAN_POINT('',(-7.272100574944,9.658845648318,
    38.385896673663));
#3207 = CARTESIAN_POINT('',(-8.448180933598,8.741445730302,
    38.483848443916));
#3208 = CARTESIAN_POINT('',(-9.489515601654,7.661477430877,
    38.581701476249));
#3209 = CARTESIAN_POINT('',(-10.37138367206,6.442816798575,38.6795076803
    ));
#3210 = CARTESIAN_POINT('',(-11.07326997806,5.112151284242,
    38.777324873749));
#3211 = CARTESIAN_POINT('',(-11.58013704605,3.699683672895,
    38.87520429073));
#3212 = CARTESIAN_POINT('',(-11.88130713126,2.23842760635,
    38.973185172762));
#3213 = CARTESIAN_POINT('',(-12.06254545005,-0.593890487826,
    39.161393785611));
#3214 = CARTESIAN_POINT('',(-11.97308054302,-1.966341510963,
    39.251842004334));
#3215 = CARTESIAN_POINT('',(-11.70485811633,-3.322528024105,
    39.342234106921));
#3216 = CARTESIAN_POINT('',(-11.2618988502,-4.635786810791,
    39.432604529509));
#3217 = CARTESIAN_POINT('',(-10.65198488543,-5.880651759912,
    39.522992963981));
#3218 = CARTESIAN_POINT('',(-9.887278551563,-7.033290046536,
    39.613432687313));
#3219 = CARTESIAN_POINT('',(-8.983897454136,-8.071336140428,
    39.703930794211));
#3220 = CARTESIAN_POINT('',(-6.909729900823,-9.911847179516,
    39.88782308882));
#3221 = CARTESIAN_POINT('',(-5.727349884194,-10.70776727609,
    39.981503827255));
#3222 = CARTESIAN_POINT('',(-4.441373842422,-11.34089710348,
    40.075128661525));
#3223 = CARTESIAN_POINT('',(-3.07861744076,-11.79662019577,
    40.168710379029));
#3224 = CARTESIAN_POINT('',(-1.667047769875,-12.06486630597,
    40.262286164518));
#3225 = CARTESIAN_POINT('',(-0.23594074931,-12.14095032507,
    40.35589367252));
#3226 = CARTESIAN_POINT('',(1.184593595204,-12.02443626044,
    40.449572005506));
#3227 = CARTESIAN_POINT('',(3.567823576642,-11.50343031029,
    40.611348101981));
#3228 = CARTESIAN_POINT('',(4.551612749922,-11.1851691875,
    40.679571581484));
#3229 = CARTESIAN_POINT('',(5.502461225039,-10.77093487572,
    40.747803193855));
#3230 = CARTESIAN_POINT('',(6.409436675569,-10.26471441281,
    40.816043131217));
#3231 = CARTESIAN_POINT('',(7.262414739064,-9.67189810502,
    40.884287400503));
#3232 = CARTESIAN_POINT('',(8.052079017054,-8.999279527026,
    40.952527823464));
#3233 = CARTESIAN_POINT('',(8.769921075046,-8.255055521918,
    41.020752036664));
#3234 = CARTESIAN_POINT('',(10.031539904739,-6.661567772847,
    41.155530374602));
#3235 = CARTESIAN_POINT('',(10.579886558362,-5.814079328498,
    41.222144552231));
#3236 = CARTESIAN_POINT('',(11.046230553712,-4.915404476644,
    41.288772227183));
#3237 = CARTESIAN_POINT('',(11.424933956573,-3.97500453432,
    41.355402837466));
#3238 = CARTESIAN_POINT('',(11.711770748191,-3.002758527103,
    41.422029056274));
#3239 = CARTESIAN_POINT('',(11.903926825276,-2.008963189112,
    41.48864679199));
#3240 = CARTESIAN_POINT('',(12.,-1.00433296301,41.555255188188));
#3241 = CARTESIAN_POINT('',(12.,-2.84217094304E-14,41.621856623631));
#3242 = PCURVE('',#1072,#3243);
#3243 = DEFINITIONAL_REPRESENTATION('',(#3244),#3303);
#3244 = B_SPLINE_CURVE_WITH_KNOTS('',8,(#3245,#3246,#3247,#3248,#3249,
    #3250,#3251,#3252,#3253,#3254,#3255,#3256,#3257,#3258,#3259,#3260,
    #3261,#3262,#3263,#3264,#3265,#3266,#3267,#3268,#3269,#3270,#3271,
    #3272,#3273,#3274,#3275,#3276,#3277,#3278,#3279,#3280,#3281,#3282,
    #3283,#3284,#3285,#3286,#3287,#3288,#3289,#3290,#3291,#3292,#3293,
    #3294,#3295,#3296,#3297,#3298,#3299,#3300,#3301,#3302),
  .UNSPECIFIED.,.F.,.F.,(9,7,7,7,7,7,7,7,9),(0.,0.143704708705,
    0.241288864107,0.333250772577,0.489820352473,0.63448586697,
    0.784212602055,0.893390804,1.),.UNSPECIFIED.);
#3245 = CARTESIAN_POINT('',(2.846514758978,56.220322270679));
#3246 = CARTESIAN_POINT('',(2.846512237379,56.36447846803));
#3247 = CARTESIAN_POINT('',(2.84647561317,56.508815357259));
#3248 = CARTESIAN_POINT('',(2.846483434077,56.653081933992));
#3249 = CARTESIAN_POINT('',(2.846505043434,56.797299941204));
#3250 = CARTESIAN_POINT('',(2.846518985672,56.941527561314));
#3251 = CARTESIAN_POINT('',(2.846525417721,57.085814828266));
#3252 = CARTESIAN_POINT('',(2.84652582365,57.230200317635));
#3253 = CARTESIAN_POINT('',(2.846522227849,57.472317163274));
#3254 = CARTESIAN_POINT('',(2.846519547472,57.570261621016));
#3255 = CARTESIAN_POINT('',(2.846516800998,57.668224280949));
#3256 = CARTESIAN_POINT('',(2.846514756499,57.766197360096));
#3257 = CARTESIAN_POINT('',(2.846513790086,57.864172533114));
#3258 = CARTESIAN_POINT('',(2.84651388591,57.962140932291));
#3259 = CARTESIAN_POINT('',(2.846514636158,58.060093147545));
#3260 = CARTESIAN_POINT('',(2.846515811105,58.250303358683));
#3261 = CARTESIAN_POINT('',(2.846516387688,58.342580357544));
#3262 = CARTESIAN_POINT('',(2.846516535818,58.434849616272));
#3263 = CARTESIAN_POINT('',(2.846516011296,58.527112455049));
#3264 = CARTESIAN_POINT('',(2.846514760713,58.619372120975));
#3265 = CARTESIAN_POINT('',(2.846512921452,58.711633788068));
#3266 = CARTESIAN_POINT('',(2.846510821687,58.803904557267));
#3267 = CARTESIAN_POINT('',(2.846505845467,59.053319753734));
#3268 = CARTESIAN_POINT('',(2.846503292409,59.210628327515));
#3269 = CARTESIAN_POINT('',(2.846503144275,59.367777333823));
#3270 = CARTESIAN_POINT('',(2.846507287852,59.524849355387));
#3271 = CARTESIAN_POINT('',(2.846514966113,59.681937559603));
#3272 = CARTESIAN_POINT('',(2.846522162203,59.839125892858));
#3273 = CARTESIAN_POINT('',(2.846526665265,59.99647829277));
#3274 = CARTESIAN_POINT('',(2.846529129804,60.298734484511));
#3275 = CARTESIAN_POINT('',(2.846527566753,60.443992175902));
#3276 = CARTESIAN_POINT('',(2.846522861227,60.589161049839));
#3277 = CARTESIAN_POINT('',(2.84651586641,60.734296055834));
#3278 = CARTESIAN_POINT('',(2.846509290543,60.879459814606));
#3279 = CARTESIAN_POINT('',(2.846505452996,61.024704805995));
#3280 = CARTESIAN_POINT('',(2.846504469059,61.170042376069));
#3281 = CARTESIAN_POINT('',(2.846506552866,61.46536685206));
#3282 = CARTESIAN_POINT('',(2.846509768463,61.615813888261));
#3283 = CARTESIAN_POINT('',(2.846514168664,61.766170652789));
#3284 = CARTESIAN_POINT('',(2.846517733159,61.916458519734));
#3285 = CARTESIAN_POINT('',(2.846517706768,62.066738349341));
#3286 = CARTESIAN_POINT('',(2.846515595261,62.217069989118));
#3287 = CARTESIAN_POINT('',(2.846514190269,62.367515078604));
#3288 = CARTESIAN_POINT('',(2.846514623889,62.627322308504));
#3289 = CARTESIAN_POINT('',(2.846516214445,62.736886447828));
#3290 = CARTESIAN_POINT('',(2.846518814859,62.846463229457));
#3291 = CARTESIAN_POINT('',(2.8465218371,62.95605320581));
#3292 = CARTESIAN_POINT('',(2.846524502956,63.06565028691));
#3293 = CARTESIAN_POINT('',(2.846525844034,63.175241740374));
#3294 = CARTESIAN_POINT('',(2.846524701758,63.284808191421));
#3295 = CARTESIAN_POINT('',(2.846514870027,63.501262113226));
#3296 = CARTESIAN_POINT('',(2.846500926214,63.608248206285));
#3297 = CARTESIAN_POINT('',(2.846488976515,63.715255148582));
#3298 = CARTESIAN_POINT('',(2.846485355781,63.822263350536));
#3299 = CARTESIAN_POINT('',(2.846491653132,63.929260386445));
#3300 = CARTESIAN_POINT('',(2.846504711954,64.036240994489));
#3301 = CARTESIAN_POINT('',(2.8465166299,64.143207076728));
#3302 = CARTESIAN_POINT('',(2.846514758889,64.250167699102));
#3303 = ( GEOMETRIC_REPRESENTATION_CONTEXT(2) 
PARAMETRIC_REPRESENTATION_CONTEXT() REPRESENTATION_CONTEXT('2D SPACE',''
  ) );
#3304 = PCURVE('',#3305,#3310);
#3305 = CYLINDRICAL_SURFACE('',#3306,12.);
#3306 = AXIS2_PLACEMENT_3D('',#3307,#3308,#3309);
#3307 = CARTESIAN_POINT('',(0.,0.,0.));
#3308 = DIRECTION('',(0.,0.,1.));
#3309 = DIRECTION('',(1.,0.,0.));
#3310 = DEFINITIONAL_REPRESENTATION('',(#3311),#3370);
#3311 = B_SPLINE_CURVE_WITH_KNOTS('',8,(#3312,#3313,#3314,#3315,#3316,
    #3317,#3318,#3319,#3320,#3321,#3322,#3323,#3324,#3325,#3326,#3327,
    #3328,#3329,#3330,#3331,#3332,#3333,#3334,#3335,#3336,#3337,#3338,
    #3339,#3340,#3341,#3342,#3343,#3344,#3345,#3346,#3347,#3348,#3349,
    #3350,#3351,#3352,#3353,#3354,#3355,#3356,#3357,#3358,#3359,#3360,
    #3361,#3362,#3363,#3364,#3365,#3366,#3367,#3368,#3369),
  .UNSPECIFIED.,.F.,.F.,(9,7,7,7,7,7,7,7,9),(0.,0.143704708705,
    0.241288864107,0.333250772577,0.489820352473,0.63448586697,
    0.784212602055,0.893390804,1.),.UNSPECIFIED.);
#3312 = CARTESIAN_POINT('',(0.,36.621856623653));
#3313 = CARTESIAN_POINT('',(0.112799160421,36.711618719833));
#3314 = CARTESIAN_POINT('',(0.225739201828,36.801484521628));
#3315 = CARTESIAN_POINT('',(0.338623688534,36.89131801948));
#3316 = CARTESIAN_POINT('',(0.451472036371,36.981124835103));
#3317 = CARTESIAN_POINT('',(0.564328083248,37.070935656407));
#3318 = CARTESIAN_POINT('',(0.677230631558,37.160781678908));
#3319 = CARTESIAN_POINT('',(0.790209523544,37.250687305992));
#3320 = CARTESIAN_POINT('',(0.979660675157,37.401446966597));
#3321 = CARTESIAN_POINT('',(1.056299858828,37.462434034744));
#3322 = CARTESIAN_POINT('',(1.132953163287,37.523432419907));
#3323 = CARTESIAN_POINT('',(1.209614582397,37.584437474161));
#3324 = CARTESIAN_POINT('',(1.286277673007,37.645444110638));
#3325 = CARTESIAN_POINT('',(1.362935554944,37.706446803524));
#3326 = CARTESIAN_POINT('',(1.439580911017,37.767439588061));
#3327 = CARTESIAN_POINT('',(1.588416359658,37.88587941367));
#3328 = CARTESIAN_POINT('',(1.660621296245,37.943338326682));
#3329 = CARTESIAN_POINT('',(1.732820283923,38.000792309444));
#3330 = CARTESIAN_POINT('',(1.805014317056,38.058242120936));
#3331 = CARTESIAN_POINT('',(1.877205897229,38.115689769259));
#3332 = CARTESIAN_POINT('',(1.949399033243,38.173138511637));
#3333 = CARTESIAN_POINT('',(2.021599241119,38.230592854411));
#3334 = CARTESIAN_POINT('',(2.216761874203,38.385896673663));
#3335 = CARTESIAN_POINT('',(2.339852607797,38.483848443916));
#3336 = CARTESIAN_POINT('',(2.462818185263,38.581701476249));
#3337 = CARTESIAN_POINT('',(2.585723313275,38.6795076803));
#3338 = CARTESIAN_POINT('',(2.708641209072,38.777324873749));
#3339 = CARTESIAN_POINT('',(2.831637664855,38.87520429073));
#3340 = CARTESIAN_POINT('',(2.954762635445,38.973185172762));
#3341 = CARTESIAN_POINT('',(3.191271871739,39.161393785611));
#3342 = CARTESIAN_POINT('',(3.304933050996,39.251842004334));
#3343 = CARTESIAN_POINT('',(3.418524684817,39.342234106922));
#3344 = CARTESIAN_POINT('',(3.532089669138,39.432604529508));
#3345 = CARTESIAN_POINT('',(3.645676963164,39.522992963981));
#3346 = CARTESIAN_POINT('',(3.759327795801,39.613432687313));
#3347 = CARTESIAN_POINT('',(3.873051196697,39.703930794211));
#3348 = CARTESIAN_POINT('',(4.104136377063,39.88782308882));
#3349 = CARTESIAN_POINT('',(4.221858212153,39.981503827256));
#3350 = CARTESIAN_POINT('',(4.33950967588,40.075128661525));
#3351 = CARTESIAN_POINT('',(4.457107457993,40.168710379029));
#3352 = CARTESIAN_POINT('',(4.574698925301,40.262286164518));
#3353 = CARTESIAN_POINT('',(4.6923305112,40.35589367252));
#3354 = CARTESIAN_POINT('',(4.810050429542,40.449572005506));
#3355 = CARTESIAN_POINT('',(5.013343327579,40.611348101981));
#3356 = CARTESIAN_POINT('',(5.099074425726,40.679571581484));
#3357 = CARTESIAN_POINT('',(5.184815409419,40.747803193855));
#3358 = CARTESIAN_POINT('',(5.270566850863,40.816043131217));
#3359 = CARTESIAN_POINT('',(5.356324070221,40.884287400503));
#3360 = CARTESIAN_POINT('',(5.442077135617,40.952527823464));
#3361 = CARTESIAN_POINT('',(5.527810863135,41.020752036664));
#3362 = CARTESIAN_POINT('',(5.697182358135,41.155530374602));
#3363 = CARTESIAN_POINT('',(5.780897279137,41.222144552231));
#3364 = CARTESIAN_POINT('',(5.864628372659,41.288772227183));
#3365 = CARTESIAN_POINT('',(5.948360161965,41.355402837466));
#3366 = CARTESIAN_POINT('',(6.032082900742,41.422029056274));
#3367 = CARTESIAN_POINT('',(6.115792573105,41.48864679199));
#3368 = CARTESIAN_POINT('',(6.199490893595,41.555255188188));
#3369 = CARTESIAN_POINT('',(6.28318530718,41.621856623631));
#3370 = ( GEOMETRIC_REPRESENTATION_CONTEXT(2) 
PARAMETRIC_REPRESENTATION_CONTEXT() REPRESENTATION_CONTEXT('2D SPACE',''
  ) );
#3371 = ORIENTED_EDGE('',*,*,#3372,.T.);
#3372 = EDGE_CURVE('',#3180,#3373,#3375,.T.);
#3373 = VERTEX_POINT('',#3374);
#3374 = CARTESIAN_POINT('',(12.,-2.939152317954E-15,46.621856623631));
#3375 = SURFACE_CURVE('',#3376,(#3435,#3497),.PCURVE_S1.);
#3376 = B_SPLINE_CURVE_WITH_KNOTS('',8,(#3377,#3378,#3379,#3380,#3381,
    #3382,#3383,#3384,#3385,#3386,#3387,#3388,#3389,#3390,#3391,#3392,
    #3393,#3394,#3395,#3396,#3397,#3398,#3399,#3400,#3401,#3402,#3403,
    #3404,#3405,#3406,#3407,#3408,#3409,#3410,#3411,#3412,#3413,#3414,
    #3415,#3416,#3417,#3418,#3419,#3420,#3421,#3422,#3423,#3424,#3425,
    #3426,#3427,#3428,#3429,#3430,#3431,#3432,#3433,#3434),
  .UNSPECIFIED.,.F.,.F.,(9,7,7,7,7,7,7,7,9),(0.,7.782230992066E-02,
    0.233045215303,0.388531040513,0.529454123701,0.649328135709,
    0.823445268051,0.904664784001,1.),.UNSPECIFIED.);
#3377 = CARTESIAN_POINT('',(12.,-2.84217094304E-14,41.621856623631));
#3378 = CARTESIAN_POINT('',(12.,0.733177423013,41.670476623776));
#3379 = CARTESIAN_POINT('',(11.948745208242,1.466703377028,
    41.719114786979));
#3380 = CARTESIAN_POINT('',(11.84627677772,2.196081728,41.767757829675)
  );
#3381 = CARTESIAN_POINT('',(11.693023300924,2.916991979473,
    41.816396967334));
#3382 = CARTESIAN_POINT('',(11.489800809833,3.625289272582,
    41.865027914451));
#3383 = CARTESIAN_POINT('',(11.237812775923,4.317004386056,
    41.913650884556));
#3384 = CARTESIAN_POINT('',(10.938650110159,4.988343736212,
    41.962270590209));
#3385 = CARTESIAN_POINT('',(9.907439329292,6.926872731013,
    42.107884049063));
#3386 = CARTESIAN_POINT('',(9.039844692292,8.124033227379,
    42.204996425026));
#3387 = CARTESIAN_POINT('',(8.007852385103,9.194763782848,
    42.302018114922));
#3388 = CARTESIAN_POINT('',(6.833701548853,10.113621813742,
    42.398987959439));
#3389 = CARTESIAN_POINT('',(5.54311295162,10.86017258734,42.495958859009
    ));
#3390 = CARTESIAN_POINT('',(4.164641025567,11.418177646152,
    42.592982918876));
#3391 = CARTESIAN_POINT('',(2.730176867363,11.776458737405,
    42.690096591549));
#3392 = CARTESIAN_POINT('',(-0.180662508003,12.087740027017,
    42.88422894611));
#3393 = CARTESIAN_POINT('',(-1.660919978507,12.04045975166,
    42.98150229796));
#3394 = CARTESIAN_POINT('',(-3.128610260613,11.785465984105,
    43.078686364456));
#3395 = CARTESIAN_POINT('',(-4.55008931298,11.32692241097,
    43.175823713554));
#3396 = CARTESIAN_POINT('',(-5.893897830362,10.674690528138,
    43.2729671595));
#3397 = CARTESIAN_POINT('',(-7.130388136827,9.843325069707,
    43.370169525085));
#3398 = CARTESIAN_POINT('',(-8.232157879464,8.853098680803,
    43.46746630484));
#3399 = CARTESIAN_POINT('',(-10.03168205789,6.717738605125,
    43.652650913797));
#3400 = CARTESIAN_POINT('',(-10.75986600981,5.593129192511,
    43.740794291155));
#3401 = CARTESIAN_POINT('',(-11.34278899224,4.379433277903,
    43.828905354704));
#3402 = CARTESIAN_POINT('',(-11.76839919511,3.098805513536,
    43.91697020168));
#3403 = CARTESIAN_POINT('',(-12.02867703719,1.774634265971,
    44.005034672112));
#3404 = CARTESIAN_POINT('',(-12.11906836425,0.431236766554,
    44.093144568382));
#3405 = CARTESIAN_POINT('',(-12.03915547335,-0.906128263614,
    44.181284949226));
#3406 = CARTESIAN_POINT('',(-11.58650972996,-3.320840098333,
    44.344202856852));
#3407 = CARTESIAN_POINT('',(-11.25883508901,-4.409076580541,
    44.419106200538));
#3408 = CARTESIAN_POINT('',(-10.81463231561,-5.459728402118,
    44.494023646735));
#3409 = CARTESIAN_POINT('',(-10.25898363328,-6.458123984061,
    44.568949322472));
#3410 = CARTESIAN_POINT('',(-9.598963213832,-7.390831727088,
    44.643876364315));
#3411 = CARTESIAN_POINT('',(-8.843637177368,-8.245660011625,
    44.718796918369));
#3412 = CARTESIAN_POINT('',(-8.004063592299,-9.011657197819,
    44.793702140278));
#3413 = CARTESIAN_POINT('',(-5.770396440983,-10.64858990505,
    44.977345556178));
#3414 = CARTESIAN_POINT('',(-4.29270232238,-11.41389153679,
    45.086384502036));
#3415 = CARTESIAN_POINT('',(-2.7020447918,-11.94158864193,
    45.195255271937));
#3416 = CARTESIAN_POINT('',(-1.043413256049,-12.21564548949,
    45.30404873188));
#3417 = CARTESIAN_POINT('',(0.637589857712,-12.226806971,45.412836473861
    ));
#3418 = CARTESIAN_POINT('',(2.294470908358,-11.97655474297,
    45.521693529068));
#3419 = CARTESIAN_POINT('',(3.880345410921,-11.47314544648,
    45.630715870954));
#3420 = CARTESIAN_POINT('',(6.033461897428,-10.40109057049,
    45.790221027192));
#3421 = CARTESIAN_POINT('',(6.693707085476,-10.01001516707,
    45.840971261976));
#3422 = CARTESIAN_POINT('',(7.324837092467,-9.571157068793,
    45.891723734294));
#3423 = CARTESIAN_POINT('',(7.922738580855,-9.087130212491,
    45.94247110512));
#3424 = CARTESIAN_POINT('',(8.483664793725,-8.56087752179,
    45.993210022411));
#3425 = CARTESIAN_POINT('',(9.004235554799,-7.995670907091,
    46.043941121104));
#3426 = CARTESIAN_POINT('',(9.481437268432,-7.395111265579,
    46.094669023115));
#3427 = CARTESIAN_POINT('',(10.418747300068,-6.021309048428,
    46.204952944285));
#3428 = CARTESIAN_POINT('',(10.861541995893,-5.235972704261,
    46.264509360206));
#3429 = CARTESIAN_POINT('',(11.236524605837,-4.413741341566,
    46.324070892966));
#3430 = CARTESIAN_POINT('',(11.54010740974,-3.561509346047,46.3836357867
    ));
#3431 = CARTESIAN_POINT('',(11.769597368535,-2.686443596271,
    46.443201221815));
#3432 = CARTESIAN_POINT('',(11.923196124249,-1.795983463667,
    46.502763314993));
#3433 = CARTESIAN_POINT('',(12.,-0.897840812526,46.562317119188));
#3434 = CARTESIAN_POINT('',(12.,3.552713678801E-15,46.621856623631));
#3435 = PCURVE('',#1072,#3436);
#3436 = DEFINITIONAL_REPRESENTATION('',(#3437),#3496);
#3437 = B_SPLINE_CURVE_WITH_KNOTS('',8,(#3438,#3439,#3440,#3441,#3442,
    #3443,#3444,#3445,#3446,#3447,#3448,#3449,#3450,#3451,#3452,#3453,
    #3454,#3455,#3456,#3457,#3458,#3459,#3460,#3461,#3462,#3463,#3464,
    #3465,#3466,#3467,#3468,#3469,#3470,#3471,#3472,#3473,#3474,#3475,
    #3476,#3477,#3478,#3479,#3480,#3481,#3482,#3483,#3484,#3485,#3486,
    #3487,#3488,#3489,#3490,#3491,#3492,#3493,#3494,#3495),
  .UNSPECIFIED.,.F.,.F.,(9,7,7,7,7,7,7,7,9),(0.,7.782230992066E-02,
    0.233045215303,0.388531040513,0.529454123701,0.649328135709,
    0.823445268051,0.904664784001,1.),.UNSPECIFIED.);
#3438 = CARTESIAN_POINT('',(2.846514758889,64.250167699102));
#3439 = CARTESIAN_POINT('',(2.846513393024,64.328250482764));
#3440 = CARTESIAN_POINT('',(2.846504904983,64.40636538962));
#3441 = CARTESIAN_POINT('',(2.846495630175,64.4844884591));
#3442 = CARTESIAN_POINT('',(2.846489726307,64.562603859131));
#3443 = CARTESIAN_POINT('',(2.846489173376,64.640703886135));
#3444 = CARTESIAN_POINT('',(2.846493773678,64.718788965029));
#3445 = CARTESIAN_POINT('',(2.846501151802,64.796867649227));
#3446 = CARTESIAN_POINT('',(2.846517929924,65.030711403975));
#3447 = CARTESIAN_POINT('',(2.846529452224,65.186666098799));
#3448 = CARTESIAN_POINT('',(2.846530173801,65.342479634142));
#3449 = CARTESIAN_POINT('',(2.846522410052,65.498213426651));
#3450 = CARTESIAN_POINT('',(2.846515333695,65.653948628451));
#3451 = CARTESIAN_POINT('',(2.84651388637,65.809766869435));
#3452 = CARTESIAN_POINT('',(2.846513990718,65.965728382267));
#3453 = CARTESIAN_POINT('',(2.846515702773,66.277498232157));
#3454 = CARTESIAN_POINT('',(2.8465171215,66.433715639682));
#3455 = CARTESIAN_POINT('',(2.846517411648,66.589790125759));
#3456 = CARTESIAN_POINT('',(2.846513999649,66.745791120582));
#3457 = CARTESIAN_POINT('',(2.846508594419,66.901802733437));
#3458 = CARTESIAN_POINT('',(2.846504790021,67.057908305476));
#3459 = CARTESIAN_POINT('',(2.846504050149,67.214164232757));
#3460 = CARTESIAN_POINT('',(2.84650780361,67.511563433158));
#3461 = CARTESIAN_POINT('',(2.846511758607,67.65311733199));
#3462 = CARTESIAN_POINT('',(2.846517958402,67.794618404826));
#3463 = CARTESIAN_POINT('',(2.846524461336,67.936045129549));
#3464 = CARTESIAN_POINT('',(2.846529050621,68.077472043229));
#3465 = CARTESIAN_POINT('',(2.846530375904,68.218973263128));
#3466 = CARTESIAN_POINT('',(2.846528495514,68.360524769846));
#3467 = CARTESIAN_POINT('',(2.846521692394,68.622168714554));
#3468 = CARTESIAN_POINT('',(2.84651688155,68.742463164199));
#3469 = CARTESIAN_POINT('',(2.846511863201,68.862780348103));
#3470 = CARTESIAN_POINT('',(2.846507707077,68.98311039079));
#3471 = CARTESIAN_POINT('',(2.846505076321,69.103441994762));
#3472 = CARTESIAN_POINT('',(2.846504227485,69.223762440505));
#3473 = CARTESIAN_POINT('',(2.846505010536,69.344057586481));
#3474 = CARTESIAN_POINT('',(2.846509568051,69.638981345003));
#3475 = CARTESIAN_POINT('',(2.846514220738,69.81409259151));
#3476 = CARTESIAN_POINT('',(2.846518514203,69.988933901613));
#3477 = CARTESIAN_POINT('',(2.846519225799,70.163652539878));
#3478 = CARTESIAN_POINT('',(2.846513741002,70.338364565187));
#3479 = CARTESIAN_POINT('',(2.846511819402,70.513186427583));
#3480 = CARTESIAN_POINT('',(2.846514556212,70.688271803224));
#3481 = CARTESIAN_POINT('',(2.846520325624,70.944429760318));
#3482 = CARTESIAN_POINT('',(2.846522713996,71.025932077909));
#3483 = CARTESIAN_POINT('',(2.846524776859,71.107438123912));
#3484 = CARTESIAN_POINT('',(2.846525854853,71.188936385547));
#3485 = CARTESIAN_POINT('',(2.846525507957,71.270421662031));
#3486 = CARTESIAN_POINT('',(2.846523515488,71.35189506458));
#3487 = CARTESIAN_POINT('',(2.846519876106,71.433364016405));
#3488 = CARTESIAN_POINT('',(2.846508858659,71.610481153876));
#3489 = CARTESIAN_POINT('',(2.846496948208,71.706131856492));
#3490 = CARTESIAN_POINT('',(2.846487822844,71.801789621495));
#3491 = CARTESIAN_POINT('',(2.84648629557,71.897449632851));
#3492 = CARTESIAN_POINT('',(2.846493246001,71.993106997568));
#3493 = CARTESIAN_POINT('',(2.846505620366,72.08875674569));
#3494 = CARTESIAN_POINT('',(2.846516431509,72.184393830301));
#3495 = CARTESIAN_POINT('',(2.846514758886,72.280013127524));
#3496 = ( GEOMETRIC_REPRESENTATION_CONTEXT(2) 
PARAMETRIC_REPRESENTATION_CONTEXT() REPRESENTATION_CONTEXT('2D SPACE',''
  ) );
#3497 = PCURVE('',#3498,#3503);
#3498 = CYLINDRICAL_SURFACE('',#3499,12.);
#3499 = AXIS2_PLACEMENT_3D('',#3500,#3501,#3502);
#3500 = CARTESIAN_POINT('',(0.,0.,0.));
#3501 = DIRECTION('',(0.,0.,1.));
#3502 = DIRECTION('',(1.,0.,0.));
#3503 = DEFINITIONAL_REPRESENTATION('',(#3504),#3563);
#3504 = B_SPLINE_CURVE_WITH_KNOTS('',8,(#3505,#3506,#3507,#3508,#3509,
    #3510,#3511,#3512,#3513,#3514,#3515,#3516,#3517,#3518,#3519,#3520,
    #3521,#3522,#3523,#3524,#3525,#3526,#3527,#3528,#3529,#3530,#3531,
    #3532,#3533,#3534,#3535,#3536,#3537,#3538,#3539,#3540,#3541,#3542,
    #3543,#3544,#3545,#3546,#3547,#3548,#3549,#3550,#3551,#3552,#3553,
    #3554,#3555,#3556,#3557,#3558,#3559,#3560,#3561,#3562),
  .UNSPECIFIED.,.F.,.F.,(9,7,7,7,7,7,7,7,9),(0.,7.782230992066E-02,
    0.233045215303,0.388531040513,0.529454123701,0.649328135709,
    0.823445268051,0.904664784001,1.),.UNSPECIFIED.);
#3505 = CARTESIAN_POINT('',(0.,41.621856623631));
#3506 = CARTESIAN_POINT('',(6.109811858441E-02,41.670476623776));
#3507 = CARTESIAN_POINT('',(0.122221164978,41.719114786979));
#3508 = CARTESIAN_POINT('',(0.183350542595,41.767757829675));
#3509 = CARTESIAN_POINT('',(0.244473973904,41.816396967334));
#3510 = CARTESIAN_POINT('',(0.305585500426,41.865027914451));
#3511 = CARTESIAN_POINT('',(0.366685482736,41.913650884556));
#3512 = CARTESIAN_POINT('',(0.427780600459,41.962270590209));
#3513 = CARTESIAN_POINT('',(0.610759241028,42.107884049063));
#3514 = CARTESIAN_POINT('',(0.732791354275,42.204996425026));
#3515 = CARTESIAN_POINT('',(0.854712857675,42.302018114922));
#3516 = CARTESIAN_POINT('',(0.976570988967,42.398987959439));
#3517 = CARTESIAN_POINT('',(1.098429550229,42.495958859009));
#3518 = CARTESIAN_POINT('',(1.220353184928,42.592982918876));
#3519 = CARTESIAN_POINT('',(1.342389241964,42.690096591549));
#3520 = CARTESIAN_POINT('',(1.586342247321,42.88422894611));
#3521 = CARTESIAN_POINT('',(1.70857927851,42.98150229796));
#3522 = CARTESIAN_POINT('',(1.830704900819,43.078686364456));
#3523 = CARTESIAN_POINT('',(1.952773159459,43.175823713554));
#3524 = CARTESIAN_POINT('',(2.074849493881,43.2729671595));
#3525 = CARTESIAN_POINT('',(2.196998958782,43.370169525085));
#3526 = CARTESIAN_POINT('',(2.319265845484,43.46746630484));
#3527 = CARTESIAN_POINT('',(2.551974084391,43.652650913797));
#3528 = CARTESIAN_POINT('',(2.662736762789,43.740794291155));
#3529 = CARTESIAN_POINT('',(2.773458124329,43.828905354704));
#3530 = CARTESIAN_POINT('',(2.884121448736,43.91697020168));
#3531 = CARTESIAN_POINT('',(2.994785086311,44.005034672112));
#3532 = CARTESIAN_POINT('',(3.105506945521,44.093144568382));
#3533 = CARTESIAN_POINT('',(3.216268098696,44.181284949226));
#3534 = CARTESIAN_POINT('',(3.4209989758,44.344202856852));
#3535 = CARTESIAN_POINT('',(3.515126764801,44.419106200538));
#3536 = CARTESIAN_POINT('',(3.609272272822,44.494023646735));
#3537 = CARTESIAN_POINT('',(3.703427798664,44.568949322472));
#3538 = CARTESIAN_POINT('',(3.797584539915,44.643876364315));
#3539 = CARTESIAN_POINT('',(3.89173259296,44.718796918369));
#3540 = CARTESIAN_POINT('',(3.985860952972,44.793702140278));
#3541 = CARTESIAN_POINT('',(4.216632870658,44.977345556178));
#3542 = CARTESIAN_POINT('',(4.353654204388,45.086384502036));
#3543 = CARTESIAN_POINT('',(4.490464614764,45.195255271937));
#3544 = CARTESIAN_POINT('',(4.627179147321,45.30404873188));
#3545 = CARTESIAN_POINT('',(4.76388788748,45.412836473861));
#3546 = CARTESIAN_POINT('',(4.900681654223,45.521693529068));
#3547 = CARTESIAN_POINT('',(5.037681381879,45.630715870954));
#3548 = CARTESIAN_POINT('',(5.238118616818,45.790221027192));
#3549 = CARTESIAN_POINT('',(5.301892197173,45.840971261976));
#3550 = CARTESIAN_POINT('',(5.365668804475,45.891723734294));
#3551 = CARTESIAN_POINT('',(5.429439467427,45.94247110512));
#3552 = CARTESIAN_POINT('',(5.493200123811,45.993210022411));
#3553 = CARTESIAN_POINT('',(5.55695162048,46.043941121104));
#3554 = CARTESIAN_POINT('',(5.620699713365,46.094669023115));
#3555 = CARTESIAN_POINT('',(5.759290904445,46.204952944285));
#3556 = CARTESIAN_POINT('',(5.834135964452,46.264509360206));
#3557 = CARTESIAN_POINT('',(5.908986387492,46.324070892966));
#3558 = CARTESIAN_POINT('',(5.983838334405,46.3836357867));
#3559 = CARTESIAN_POINT('',(6.058687986878,46.443201221815));
#3560 = CARTESIAN_POINT('',(6.133531547441,46.502763314993));
#3561 = CARTESIAN_POINT('',(6.208365239469,46.562317119188));
#3562 = CARTESIAN_POINT('',(6.28318530718,46.621856623631));
#3563 = ( GEOMETRIC_REPRESENTATION_CONTEXT(2) 
PARAMETRIC_REPRESENTATION_CONTEXT() REPRESENTATION_CONTEXT('2D SPACE',''
  ) );
#3564 = ORIENTED_EDGE('',*,*,#3565,.T.);
#3565 = EDGE_CURVE('',#3373,#3566,#3568,.T.);
#3566 = VERTEX_POINT('',#3567);
#3567 = CARTESIAN_POINT('',(12.,-2.939152317954E-15,51.621856623615));
#3568 = SURFACE_CURVE('',#3569,(#3635,#3704),.PCURVE_S1.);
#3569 = B_SPLINE_CURVE_WITH_KNOTS('',8,(#3570,#3571,#3572,#3573,#3574,
    #3575,#3576,#3577,#3578,#3579,#3580,#3581,#3582,#3583,#3584,#3585,
    #3586,#3587,#3588,#3589,#3590,#3591,#3592,#3593,#3594,#3595,#3596,
    #3597,#3598,#3599,#3600,#3601,#3602,#3603,#3604,#3605,#3606,#3607,
    #3608,#3609,#3610,#3611,#3612,#3613,#3614,#3615,#3616,#3617,#3618,
    #3619,#3620,#3621,#3622,#3623,#3624,#3625,#3626,#3627,#3628,#3629,
    #3630,#3631,#3632,#3633,#3634),.UNSPECIFIED.,.F.,.F.,(9,7,7,7,7,7,7,
    7,7,9),(0.,6.571141351275E-02,0.214689013307,0.309502644175,
    0.398153903002,0.514385988309,0.648071971257,0.746800832332,
    0.886666351203,1.),.UNSPECIFIED.);
#3570 = CARTESIAN_POINT('',(12.,3.552713678801E-15,46.621856623631));
#3571 = CARTESIAN_POINT('',(12.,0.619211764718,46.66291909384));
#3572 = CARTESIAN_POINT('',(11.963500908838,1.23846773312,
    46.703981262043));
#3573 = CARTESIAN_POINT('',(11.89046335649,1.855259145906,
    46.745048032157));
#3574 = CARTESIAN_POINT('',(11.781074970228,2.467082368702,
    46.786121117468));
#3575 = CARTESIAN_POINT('',(11.635750374623,3.071438892064,
    46.827199040636));
#3576 = CARTESIAN_POINT('',(11.455131191539,3.665835331473,
    46.86827713369));
#3577 = CARTESIAN_POINT('',(11.240086040139,4.247783427342,
    46.909347538031));
#3578 = CARTESIAN_POINT('',(10.428606133173,6.100311499222,
    47.043469470324));
#3579 = CARTESIAN_POINT('',(9.6928179571,7.312473865536,47.136674246584)
  );
#3580 = CARTESIAN_POINT('',(8.79652940425,8.421341346041,47.229833839168
    ));
#3581 = CARTESIAN_POINT('',(7.757353254725,9.402742513231,
    47.322928424958));
#3582 = CARTESIAN_POINT('',(6.596399165891,10.236458608588,
    47.416020001928));
#3583 = CARTESIAN_POINT('',(5.337493373957,10.905690556259,
    47.509173881826));
#3584 = CARTESIAN_POINT('',(4.007550604393,11.39781469183,
    47.602379725371));
#3585 = CARTESIAN_POINT('',(1.766539273769,11.902837089664,
    47.754718798335));
#3586 = CARTESIAN_POINT('',(0.877817775767,12.025189453956,
    47.813996167452));
#3587 = CARTESIAN_POINT('',(-2.021447632934E-02,12.071577146842,
    47.873268861591));
#3588 = CARTESIAN_POINT('',(-0.919830777204,12.04129074249,
    47.932528900063));
#3589 = CARTESIAN_POINT('',(-1.813446058577,11.934547282169,
    47.991778808829));
#3590 = CARTESIAN_POINT('',(-2.693614722399,11.752387600876,
    48.051024634078));
#3591 = CARTESIAN_POINT('',(-3.553038183765,11.4966941945,
    48.110271207118));
#3592 = CARTESIAN_POINT('',(-5.162135154288,10.865084020107,
    48.224902500999));
#3593 = CARTESIAN_POINT('',(-5.91555889463,10.497955353995,
    48.280298948626));
#3594 = CARTESIAN_POINT('',(-6.638942787492,10.071214260067,
    48.335701227409));
#3595 = CARTESIAN_POINT('',(-7.326763106919,9.587752255907,
    48.391107908518));
#3596 = CARTESIAN_POINT('',(-7.973911350472,9.051033700387,
    48.446516269666));
#3597 = CARTESIAN_POINT('',(-8.575694239217,8.465095793673,
    48.501922295111));
#3598 = CARTESIAN_POINT('',(-9.127833717732,7.834548577217,
    48.557320675658));
#3599 = CARTESIAN_POINT('',(-10.28023297654,6.286161759377,
    48.685319832479));
#3600 = CARTESIAN_POINT('',(-10.84274306557,5.339092048238,
    48.757973437885));
#3601 = CARTESIAN_POINT('',(-11.30505417151,4.335064933021,
    48.830615445082));
#3602 = CARTESIAN_POINT('',(-11.66067252961,3.286544070982,
    48.903242086623));
#3603 = CARTESIAN_POINT('',(-11.90497144277,2.206599152713,
    48.975871204807));
#3604 = CARTESIAN_POINT('',(-12.0350221851,1.108830958036,
    49.048518162939));
#3605 = CARTESIAN_POINT('',(-12.04983802655,7.379959042149E-03,
    49.121172470436));
#3606 = CARTESIAN_POINT('',(-11.83738750926,-2.337076274798,
    49.277280091897));
#3607 = CARTESIAN_POINT('',(-11.57321783567,-3.578856549012,
    49.360872198664));
#3608 = CARTESIAN_POINT('',(-11.16007794828,-4.785507633729,
    49.444436235917));
#3609 = CARTESIAN_POINT('',(-10.60389276315,-5.936286428529,
    49.527981165178));
#3610 = CARTESIAN_POINT('',(-9.913628089146,-7.012070981567,
    49.611529967146));
#3611 = CARTESIAN_POINT('',(-9.100857772664,-7.995186502468,
    49.695105503891));
#3612 = CARTESIAN_POINT('',(-8.1801571846,-8.869682763912,49.77871504651
    ));
#3613 = CARTESIAN_POINT('',(-6.424426859206,-10.17800961327,
    49.923917539229));
#3614 = CARTESIAN_POINT('',(-5.62908021589,-10.66789061503,
    49.985609865012));
#3615 = CARTESIAN_POINT('',(-4.791347994282,-11.08656832694,
    50.047310714754));
#3616 = CARTESIAN_POINT('',(-3.918729180623,-11.42975292873,
    50.109016820425));
#3617 = CARTESIAN_POINT('',(-3.019087637232,-11.69417725625,
    50.170724031563));
#3618 = CARTESIAN_POINT('',(-2.100652102506,-11.87759680142,
    50.232427315267));
#3619 = CARTESIAN_POINT('',(-1.17201619092,-11.97878971226,
    50.294120756204));
#3620 = CARTESIAN_POINT('',(1.075185024586,-12.02414342056,
    50.443172794168));
#3621 = CARTESIAN_POINT('',(2.397353631412,-11.88545577324,
    50.530648031094));
#3622 = CARTESIAN_POINT('',(3.697956196154,-11.58030294638,
    50.61807757798));
#3623 = CARTESIAN_POINT('',(4.952814408689,-11.11332231111,
    50.705479806594));
#3624 = CARTESIAN_POINT('',(6.139112707544,-10.49238621483,
    50.792885955655));
#3625 = CARTESIAN_POINT('',(7.235679315068,-9.729168546805,
    50.880323081755));
#3626 = CARTESIAN_POINT('',(8.22282475927,-8.838611897256,
    50.967803130842));
#3627 = CARTESIAN_POINT('',(9.781370706907,-7.033105439494,
    51.125970104586));
#3628 = CARTESIAN_POINT('',(10.397467930293,-6.153261320014,
    51.196831970406));
#3629 = CARTESIAN_POINT('',(10.92264158106,-5.212082507963,
    51.267685766923));
#3630 = CARTESIAN_POINT('',(11.349910409957,-4.220875493805,
    51.338523191597));
#3631 = CARTESIAN_POINT('',(11.674011402797,-3.191487801442,
    51.409350183296));
#3632 = CARTESIAN_POINT('',(11.891371999288,-2.136266839515,
    51.480185224544));
#3633 = CARTESIAN_POINT('',(12.,-1.067985647093,51.55103411778));
#3634 = CARTESIAN_POINT('',(12.,3.19744231092E-14,51.621856623615));
#3635 = PCURVE('',#1072,#3636);
#3636 = DEFINITIONAL_REPRESENTATION('',(#3637),#3703);
#3637 = B_SPLINE_CURVE_WITH_KNOTS('',8,(#3638,#3639,#3640,#3641,#3642,
    #3643,#3644,#3645,#3646,#3647,#3648,#3649,#3650,#3651,#3652,#3653,
    #3654,#3655,#3656,#3657,#3658,#3659,#3660,#3661,#3662,#3663,#3664,
    #3665,#3666,#3667,#3668,#3669,#3670,#3671,#3672,#3673,#3674,#3675,
    #3676,#3677,#3678,#3679,#3680,#3681,#3682,#3683,#3684,#3685,#3686,
    #3687,#3688,#3689,#3690,#3691,#3692,#3693,#3694,#3695,#3696,#3697,
    #3698,#3699,#3700,#3701,#3702),.UNSPECIFIED.,.F.,.F.,(9,7,7,7,7,7,7,
    7,7,9),(0.,6.571141351275E-02,0.214689013307,0.309502644175,
    0.398153903002,0.514385988309,0.648071971257,0.746800832332,
    0.886666351203,1.),.UNSPECIFIED.);
#3638 = CARTESIAN_POINT('',(2.846514758886,72.280013127524));
#3639 = CARTESIAN_POINT('',(2.846513605332,72.345958663691));
#3640 = CARTESIAN_POINT('',(2.846506641402,72.411906124668));
#3641 = CARTESIAN_POINT('',(2.846498530817,72.477861451739));
#3642 = CARTESIAN_POINT('',(2.846492452497,72.543826077953));
#3643 = CARTESIAN_POINT('',(2.846490100559,72.609796928118));
#3644 = CARTESIAN_POINT('',(2.846491684318,72.675766418808));
#3645 = CARTESIAN_POINT('',(2.846495928285,72.741722458355));
#3646 = CARTESIAN_POINT('',(2.846509466968,72.957112520238));
#3647 = CARTESIAN_POINT('',(2.846524371178,73.106790328113));
#3648 = CARTESIAN_POINT('',(2.8465306371,73.256399155081));
#3649 = CARTESIAN_POINT('',(2.8465277201,73.405907391713));
#3650 = CARTESIAN_POINT('',(2.846520938309,73.555412399174));
#3651 = CARTESIAN_POINT('',(2.846515819565,73.705016773472));
#3652 = CARTESIAN_POINT('',(2.846514535591,73.854703009332));
#3653 = CARTESIAN_POINT('',(2.846514352023,74.099354927188));
#3654 = CARTESIAN_POINT('',(2.846514914713,74.194552316097));
#3655 = CARTESIAN_POINT('',(2.846515844661,74.289742044819));
#3656 = CARTESIAN_POINT('',(2.846516595682,74.384911523141));
#3657 = CARTESIAN_POINT('',(2.846516690731,74.480065005527));
#3658 = CARTESIAN_POINT('',(2.846515953718,74.575212275005));
#3659 = CARTESIAN_POINT('',(2.846514555067,74.670361019822));
#3660 = CARTESIAN_POINT('',(2.846511161811,74.854456741382));
#3661 = CARTESIAN_POINT('',(2.846509111771,74.943422573969));
#3662 = CARTESIAN_POINT('',(2.84650711695,75.032397748314));
#3663 = CARTESIAN_POINT('',(2.846505543133,75.121379818047));
#3664 = CARTESIAN_POINT('',(2.846504656275,75.210364300958));
#3665 = CARTESIAN_POINT('',(2.846504622499,75.299344678992));
#3666 = CARTESIAN_POINT('',(2.846505508096,75.388312398251));
#3667 = CARTESIAN_POINT('',(2.84650960208,75.593873389142));
#3668 = CARTESIAN_POINT('',(2.846513307433,75.710551296613));
#3669 = CARTESIAN_POINT('',(2.84651812769,75.827210115318));
#3670 = CARTESIAN_POINT('',(2.846523057997,75.943844211611));
#3671 = CARTESIAN_POINT('',(2.846526964082,76.060482710109));
#3672 = CARTESIAN_POINT('',(2.846529021692,76.177150625656));
#3673 = CARTESIAN_POINT('',(2.846528987962,76.293831211427));
#3674 = CARTESIAN_POINT('',(2.846525368616,76.544536726637));
#3675 = CARTESIAN_POINT('',(2.84652123002,76.678784782372));
#3676 = CARTESIAN_POINT('',(2.846515426196,76.812988449979));
#3677 = CARTESIAN_POINT('',(2.846509469265,76.947161494242));
#3678 = CARTESIAN_POINT('',(2.846505298506,77.081340017148));
#3679 = CARTESIAN_POINT('',(2.846503927824,77.215560313962));
#3680 = CARTESIAN_POINT('',(2.846504719371,77.349834326388));
#3681 = CARTESIAN_POINT('',(2.846508187561,77.583023602447));
#3682 = CARTESIAN_POINT('',(2.846510459002,77.682098628409));
#3683 = CARTESIAN_POINT('',(2.84651281454,77.781187308709));
#3684 = CARTESIAN_POINT('',(2.846514751658,77.880284603407));
#3685 = CARTESIAN_POINT('',(2.8465159794,77.979383967658));
#3686 = CARTESIAN_POINT('',(2.846516418369,78.078477351711));
#3687 = CARTESIAN_POINT('',(2.846516200727,78.177555200912));
#3688 = CARTESIAN_POINT('',(2.846514918607,78.416928697792));
#3689 = CARTESIAN_POINT('',(2.846513660825,78.557411745716));
#3690 = CARTESIAN_POINT('',(2.846513161382,78.697821102335));
#3691 = CARTESIAN_POINT('',(2.846514917717,78.838185651073));
#3692 = CARTESIAN_POINT('',(2.846520774643,78.978554795241));
#3693 = CARTESIAN_POINT('',(2.846526351648,79.118973803666));
#3694 = CARTESIAN_POINT('',(2.846526595652,79.259463956914));
#3695 = CARTESIAN_POINT('',(2.846518048552,79.513478771987));
#3696 = CARTESIAN_POINT('',(2.846511062097,79.627283635441));
#3697 = CARTESIAN_POINT('',(2.846500205988,79.741077144759));
#3698 = CARTESIAN_POINT('',(2.846490578097,79.854843852013));
#3699 = CARTESIAN_POINT('',(2.846482243599,79.968593267794));
#3700 = CARTESIAN_POINT('',(2.846492597794,80.082347859877));
#3701 = CARTESIAN_POINT('',(2.846516748395,80.19611897584));
#3702 = CARTESIAN_POINT('',(2.846514758816,80.309858555946));
#3703 = ( GEOMETRIC_REPRESENTATION_CONTEXT(2) 
PARAMETRIC_REPRESENTATION_CONTEXT() REPRESENTATION_CONTEXT('2D SPACE',''
  ) );
#3704 = PCURVE('',#3705,#3710);
#3705 = CYLINDRICAL_SURFACE('',#3706,12.);
#3706 = AXIS2_PLACEMENT_3D('',#3707,#3708,#3709);
#3707 = CARTESIAN_POINT('',(0.,0.,0.));
#3708 = DIRECTION('',(0.,0.,1.));
#3709 = DIRECTION('',(1.,0.,0.));
#3710 = DEFINITIONAL_REPRESENTATION('',(#3711),#3777);
#3711 = B_SPLINE_CURVE_WITH_KNOTS('',8,(#3712,#3713,#3714,#3715,#3716,
    #3717,#3718,#3719,#3720,#3721,#3722,#3723,#3724,#3725,#3726,#3727,
    #3728,#3729,#3730,#3731,#3732,#3733,#3734,#3735,#3736,#3737,#3738,
    #3739,#3740,#3741,#3742,#3743,#3744,#3745,#3746,#3747,#3748,#3749,
    #3750,#3751,#3752,#3753,#3754,#3755,#3756,#3757,#3758,#3759,#3760,
    #3761,#3762,#3763,#3764,#3765,#3766,#3767,#3768,#3769,#3770,#3771,
    #3772,#3773,#3774,#3775,#3776),.UNSPECIFIED.,.F.,.F.,(9,7,7,7,7,7,7,
    7,7,9),(0.,6.571141351275E-02,0.214689013307,0.309502644175,
    0.398153903002,0.514385988309,0.648071971257,0.746800832332,
    0.886666351203,1.),.UNSPECIFIED.);
#3712 = CARTESIAN_POINT('',(0.,46.621856623631));
#3713 = CARTESIAN_POINT('',(5.160098039317E-02,46.66291909384));
#3714 = CARTESIAN_POINT('',(0.10320332659,46.703981262043));
#3715 = CARTESIAN_POINT('',(0.154811770016,46.745048032157));
#3716 = CARTESIAN_POINT('',(0.206427497489,46.786121117468));
#3717 = CARTESIAN_POINT('',(0.258048151221,46.827199040636));
#3718 = CARTESIAN_POINT('',(0.309667828813,46.86827713369));
#3719 = CARTESIAN_POINT('',(0.361277083261,46.909347538031));
#3720 = CARTESIAN_POINT('',(0.52981573479,47.043469470324));
#3721 = CARTESIAN_POINT('',(0.646936257985,47.136674246584));
#3722 = CARTESIAN_POINT('',(0.764002908286,47.229833839168));
#3723 = CARTESIAN_POINT('',(0.88099028124,47.322928424958));
#3724 = CARTESIAN_POINT('',(0.997974323426,47.416020001928));
#3725 = CARTESIAN_POINT('',(1.115035701019,47.509173881826));
#3726 = CARTESIAN_POINT('',(1.232161365684,47.602379725371));
#3727 = CARTESIAN_POINT('',(1.423595634325,47.754718798335));
#3728 = CARTESIAN_POINT('',(1.498085420554,47.813996167452));
#3729 = CARTESIAN_POINT('',(1.572569364442,47.873268861591));
#3730 = CARTESIAN_POINT('',(1.647037623363,47.932528900063));
#3731 = CARTESIAN_POINT('',(1.721493489203,47.991778808829));
#3732 = CARTESIAN_POINT('',(1.795944555305,48.051024634078));
#3733 = CARTESIAN_POINT('',(1.870396780421,48.110271207118));
#3734 = CARTESIAN_POINT('',(2.014448383659,48.224902500999));
#3735 = CARTESIAN_POINT('',(2.084062518213,48.280298948626));
#3736 = CARTESIAN_POINT('',(2.153683896082,48.335701227409));
#3737 = CARTESIAN_POINT('',(2.223310585858,48.391107908518));
#3738 = CARTESIAN_POINT('',(2.292939077163,48.446516269666));
#3739 = CARTESIAN_POINT('',(2.362564280649,48.501922295111));
#3740 = CARTESIAN_POINT('',(2.432179527999,48.557320675658));
#3741 = CARTESIAN_POINT('',(2.593026370898,48.685319832479));
#3742 = CARTESIAN_POINT('',(2.684324173125,48.757973437885));
#3743 = CARTESIAN_POINT('',(2.775607067694,48.830615445082));
#3744 = CARTESIAN_POINT('',(2.866870701644,48.903242086623));
#3745 = CARTESIAN_POINT('',(2.958137878075,48.975871204807));
#3746 = CARTESIAN_POINT('',(3.049428135691,49.048518162939));
#3747 = CARTESIAN_POINT('',(3.140728309782,49.121172470436));
#3748 = CARTESIAN_POINT('',(3.336900184796,49.277280091897));
#3749 = CARTESIAN_POINT('',(3.441946465734,49.360872198664));
#3750 = CARTESIAN_POINT('',(3.546957916985,49.444436235917));
#3751 = CARTESIAN_POINT('',(3.651945268478,49.527981165178));
#3752 = CARTESIAN_POINT('',(3.756936840121,49.611529967146));
#3753 = CARTESIAN_POINT('',(3.861961168575,49.695105503891));
#3754 = CARTESIAN_POINT('',(3.967027699746,49.77871504651));
#3755 = CARTESIAN_POINT('',(4.149493604481,49.923917539229));
#3756 = CARTESIAN_POINT('',(4.227017924425,49.985609865012));
#3757 = CARTESIAN_POINT('',(4.304553017131,50.047310714754));
#3758 = CARTESIAN_POINT('',(4.382094907633,50.109016820425));
#3759 = CARTESIAN_POINT('',(4.459638434198,50.170724031563));
#3760 = CARTESIAN_POINT('',(4.537177248326,50.232427315267));
#3761 = CARTESIAN_POINT('',(4.614703814747,50.294120756204));
#3762 = CARTESIAN_POINT('',(4.802008718095,50.443172794168));
#3763 = CARTESIAN_POINT('',(4.911933571231,50.530648031094));
#3764 = CARTESIAN_POINT('',(5.021800406262,50.61807757798));
#3765 = CARTESIAN_POINT('',(5.131631887656,50.705479806594));
#3766 = CARTESIAN_POINT('',(5.24146697568,50.792885955655));
#3767 = CARTESIAN_POINT('',(5.351341616203,50.880323081755));
#3768 = CARTESIAN_POINT('',(5.461272440307,50.967803130842));
#3769 = CARTESIAN_POINT('',(5.660034565023,51.125970104586));
#3770 = CARTESIAN_POINT('',(5.749085010735,51.196831970406));
#3771 = CARTESIAN_POINT('',(5.83812673448,51.267685766923));
#3772 = CARTESIAN_POINT('',(5.927146851043,51.338523191597));
#3773 = CARTESIAN_POINT('',(6.016153631185,51.409350183296));
#3774 = CARTESIAN_POINT('',(6.105163104233,51.480185224544));
#3775 = CARTESIAN_POINT('',(6.194186503255,51.55103411778));
#3776 = CARTESIAN_POINT('',(6.28318530718,51.621856623615));
#3777 = ( GEOMETRIC_REPRESENTATION_CONTEXT(2) 
PARAMETRIC_REPRESENTATION_CONTEXT() REPRESENTATION_CONTEXT('2D SPACE',''
  ) );
#3778 = ORIENTED_EDGE('',*,*,#3779,.T.);
#3779 = EDGE_CURVE('',#3566,#3780,#3782,.T.);
#3780 = VERTEX_POINT('',#3781);
#3781 = CARTESIAN_POINT('',(12.,-2.939152317954E-15,56.621856623618));
#3782 = SURFACE_CURVE('',#3783,(#3834,#3888),.PCURVE_S1.);
#3783 = B_SPLINE_CURVE_WITH_KNOTS('',7,(#3784,#3785,#3786,#3787,#3788,
    #3789,#3790,#3791,#3792,#3793,#3794,#3795,#3796,#3797,#3798,#3799,
    #3800,#3801,#3802,#3803,#3804,#3805,#3806,#3807,#3808,#3809,#3810,
    #3811,#3812,#3813,#3814,#3815,#3816,#3817,#3818,#3819,#3820,#3821,
    #3822,#3823,#3824,#3825,#3826,#3827,#3828,#3829,#3830,#3831,#3832,
    #3833),.UNSPECIFIED.,.F.,.F.,(8,6,6,6,6,6,6,6,8),(0.,
    9.536393531145E-02,0.237452497053,0.387123504787,0.472133169608,
    0.618511902945,0.748705328678,0.851739416831,1.),.UNSPECIFIED.);
#3784 = CARTESIAN_POINT('',(12.,3.19744231092E-14,51.621856623615));
#3785 = CARTESIAN_POINT('',(12.,1.027011341509,51.689961955296));
#3786 = CARTESIAN_POINT('',(11.897405914303,2.054344671565,
    51.758073762082));
#3787 = CARTESIAN_POINT('',(11.692278095609,3.069201230112,
    51.826190769088));
#3788 = CARTESIAN_POINT('',(11.386449054096,4.059341731085,
    51.894310964076));
#3789 = CARTESIAN_POINT('',(10.983523457412,5.013086362409,
    51.962431597451));
#3790 = CARTESIAN_POINT('',(10.488878130683,5.919314786,52.030549182266)
  );
#3791 = CARTESIAN_POINT('',(9.046652590214,8.031178728039,
    52.200141215093));
#3792 = CARTESIAN_POINT('',(7.994768079726,9.16771949415,52.301715450619
    ));
#3793 = CARTESIAN_POINT('',(6.778218205078,10.140495326759,
    52.403197549173));
#3794 = CARTESIAN_POINT('',(5.427879543403,10.923076274223,
    52.504633579415));
#3795 = CARTESIAN_POINT('',(3.978654102241,11.495044873596,
    52.60613836819));
#3796 = CARTESIAN_POINT('',(2.469211090318,11.842441091789,
    52.707733385377));
#3797 = CARTESIAN_POINT('',(-0.662372973906,12.089587675411,
    52.916049424863));
#3798 = CARTESIAN_POINT('',(-2.290954679128,11.964834283921,
    53.023062933438));
#3799 = CARTESIAN_POINT('',(-3.890036002385,11.583379751271,
    53.129931837513));
#3800 = CARTESIAN_POINT('',(-5.412745826802,10.954928208328,
    53.236797817515));
#3801 = CARTESIAN_POINT('',(-6.815616381314,10.097308402035,
    53.343682438708));
#3802 = CARTESIAN_POINT('',(-8.0582240785,9.036669445553,53.450720363267
    ));
#3803 = CARTESIAN_POINT('',(-9.703357692075,7.119159531298,
    53.618266565799));
#3804 = CARTESIAN_POINT('',(-10.23765530661,6.371331753264,
    53.678969280854));
#3805 = CARTESIAN_POINT('',(-10.70446009745,5.577037629886,
    53.739683222611));
#3806 = CARTESIAN_POINT('',(-11.09896960828,4.743595449847,
    53.800405858134));
#3807 = CARTESIAN_POINT('',(-11.41744360923,3.878870471805,
    53.861132431695));
#3808 = CARTESIAN_POINT('',(-11.6572040969,2.991274924397,
    53.921855964778));
#3809 = CARTESIAN_POINT('',(-12.09116098257,0.537456971333,
    54.087106450984));
#3810 = CARTESIAN_POINT('',(-12.1280549576,-1.058620092033,
    54.191751626594));
#3811 = CARTESIAN_POINT('',(-11.91817120503,-2.651244037239,
    54.296297356935));
#3812 = CARTESIAN_POINT('',(-11.46588319258,-4.196139062761,
    54.400788266545));
#3813 = CARTESIAN_POINT('',(-10.78341248135,-5.650818627285,
    54.505356359637));
#3814 = CARTESIAN_POINT('',(-9.890947452463,-6.975207216673,
    54.610036557892));
#3815 = CARTESIAN_POINT('',(-7.872290854485,-9.164735122464,
    54.807526978735));
#3816 = CARTESIAN_POINT('',(-6.781115757338,-10.06637588562,
    54.900536121293));
#3817 = CARTESIAN_POINT('',(-5.571047872433,-10.81469295834,
    54.993486435677));
#3818 = CARTESIAN_POINT('',(-4.267905109851,-11.39219397706,
    55.086446112134));
#3819 = CARTESIAN_POINT('',(-2.899975816539,-11.78602804285,
    55.179437639862));
#3820 = CARTESIAN_POINT('',(-1.498218949104,-11.98830249656,
    55.272499373904));
#3821 = CARTESIAN_POINT('',(1.012242815195,-12.00855765865,
    55.438984456291));
#3822 = CARTESIAN_POINT('',(2.122893724832,-11.89792156293,
    55.512575044317));
#3823 = CARTESIAN_POINT('',(3.218593673257,-11.66733135073,
    55.58613666075));
#3824 = CARTESIAN_POINT('',(4.283862082311,-11.3195880815,
    55.659675247487));
#3825 = CARTESIAN_POINT('',(5.304202253202,-10.85956752028,
    55.733210711395));
#3826 = CARTESIAN_POINT('',(6.26598847044,-10.29410937078,
    55.806771683976));
#3827 = CARTESIAN_POINT('',(8.438360965312,-8.680066434953,
    55.986243627212));
#3828 = CARTESIAN_POINT('',(9.57402992079,-7.527458787451,
    56.092280279443));
#3829 = CARTESIAN_POINT('',(10.522484245007,-6.203736442306,
    56.198177548725));
#3830 = CARTESIAN_POINT('',(11.255443463827,-4.746008102111,
    56.304061143557));
#3831 = CARTESIAN_POINT('',(11.75224696584,-3.19515320887,
    56.409956521812));
#3832 = CARTESIAN_POINT('',(12.,-1.596278197259,56.516000873354));
#3833 = CARTESIAN_POINT('',(12.,-7.105427357601E-15,56.621856623618));
#3834 = PCURVE('',#1072,#3835);
#3835 = DEFINITIONAL_REPRESENTATION('',(#3836),#3887);
#3836 = B_SPLINE_CURVE_WITH_KNOTS('',7,(#3837,#3838,#3839,#3840,#3841,
    #3842,#3843,#3844,#3845,#3846,#3847,#3848,#3849,#3850,#3851,#3852,
    #3853,#3854,#3855,#3856,#3857,#3858,#3859,#3860,#3861,#3862,#3863,
    #3864,#3865,#3866,#3867,#3868,#3869,#3870,#3871,#3872,#3873,#3874,
    #3875,#3876,#3877,#3878,#3879,#3880,#3881,#3882,#3883,#3884,#3885,
    #3886),.UNSPECIFIED.,.F.,.F.,(8,6,6,6,6,6,6,6,8),(0.,
    9.536393531145E-02,0.237452497053,0.387123504787,0.472133169608,
    0.618511902945,0.748705328678,0.851739416831,1.),.UNSPECIFIED.);
#3837 = CARTESIAN_POINT('',(2.846514758816,80.309858555946));
#3838 = CARTESIAN_POINT('',(2.846512845569,80.419234406704));
#3839 = CARTESIAN_POINT('',(2.846499242675,80.528625504499));
#3840 = CARTESIAN_POINT('',(2.846488014353,80.638023968847));
#3841 = CARTESIAN_POINT('',(2.846486598739,80.747423483228));
#3842 = CARTESIAN_POINT('',(2.846495807884,80.856819295086));
#3843 = CARTESIAN_POINT('',(2.846509827756,80.966208215826));
#3844 = CARTESIAN_POINT('',(2.846525739809,81.238561178291));
#3845 = CARTESIAN_POINT('',(2.846530092879,81.401684455036));
#3846 = CARTESIAN_POINT('',(2.846522639329,81.564664659381));
#3847 = CARTESIAN_POINT('',(2.846514952353,81.727570976254));
#3848 = CARTESIAN_POINT('',(2.84651344651,81.890585153615));
#3849 = CARTESIAN_POINT('',(2.846514068938,82.053743352329));
#3850 = CARTESIAN_POINT('',(2.846516086981,82.388291634824));
#3851 = CARTESIAN_POINT('',(2.846517436201,82.560151461765));
#3852 = CARTESIAN_POINT('',(2.846516614307,82.731779958806));
#3853 = CARTESIAN_POINT('',(2.846510433854,82.90340598231));
#3854 = CARTESIAN_POINT('',(2.846505298591,83.075061509503));
#3855 = CARTESIAN_POINT('',(2.846503906875,83.246961684546));
#3856 = CARTESIAN_POINT('',(2.846507005058,83.516034421282));
#3857 = CARTESIAN_POINT('',(2.846509312905,83.613520147911));
#3858 = CARTESIAN_POINT('',(2.846512528034,83.711023527986));
#3859 = CARTESIAN_POINT('',(2.846516280831,83.808540646984));
#3860 = CARTESIAN_POINT('',(2.846520110359,83.906064058527));
#3861 = CARTESIAN_POINT('',(2.846523464356,84.003582784381));
#3862 = CARTESIAN_POINT('',(2.846529547497,84.268967433673));
#3863 = CARTESIAN_POINT('',(2.846530533479,84.437023941738));
#3864 = CARTESIAN_POINT('',(2.846526239549,84.604922933589));
#3865 = CARTESIAN_POINT('',(2.846518042985,84.772735503638));
#3866 = CARTESIAN_POINT('',(2.846510035084,84.940671949726));
#3867 = CARTESIAN_POINT('',(2.846506124634,85.108786733843));
#3868 = CARTESIAN_POINT('',(2.846504615163,85.425950870482));
#3869 = CARTESIAN_POINT('',(2.846506456468,85.575319914445));
#3870 = CARTESIAN_POINT('',(2.846510621526,85.724593518416));
#3871 = CARTESIAN_POINT('',(2.846515198745,85.873881986645));
#3872 = CARTESIAN_POINT('',(2.846516814925,86.023222835104));
#3873 = CARTESIAN_POINT('',(2.846516429972,86.172677262693));
#3874 = CARTESIAN_POINT('',(2.846514915993,86.440047786148));
#3875 = CARTESIAN_POINT('',(2.846513961591,86.558232391347));
#3876 = CARTESIAN_POINT('',(2.846513498728,86.676370265204));
#3877 = CARTESIAN_POINT('',(2.846514639411,86.794470489014));
#3878 = CARTESIAN_POINT('',(2.846517986293,86.912564782653));
#3879 = CARTESIAN_POINT('',(2.846521537301,87.030699957771));
#3880 = CARTESIAN_POINT('',(2.846526238118,87.318924400717));
#3881 = CARTESIAN_POINT('',(2.846525510241,87.489216288032));
#3882 = CARTESIAN_POINT('',(2.846516370763,87.659287819307));
#3883 = CARTESIAN_POINT('',(2.846493553968,87.829343062425));
#3884 = CARTESIAN_POINT('',(2.846460023429,87.999421672824));
#3885 = CARTESIAN_POINT('',(2.846517732557,88.169701688567));
#3886 = CARTESIAN_POINT('',(2.846514758832,88.339703984369));
#3887 = ( GEOMETRIC_REPRESENTATION_CONTEXT(2) 
PARAMETRIC_REPRESENTATION_CONTEXT() REPRESENTATION_CONTEXT('2D SPACE',''
  ) );
#3888 = PCURVE('',#3889,#3894);
#3889 = CYLINDRICAL_SURFACE('',#3890,12.);
#3890 = AXIS2_PLACEMENT_3D('',#3891,#3892,#3893);
#3891 = CARTESIAN_POINT('',(0.,0.,0.));
#3892 = DIRECTION('',(0.,0.,1.));
#3893 = DIRECTION('',(1.,0.,0.));
#3894 = DEFINITIONAL_REPRESENTATION('',(#3895),#3946);
#3895 = B_SPLINE_CURVE_WITH_KNOTS('',7,(#3896,#3897,#3898,#3899,#3900,
    #3901,#3902,#3903,#3904,#3905,#3906,#3907,#3908,#3909,#3910,#3911,
    #3912,#3913,#3914,#3915,#3916,#3917,#3918,#3919,#3920,#3921,#3922,
    #3923,#3924,#3925,#3926,#3927,#3928,#3929,#3930,#3931,#3932,#3933,
    #3934,#3935,#3936,#3937,#3938,#3939,#3940,#3941,#3942,#3943,#3944,
    #3945),.UNSPECIFIED.,.F.,.F.,(8,6,6,6,6,6,6,6,8),(0.,
    9.536393531145E-02,0.237452497053,0.387123504787,0.472133169608,
    0.618511902945,0.748705328678,0.851739416831,1.),.UNSPECIFIED.);
#3896 = CARTESIAN_POINT('',(0.,51.621856623615));
#3897 = CARTESIAN_POINT('',(8.558427845907E-02,51.689961955296));
#3898 = CARTESIAN_POINT('',(0.171180070266,51.758073762082));
#3899 = CARTESIAN_POINT('',(0.256781658602,51.826190769088));
#3900 = CARTESIAN_POINT('',(0.342384362461,51.894310964076));
#3901 = CARTESIAN_POINT('',(0.427984536644,51.962431597451));
#3902 = CARTESIAN_POINT('',(0.513579571765,52.030549182266));
#3903 = CARTESIAN_POINT('',(0.726691172342,52.200141215093));
#3904 = CARTESIAN_POINT('',(0.854332373984,52.301715450619));
#3905 = CARTESIAN_POINT('',(0.981860808052,52.403197549173));
#3906 = CARTESIAN_POINT('',(1.109330663759,52.504633579415));
#3907 = CARTESIAN_POINT('',(1.236884795321,52.60613836819));
#3908 = CARTESIAN_POINT('',(1.364552164327,52.707733385377));
#3909 = CARTESIAN_POINT('',(1.626328948283,52.916049424863));
#3910 = CARTESIAN_POINT('',(1.760805999045,53.023062933438));
#3911 = CARTESIAN_POINT('',(1.895102520648,53.129931837513));
#3912 = CARTESIAN_POINT('',(2.029397057685,53.236797817515));
#3913 = CARTESIAN_POINT('',(2.163714144654,53.343682438708));
#3914 = CARTESIAN_POINT('',(2.29822234812,53.450720363267));
#3915 = CARTESIAN_POINT('',(2.508765773269,53.618266565799));
#3916 = CARTESIAN_POINT('',(2.585046133067,53.678969280854));
#3917 = CARTESIAN_POINT('',(2.66134030553,53.739683222611));
#3918 = CARTESIAN_POINT('',(2.737645261614,53.800405858134));
#3919 = CARTESIAN_POINT('',(2.813955192815,53.861132431695));
#3920 = CARTESIAN_POINT('',(2.890261511166,53.921855964778));
#3921 = CARTESIAN_POINT('',(3.097919435096,54.087106450984));
#3922 = CARTESIAN_POINT('',(3.229420235887,54.191751626594));
#3923 = CARTESIAN_POINT('',(3.360797829248,54.296297356935));
#3924 = CARTESIAN_POINT('',(3.492107553692,54.400788266545));
#3925 = CARTESIAN_POINT('',(3.623513941287,54.505356359637));
#3926 = CARTESIAN_POINT('',(3.755059892206,54.610036557892));
#3927 = CARTESIAN_POINT('',(4.003233875068,54.807526978735));
#3928 = CARTESIAN_POINT('',(4.120112020774,54.900536121293));
#3929 = CARTESIAN_POINT('',(4.236915738407,54.993486435677));
#3930 = CARTESIAN_POINT('',(4.353731415154,55.086446112134));
#3931 = CARTESIAN_POINT('',(4.47058815567,55.179437639862));
#3932 = CARTESIAN_POINT('',(4.587533512665,55.272499373904));
#3933 = CARTESIAN_POINT('',(4.796745468944,55.438984456291));
#3934 = CARTESIAN_POINT('',(4.88922229329,55.512575044317));
#3935 = CARTESIAN_POINT('',(4.981662304712,55.58613666075));
#3936 = CARTESIAN_POINT('',(5.074072642194,55.659675247487));
#3937 = CARTESIAN_POINT('',(5.166478335796,55.733210711395));
#3938 = CARTESIAN_POINT('',(5.258916232219,55.806771683976));
#3939 = CARTESIAN_POINT('',(5.484445499462,55.986243627212));
#3940 = CARTESIAN_POINT('',(5.617695818543,56.092280279443));
#3941 = CARTESIAN_POINT('',(5.75077382284,56.198177548725));
#3942 = CARTESIAN_POINT('',(5.88384110182,56.304061143557));
#3943 = CARTESIAN_POINT('',(6.016922094522,56.409956521812));
#3944 = CARTESIAN_POINT('',(6.150162124075,56.516000873354));
#3945 = CARTESIAN_POINT('',(6.28318530718,56.621856623618));
#3946 = ( GEOMETRIC_REPRESENTATION_CONTEXT(2) 
PARAMETRIC_REPRESENTATION_CONTEXT() REPRESENTATION_CONTEXT('2D SPACE',''
  ) );
#3947 = ORIENTED_EDGE('',*,*,#3948,.T.);
#3948 = EDGE_CURVE('',#3780,#3949,#3951,.T.);
#3949 = VERTEX_POINT('',#3950);
#3950 = CARTESIAN_POINT('',(12.,-2.939152317954E-15,61.621856623619));
#3951 = SURFACE_CURVE('',#3952,(#4003,#4057),.PCURVE_S1.);
#3952 = B_SPLINE_CURVE_WITH_KNOTS('',7,(#3953,#3954,#3955,#3956,#3957,
    #3958,#3959,#3960,#3961,#3962,#3963,#3964,#3965,#3966,#3967,#3968,
    #3969,#3970,#3971,#3972,#3973,#3974,#3975,#3976,#3977,#3978,#3979,
    #3980,#3981,#3982,#3983,#3984,#3985,#3986,#3987,#3988,#3989,#3990,
    #3991,#3992,#3993,#3994,#3995,#3996,#3997,#3998,#3999,#4000,#4001,
    #4002),.UNSPECIFIED.,.F.,.F.,(8,6,6,6,6,6,6,6,8),(0.,
    6.374577572675E-02,0.230704546387,0.335665167947,0.422074938892,
    0.580377825202,0.743057642951,0.867621557984,1.),.UNSPECIFIED.);
#3953 = CARTESIAN_POINT('',(12.,-7.105427357601E-15,56.621856623618));
#3954 = CARTESIAN_POINT('',(12.,0.686102249813,56.667354876076));
#3955 = CARTESIAN_POINT('',(11.954278128611,1.372080559844,
    56.712841059607));
#3956 = CARTESIAN_POINT('',(11.862759841648,2.054457402592,
    56.758333934919));
#3957 = CARTESIAN_POINT('',(11.725780976275,2.729678357115,
    56.803841090451));
#3958 = CARTESIAN_POINT('',(11.544087751001,3.39411210903,
    56.849358942368));
#3959 = CARTESIAN_POINT('',(11.318836765683,4.044050450507,
    56.894872734568));
#3960 = CARTESIAN_POINT('',(10.351652834313,6.330105195746,
    57.059484746497));
#3961 = CARTESIAN_POINT('',(9.360961600083,7.866415829504,
    57.178916569408));
#3962 = CARTESIAN_POINT('',(8.106101060211,9.215464778038,
    57.298088720627));
#3963 = CARTESIAN_POINT('',(6.631770386322,10.327252447367,
    57.417258673905));
#3964 = CARTESIAN_POINT('',(4.98985966686,11.162853124759,57.53642423671
    ));
#3965 = CARTESIAN_POINT('',(3.240344210724,11.693092544235,
    57.655854697989));
#3966 = CARTESIAN_POINT('',(0.335722890068,12.0483668252,57.849909623961
    ));
#3967 = CARTESIAN_POINT('',(-0.80121654757,12.062463209263,
    57.924861224115));
#3968 = CARTESIAN_POINT('',(-1.93652743966,11.951120415944,
    57.999779568561));
#3969 = CARTESIAN_POINT('',(-3.053603934822,11.715512059703,
    58.074669904824));
#3970 = CARTESIAN_POINT('',(-4.136681018688,11.359124659686,
    58.149554176277));
#3971 = CARTESIAN_POINT('',(-5.170697541494,10.887650275552,
    58.224464109022));
#3972 = CARTESIAN_POINT('',(-6.940799846843,9.833148996443,
    58.361096998795));
#3973 = CARTESIAN_POINT('',(-7.697334751222,9.284368873084,
    58.422815735007));
#3974 = CARTESIAN_POINT('',(-8.40281321029,8.668098768873,
    58.484532439619));
#3975 = CARTESIAN_POINT('',(-9.049932744492,7.990192513302,
    58.546233587001));
#3976 = CARTESIAN_POINT('',(-9.632422697626,7.257208225352,
    58.607918832492));
#3977 = CARTESIAN_POINT('',(-10.14504423685,6.476408313492,
    58.669601012401));
#3978 = CARTESIAN_POINT('',(-11.38700778055,4.152329038903,
    58.844350077893));
#3979 = CARTESIAN_POINT('',(-11.94277879129,2.512805013983,
    58.95760235796));
#3980 = CARTESIAN_POINT('',(-12.21998434366,0.791629007683,
    59.07070155441));
#3981 = CARTESIAN_POINT('',(-12.20824239541,-0.955559862544,
    59.183700816932));
#3982 = CARTESIAN_POINT('',(-11.907969347,-2.672784276958,
    59.296792463607));
#3983 = CARTESIAN_POINT('',(-11.3303174565,-4.304629990078,
    59.410034378668));
#3984 = CARTESIAN_POINT('',(-9.660489157945,-7.331016067632,
    59.639247619417));
#3985 = CARTESIAN_POINT('',(-8.551189064789,-8.723819542965,
    59.755655756125));
#3986 = CARTESIAN_POINT('',(-7.210062282695,-9.91521166387,
    59.871838572233));
#3987 = CARTESIAN_POINT('',(-5.682378606306,-10.86313749358,
    59.988024040087));
#3988 = CARTESIAN_POINT('',(-4.019241534342,-11.53577592572,
    60.104212990922));
#3989 = CARTESIAN_POINT('',(-2.278645953716,-11.9111693998,
    60.220624828667));
#3990 = CARTESIAN_POINT('',(0.811191367024,-12.04744094699,
    60.425724534658));
#3991 = CARTESIAN_POINT('',(2.160142459625,-11.931868061,60.514752715052
    ));
#3992 = CARTESIAN_POINT('',(3.488732606302,-11.6397528602,
    60.603741210141));
#3993 = CARTESIAN_POINT('',(4.76968445515,-11.17607854106,
    60.692699319385));
#3994 = CARTESIAN_POINT('',(5.977345071416,-10.55019713406,
    60.78168394999));
#3995 = CARTESIAN_POINT('',(7.08784469299,-9.775628992861,
    60.870715481279));
#3996 = CARTESIAN_POINT('',(9.1342112534,-7.911993429127,61.054260956058
    ));
#3997 = CARTESIAN_POINT('',(10.05641784916,-6.804723822919,
    61.148912002498));
#3998 = CARTESIAN_POINT('',(10.819946669973,-5.573734522582,
    61.243501895233));
#3999 = CARTESIAN_POINT('',(11.406321022153,-4.246563977005,
    61.338048779434));
#4000 = CARTESIAN_POINT('',(11.802300368149,-2.85324637681,
    61.43263679361));
#4001 = CARTESIAN_POINT('',(12.,-1.425963663036,61.527295128232));
#4002 = CARTESIAN_POINT('',(12.,-5.329070518201E-15,61.621856623619));
#4003 = PCURVE('',#1072,#4004);
#4004 = DEFINITIONAL_REPRESENTATION('',(#4005),#4056);
#4005 = B_SPLINE_CURVE_WITH_KNOTS('',7,(#4006,#4007,#4008,#4009,#4010,
    #4011,#4012,#4013,#4014,#4015,#4016,#4017,#4018,#4019,#4020,#4021,
    #4022,#4023,#4024,#4025,#4026,#4027,#4028,#4029,#4030,#4031,#4032,
    #4033,#4034,#4035,#4036,#4037,#4038,#4039,#4040,#4041,#4042,#4043,
    #4044,#4045,#4046,#4047,#4048,#4049,#4050,#4051,#4052,#4053,#4054,
    #4055),.UNSPECIFIED.,.F.,.F.,(8,6,6,6,6,6,6,6,8),(0.,
    6.374577572675E-02,0.230704546387,0.335665167947,0.422074938892,
    0.580377825202,0.743057642951,0.867621557984,1.),.UNSPECIFIED.);
#4006 = CARTESIAN_POINT('',(2.846514758832,88.339703984369));
#4007 = CARTESIAN_POINT('',(2.846513480684,88.412773301374));
#4008 = CARTESIAN_POINT('',(2.84650470063,88.485826347428));
#4009 = CARTESIAN_POINT('',(2.846495525738,88.558890304035));
#4010 = CARTESIAN_POINT('',(2.846490264925,88.63197557089));
#4011 = CARTESIAN_POINT('',(2.846490428967,88.705075765883));
#4012 = CARTESIAN_POINT('',(2.846494730488,88.778167725097));
#4013 = CARTESIAN_POINT('',(2.846510486327,89.042522992742));
#4014 = CARTESIAN_POINT('',(2.846531855288,89.234317945527));
#4015 = CARTESIAN_POINT('',(2.846535165,89.425703363574));
#4016 = CARTESIAN_POINT('',(2.846516830007,89.617094228816));
#4017 = CARTESIAN_POINT('',(2.84651446318,89.808471420388));
#4018 = CARTESIAN_POINT('',(2.846513781746,90.000273331712));
#4019 = CARTESIAN_POINT('',(2.846515348652,90.311918893883));
#4020 = CARTESIAN_POINT('',(2.846516405588,90.432288408293));
#4021 = CARTESIAN_POINT('',(2.846517054832,90.552604684155));
#4022 = CARTESIAN_POINT('',(2.846516125908,90.672876634276));
#4023 = CARTESIAN_POINT('',(2.846513761186,90.793139439989));
#4024 = CARTESIAN_POINT('',(2.84651097036,90.913443633667));
#4025 = CARTESIAN_POINT('',(2.846506686173,91.132873607573));
#4026 = CARTESIAN_POINT('',(2.846505002536,91.231992688216));
#4027 = CARTESIAN_POINT('',(2.846504211745,91.33110813587));
#4028 = CARTESIAN_POINT('',(2.846504660496,91.430198085));
#4029 = CARTESIAN_POINT('',(2.846506400151,91.529261960788));
#4030 = CARTESIAN_POINT('',(2.846509186733,91.62832047914));
#4031 = CARTESIAN_POINT('',(2.846518515894,91.908958206855));
#4032 = CARTESIAN_POINT('',(2.846526243642,92.090834662485));
#4033 = CARTESIAN_POINT('',(2.846532762333,92.272465772009));
#4034 = CARTESIAN_POINT('',(2.846532107802,92.453939365788));
#4035 = CARTESIAN_POINT('',(2.846524662181,92.635564142226));
#4036 = CARTESIAN_POINT('',(2.846516859974,92.81743039294));
#4037 = CARTESIAN_POINT('',(2.84650536647,93.18554453848));
#4038 = CARTESIAN_POINT('',(2.846501859911,93.37249386168));
#4039 = CARTESIAN_POINT('',(2.84650352386,93.559079182526));
#4040 = CARTESIAN_POINT('',(2.846511904631,93.745665976226));
#4041 = CARTESIAN_POINT('',(2.846516310429,93.932260012085));
#4042 = CARTESIAN_POINT('',(2.846516672275,94.119213674636));
#4043 = CARTESIAN_POINT('',(2.84651517129,94.448598084467));
#4044 = CARTESIAN_POINT('',(2.846513895105,94.591575119224));
#4045 = CARTESIAN_POINT('',(2.846512678404,94.734488395939));
#4046 = CARTESIAN_POINT('',(2.846515048499,94.877351386323));
#4047 = CARTESIAN_POINT('',(2.8465206247,95.020255639477));
#4048 = CARTESIAN_POINT('',(2.846524749718,95.16323581555));
#4049 = CARTESIAN_POINT('',(2.846524240859,95.45800438491));
#4050 = CARTESIAN_POINT('',(2.846518021457,95.610013618883));
#4051 = CARTESIAN_POINT('',(2.846509122716,95.761925753136));
#4052 = CARTESIAN_POINT('',(2.84648302346,95.913775950831));
#4053 = CARTESIAN_POINT('',(2.846472711526,96.065685654292));
#4054 = CARTESIAN_POINT('',(2.846517415319,96.217685472745));
#4055 = CARTESIAN_POINT('',(2.846514758836,96.369549412791));
#4056 = ( GEOMETRIC_REPRESENTATION_CONTEXT(2) 
PARAMETRIC_REPRESENTATION_CONTEXT() REPRESENTATION_CONTEXT('2D SPACE',''
  ) );
#4057 = PCURVE('',#4058,#4063);
#4058 = CYLINDRICAL_SURFACE('',#4059,12.);
#4059 = AXIS2_PLACEMENT_3D('',#4060,#4061,#4062);
#4060 = CARTESIAN_POINT('',(0.,0.,0.));
#4061 = DIRECTION('',(0.,0.,1.));
#4062 = DIRECTION('',(1.,0.,0.));
#4063 = DEFINITIONAL_REPRESENTATION('',(#4064),#4115);
#4064 = B_SPLINE_CURVE_WITH_KNOTS('',7,(#4065,#4066,#4067,#4068,#4069,
    #4070,#4071,#4072,#4073,#4074,#4075,#4076,#4077,#4078,#4079,#4080,
    #4081,#4082,#4083,#4084,#4085,#4086,#4087,#4088,#4089,#4090,#4091,
    #4092,#4093,#4094,#4095,#4096,#4097,#4098,#4099,#4100,#4101,#4102,
    #4103,#4104,#4105,#4106,#4107,#4108,#4109,#4110,#4111,#4112,#4113,
    #4114),.UNSPECIFIED.,.F.,.F.,(8,6,6,6,6,6,6,6,8),(0.,
    6.374577572675E-02,0.230704546387,0.335665167947,0.422074938892,
    0.580377825202,0.743057642951,0.867621557984,1.),.UNSPECIFIED.);
#4065 = CARTESIAN_POINT('',(0.,56.621856623618));
#4066 = CARTESIAN_POINT('',(5.717518748445E-02,56.667354876076));
#4067 = CARTESIAN_POINT('',(0.114337471289,56.712841059607));
#4068 = CARTESIAN_POINT('',(0.171508235407,56.758333934919));
#4069 = CARTESIAN_POINT('',(0.228695705288,56.803841090451));
#4070 = CARTESIAN_POINT('',(0.285894947845,56.849358942368));
#4071 = CARTESIAN_POINT('',(0.343087871444,56.894872734568));
#4072 = CARTESIAN_POINT('',(0.549940795834,57.059484746497));
#4073 = CARTESIAN_POINT('',(0.700017419917,57.178916569408));
#4074 = CARTESIAN_POINT('',(0.849773992038,57.298088720627));
#4075 = CARTESIAN_POINT('',(0.999532291691,57.417258673905));
#4076 = CARTESIAN_POINT('',(1.149279657062,57.53642423671));
#4077 = CARTESIAN_POINT('',(1.299359790911,57.655854697989));
#4078 = CARTESIAN_POINT('',(1.543215463605,57.849909623961));
#4079 = CARTESIAN_POINT('',(1.637402135516,57.924861224115));
#4080 = CARTESIAN_POINT('',(1.731547400853,57.999779568561));
#4081 = CARTESIAN_POINT('',(1.825658146699,58.074669904824));
#4082 = CARTESIAN_POINT('',(1.919761724748,58.149554176277));
#4083 = CARTESIAN_POINT('',(2.013897581534,58.224464109022));
#4084 = CARTESIAN_POINT('',(2.185597317812,58.361096998795));
#4085 = CARTESIAN_POINT('',(2.263155989716,58.422815735007));
#4086 = CARTESIAN_POINT('',(2.34071171978,58.484532439619));
#4087 = CARTESIAN_POINT('',(2.418247414437,58.546233587001));
#4088 = CARTESIAN_POINT('',(2.495762651358,58.607918832492));
#4089 = CARTESIAN_POINT('',(2.573273679447,58.669601012401));
#4090 = CARTESIAN_POINT('',(2.792866388268,58.844350077893));
#4091 = CARTESIAN_POINT('',(2.935180692097,58.95760235796));
#4092 = CARTESIAN_POINT('',(3.077303340062,59.07070155441));
#4093 = CARTESIAN_POINT('',(3.21930286761,59.183700816932));
#4094 = CARTESIAN_POINT('',(3.361420518921,59.296792463607));
#4095 = CARTESIAN_POINT('',(3.503726807198,59.410034378668));
#4096 = CARTESIAN_POINT('',(3.791767834815,59.639247619417));
#4097 = CARTESIAN_POINT('',(3.938051412738,59.755655756125));
#4098 = CARTESIAN_POINT('',(4.084050282911,59.871838572233));
#4099 = CARTESIAN_POINT('',(4.230050919388,59.988024040087));
#4100 = CARTESIAN_POINT('',(4.376057802631,60.104212990922));
#4101 = CARTESIAN_POINT('',(4.522345795216,60.220624828667));
#4102 = CARTESIAN_POINT('',(4.780082533791,60.425724534658));
#4103 = CARTESIAN_POINT('',(4.891958936593,60.514752715052));
#4104 = CARTESIAN_POINT('',(5.003785045866,60.603741210141));
#4105 = CARTESIAN_POINT('',(5.115571490749,60.692699319385));
#4106 = CARTESIAN_POINT('',(5.227390303874,60.78168394999));
#4107 = CARTESIAN_POINT('',(5.339269051599,60.870715481279));
#4108 = CARTESIAN_POINT('',(5.569919605196,61.054260956058));
#4109 = CARTESIAN_POINT('',(5.688864130894,61.148912002498));
#4110 = CARTESIAN_POINT('',(5.807733638285,61.243501895233));
#4111 = CARTESIAN_POINT('',(5.926553665162,61.338048779434));
#4112 = CARTESIAN_POINT('',(6.045418906559,61.43263679361));
#4113 = CARTESIAN_POINT('',(6.164355001927,61.527295128232));
#4114 = CARTESIAN_POINT('',(6.28318530718,61.621856623619));
#4115 = ( GEOMETRIC_REPRESENTATION_CONTEXT(2) 
PARAMETRIC_REPRESENTATION_CONTEXT() REPRESENTATION_CONTEXT('2D SPACE',''
  ) );
#4116 = ORIENTED_EDGE('',*,*,#4117,.T.);
#4117 = EDGE_CURVE('',#3949,#4118,#4120,.T.);
#4118 = VERTEX_POINT('',#4119);
#4119 = CARTESIAN_POINT('',(12.,-2.939152317954E-15,66.621856623619));
#4120 = SURFACE_CURVE('',#4121,(#4180,#4242),.PCURVE_S1.);
#4121 = B_SPLINE_CURVE_WITH_KNOTS('',8,(#4122,#4123,#4124,#4125,#4126,
    #4127,#4128,#4129,#4130,#4131,#4132,#4133,#4134,#4135,#4136,#4137,
    #4138,#4139,#4140,#4141,#4142,#4143,#4144,#4145,#4146,#4147,#4148,
    #4149,#4150,#4151,#4152,#4153,#4154,#4155,#4156,#4157,#4158,#4159,
    #4160,#4161,#4162,#4163,#4164,#4165,#4166,#4167,#4168,#4169,#4170,
    #4171,#4172,#4173,#4174,#4175,#4176,#4177,#4178,#4179),
  .UNSPECIFIED.,.F.,.F.,(9,7,7,7,7,7,7,7,9),(0.,0.109986767207,
    0.250757415449,0.410816518184,0.544519927833,0.65194945098,
    0.777747016034,0.879916746353,1.),.UNSPECIFIED.);
#4122 = CARTESIAN_POINT('',(12.,-5.329070518201E-15,61.621856623619));
#4123 = CARTESIAN_POINT('',(12.,1.036649212848,61.69060108205));
#4124 = CARTESIAN_POINT('',(11.897560707088,2.073805484501,
    61.759358497911));
#4125 = CARTESIAN_POINT('',(11.692778242258,3.099011469131,
    61.828124292485));
#4126 = CARTESIAN_POINT('',(11.387294781041,4.100386082317,
    61.896894285527));
#4127 = CARTESIAN_POINT('',(10.984298553508,5.06662450105,
    61.965664695267));
#4128 = CARTESIAN_POINT('',(10.488523844267,5.986998163729,
    62.034432138407));
#4129 = CARTESIAN_POINT('',(9.906250992464,6.851354770163,
    62.103193630122));
#4130 = CARTESIAN_POINT('',(8.399371901194,8.672445422803,
    62.259942605217));
#4131 = CARTESIAN_POINT('',(7.423611842024,9.588610464177,62.34799806728
    ));
#4132 = CARTESIAN_POINT('',(6.334649724834,10.37795977758,
    62.436012793102));
#4133 = CARTESIAN_POINT('',(5.151909566593,11.02486713657,
    62.523987150358));
#4134 = CARTESIAN_POINT('',(3.896776451338,11.517262573958,
    62.611971943819));
#4135 = CARTESIAN_POINT('',(2.59224616957,11.846257797341,
    62.700013924958));
#4136 = CARTESIAN_POINT('',(1.263063936378,12.006868162593,62.7880969189
    ));
#4137 = CARTESIAN_POINT('',(-1.572146171543,11.991830041139,
    62.976115501852));
#4138 = CARTESIAN_POINT('',(-3.081878154316,11.76706418575,
    63.076310533194));
#4139 = CARTESIAN_POINT('',(-4.552643536421,11.32471999778,
    63.17640444651));
#4140 = CARTESIAN_POINT('',(-5.948413563878,10.673744821488,
    63.276447495034));
#4141 = CARTESIAN_POINT('',(-7.236391621165,9.829129965271,
    63.376496500093));
#4142 = CARTESIAN_POINT('',(-8.386433293968,8.810832002533,
    63.476605122532));
#4143 = CARTESIAN_POINT('',(-9.371761904336,7.644913608221,
    63.576811518258));
#4144 = CARTESIAN_POINT('',(-10.8403141763,5.298565596535,
    63.760374788268));
#4145 = CARTESIAN_POINT('',(-11.38129318057,4.149304735388,
    63.844011666083));
#4146 = CARTESIAN_POINT('',(-11.78214056903,2.937954739665,
    63.927612576055));
#4147 = CARTESIAN_POINT('',(-12.03519167706,1.684759773027,64.0111818101
    ));
#4148 = CARTESIAN_POINT('',(-12.13590193576,0.41040674044,64.09474026356
    ));
#4149 = CARTESIAN_POINT('',(-12.08311061295,-0.864033978812,
    64.178313496034));
#4150 = CARTESIAN_POINT('',(-11.87872461919,-2.117167720252,
    64.261913206821));
#4151 = CARTESIAN_POINT('',(-11.24885595283,-4.299706952913,
    64.412552026469));
#4152 = CARTESIAN_POINT('',(-10.87436848266,-5.245366083003,
    64.47967182976));
#4153 = CARTESIAN_POINT('',(-10.40924075636,-6.153295468762,
    64.546798899686));
#4154 = CARTESIAN_POINT('',(-9.857942604214,-7.013325933008,
    64.613931525406));
#4155 = CARTESIAN_POINT('',(-9.226185505844,-7.816143307596,
    64.681066228123));
#4156 = CARTESIAN_POINT('',(-8.520922590284,-8.553288433417,
    64.74819776109));
#4157 = CARTESIAN_POINT('',(-7.750348635948,-9.2171571604,
    64.815319109606));
#4158 = CARTESIAN_POINT('',(-5.956147314086,-10.48466764083,
    64.960996876471));
#4159 = CARTESIAN_POINT('',(-4.910401112754,-11.05949770874,
    65.039595775903));
#4160 = CARTESIAN_POINT('',(-3.802176325763,-11.51478233405,
    65.118208633397));
#4161 = CARTESIAN_POINT('',(-2.647590136526,-11.84257317251,
    65.196827027286));
#4162 = CARTESIAN_POINT('',(-1.463362052731,-12.03768175282,
    65.275443670152));
#4163 = CARTESIAN_POINT('',(-0.266813906353,-12.09767947665,
    65.354052408821));
#4164 = CARTESIAN_POINT('',(0.924130146358,-12.02289761862,
    65.432648224369));
#4165 = CARTESIAN_POINT('',(3.038601223649,-11.64873716411,
    65.575047195776));
#4166 = CARTESIAN_POINT('',(3.970740900903,-11.39421551324,
    65.638857056346));
#4167 = CARTESIAN_POINT('',(4.878069454474,-11.05455710216,
    65.702657771582));
#4168 = CARTESIAN_POINT('',(5.751730065506,-10.6326062952,65.7664596279)
  );
#4169 = CARTESIAN_POINT('',(6.583221328579,-10.1322322105,65.83027509857
    ));
#4170 = CARTESIAN_POINT('',(7.36442460855,-9.558344315666,
    65.894108965128));
#4171 = CARTESIAN_POINT('',(8.087739724113,-8.91704850117,
    65.957945702004));
#4172 = CARTESIAN_POINT('',(9.520389316072,-7.391913328051,
    66.096706636068));
#4173 = CARTESIAN_POINT('',(10.206355817168,-6.483859872314,
    66.171739467112));
#4174 = CARTESIAN_POINT('',(10.792771756301,-5.503495383545,
    66.246760514906));
#4175 = CARTESIAN_POINT('',(11.270935216354,-4.463824088461,
    66.32176737956));
#4176 = CARTESIAN_POINT('',(11.634287698661,-3.378698534323,
    66.396774993428));
#4177 = CARTESIAN_POINT('',(11.878167393676,-2.262664941258,
    66.471802202316));
#4178 = CARTESIAN_POINT('',(12.,-1.131019822356,66.546854063242));
#4179 = CARTESIAN_POINT('',(12.,1.95399252334E-14,66.621856623619));
#4180 = PCURVE('',#1072,#4181);
#4181 = DEFINITIONAL_REPRESENTATION('',(#4182),#4241);
#4182 = B_SPLINE_CURVE_WITH_KNOTS('',8,(#4183,#4184,#4185,#4186,#4187,
    #4188,#4189,#4190,#4191,#4192,#4193,#4194,#4195,#4196,#4197,#4198,
    #4199,#4200,#4201,#4202,#4203,#4204,#4205,#4206,#4207,#4208,#4209,
    #4210,#4211,#4212,#4213,#4214,#4215,#4216,#4217,#4218,#4219,#4220,
    #4221,#4222,#4223,#4224,#4225,#4226,#4227,#4228,#4229,#4230,#4231,
    #4232,#4233,#4234,#4235,#4236,#4237,#4238,#4239,#4240),
  .UNSPECIFIED.,.F.,.F.,(9,7,7,7,7,7,7,7,9),(0.,0.109986767207,
    0.250757415449,0.410816518184,0.544519927833,0.65194945098,
    0.777747016034,0.879916746353,1.),.UNSPECIFIED.);
#4183 = CARTESIAN_POINT('',(2.846514758836,96.369549412791));
#4184 = CARTESIAN_POINT('',(2.846512827621,96.479951688803));
#4185 = CARTESIAN_POINT('',(2.846501759545,96.590378563511));
#4186 = CARTESIAN_POINT('',(2.846491473868,96.700818569678));
#4187 = CARTESIAN_POINT('',(2.846487929675,96.811262522464));
#4188 = CARTESIAN_POINT('',(2.846493125877,96.921703519422));
#4189 = CARTESIAN_POINT('',(2.846505101211,97.032136940504));
#4190 = CARTESIAN_POINT('',(2.846517934238,97.142560448057));
#4191 = CARTESIAN_POINT('',(2.846526618577,97.394290854492));
#4192 = CARTESIAN_POINT('',(2.846526402888,97.535705293846));
#4193 = CARTESIAN_POINT('',(2.846520842593,97.677056528701));
#4194 = CARTESIAN_POINT('',(2.846515060499,97.818343024878));
#4195 = CARTESIAN_POINT('',(2.846512820345,97.959644812278));
#4196 = CARTESIAN_POINT('',(2.846513810317,98.101037101643));
#4197 = CARTESIAN_POINT('',(2.84651494566,98.242495196012));
#4198 = CARTESIAN_POINT('',(2.846516537124,98.544446567717));
#4199 = CARTESIAN_POINT('',(2.84651670911,98.705356619261));
#4200 = CARTESIAN_POINT('',(2.84651443438,98.866105293144));
#4201 = CARTESIAN_POINT('',(2.846508954268,99.026773609158));
#4202 = CARTESIAN_POINT('',(2.846503839389,99.187451339705));
#4203 = CARTESIAN_POINT('',(2.846502766266,99.348223137623));
#4204 = CARTESIAN_POINT('',(2.846505243481,99.509150483936));
#4205 = CARTESIAN_POINT('',(2.846513562607,99.803943970526));
#4206 = CARTESIAN_POINT('',(2.846518782436,99.938260045826));
#4207 = CARTESIAN_POINT('',(2.846524507231,100.07251814844));
#4208 = CARTESIAN_POINT('',(2.846529106588,100.20672584728));
#4209 = CARTESIAN_POINT('',(2.846530769136,100.34091745085));
#4210 = CARTESIAN_POINT('',(2.84652928172,100.47513409549));
#4211 = CARTESIAN_POINT('',(2.846525638161,100.60939415773));
#4212 = CARTESIAN_POINT('',(2.846517500057,100.85131882042));
#4213 = CARTESIAN_POINT('',(2.84651315863,100.95911295013));
#4214 = CARTESIAN_POINT('',(2.846509122351,101.06691862327));
#4215 = CARTESIAN_POINT('',(2.846506097483,101.17473279936));
#4216 = CARTESIAN_POINT('',(2.846504475665,101.28254972914));
#4217 = CARTESIAN_POINT('',(2.846504333909,101.39036095456));
#4218 = CARTESIAN_POINT('',(2.846505434602,101.49815530875));
#4219 = CARTESIAN_POINT('',(2.846509322618,101.73210768628));
#4220 = CARTESIAN_POINT('',(2.846512504958,101.85833376908));
#4221 = CARTESIAN_POINT('',(2.846515327846,101.98458241717));
#4222 = CARTESIAN_POINT('',(2.846516931581,102.11084046218));
#4223 = CARTESIAN_POINT('',(2.846517041443,102.23709631468));
#4224 = CARTESIAN_POINT('',(2.846515967697,102.36333996418));
#4225 = CARTESIAN_POINT('',(2.846514605588,102.48956297914));
#4226 = CARTESIAN_POINT('',(2.846514297073,102.71825145301));
#4227 = CARTESIAN_POINT('',(2.846514802435,102.82072790685));
#4228 = CARTESIAN_POINT('',(2.84651632008,102.92318925373));
#4229 = CARTESIAN_POINT('',(2.846519094371,103.02565191196));
#4230 = CARTESIAN_POINT('',(2.846522537176,103.12813615716));
#4231 = CARTESIAN_POINT('',(2.846525224183,103.23065025906));
#4232 = CARTESIAN_POINT('',(2.846525595752,103.3331699309));
#4233 = CARTESIAN_POINT('',(2.846520737219,103.55601771636));
#4234 = CARTESIAN_POINT('',(2.846514390233,103.67652075581));
#4235 = CARTESIAN_POINT('',(2.846504435958,103.79700636782));
#4236 = CARTESIAN_POINT('',(2.846491210214,103.91747055897));
#4237 = CARTESIAN_POINT('',(2.846481730129,104.03793439984));
#4238 = CARTESIAN_POINT('',(2.846489298658,104.15842263889));
#4239 = CARTESIAN_POINT('',(2.846516865803,104.27894217404));
#4240 = CARTESIAN_POINT('',(2.846514758842,104.39939484121));
#4241 = ( GEOMETRIC_REPRESENTATION_CONTEXT(2) 
PARAMETRIC_REPRESENTATION_CONTEXT() REPRESENTATION_CONTEXT('2D SPACE',''
  ) );
#4242 = PCURVE('',#4243,#4248);
#4243 = CYLINDRICAL_SURFACE('',#4244,12.);
#4244 = AXIS2_PLACEMENT_3D('',#4245,#4246,#4247);
#4245 = CARTESIAN_POINT('',(0.,0.,0.));
#4246 = DIRECTION('',(0.,0.,1.));
#4247 = DIRECTION('',(1.,0.,0.));
#4248 = DEFINITIONAL_REPRESENTATION('',(#4249),#4308);
#4249 = B_SPLINE_CURVE_WITH_KNOTS('',8,(#4250,#4251,#4252,#4253,#4254,
    #4255,#4256,#4257,#4258,#4259,#4260,#4261,#4262,#4263,#4264,#4265,
    #4266,#4267,#4268,#4269,#4270,#4271,#4272,#4273,#4274,#4275,#4276,
    #4277,#4278,#4279,#4280,#4281,#4282,#4283,#4284,#4285,#4286,#4287,
    #4288,#4289,#4290,#4291,#4292,#4293,#4294,#4295,#4296,#4297,#4298,
    #4299,#4300,#4301,#4302,#4303,#4304,#4305,#4306,#4307),
  .UNSPECIFIED.,.F.,.F.,(9,7,7,7,7,7,7,7,9),(0.,0.109986767207,
    0.250757415449,0.410816518184,0.544519927833,0.65194945098,
    0.777747016034,0.879916746353,1.),.UNSPECIFIED.);
#4250 = CARTESIAN_POINT('',(0.,61.621856623619));
#4251 = CARTESIAN_POINT('',(8.638743440398E-02,61.69060108205));
#4252 = CARTESIAN_POINT('',(0.172793721992,61.759358497911));
#4253 = CARTESIAN_POINT('',(0.259210289688,61.828124292485));
#4254 = CARTESIAN_POINT('',(0.34563020096,61.896894285527));
#4255 = CARTESIAN_POINT('',(0.432048155823,61.965664695267));
#4256 = CARTESIAN_POINT('',(0.518460490839,62.034432138407));
#4257 = CARTESIAN_POINT('',(0.604865179112,62.103193630122));
#4258 = CARTESIAN_POINT('',(0.80183979255,62.259942605217));
#4259 = CARTESIAN_POINT('',(0.91249388335,62.34799806728));
#4260 = CARTESIAN_POINT('',(1.023097924175,62.436012793102));
#4261 = CARTESIAN_POINT('',(1.133650872672,62.523987150358));
#4262 = CARTESIAN_POINT('',(1.24421571792,62.611971943819));
#4263 = CARTESIAN_POINT('',(1.354851644937,62.700013924958));
#4264 = CARTESIAN_POINT('',(1.465539468459,62.7880969189));
#4265 = CARTESIAN_POINT('',(1.70181030089,62.976115501852));
#4266 = CARTESIAN_POINT('',(1.8277195199,63.076310533194));
#4267 = CARTESIAN_POINT('',(1.953502742043,63.17640444651));
#4268 = CARTESIAN_POINT('',(2.079222939906,63.276447495034));
#4269 = CARTESIAN_POINT('',(2.204950091883,63.376496500093));
#4270 = CARTESIAN_POINT('',(2.330750487867,63.476605122532));
#4271 = CARTESIAN_POINT('',(2.456672487671,63.576811518258));
#4272 = CARTESIAN_POINT('',(2.687341724884,63.760374788268));
#4273 = CARTESIAN_POINT('',(2.792441025608,63.844011666083));
#4274 = CARTESIAN_POINT('',(2.897495053052,63.927612576055));
#4275 = CARTESIAN_POINT('',(3.002509783195,64.0111818101));
#4276 = CARTESIAN_POINT('',(3.107512015925,64.09474026356));
#4277 = CARTESIAN_POINT('',(3.212533820626,64.178313496034));
#4278 = CARTESIAN_POINT('',(3.317589514089,64.261913206821));
#4279 = CARTESIAN_POINT('',(3.506890348282,64.412552026469));
#4280 = CARTESIAN_POINT('',(3.591236855954,64.47967182976));
#4281 = CARTESIAN_POINT('',(3.67559235158,64.546798899686));
#4282 = CARTESIAN_POINT('',(3.759954488624,64.613931525406));
#4283 = CARTESIAN_POINT('',(3.844318802626,64.681066228123));
#4284 = CARTESIAN_POINT('',(3.928678711205,64.74819776109));
#4285 = CARTESIAN_POINT('',(4.013025514054,64.815319109606));
#4286 = CARTESIAN_POINT('',(4.196088595194,64.960996876471));
#4287 = CARTESIAN_POINT('',(4.294858212952,65.039595775903));
#4288 = CARTESIAN_POINT('',(4.393645588304,65.118208633397));
#4289 = CARTESIAN_POINT('',(4.492440312936,65.196827027286));
#4290 = CARTESIAN_POINT('',(4.591233228136,65.275443670152));
#4291 = CARTESIAN_POINT('',(4.690016424793,65.354052408821));
#4292 = CARTESIAN_POINT('',(4.788783243399,65.432648224369));
#4293 = CARTESIAN_POINT('',(4.967726592256,65.575047195776));
#4294 = CARTESIAN_POINT('',(5.047911868006,65.638857056346));
#4295 = CARTESIAN_POINT('',(5.128085218624,65.702657771582));
#4296 = CARTESIAN_POINT('',(5.208259596302,65.7664596279));
#4297 = CARTESIAN_POINT('',(5.288450993648,65.83027509857));
#4298 = CARTESIAN_POINT('',(5.368665982676,65.894108965128));
#4299 = CARTESIAN_POINT('',(5.448885587247,65.957945702004));
#4300 = CARTESIAN_POINT('',(5.623259908226,66.096706636068));
#4301 = CARTESIAN_POINT('',(5.717551599694,66.171739467112));
#4302 = CARTESIAN_POINT('',(5.811829608578,66.246760514906));
#4303 = CARTESIAN_POINT('',(5.906090965386,66.32176737956));
#4304 = CARTESIAN_POINT('',(6.000351292905,66.396774993428));
#4305 = CARTESIAN_POINT('',(6.094629850958,66.471802202316));
#4306 = CARTESIAN_POINT('',(6.188933655317,66.546854063242));
#4307 = CARTESIAN_POINT('',(6.28318530718,66.621856623619));
#4308 = ( GEOMETRIC_REPRESENTATION_CONTEXT(2) 
PARAMETRIC_REPRESENTATION_CONTEXT() REPRESENTATION_CONTEXT('2D SPACE',''
  ) );
#4309 = ORIENTED_EDGE('',*,*,#4310,.T.);
#4310 = EDGE_CURVE('',#4118,#4311,#4313,.T.);
#4311 = VERTEX_POINT('',#4312);
#4312 = CARTESIAN_POINT('',(12.,-2.939152317954E-15,71.621856623627));
#4313 = SURFACE_CURVE('',#4314,(#4373,#4435),.PCURVE_S1.);
#4314 = B_SPLINE_CURVE_WITH_KNOTS('',8,(#4315,#4316,#4317,#4318,#4319,
    #4320,#4321,#4322,#4323,#4324,#4325,#4326,#4327,#4328,#4329,#4330,
    #4331,#4332,#4333,#4334,#4335,#4336,#4337,#4338,#4339,#4340,#4341,
    #4342,#4343,#4344,#4345,#4346,#4347,#4348,#4349,#4350,#4351,#4352,
    #4353,#4354,#4355,#4356,#4357,#4358,#4359,#4360,#4361,#4362,#4363,
    #4364,#4365,#4366,#4367,#4368,#4369,#4370,#4371,#4372),
  .UNSPECIFIED.,.F.,.F.,(9,7,7,7,7,7,7,7,9),(0.,9.611482439118E-02,
    0.260597518566,0.381334198971,0.50763492894,0.658165257098,
    0.797137526339,0.900378501411,1.),.UNSPECIFIED.);
#4315 = CARTESIAN_POINT('',(12.,1.95399252334E-14,66.621856623619));
#4316 = CARTESIAN_POINT('',(12.,0.905420432601,66.681898763748));
#4317 = CARTESIAN_POINT('',(11.921891284211,1.811059835401,
    66.741943911471));
#4318 = CARTESIAN_POINT('',(11.765714090134,2.708750626615,
    66.801992400773));
#4319 = CARTESIAN_POINT('',(11.532421076592,3.590609847991,
    66.86204381322));
#4320 = CARTESIAN_POINT('',(11.223877323733,4.449039164799,
    66.922096977953));
#4321 = CARTESIAN_POINT('',(10.842860333024,5.276724865838,
    66.982149971687));
#4322 = CARTESIAN_POINT('',(10.393060027257,6.066637863433,
    67.042200118719));
#4323 = CARTESIAN_POINT('',(8.999495130803,8.087640397423,67.204997941)
  );
#4324 = CARTESIAN_POINT('',(7.930101079655,9.235670583228,
    67.307931647394));
#4325 = CARTESIAN_POINT('',(6.694793199546,10.219345118361,
    67.410744236501));
#4326 = CARTESIAN_POINT('',(5.323888556953,11.012097687477,
    67.513497923806));
#4327 = CARTESIAN_POINT('',(3.851062177413,11.594204292226,
    67.616256960057));
#4328 = CARTESIAN_POINT('',(2.312703058036,11.951432774264,
    67.719082917754));
#4329 = CARTESIAN_POINT('',(0.7485808996,12.076420054625,67.822028031812
    ));
#4330 = CARTESIAN_POINT('',(-1.932009240401,11.897926298596,
    68.000183658126));
#4331 = CARTESIAN_POINT('',(-3.058607715941,11.699461616438,
    68.075602554562));
#4332 = CARTESIAN_POINT('',(-4.16115712023,11.379142942271,
    68.150998447663));
#4333 = CARTESIAN_POINT('',(-5.224547392166,10.940520803086,
    68.226389349735));
#4334 = CARTESIAN_POINT('',(-6.234423066569,10.389181394827,
    68.301796714391));
#4335 = CARTESIAN_POINT('',(-7.177151644769,9.732632113611,
    68.377235528385));
#4336 = CARTESIAN_POINT('',(-8.040011909522,8.980585179544,
    68.452698396633));
#4337 = CARTESIAN_POINT('',(-9.619146850823,7.272317861233,
    68.606969059451));
#4338 = CARTESIAN_POINT('',(-10.32821377365,6.306797107394,
    68.685905262489));
#4339 = CARTESIAN_POINT('',(-10.92581546576,5.262832301719,
    68.764825342753));
#4340 = CARTESIAN_POINT('',(-11.40220751932,4.155686932662,
    68.843733806264));
#4341 = CARTESIAN_POINT('',(-11.75000239617,3.001566297711,
    68.922648334652));
#4342 = CARTESIAN_POINT('',(-11.96435668584,1.817613372675,
    69.001585945973));
#4343 = CARTESIAN_POINT('',(-12.04278850719,0.621822529957,
    69.080550423171));
#4344 = CARTESIAN_POINT('',(-11.91967115331,-1.98293176716,
    69.253475716795));
#4345 = CARTESIAN_POINT('',(-11.66135303736,-3.392398695487,
    69.34764705562));
#4346 = CARTESIAN_POINT('',(-11.21222493159,-4.761712571154,
    69.441758125405));
#4347 = CARTESIAN_POINT('',(-10.58068411821,-6.061186215102,
    69.535833097524));
#4348 = CARTESIAN_POINT('',(-9.779158836954,-7.263383042567,
    69.629914949597));
#4349 = CARTESIAN_POINT('',(-8.825030261697,-8.343651423433,
    69.72403990792));
#4350 = CARTESIAN_POINT('',(-7.739463390111,-9.279672141528,
    69.818241423839));
#4351 = CARTESIAN_POINT('',(-5.454093095985,-10.7688172459,
    69.999130192039));
#4352 = CARTESIAN_POINT('',(-4.266427937521,-11.34780054746,
    70.086078722037));
#4353 = CARTESIAN_POINT('',(-3.009787084461,-11.77593277037,
    70.172974538399));
#4354 = CARTESIAN_POINT('',(-1.706962682142,-12.04449257188,
    70.259823575018));
#4355 = CARTESIAN_POINT('',(-0.381104656645,-12.14835233669,
    70.346653439175));
#4356 = CARTESIAN_POINT('',(0.944233967448,-12.08631597149,
    70.433501753417));
#4357 = CARTESIAN_POINT('',(2.245307900378,-11.8606130564,
    70.520397697398));
#4358 = CARTESIAN_POINT('',(4.428973431576,-11.19513193067,
    70.671783123897));
#4359 = CARTESIAN_POINT('',(5.33387254165,-10.82503773954,
    70.736326299844));
#4360 = CARTESIAN_POINT('',(6.20310060055,-10.37151789411,
    70.800880273975));
#4361 = CARTESIAN_POINT('',(7.027608447,-9.838639955638,70.865439520677)
  );
#4362 = CARTESIAN_POINT('',(7.7991023073,-9.231525189846,70.92999884116)
  );
#4363 = CARTESIAN_POINT('',(8.510043795332,-8.556348566931,
    70.994553363454));
#4364 = CARTESIAN_POINT('',(9.153649912556,-7.820338761556,
    71.059098542415));
#4365 = CARTESIAN_POINT('',(10.274144299258,-6.270863317316,
    71.185899393598));
#4366 = CARTESIAN_POINT('',(10.756534841278,-5.460325215909,
    71.248184239523));
#4367 = CARTESIAN_POINT('',(11.165682486477,-4.607749547154,
    71.310475434467));
#4368 = CARTESIAN_POINT('',(11.497285037342,-3.721010478985,
    71.372765918048));
#4369 = CARTESIAN_POINT('',(11.748120286439,-2.80827064874,
    71.435050832525));
#4370 = CARTESIAN_POINT('',(11.916046016416,-1.877981163161,
    71.497327522806));
#4371 = CARTESIAN_POINT('',(12.,-0.938881598397,71.559595536441));
#4372 = CARTESIAN_POINT('',(12.,-3.552713678801E-15,71.621856623627));
#4373 = PCURVE('',#1072,#4374);
#4374 = DEFINITIONAL_REPRESENTATION('',(#4375),#4434);
#4375 = B_SPLINE_CURVE_WITH_KNOTS('',8,(#4376,#4377,#4378,#4379,#4380,
    #4381,#4382,#4383,#4384,#4385,#4386,#4387,#4388,#4389,#4390,#4391,
    #4392,#4393,#4394,#4395,#4396,#4397,#4398,#4399,#4400,#4401,#4402,
    #4403,#4404,#4405,#4406,#4407,#4408,#4409,#4410,#4411,#4412,#4413,
    #4414,#4415,#4416,#4417,#4418,#4419,#4420,#4421,#4422,#4423,#4424,
    #4425,#4426,#4427,#4428,#4429,#4430,#4431,#4432,#4433),
  .UNSPECIFIED.,.F.,.F.,(9,7,7,7,7,7,7,7,9),(0.,9.611482439118E-02,
    0.260597518566,0.381334198971,0.50763492894,0.658165257098,
    0.797137526339,0.900378501411,1.),.UNSPECIFIED.);
#4376 = CARTESIAN_POINT('',(2.846514758842,104.39939484121));
#4377 = CARTESIAN_POINT('',(2.846513072148,104.49582136164));
#4378 = CARTESIAN_POINT('',(2.846502577557,104.59225636521));
#4379 = CARTESIAN_POINT('',(2.84649214287,104.6886967104));
#4380 = CARTESIAN_POINT('',(2.846487283181,104.78513943787));
#4381 = CARTESIAN_POINT('',(2.846490160882,104.88158177041));
#4382 = CARTESIAN_POINT('',(2.846499585661,104.97802111298));
#4383 = CARTESIAN_POINT('',(2.846511014501,105.07445505266));
#4384 = CARTESIAN_POINT('',(2.846526027542,105.33589709588));
#4385 = CARTESIAN_POINT('',(2.846530260002,105.50120369084));
#4386 = CARTESIAN_POINT('',(2.846522618361,105.66632069989));
#4387 = CARTESIAN_POINT('',(2.846514184198,105.83134344316));
#4388 = CARTESIAN_POINT('',(2.846511844671,105.99637224896));
#4389 = CARTESIAN_POINT('',(2.84651392739,106.16150669443));
#4390 = CARTESIAN_POINT('',(2.846515569176,106.32683268421));
#4391 = CARTESIAN_POINT('',(2.846516335326,106.61294479475));
#4392 = CARTESIAN_POINT('',(2.846515947978,106.73406537156));
#4393 = CARTESIAN_POINT('',(2.846514281073,106.85514953641));
#4394 = CARTESIAN_POINT('',(2.84651126233,106.97622624648));
#4395 = CARTESIAN_POINT('',(2.846507883754,107.0973295442));
#4396 = CARTESIAN_POINT('',(2.846505446688,107.21848295809));
#4397 = CARTESIAN_POINT('',(2.846504620005,107.33967433448));
#4398 = CARTESIAN_POINT('',(2.846506314612,107.58742754696));
#4399 = CARTESIAN_POINT('',(2.846508993464,107.71419553774));
#4400 = CARTESIAN_POINT('',(2.846513538091,107.84093686203));
#4401 = CARTESIAN_POINT('',(2.84651925945,107.96765904213));
#4402 = CARTESIAN_POINT('',(2.84652455467,108.09439113897));
#4403 = CARTESIAN_POINT('',(2.846527954275,108.22116109248));
#4404 = CARTESIAN_POINT('',(2.846528988677,108.34797517271));
#4405 = CARTESIAN_POINT('',(2.84652667662,108.62568880732));
#4406 = CARTESIAN_POINT('',(2.846522447051,108.77692682042));
#4407 = CARTESIAN_POINT('',(2.846515716375,108.92806908062));
#4408 = CARTESIAN_POINT('',(2.846508415426,109.07915360561));
#4409 = CARTESIAN_POINT('',(2.846503951275,109.23024800305));
#4410 = CARTESIAN_POINT('',(2.846503354435,109.38141002384));
#4411 = CARTESIAN_POINT('',(2.846505257714,109.53269395686));
#4412 = CARTESIAN_POINT('',(2.846510674469,109.82319347997));
#4413 = CARTESIAN_POINT('',(2.846514059715,109.96282872717));
#4414 = CARTESIAN_POINT('',(2.846516955361,110.10237952098));
#4415 = CARTESIAN_POINT('',(2.846517909097,110.24185599334));
#4416 = CARTESIAN_POINT('',(2.846516174236,110.38130279043));
#4417 = CARTESIAN_POINT('',(2.846514148409,110.52077933844));
#4418 = CARTESIAN_POINT('',(2.846513719949,110.66033171585));
#4419 = CARTESIAN_POINT('',(2.846515920636,110.90345111811));
#4420 = CARTESIAN_POINT('',(2.846518397155,111.00710443625));
#4421 = CARTESIAN_POINT('',(2.846521442263,111.11077486012));
#4422 = CARTESIAN_POINT('',(2.84652416654,111.21445388464));
#4423 = CARTESIAN_POINT('',(2.846525761054,111.31813349621));
#4424 = CARTESIAN_POINT('',(2.846525497364,111.42180617272));
#4425 = CARTESIAN_POINT('',(2.846522727515,111.52546488354));
#4426 = CARTESIAN_POINT('',(2.846511245435,111.72910789271));
#4427 = CARTESIAN_POINT('',(2.84649814776,111.82914086196));
#4428 = CARTESIAN_POINT('',(2.846487564696,111.92918298461));
#4429 = CARTESIAN_POINT('',(2.846485088658,112.0292206025));
#4430 = CARTESIAN_POINT('',(2.846491930797,112.12924541191));
#4431 = CARTESIAN_POINT('',(2.846504921004,112.22925446364));
#4432 = CARTESIAN_POINT('',(2.846516507906,112.32925016297));
#4433 = CARTESIAN_POINT('',(2.846514758869,112.42924026963));
#4434 = ( GEOMETRIC_REPRESENTATION_CONTEXT(2) 
PARAMETRIC_REPRESENTATION_CONTEXT() REPRESENTATION_CONTEXT('2D SPACE',''
  ) );
#4435 = PCURVE('',#4436,#4441);
#4436 = CYLINDRICAL_SURFACE('',#4437,12.);
#4437 = AXIS2_PLACEMENT_3D('',#4438,#4439,#4440);
#4438 = CARTESIAN_POINT('',(0.,0.,0.));
#4439 = DIRECTION('',(0.,0.,1.));
#4440 = DIRECTION('',(1.,0.,0.));
#4441 = DEFINITIONAL_REPRESENTATION('',(#4442),#4501);
#4442 = B_SPLINE_CURVE_WITH_KNOTS('',8,(#4443,#4444,#4445,#4446,#4447,
    #4448,#4449,#4450,#4451,#4452,#4453,#4454,#4455,#4456,#4457,#4458,
    #4459,#4460,#4461,#4462,#4463,#4464,#4465,#4466,#4467,#4468,#4469,
    #4470,#4471,#4472,#4473,#4474,#4475,#4476,#4477,#4478,#4479,#4480,
    #4481,#4482,#4483,#4484,#4485,#4486,#4487,#4488,#4489,#4490,#4491,
    #4492,#4493,#4494,#4495,#4496,#4497,#4498,#4499,#4500),
  .UNSPECIFIED.,.F.,.F.,(9,7,7,7,7,7,7,7,9),(0.,9.611482439118E-02,
    0.260597518566,0.381334198971,0.50763492894,0.658165257098,
    0.797137526339,0.900378501411,1.),.UNSPECIFIED.);
#4443 = CARTESIAN_POINT('',(0.,66.621856623619));
#4444 = CARTESIAN_POINT('',(7.545170271678E-02,66.681898763748));
#4445 = CARTESIAN_POINT('',(0.150909726119,66.741943911471));
#4446 = CARTESIAN_POINT('',(0.226371898808,66.801992400773));
#4447 = CARTESIAN_POINT('',(0.301836095365,66.86204381322));
#4448 = CARTESIAN_POINT('',(0.377300236356,66.922096977953));
#4449 = CARTESIAN_POINT('',(0.452762288326,66.982149971687));
#4450 = CARTESIAN_POINT('',(0.528220263804,67.042200118719));
#4451 = CARTESIAN_POINT('',(0.732794251422,67.204997941));
#4452 = CARTESIAN_POINT('',(0.862143819949,67.307931647394));
#4453 = CARTESIAN_POINT('',(0.991344347377,67.410744236501));
#4454 = CARTESIAN_POINT('',(1.120470148963,67.513497923806));
#4455 = CARTESIAN_POINT('',(1.249600540531,67.616256960057));
#4456 = CARTESIAN_POINT('',(1.378814241911,67.719082917754));
#4457 = CARTESIAN_POINT('',(1.508178288188,67.822028031812));
#4458 = CARTESIAN_POINT('',(1.732055479219,68.000183658126));
#4459 = CARTESIAN_POINT('',(1.826830165168,68.075602554562));
#4460 = CARTESIAN_POINT('',(1.921576464571,68.150998447663));
#4461 = CARTESIAN_POINT('',(2.016316895077,68.226389349735));
#4462 = CARTESIAN_POINT('',(2.11107797694,68.301796714391));
#4463 = CARTESIAN_POINT('',(2.205878083731,68.377235528385));
#4464 = CARTESIAN_POINT('',(2.300707751111,68.452698396633));
#4465 = CARTESIAN_POINT('',(2.494569177738,68.606969059451));
#4466 = CARTESIAN_POINT('',(2.593762240744,68.685905262489));
#4467 = CARTESIAN_POINT('',(2.69293441058,68.764825342753));
#4468 = CARTESIAN_POINT('',(2.792091667279,68.843733806264));
#4469 = CARTESIAN_POINT('',(2.89125681444,68.922648334652));
#4470 = CARTESIAN_POINT('',(2.990451679976,69.001585945973));
#4471 = CARTESIAN_POINT('',(3.089681105121,69.080550423171));
#4472 = CARTESIAN_POINT('',(3.30698629935,69.253475716795));
#4473 = CARTESIAN_POINT('',(3.425326896299,69.34764705562));
#4474 = CARTESIAN_POINT('',(3.543592449023,69.441758125405));
#4475 = CARTESIAN_POINT('',(3.661812637652,69.535833097524));
#4476 = CARTESIAN_POINT('',(3.7800404383,69.629914949597));
#4477 = CARTESIAN_POINT('',(3.898321302084,69.72403990792));
#4478 = CARTESIAN_POINT('',(4.016697813445,69.818241423839));
#4479 = CARTESIAN_POINT('',(4.244008029204,69.999130192039));
#4480 = CARTESIAN_POINT('',(4.353270074996,70.086078722037));
#4481 = CARTESIAN_POINT('',(4.462466194611,70.172974538399));
#4482 = CARTESIAN_POINT('',(4.571604187643,70.259823575018));
#4483 = CARTESIAN_POINT('',(4.680718724413,70.346653439175));
#4484 = CARTESIAN_POINT('',(4.789856105639,70.433501753417));
#4485 = CARTESIAN_POINT('',(4.899052490003,70.520397697398));
#4486 = CARTESIAN_POINT('',(5.089287364581,70.671783123897));
#4487 = CARTESIAN_POINT('',(5.170393390232,70.736326299844));
#4488 = CARTESIAN_POINT('',(5.251512864083,70.800880273975));
#4489 = CARTESIAN_POINT('',(5.332639248361,70.865439520677));
#4490 = CARTESIAN_POINT('',(5.413766330606,70.92999884116));
#4491 = CARTESIAN_POINT('',(5.494888223662,70.994553363454));
#4492 = CARTESIAN_POINT('',(5.575999365688,71.059098542415));
#4493 = CARTESIAN_POINT('',(5.735346597974,71.185899393598));
#4494 = CARTESIAN_POINT('',(5.813620748785,71.248184239523));
#4495 = CARTESIAN_POINT('',(5.891901903432,71.310475434467));
#4496 = CARTESIAN_POINT('',(5.97017927838,71.372765918048));
#4497 = CARTESIAN_POINT('',(6.048446375714,71.435050832525));
#4498 = CARTESIAN_POINT('',(6.126700983139,71.497327522806));
#4499 = CARTESIAN_POINT('',(6.20494517398,71.559595536441));
#4500 = CARTESIAN_POINT('',(6.28318530718,71.621856623627));
#4501 = ( GEOMETRIC_REPRESENTATION_CONTEXT(2) 
PARAMETRIC_REPRESENTATION_CONTEXT() REPRESENTATION_CONTEXT('2D SPACE',''
  ) );
#4502 = ORIENTED_EDGE('',*,*,#4503,.T.);
#4503 = EDGE_CURVE('',#4311,#4504,#4506,.T.);
#4504 = VERTEX_POINT('',#4505);
#4505 = CARTESIAN_POINT('',(12.,-2.939152317954E-15,76.621856623593));
#4506 = SURFACE_CURVE('',#4507,(#4573,#4642),.PCURVE_S1.);
#4507 = B_SPLINE_CURVE_WITH_KNOTS('',8,(#4508,#4509,#4510,#4511,#4512,
    #4513,#4514,#4515,#4516,#4517,#4518,#4519,#4520,#4521,#4522,#4523,
    #4524,#4525,#4526,#4527,#4528,#4529,#4530,#4531,#4532,#4533,#4534,
    #4535,#4536,#4537,#4538,#4539,#4540,#4541,#4542,#4543,#4544,#4545,
    #4546,#4547,#4548,#4549,#4550,#4551,#4552,#4553,#4554,#4555,#4556,
    #4557,#4558,#4559,#4560,#4561,#4562,#4563,#4564,#4565,#4566,#4567,
    #4568,#4569,#4570,#4571,#4572),.UNSPECIFIED.,.F.,.F.,(9,7,7,7,7,7,7,
    7,7,9),(0.,0.129788494501,0.234765674623,0.33308512939,
    0.460463108033,0.534981988103,0.643827405533,0.741894168917,
    0.856045435708,1.),.UNSPECIFIED.);
#4508 = CARTESIAN_POINT('',(12.,-3.552713678801E-15,71.621856623627));
#4509 = CARTESIAN_POINT('',(12.,1.222278342789,71.702910910552));
#4510 = CARTESIAN_POINT('',(11.857717677686,2.445540171645,
    71.784023503737));
#4511 = CARTESIAN_POINT('',(11.572752729034,3.649060313091,
    71.865116920142));
#4512 = CARTESIAN_POINT('',(11.148762805367,4.813509488464,
    71.946192043957));
#4513 = CARTESIAN_POINT('',(10.591990297947,5.920660548353,
    72.027268503487));
#4514 = CARTESIAN_POINT('',(9.91141796174,6.953489303742,72.108369311379
    ));
#4515 = CARTESIAN_POINT('',(9.118459205224,7.89613796655,72.189509369231
    ));
#4516 = CARTESIAN_POINT('',(7.508463944651,9.412821330615,
    72.336189095839));
#4517 = CARTESIAN_POINT('',(6.724459246177,10.0233658994,72.40177926141)
  );
#4518 = CARTESIAN_POINT('',(5.884126516573,10.558981866071,
    72.467375231844));
#4519 = CARTESIAN_POINT('',(4.995831048726,11.013623152863,
    72.532978213636));
#4520 = CARTESIAN_POINT('',(4.068547859992,11.382474769896,
    72.598586073135));
#4521 = CARTESIAN_POINT('',(3.111861692197,11.661952815172,
    72.664193336549));
#4522 = CARTESIAN_POINT('',(2.135967011636,11.849704474582,
    72.72979118994));
#4523 = CARTESIAN_POINT('',(0.229793929907,12.033492720623,
    72.856784874905));
#4524 = CARTESIAN_POINT('',(-0.700301046761,12.041002480947,
    72.918217027776));
#4525 = CARTESIAN_POINT('',(-1.629745198285,11.966401749404,
    72.979651239572));
#4526 = CARTESIAN_POINT('',(-2.549958117184,11.809947895988,
    73.04107994164));
#4527 = CARTESIAN_POINT('',(-3.452650711143,11.572891214164,
    73.102500694945));
#4528 = CARTESIAN_POINT('',(-4.329825203008,11.257474920863,
    73.16391619007));
#4529 = CARTESIAN_POINT('',(-5.173775130791,10.866935156485,
    73.225334247216));
#4530 = CARTESIAN_POINT('',(-7.017815606923,9.80768896292,
    73.366358207104));
#4531 = CARTESIAN_POINT('',(-7.990701736656,9.090634591363,
    73.445986153914));
#4532 = CARTESIAN_POINT('',(-8.878735574579,8.263849510059,
    73.525573519915));
#4533 = CARTESIAN_POINT('',(-9.667889664286,7.339375190142,
    73.60513213401));
#4534 = CARTESIAN_POINT('',(-10.3461829136,6.330804369741,73.68468840269
    ));
#4535 = CARTESIAN_POINT('',(-10.90380067937,5.253333743363,
    73.764269892683));
#4536 = CARTESIAN_POINT('',(-11.33297337442,4.123633278158,
    73.843892551004));
#4537 = CARTESIAN_POINT('',(-11.80231766656,2.279990399859,
    73.970054095459));
#4538 = CARTESIAN_POINT('',(-11.93006336308,1.587642004166,
    74.016635393555));
#4539 = CARTESIAN_POINT('',(-12.01138877461,0.887250004387,
    74.063219779569));
#4540 = CARTESIAN_POINT('',(-12.04571215174,0.18258021895,
    74.109798811368));
#4541 = CARTESIAN_POINT('',(-12.03280390595,-0.522663339421,
    74.156368370206));
#4542 = CARTESIAN_POINT('',(-11.97278660958,-1.224838463706,
    74.202928660732));
#4543 = CARTESIAN_POINT('',(-11.86613499582,-1.920364752588,
    74.24948421098));
#4544 = CARTESIAN_POINT('',(-11.49098786251,-3.606787648235,
    74.364050876444));
#4545 = CARTESIAN_POINT('',(-11.17031742285,-4.586613088752,
    74.432076031008));
#4546 = CARTESIAN_POINT('',(-10.7543664096,-5.533425674813,
    74.500111199511));
#4547 = CARTESIAN_POINT('',(-10.2471675972,-6.436314658559,
    74.568149875156));
#4548 = CARTESIAN_POINT('',(-9.654084764712,-7.28523280147,
    74.636187180898));
#4549 = CARTESIAN_POINT('',(-8.981812695763,-8.070996374357,
    74.704219869453));
#4550 = CARTESIAN_POINT('',(-8.238377178592,-8.78528515737,
    74.772246323288));
#4551 = CARTESIAN_POINT('',(-6.707633689863,-9.993082086698,
    74.901550934715));
#4552 = CARTESIAN_POINT('',(-5.931538107809,-10.50180566222,
    74.962841166733));
#4553 = CARTESIAN_POINT('',(-5.111671554368,-10.94144726572,
    75.024137141316));
#4554 = CARTESIAN_POINT('',(-4.255244992673,-11.30761619663,
    75.085437445219));
#4555 = CARTESIAN_POINT('',(-3.369857054486,-11.59689695465,
    75.146739361321));
#4556 = CARTESIAN_POINT('',(-2.4634940402,-11.80684923976,
    75.208038868621));
#4557 = CARTESIAN_POINT('',(-1.544529918838,-11.93600795222,
    75.269330642244));
#4558 = CARTESIAN_POINT('',(0.452431676675,-12.03961073106,
    75.40193593122));
#4559 = CARTESIAN_POINT('',(1.533102659638,-11.98534502292,
    75.473317211762));
#4560 = CARTESIAN_POINT('',(2.606144696282,-11.82006339407,
    75.54468542827));
#4561 = CARTESIAN_POINT('',(3.658131313202,-11.5452483534,
    75.616034742525));
#4562 = CARTESIAN_POINT('',(4.676283620334,-11.16408897606,
    75.687376667406));
#4563 = CARTESIAN_POINT('',(5.648464555477,-10.6814262627,
    75.758728184857));
#4564 = CARTESIAN_POINT('',(6.563192001342,-10.10361274814,
    75.83010361467));
#4565 = CARTESIAN_POINT('',(8.477474137126,-8.600860805754,
    75.991492166624));
#4566 = CARTESIAN_POINT('',(9.437912264519,-7.623823673709,
    76.081597714725));
#4567 = CARTESIAN_POINT('',(10.2681556914,-6.525110498294,
    76.171648163239));
#4568 = CARTESIAN_POINT('',(10.951097387469,-5.325418788087,
    76.261669732092));
#4569 = CARTESIAN_POINT('',(11.473074587501,-4.047400701527,
    76.351689840037));
#4570 = CARTESIAN_POINT('',(11.824630713169,-2.715759016388,
    76.441752550293));
#4571 = CARTESIAN_POINT('',(12.,-1.356972961485,76.531870184409));
#4572 = CARTESIAN_POINT('',(12.,0.,76.621856623593));
#4573 = PCURVE('',#1072,#4574);
#4574 = DEFINITIONAL_REPRESENTATION('',(#4575),#4641);
#4575 = B_SPLINE_CURVE_WITH_KNOTS('',8,(#4576,#4577,#4578,#4579,#4580,
    #4581,#4582,#4583,#4584,#4585,#4586,#4587,#4588,#4589,#4590,#4591,
    #4592,#4593,#4594,#4595,#4596,#4597,#4598,#4599,#4600,#4601,#4602,
    #4603,#4604,#4605,#4606,#4607,#4608,#4609,#4610,#4611,#4612,#4613,
    #4614,#4615,#4616,#4617,#4618,#4619,#4620,#4621,#4622,#4623,#4624,
    #4625,#4626,#4627,#4628,#4629,#4630,#4631,#4632,#4633,#4634,#4635,
    #4636,#4637,#4638,#4639,#4640),.UNSPECIFIED.,.F.,.F.,(9,7,7,7,7,7,7,
    7,7,9),(0.,0.129788494501,0.234765674623,0.33308512939,
    0.460463108033,0.534981988103,0.643827405533,0.741894168917,
    0.856045435708,1.),.UNSPECIFIED.);
#4576 = CARTESIAN_POINT('',(2.846514758869,112.42924026963));
#4577 = CARTESIAN_POINT('',(2.846512481894,112.55941189306));
#4578 = CARTESIAN_POINT('',(2.846482415348,112.68968868011));
#4579 = CARTESIAN_POINT('',(2.846482298048,112.81992224856));
#4580 = CARTESIAN_POINT('',(2.846497623239,112.95012003498));
#4581 = CARTESIAN_POINT('',(2.846511587033,113.08032053116));
#4582 = CARTESIAN_POINT('',(2.846520664482,113.21056215664));
#4583 = CARTESIAN_POINT('',(2.846524309663,113.34086906934));
#4584 = CARTESIAN_POINT('',(2.846524663146,113.57643202917));
#4585 = CARTESIAN_POINT('',(2.846522277607,113.68176879679));
#4586 = CARTESIAN_POINT('',(2.846519053364,113.78711523469));
#4587 = CARTESIAN_POINT('',(2.846516193857,113.89247278134));
#4588 = CARTESIAN_POINT('',(2.846514401063,113.99783771902));
#4589 = CARTESIAN_POINT('',(2.8465138755,114.10320117383));
#4590 = CARTESIAN_POINT('',(2.846514316222,114.20854911568));
#4591 = CARTESIAN_POINT('',(2.846515487086,114.4124965622));
#4592 = CARTESIAN_POINT('',(2.846516277698,114.51115437268));
#4593 = CARTESIAN_POINT('',(2.846516686067,114.60981564826));
#4594 = CARTESIAN_POINT('',(2.846516352145,114.70846838325));
#4595 = CARTESIAN_POINT('',(2.846515162431,114.8071087077));
#4596 = CARTESIAN_POINT('',(2.846513249977,114.90574088743));
#4597 = CARTESIAN_POINT('',(2.846510994377,115.00437732401));
#4598 = CARTESIAN_POINT('',(2.846506466176,115.23085932198));
#4599 = CARTESIAN_POINT('',(2.846504282847,115.35874024843));
#4600 = CARTESIAN_POINT('',(2.846503463314,115.48655543774));
#4601 = CARTESIAN_POINT('',(2.846504988526,115.6143234799));
#4602 = CARTESIAN_POINT('',(2.846508993437,115.74208672696));
#4603 = CARTESIAN_POINT('',(2.846514227371,115.86988996894));
#4604 = CARTESIAN_POINT('',(2.846519285746,115.99775939879));
#4605 = CARTESIAN_POINT('',(2.846525419573,116.20036839501));
#4606 = CARTESIAN_POINT('',(2.84652728572,116.27517574575));
#4607 = CARTESIAN_POINT('',(2.846528527744,116.34998831444));
#4608 = CARTESIAN_POINT('',(2.846529007583,116.42479260054));
#4609 = CARTESIAN_POINT('',(2.846528675421,116.49958201013));
#4610 = CARTESIAN_POINT('',(2.846527569695,116.57435685593));
#4611 = CARTESIAN_POINT('',(2.846525817088,116.64912435728));
#4612 = CARTESIAN_POINT('',(2.846520441683,116.83311710969));
#4613 = CARTESIAN_POINT('',(2.846516099874,116.94236520571));
#4614 = CARTESIAN_POINT('',(2.84651168494,117.05162941413));
#4615 = CARTESIAN_POINT('',(2.846507988858,117.16089895678));
#4616 = CARTESIAN_POINT('',(2.846505517756,117.27016579135));
#4617 = CARTESIAN_POINT('',(2.846504491904,117.37942461145));
#4618 = CARTESIAN_POINT('',(2.846504845722,117.48867284657));
#4619 = CARTESIAN_POINT('',(2.84650747297,117.69633096553));
#4620 = CARTESIAN_POINT('',(2.846509620333,117.79476029279));
#4621 = CARTESIAN_POINT('',(2.846511982146,117.8931987535));
#4622 = CARTESIAN_POINT('',(2.846514055378,117.99164428665));
#4623 = CARTESIAN_POINT('',(2.846515521683,118.09009266066));
#4624 = CARTESIAN_POINT('',(2.8465162474,118.18853747337));
#4625 = CARTESIAN_POINT('',(2.846516283554,118.28697015202));
#4626 = CARTESIAN_POINT('',(2.846515379646,118.4999305216));
#4627 = CARTESIAN_POINT('',(2.846514400823,118.61456705741));
#4628 = CARTESIAN_POINT('',(2.84651350991,118.72918257632));
#4629 = CARTESIAN_POINT('',(2.846513609192,118.84376732813));
#4630 = CARTESIAN_POINT('',(2.846515642312,118.95833941077));
#4631 = CARTESIAN_POINT('',(2.846519240333,119.07292624976));
#4632 = CARTESIAN_POINT('',(2.846522519574,119.18755162347));
#4633 = CARTESIAN_POINT('',(2.84652576765,119.44673530157));
#4634 = CARTESIAN_POINT('',(2.846524892084,119.5914423894));
#4635 = CARTESIAN_POINT('',(2.846516491201,119.73606411009));
#4636 = CARTESIAN_POINT('',(2.846503983474,119.88064115422));
#4637 = CARTESIAN_POINT('',(2.846479325765,120.02522089132));
#4638 = CARTESIAN_POINT('',(2.846477231873,120.16985968819));
#4639 = CARTESIAN_POINT('',(2.846517286675,120.31456921014));
#4640 = CARTESIAN_POINT('',(2.846514758727,120.45908569805));
#4641 = ( GEOMETRIC_REPRESENTATION_CONTEXT(2) 
PARAMETRIC_REPRESENTATION_CONTEXT() REPRESENTATION_CONTEXT('2D SPACE',''
  ) );
#4642 = PCURVE('',#4643,#4648);
#4643 = CYLINDRICAL_SURFACE('',#4644,12.);
#4644 = AXIS2_PLACEMENT_3D('',#4645,#4646,#4647);
#4645 = CARTESIAN_POINT('',(0.,0.,0.));
#4646 = DIRECTION('',(0.,0.,1.));
#4647 = DIRECTION('',(1.,0.,0.));
#4648 = DEFINITIONAL_REPRESENTATION('',(#4649),#4715);
#4649 = B_SPLINE_CURVE_WITH_KNOTS('',8,(#4650,#4651,#4652,#4653,#4654,
    #4655,#4656,#4657,#4658,#4659,#4660,#4661,#4662,#4663,#4664,#4665,
    #4666,#4667,#4668,#4669,#4670,#4671,#4672,#4673,#4674,#4675,#4676,
    #4677,#4678,#4679,#4680,#4681,#4682,#4683,#4684,#4685,#4686,#4687,
    #4688,#4689,#4690,#4691,#4692,#4693,#4694,#4695,#4696,#4697,#4698,
    #4699,#4700,#4701,#4702,#4703,#4704,#4705,#4706,#4707,#4708,#4709,
    #4710,#4711,#4712,#4713,#4714),.UNSPECIFIED.,.F.,.F.,(9,7,7,7,7,7,7,
    7,7,9),(0.,0.129788494501,0.234765674623,0.33308512939,
    0.460463108033,0.534981988103,0.643827405533,0.741894168917,
    0.856045435708,1.),.UNSPECIFIED.);
#4650 = CARTESIAN_POINT('',(0.,71.621856623627));
#4651 = CARTESIAN_POINT('',(0.101856528566,71.702910910552));
#4652 = CARTESIAN_POINT('',(0.203794933514,71.784023503737));
#4653 = CARTESIAN_POINT('',(0.305699079054,71.865116920142));
#4654 = CARTESIAN_POINT('',(0.407576404393,71.946192043957));
#4655 = CARTESIAN_POINT('',(0.50945627484,72.027268503487));
#4656 = CARTESIAN_POINT('',(0.611368374207,72.108369311379));
#4657 = CARTESIAN_POINT('',(0.713331270418,72.189509369231));
#4658 = CARTESIAN_POINT('',(0.897654604344,72.336189095839));
#4659 = CARTESIAN_POINT('',(0.980078263744,72.40177926141));
#4660 = CARTESIAN_POINT('',(1.06250929778,72.467375231844));
#4661 = CARTESIAN_POINT('',(1.14494890942,72.532978213636));
#4662 = CARTESIAN_POINT('',(1.227394269027,72.598586073135));
#4663 = CARTESIAN_POINT('',(1.309838514352,72.664193336549));
#4664 = CARTESIAN_POINT('',(1.392270750543,72.72979118994));
#4665 = CARTESIAN_POINT('',(1.551855148644,72.856784874905));
#4666 = CARTESIAN_POINT('',(1.629052890345,72.918217027776));
#4667 = CARTESIAN_POINT('',(1.706253477239,72.979651239572));
#4668 = CARTESIAN_POINT('',(1.783447473888,73.04107994164));
#4669 = CARTESIAN_POINT('',(1.860631807415,73.102500694945));
#4670 = CARTESIAN_POINT('',(1.9378097675,73.16391619007));
#4671 = CARTESIAN_POINT('',(2.014991006386,73.225334247216));
#4672 = CARTESIAN_POINT('',(2.192208852871,73.366358207104));
#4673 = CARTESIAN_POINT('',(2.292273092434,73.445986153914));
#4674 = CARTESIAN_POINT('',(2.392285705413,73.525573519915));
#4675 = CARTESIAN_POINT('',(2.492261270062,73.60513213401));
#4676 = CARTESIAN_POINT('',(2.592233047438,73.68468840269));
#4677 = CARTESIAN_POINT('',(2.692236185716,73.764269892683));
#4678 = CARTESIAN_POINT('',(2.792291209109,73.843892551004));
#4679 = CARTESIAN_POINT('',(2.950828427121,73.970054095459));
#4680 = CARTESIAN_POINT('',(3.009363613572,74.016635393555));
#4681 = CARTESIAN_POINT('',(3.067902903522,74.063219779569));
#4682 = CARTESIAN_POINT('',(3.126435723482,74.109798811368));
#4683 = CARTESIAN_POINT('',(3.184956904183,74.156368370206));
#4684 = CARTESIAN_POINT('',(3.243466680576,74.202928660732));
#4685 = CARTESIAN_POINT('',(3.301970691831,74.24948421098));
#4686 = CARTESIAN_POINT('',(3.445941115939,74.364050876444));
#4687 = CARTESIAN_POINT('',(3.531425362292,74.432076031008));
#4688 = CARTESIAN_POINT('',(3.616922159159,74.500111199511));
#4689 = CARTESIAN_POINT('',(3.702423094551,74.568149875156));
#4690 = CARTESIAN_POINT('',(3.78792190572,74.636187180898));
#4691 = CARTESIAN_POINT('',(3.873414479166,74.704219869453));
#4692 = CARTESIAN_POINT('',(3.958898850632,74.772246323288));
#4693 = CARTESIAN_POINT('',(4.121387077786,74.901550934715));
#4694 = CARTESIAN_POINT('',(4.198406116775,74.962841166733));
#4695 = CARTESIAN_POINT('',(4.275432396018,75.024137141316));
#4696 = CARTESIAN_POINT('',(4.35246427891,75.085437445219));
#4697 = CARTESIAN_POINT('',(4.429498418295,75.146739361321));
#4698 = CARTESIAN_POINT('',(4.506529756465,75.208038868621));
#4699 = CARTESIAN_POINT('',(4.583551525161,75.269330642244));
#4700 = CARTESIAN_POINT('',(4.750188796521,75.40193593122));
#4701 = CARTESIAN_POINT('',(4.839889440681,75.473317211762));
#4702 = CARTESIAN_POINT('',(4.929573411004,75.54468542827));
#4703 = CARTESIAN_POINT('',(5.019233079976,75.616034742525));
#4704 = CARTESIAN_POINT('',(5.108882704294,75.687376667406));
#4705 = CARTESIAN_POINT('',(5.198543954174,75.758728184857));
#4706 = CARTESIAN_POINT('',(5.288235586482,75.83010361467));
#4707 = CARTESIAN_POINT('',(5.491041245642,75.991492166624));
#4708 = CARTESIAN_POINT('',(5.604271801775,76.081597714725));
#4709 = CARTESIAN_POINT('',(5.717436304373,76.171648163239));
#4710 = CARTESIAN_POINT('',(5.830565310352,76.261669732092));
#4711 = CARTESIAN_POINT('',(5.943697262088,76.351689840037));
#4712 = CARTESIAN_POINT('',(6.056872302969,76.441752550293));
#4713 = CARTESIAN_POINT('',(6.170104227056,76.531870184409));
#4714 = CARTESIAN_POINT('',(6.28318530718,76.621856623593));
#4715 = ( GEOMETRIC_REPRESENTATION_CONTEXT(2) 
PARAMETRIC_REPRESENTATION_CONTEXT() REPRESENTATION_CONTEXT('2D SPACE',''
  ) );
#4716 = ORIENTED_EDGE('',*,*,#4717,.T.);
#4717 = EDGE_CURVE('',#4504,#1446,#4718,.T.);
#4718 = SURFACE_CURVE('',#4719,(#4757,#4798),.PCURVE_S1.);
#4719 = B_SPLINE_CURVE_WITH_KNOTS('',8,(#4720,#4721,#4722,#4723,#4724,
    #4725,#4726,#4727,#4728,#4729,#4730,#4731,#4732,#4733,#4734,#4735,
    #4736,#4737,#4738,#4739,#4740,#4741,#4742,#4743,#4744,#4745,#4746,
    #4747,#4748,#4749,#4750,#4751,#4752,#4753,#4754,#4755,#4756),
  .UNSPECIFIED.,.F.,.F.,(9,7,7,7,7,9),(0.,0.183958032816,0.345437080974,
    0.551079971088,0.740219387341,1.),.UNSPECIFIED.);
#4720 = CARTESIAN_POINT('',(12.,0.,76.621856623593));
#4721 = CARTESIAN_POINT('',(12.000041102294,1.727505222247,
    76.736422374048));
#4722 = CARTESIAN_POINT('',(11.715612824086,3.460401814905,
    76.851292306661));
#4723 = CARTESIAN_POINT('',(11.144589306575,5.13523286731,
    76.966041229794));
#4724 = CARTESIAN_POINT('',(10.302607157846,6.698492788248,
    77.080623570545));
#4725 = CARTESIAN_POINT('',(9.215438869545,8.10242244227,77.195201040575
    ));
#4726 = CARTESIAN_POINT('',(7.916231871417,9.303998108281,77.30994873194
    ));
#4727 = CARTESIAN_POINT('',(6.447613223692,10.26711426042,
    77.424839642907));
#4728 = CARTESIAN_POINT('',(3.482674917591,11.583224679483,
    77.639971808458));
#4729 = CARTESIAN_POINT('',(2.004659432153,11.999582267922,
    77.740742688368));
#4730 = CARTESIAN_POINT('',(0.472619469031,12.198804244581,
    77.841434106447));
#4731 = CARTESIAN_POINT('',(-1.076109599029,12.174257202257,
    77.942015157104));
#4732 = CARTESIAN_POINT('',(-2.604761167267,11.926590503099,
    78.042576130105));
#4733 = CARTESIAN_POINT('',(-4.077283018975,11.462089195827,
    78.143211576346));
#4734 = CARTESIAN_POINT('',(-5.458730402898,10.793692365575,
    78.243920505528));
#4735 = CARTESIAN_POINT('',(-8.316955515056,8.863518307991,
    78.472634834414));
#4736 = CARTESIAN_POINT('',(-9.726347319193,7.482418798029,
    78.601352482803));
#4737 = CARTESIAN_POINT('',(-10.86599942203,5.848883918801,
    78.729666901405));
#4738 = CARTESIAN_POINT('',(-11.68829789353,4.026580612614,
    78.85784960384));
#4739 = CARTESIAN_POINT('',(-12.16283411954,2.084462500019,
    78.986031549787));
#4740 = CARTESIAN_POINT('',(-12.27109114009,9.558396578124E-02,
    79.114345424741));
#4741 = CARTESIAN_POINT('',(-12.01132248824,-1.860565756594,
    79.243064783452));
#4742 = CARTESIAN_POINT('',(-10.86830174328,-5.388731771102,
    79.489012339782));
#4743 = CARTESIAN_POINT('',(-10.03251657319,-6.992104660297,
    79.607198718019));
#4744 = CARTESIAN_POINT('',(-8.927700829602,-8.441530400449,
    79.725224927101));
#4745 = CARTESIAN_POINT('',(-7.58856545678,-9.687245751322,
    79.843054473517));
#4746 = CARTESIAN_POINT('',(-6.058450882402,-10.68919011547,
    79.960885717059));
#4747 = CARTESIAN_POINT('',(-4.386620101015,-11.4148445498,
    80.078915992452));
#4748 = CARTESIAN_POINT('',(-2.629736341272,-11.84240949378,
    80.197105527326));
#4749 = CARTESIAN_POINT('',(1.576577581226,-12.14373703302,
    80.476775231946));
#4750 = CARTESIAN_POINT('',(4.079599571838,-11.75416734886,
    80.640454124158));
#4751 = CARTESIAN_POINT('',(6.447087824621,-10.7647090409,
    80.802717599225));
#4752 = CARTESIAN_POINT('',(8.535538907332,-9.252491637624,
    80.964835013023));
#4753 = CARTESIAN_POINT('',(10.212075042985,-7.291926422663,
    81.126941022852));
#4754 = CARTESIAN_POINT('',(11.388323937866,-5.010727855687,
    81.289233642828));
#4755 = CARTESIAN_POINT('',(11.977786384454,-2.54723612451,
    81.452923975971));
#4756 = CARTESIAN_POINT('',(11.999522219177,-0.107081798042,
    81.614755472304));
#4757 = PCURVE('',#1072,#4758);
#4758 = DEFINITIONAL_REPRESENTATION('',(#4759),#4797);
#4759 = B_SPLINE_CURVE_WITH_KNOTS('',8,(#4760,#4761,#4762,#4763,#4764,
    #4765,#4766,#4767,#4768,#4769,#4770,#4771,#4772,#4773,#4774,#4775,
    #4776,#4777,#4778,#4779,#4780,#4781,#4782,#4783,#4784,#4785,#4786,
    #4787,#4788,#4789,#4790,#4791,#4792,#4793,#4794,#4795,#4796),
  .UNSPECIFIED.,.F.,.F.,(9,7,7,7,7,9),(0.,0.183958032816,0.345437080974,
    0.551079971088,0.740219387341,1.),.UNSPECIFIED.);
#4760 = CARTESIAN_POINT('',(2.846514758727,120.45908569805));
#4761 = CARTESIAN_POINT('',(2.846508322835,120.64307742081));
#4762 = CARTESIAN_POINT('',(2.846462928342,120.82757380859));
#4763 = CARTESIAN_POINT('',(2.846489957595,121.01184582153));
#4764 = CARTESIAN_POINT('',(2.846533720151,121.19584336826));
#4765 = CARTESIAN_POINT('',(2.846538659488,121.37984919448));
#4766 = CARTESIAN_POINT('',(2.846517935514,121.56413903462));
#4767 = CARTESIAN_POINT('',(2.84652338286,121.7486480266));
#4768 = CARTESIAN_POINT('',(2.846513905058,122.09414756468));
#4769 = CARTESIAN_POINT('',(2.84651243327,122.25598309296));
#4770 = CARTESIAN_POINT('',(2.846515301225,122.41768920812));
#4771 = CARTESIAN_POINT('',(2.846518401942,122.57921798008));
#4772 = CARTESIAN_POINT('',(2.846518009327,122.74071595678));
#4773 = CARTESIAN_POINT('',(2.846514152705,122.90233497188));
#4774 = CARTESIAN_POINT('',(2.846510006388,123.06407211846));
#4775 = CARTESIAN_POINT('',(2.84650383468,123.43138281979));
#4776 = CARTESIAN_POINT('',(2.84650270238,123.6380998535));
#4777 = CARTESIAN_POINT('',(2.846507610828,123.84416680727));
#4778 = CARTESIAN_POINT('',(2.84652143721,124.05001853028));
#4779 = CARTESIAN_POINT('',(2.846532961991,124.25586999298));
#4780 = CARTESIAN_POINT('',(2.84653268303,124.46193822512));
#4781 = CARTESIAN_POINT('',(2.846526954826,124.66865991168));
#4782 = CARTESIAN_POINT('',(2.846513195591,125.06364979041));
#4783 = CARTESIAN_POINT('',(2.846504936448,125.25345688564));
#4784 = CARTESIAN_POINT('',(2.846500205098,125.44300529103));
#4785 = CARTESIAN_POINT('',(2.846502490836,125.63223495195));
#4786 = CARTESIAN_POINT('',(2.846509939931,125.82146519694));
#4787 = CARTESIAN_POINT('',(2.846516302208,126.01101553168));
#4788 = CARTESIAN_POINT('',(2.846516377453,126.20082423973));
#4789 = CARTESIAN_POINT('',(2.846515386492,126.64996555054));
#4790 = CARTESIAN_POINT('',(2.846508844899,126.91283150451));
#4791 = CARTESIAN_POINT('',(2.846519858067,127.17341706154));
#4792 = CARTESIAN_POINT('',(2.846503648393,127.43377933925));
#4793 = CARTESIAN_POINT('',(2.846634869778,127.69406215627));
#4794 = CARTESIAN_POINT('',(2.846386708136,127.95480201047));
#4795 = CARTESIAN_POINT('',(2.84651498136,128.2176304245));
#4796 = CARTESIAN_POINT('',(2.846514860689,128.47752685476));
#4797 = ( GEOMETRIC_REPRESENTATION_CONTEXT(2) 
PARAMETRIC_REPRESENTATION_CONTEXT() REPRESENTATION_CONTEXT('2D SPACE',''
  ) );
#4798 = PCURVE('',#1462,#4799);
#4799 = DEFINITIONAL_REPRESENTATION('',(#4800),#4838);
#4800 = B_SPLINE_CURVE_WITH_KNOTS('',8,(#4801,#4802,#4803,#4804,#4805,
    #4806,#4807,#4808,#4809,#4810,#4811,#4812,#4813,#4814,#4815,#4816,
    #4817,#4818,#4819,#4820,#4821,#4822,#4823,#4824,#4825,#4826,#4827,
    #4828,#4829,#4830,#4831,#4832,#4833,#4834,#4835,#4836,#4837),
  .UNSPECIFIED.,.F.,.F.,(9,7,7,7,7,9),(0.,0.183958032816,0.345437080974,
    0.551079971088,0.740219387341,1.),.UNSPECIFIED.);
#4801 = CARTESIAN_POINT('',(0.,76.621856623593));
#4802 = CARTESIAN_POINT('',(0.143969805827,76.736422374048));
#4803 = CARTESIAN_POINT('',(0.288332587429,76.851292306661));
#4804 = CARTESIAN_POINT('',(0.432521640814,76.966041229794));
#4805 = CARTESIAN_POINT('',(0.576497476139,77.080623570545));
#4806 = CARTESIAN_POINT('',(0.720479683623,77.195201040575));
#4807 = CARTESIAN_POINT('',(0.864682808044,77.30994873194));
#4808 = CARTESIAN_POINT('',(1.009056231821,77.424839642907));
#4809 = CARTESIAN_POINT('',(1.27940103166,77.639971808458));
#4810 = CARTESIAN_POINT('',(1.406033160953,77.740742688368));
#4811 = CARTESIAN_POINT('',(1.53256445525,77.841434106447));
#4812 = CARTESIAN_POINT('',(1.65895760086,77.942015157104));
#4813 = CARTESIAN_POINT('',(1.785327090446,78.042576130105));
#4814 = CARTESIAN_POINT('',(1.911791317641,78.143211576346));
#4815 = CARTESIAN_POINT('',(2.03834764555,78.243920505528));
#4816 = CARTESIAN_POINT('',(2.325760987447,78.472634834414));
#4817 = CARTESIAN_POINT('',(2.487512584792,78.601352482803));
#4818 = CARTESIAN_POINT('',(2.64875492934,78.729666901405));
#4819 = CARTESIAN_POINT('',(2.809829094966,78.85784960384));
#4820 = CARTESIAN_POINT('',(2.970903666016,78.986031549787));
#4821 = CARTESIAN_POINT('',(3.132148099151,79.114345424741));
#4822 = CARTESIAN_POINT('',(3.293903502628,79.243064783452));
#4823 = CARTESIAN_POINT('',(3.602974490046,79.489012339782));
#4824 = CARTESIAN_POINT('',(3.751494303079,79.607198718019));
#4825 = CARTESIAN_POINT('',(3.899811382662,79.725224927101));
#4826 = CARTESIAN_POINT('',(4.047879325681,79.843054473517));
#4827 = CARTESIAN_POINT('',(4.195948410316,79.960885717059));
#4828 = CARTESIAN_POINT('',(4.344268459059,80.078915992452));
#4829 = CARTESIAN_POINT('',(4.492790550117,80.197105527326));
#4830 = CARTESIAN_POINT('',(4.844234919534,80.476775231946));
#4831 = CARTESIAN_POINT('',(5.049920970229,80.640454124158));
#4832 = CARTESIAN_POINT('',(5.253823843044,80.802717599225));
#4833 = CARTESIAN_POINT('',(5.457543503704,80.964835013023));
#4834 = CARTESIAN_POINT('',(5.661219384779,81.126941022852));
#4835 = CARTESIAN_POINT('',(5.86524333412,81.289233642828));
#4836 = CARTESIAN_POINT('',(6.070898045637,81.452923975971));
#4837 = CARTESIAN_POINT('',(6.274261705578,81.614755472304));
#4838 = ( GEOMETRIC_REPRESENTATION_CONTEXT(2) 
PARAMETRIC_REPRESENTATION_CONTEXT() REPRESENTATION_CONTEXT('2D SPACE',''
  ) );
#4839 = ORIENTED_EDGE('',*,*,#1474,.T.);
#4840 = ORIENTED_EDGE('',*,*,#1024,.T.);
#4841 = ADVANCED_FACE('',(#4842),#668,.F.);
#4842 = FACE_BOUND('',#4843,.F.);
#4843 = EDGE_LOOP('',(#4844,#5352,#5437,#5456,#5457,#5458));
#4844 = ORIENTED_EDGE('',*,*,#4845,.F.);
#4845 = EDGE_CURVE('',#4846,#4848,#4850,.T.);
#4846 = VERTEX_POINT('',#4847);
#4847 = CARTESIAN_POINT('',(4.099174210046,8.29232329677,
    -1.387778780781E-16));
#4848 = VERTEX_POINT('',#4849);
#4849 = CARTESIAN_POINT('',(9.249999999824,5.833279497916E-02,
    79.120362175187));
#4850 = SURFACE_CURVE('',#4851,(#5014,#5020),.PCURVE_S1.);
#4851 = B_SPLINE_CURVE_WITH_KNOTS('',11,(#4852,#4853,#4854,#4855,#4856,
    #4857,#4858,#4859,#4860,#4861,#4862,#4863,#4864,#4865,#4866,#4867,
    #4868,#4869,#4870,#4871,#4872,#4873,#4874,#4875,#4876,#4877,#4878,
    #4879,#4880,#4881,#4882,#4883,#4884,#4885,#4886,#4887,#4888,#4889,
    #4890,#4891,#4892,#4893,#4894,#4895,#4896,#4897,#4898,#4899,#4900,
    #4901,#4902,#4903,#4904,#4905,#4906,#4907,#4908,#4909,#4910,#4911,
    #4912,#4913,#4914,#4915,#4916,#4917,#4918,#4919,#4920,#4921,#4922,
    #4923,#4924,#4925,#4926,#4927,#4928,#4929,#4930,#4931,#4932,#4933,
    #4934,#4935,#4936,#4937,#4938,#4939,#4940,#4941,#4942,#4943,#4944,
    #4945,#4946,#4947,#4948,#4949,#4950,#4951,#4952,#4953,#4954,#4955,
    #4956,#4957,#4958,#4959,#4960,#4961,#4962,#4963,#4964,#4965,#4966,
    #4967,#4968,#4969,#4970,#4971,#4972,#4973,#4974,#4975,#4976,#4977,
    #4978,#4979,#4980,#4981,#4982,#4983,#4984,#4985,#4986,#4987,#4988,
    #4989,#4990,#4991,#4992,#4993,#4994,#4995,#4996,#4997,#4998,#4999,
    #5000,#5001,#5002,#5003,#5004,#5005,#5006,#5007,#5008,#5009,#5010,
    #5011,#5012,#5013),.UNSPECIFIED.,.F.,.F.,(12,10,10,10,10,10,10,10,10
    ,10,10,10,10,10,10,10,12),(0.,8.029845428422,16.059690856845,
    24.089536285267,32.11938171369,40.149227142112,48.179072570535,
    56.208917998957,64.23876342738,72.268608855802,80.298454284225,
    88.328299712647,96.35814514107,104.38799056949,112.41783599791,
    120.44768142633,128.47752685476),.UNSPECIFIED.);
#4852 = CARTESIAN_POINT('',(9.25,5.833279501646E-02,-0.87963782536));
#4853 = CARTESIAN_POINT('',(9.216680384133,5.34192040723,-0.425092368989
    ));
#4854 = CARTESIAN_POINT('',(5.864299539596,10.604457694283,
    2.945307867926E-02));
#4855 = CARTESIAN_POINT('',(-0.79942122595,13.529622562306,
    0.483998550971));
#4856 = CARTESIAN_POINT('',(-8.906753692033,11.803481434584,
    0.938543972423));
#4857 = CARTESIAN_POINT('',(-14.91573513587,4.796865376652,
    1.393089473674));
#4858 = CARTESIAN_POINT('',(-14.85405067679,-4.984601032008,
    1.847634876443));
#4859 = CARTESIAN_POINT('',(-8.757179930103,-11.91487458269,
    2.302180376708));
#4860 = CARTESIAN_POINT('',(-0.628722078323,-13.5386287883,
    2.756725799765));
#4861 = CARTESIAN_POINT('',(5.997576476687,-10.52965376104,
    3.211271270365));
#4862 = CARTESIAN_POINT('',(9.283319615496,-5.225254817285,3.66581671938
    ));
#4863 = CARTESIAN_POINT('',(9.216680384318,5.341920407279,4.574907630454
    ));
#4864 = CARTESIAN_POINT('',(5.864299539305,10.604457694181,
    5.029453079569));
#4865 = CARTESIAN_POINT('',(-0.799421225585,13.529622562481,
    5.48399854983));
#4866 = CARTESIAN_POINT('',(-8.906753692403,11.803481434352,
    5.938543973599));
#4867 = CARTESIAN_POINT('',(-14.91573513557,4.796865376887,
    6.393089472706));
#4868 = CARTESIAN_POINT('',(-14.85405067699,-4.984601032186,
    6.847634877078));
#4869 = CARTESIAN_POINT('',(-8.757179929983,-11.91487458259,
    7.302180376372));
#4870 = CARTESIAN_POINT('',(-0.628722078382,-13.53862878834,
    7.756725799915));
#4871 = CARTESIAN_POINT('',(5.997576476712,-10.52965376103,
    8.211271270306));
#4872 = CARTESIAN_POINT('',(9.283319615489,-5.225254817285,
    8.665816719399));
#4873 = CARTESIAN_POINT('',(9.216680384327,5.341920407278,9.574907630426
    ));
#4874 = CARTESIAN_POINT('',(5.864299539232,10.604457694183,
    10.029453079785));
#4875 = CARTESIAN_POINT('',(-0.799421225321,13.529622562501,
    10.483998549051));
#4876 = CARTESIAN_POINT('',(-8.906753693006,11.803481434259,
    10.938543975414));
#4877 = CARTESIAN_POINT('',(-14.91573513461,4.796865377091,
    11.39308946974));
#4878 = CARTESIAN_POINT('',(-14.85405067807,-4.984601032466,
    11.847634880554));
#4879 = CARTESIAN_POINT('',(-8.757179929102,-11.91487458233,
    12.30218037347));
#4880 = CARTESIAN_POINT('',(-0.628722078892,-13.53862878851,
    12.756725801599));
#4881 = CARTESIAN_POINT('',(5.997576476904,-10.52965376096,
    13.211271269677));
#4882 = CARTESIAN_POINT('',(9.283319615455,-5.225254817298,
    13.665816719509));
#4883 = CARTESIAN_POINT('',(9.216680384347,5.341920407286,
    14.574907630361));
#4884 = CARTESIAN_POINT('',(5.86429953921,10.604457694168,15.02945307988
    ));
#4885 = CARTESIAN_POINT('',(-0.799421225376,13.529622562495,
    15.483998549121));
#4886 = CARTESIAN_POINT('',(-8.906753692727,11.803481434347,
    15.938543974737));
#4887 = CARTESIAN_POINT('',(-14.91573513519,4.796865376877,
    16.39308947139));
#4888 = CARTESIAN_POINT('',(-14.85405067732,-4.984601032167,
    16.847634878204));
#4889 = CARTESIAN_POINT('',(-8.75717992976,-11.9148745826,
    17.302180375619));
#4890 = CARTESIAN_POINT('',(-0.628722078508,-13.53862878834,
    17.756725800342));
#4891 = CARTESIAN_POINT('',(5.997576476778,-10.52965376102,
    18.21127127008));
#4892 = CARTESIAN_POINT('',(9.283319615453,-5.225254817292,
    18.665816719515));
#4893 = CARTESIAN_POINT('',(9.216680384398,5.341920407292,
    19.574907630204));
#4894 = CARTESIAN_POINT('',(5.864299538821,10.604457694101,
    20.029453081078));
#4895 = CARTESIAN_POINT('',(-0.79942122424,13.529622562709,
    20.483998545629));
#4896 = CARTESIAN_POINT('',(-8.906753694834,11.803481433917,
    20.938543981214));
#4897 = CARTESIAN_POINT('',(-14.91573513246,4.796865377486,
    21.393089462946));
#4898 = CARTESIAN_POINT('',(-14.85405067987,-4.98460103279,
    21.847634886139));
#4899 = CARTESIAN_POINT('',(-8.757179928069,-11.91487458214,
    22.302180370323));
#4900 = CARTESIAN_POINT('',(-0.628722079256,-13.53862878857,
    22.756725802682));
#4901 = CARTESIAN_POINT('',(5.997576476939,-10.52965376096,
    23.211271269584));
#4902 = CARTESIAN_POINT('',(9.283319615495,-5.225254817289,
    23.665816719381));
#4903 = CARTESIAN_POINT('',(9.216680384251,5.341920407266,
    24.574907630662));
#4904 = CARTESIAN_POINT('',(5.864299539766,10.604457694274,
    25.029453078101));
#4905 = CARTESIAN_POINT('',(-0.799421226773,13.529622562249,
    25.483998553665));
#4906 = CARTESIAN_POINT('',(-8.906753690511,11.803481434705,
    25.938543967463));
#4907 = CARTESIAN_POINT('',(-14.91573513761,4.796865376527,
    26.393089479227));
#4908 = CARTESIAN_POINT('',(-14.85405067549,-4.984601031944,
    26.847634872476));
#4909 = CARTESIAN_POINT('',(-8.757179930709,-11.91487458268,
    27.302180378432));
#4910 = CARTESIAN_POINT('',(-0.628722078179,-13.53862878833,
    27.756725799397));
#4911 = CARTESIAN_POINT('',(5.997576476673,-10.52965376102,28.2112712704
    ));
#4912 = CARTESIAN_POINT('',(9.283319615519,-5.225254817282,
    28.665816719306));
#4913 = CARTESIAN_POINT('',(9.216680384243,5.341920407264,
    29.574907630689));
#4914 = CARTESIAN_POINT('',(5.864299539786,10.604457694278,
    30.029453078069));
#4915 = CARTESIAN_POINT('',(-0.799421226877,13.529622562219,
    30.483998553835));
#4916 = CARTESIAN_POINT('',(-8.906753690198,11.803481434811,
    30.93854396679));
#4917 = CARTESIAN_POINT('',(-14.91573513817,4.796865376322,
    31.393089480731));
#4918 = CARTESIAN_POINT('',(-14.85405067482,-4.984601031683,
    31.847634870404));
#4919 = CARTESIAN_POINT('',(-8.757179931236,-11.91487458291,
    32.302180380178));
#4920 = CARTESIAN_POINT('',(-0.62872207794,-13.5386287882,
    32.756725798598));
#4921 = CARTESIAN_POINT('',(5.99757647667,-10.52965376105,33.21127127041
    ));
#4922 = CARTESIAN_POINT('',(9.283319615437,-5.225254817294,
    33.665816719567));
#4923 = CARTESIAN_POINT('',(9.216680384455,5.341920407305,
    34.574907630028));
#4924 = CARTESIAN_POINT('',(5.864299538522,10.604457694039,
    35.029453082037));
#4925 = CARTESIAN_POINT('',(-0.799421223646,13.529622562814,
    35.483998543656));
#4926 = CARTESIAN_POINT('',(-8.9067536954,11.803481433866,
    35.938543983155));
#4927 = CARTESIAN_POINT('',(-14.91573513247,4.796865377354,
    36.393089463032));
#4928 = CARTESIAN_POINT('',(-14.8540506791,-4.984601032461,
    36.847634883219));
#4929 = CARTESIAN_POINT('',(-8.757179929196,-11.91487458253,
    37.302180374444));
#4930 = CARTESIAN_POINT('',(-0.628722078376,-13.5386287883,
    37.756725799599));
#4931 = CARTESIAN_POINT('',(5.997576476548,-10.52965376107,
    38.211271270898));
#4932 = CARTESIAN_POINT('',(9.283319615562,-5.225254817271,
    38.665816719166));
#4933 = CARTESIAN_POINT('',(9.216680384238,5.341920407262,
    39.574907630705));
#4934 = CARTESIAN_POINT('',(5.864299539716,10.604457694266,
    40.029453078292));
#4935 = CARTESIAN_POINT('',(-0.79942122668,13.529622562251,
    40.483998553248));
#4936 = CARTESIAN_POINT('',(-8.906753690454,11.80348143477,
    40.938543967486));
#4937 = CARTESIAN_POINT('',(-14.91573513805,4.796865376338,
    41.393089480534));
#4938 = CARTESIAN_POINT('',(-14.85405067468,-4.984601031652,
    41.847634869718));
#4939 = CARTESIAN_POINT('',(-8.757179931582,-11.91487458297,
    42.302180381478));
#4940 = CARTESIAN_POINT('',(-0.628722077575,-13.53862878814,
    42.756725797328));
#4941 = CARTESIAN_POINT('',(5.997576476421,-10.5296537611,
    43.211271271235));
#4942 = CARTESIAN_POINT('',(9.283319615559,-5.22525481727,
    43.665816719178));
#4943 = CARTESIAN_POINT('',(9.216680384238,5.34192040726,44.574907630705
    ));
#4944 = CARTESIAN_POINT('',(5.864299539644,10.604457694257,
    45.029453078456));
#4945 = CARTESIAN_POINT('',(-0.799421226247,13.529622562343,
    45.483998552147));
#4946 = CARTESIAN_POINT('',(-8.906753691713,11.803481434469,
    45.938543970994));
#4947 = CARTESIAN_POINT('',(-14.91573513578,4.796865376913,
    46.393089473596));
#4948 = CARTESIAN_POINT('',(-14.85405067745,-4.984601032392,
    46.847634878905));
#4949 = CARTESIAN_POINT('',(-8.75717992917,-11.9148745823,
    47.302180373241));
#4950 = CARTESIAN_POINT('',(-0.628722079032,-13.53862878856,
    47.756725802272));
#4951 = CARTESIAN_POINT('',(5.997576476974,-10.52965376094,
    48.211271269408));
#4952 = CARTESIAN_POINT('',(9.28331961548,-5.225254817294,
    48.665816719432));
#4953 = CARTESIAN_POINT('',(9.216680384242,5.341920407264,
    49.574907630691));
#4954 = CARTESIAN_POINT('',(5.86429953982,10.604457694285,
    50.029453077892));
#4955 = CARTESIAN_POINT('',(-0.79942122675,13.529622562256,
    50.483998553778));
#4956 = CARTESIAN_POINT('',(-8.906753690949,11.803481434607,
    50.93854396851));
#4957 = CARTESIAN_POINT('',(-14.91573513648,4.79686537678,
    51.393089475799));
#4958 = CARTESIAN_POINT('',(-14.85405067714,-4.984601032322,
    51.84763487804));
#4959 = CARTESIAN_POINT('',(-8.757179929101,-11.9148745823,
    52.302180372856));
#4960 = CARTESIAN_POINT('',(-0.628722079242,-13.53862878859,
    52.756725803029));
#4961 = CARTESIAN_POINT('',(5.997576477121,-10.52965376091,
    53.211271268921));
#4962 = CARTESIAN_POINT('',(9.283319615428,-5.225254817304,
    53.665816719596));
#4963 = CARTESIAN_POINT('',(9.21668038431,5.341920407278,54.574907630479
    ));
#4964 = CARTESIAN_POINT('',(5.864299539535,10.604457694231,
    55.029453078811));
#4965 = CARTESIAN_POINT('',(-0.799421226223,13.529622562339,
    55.483998552006));
#4966 = CARTESIAN_POINT('',(-8.906753691393,11.803481434583,
    55.938543970082));
#4967 = CARTESIAN_POINT('',(-14.91573513662,4.796865376632,
    56.39308947632));
#4968 = CARTESIAN_POINT('',(-14.85405067624,-4.984601031991,
    56.847634874737));
#4969 = CARTESIAN_POINT('',(-8.757179930322,-11.91487458268,
    57.302180377275));
#4970 = CARTESIAN_POINT('',(-0.628722078287,-13.53862878831,
    57.756725799705));
#4971 = CARTESIAN_POINT('',(5.997576476668,-10.52965376104,
    58.211271270431));
#4972 = CARTESIAN_POINT('',(9.283319615538,-5.225254817276,
    58.665816719244));
#4973 = CARTESIAN_POINT('',(9.216680384206,5.341920407253,
    59.574907630803));
#4974 = CARTESIAN_POINT('',(5.864299539868,10.604457694301,
    60.029453077764));
#4975 = CARTESIAN_POINT('',(-0.799421226679,13.529622562274,
    60.483998553452));
#4976 = CARTESIAN_POINT('',(-8.906753691413,11.803481434473,
    60.938543970217));
#4977 = CARTESIAN_POINT('',(-14.91573513541,4.796865377086,
    61.39308947209));
#4978 = CARTESIAN_POINT('',(-14.85405067863,-4.984601032742,
    61.847634883109));
#4979 = CARTESIAN_POINT('',(-8.75717992768,-11.91487458192,
    62.302180368109));
#4980 = CARTESIAN_POINT('',(-0.628722080172,-13.53862878883,
    62.756725806108));
#4981 = CARTESIAN_POINT('',(5.997576477525,-10.52965376082,
    63.211271267589));
#4982 = CARTESIAN_POINT('',(9.283319615325,-5.225254817324,
    63.665816719927));
#4983 = CARTESIAN_POINT('',(9.216680384422,5.341920407297,
    64.574907630119));
#4984 = CARTESIAN_POINT('',(5.864299538962,10.604457694141,
    65.029453080631));
#4985 = CARTESIAN_POINT('',(-0.799421224626,13.529622562595,
    65.483998546907));
#4986 = CARTESIAN_POINT('',(-8.906753694417,11.803481434065,
    65.938543979811));
#4987 = CARTESIAN_POINT('',(-14.91573513248,4.796865377402,
    66.393089462876));
#4988 = CARTESIAN_POINT('',(-14.85405068046,-4.984601032836,
    66.84763488849));
#4989 = CARTESIAN_POINT('',(-8.757179927143,-11.91487458201,
    67.30218036684));
#4990 = CARTESIAN_POINT('',(-0.628722080039,-13.5386287887,
    67.756725805482));
#4991 = CARTESIAN_POINT('',(5.997576477346,-10.52965376088,
    68.211271268197));
#4992 = CARTESIAN_POINT('',(9.283319615372,-5.225254817311,
    68.665816719782));
#4993 = CARTESIAN_POINT('',(9.216680384405,5.341920407293,
    69.574907630174));
#4994 = CARTESIAN_POINT('',(5.864299538923,10.604457694123,
    70.029453080759));
#4995 = CARTESIAN_POINT('',(-0.799421224382,13.529622562684,
    70.483998546108));
#4996 = CARTESIAN_POINT('',(-8.906753695035,11.803481433858,
    70.938543981833));
#4997 = CARTESIAN_POINT('',(-14.91573513148,4.796865377713,
    71.393089459667));
#4998 = CARTESIAN_POINT('',(-14.85405068156,-4.984601033158,
    71.847634891948));
#4999 = CARTESIAN_POINT('',(-8.757179926323,-11.91487458178,
    72.302180364317));
#5000 = CARTESIAN_POINT('',(-0.628722080398,-13.5386287888,
    72.756725806575));
#5001 = CARTESIAN_POINT('',(5.997576477366,-10.52965376087,
    73.211271268139));
#5002 = CARTESIAN_POINT('',(9.283319615465,-5.225254817296,
    73.665816719492));
#5003 = CARTESIAN_POINT('',(9.216680384164,5.341920407251,
    74.574907630923));
#5004 = CARTESIAN_POINT('',(5.864299540477,10.604457694394,
    75.029453075881));
#5005 = CARTESIAN_POINT('',(-0.799421228692,13.529622561924,
    75.483998559761));
#5006 = CARTESIAN_POINT('',(-8.906753687323,11.803481435255,
    75.93854395731));
#5007 = CARTESIAN_POINT('',(-14.91573514125,4.796865375883,
    76.393089490543));
#5008 = CARTESIAN_POINT('',(-14.85405067255,-4.984601031412,
    76.847634863865));
#5009 = CARTESIAN_POINT('',(-8.757179932352,-11.91487458299,
    77.30218038294));
#5010 = CARTESIAN_POINT('',(-0.628722077548,-13.53862878821,
    77.756725797724));
#5011 = CARTESIAN_POINT('',(5.997576476474,-10.52965376107,
    78.211271270977));
#5012 = CARTESIAN_POINT('',(9.283319615612,-5.225254817262,
    78.665816718995));
#5013 = CARTESIAN_POINT('',(9.249999999824,5.833279497914E-02,
    79.120362175187));
#5014 = PCURVE('',#668,#5015);
#5015 = DEFINITIONAL_REPRESENTATION('',(#5016),#5019);
#5016 = B_SPLINE_CURVE_WITH_KNOTS('',1,(#5017,#5018),.UNSPECIFIED.,.F.,
  .F.,(2,2),(0.,128.47752685476),.PIECEWISE_BEZIER_KNOTS.);
#5017 = CARTESIAN_POINT('',(0.,0.));
#5018 = CARTESIAN_POINT('',(0.,128.47752685476));
#5019 = ( GEOMETRIC_REPRESENTATION_CONTEXT(2) 
PARAMETRIC_REPRESENTATION_CONTEXT() REPRESENTATION_CONTEXT('2D SPACE',''
  ) );
#5020 = PCURVE('',#5021,#5346);
#5021 = B_SPLINE_SURFACE_WITH_KNOTS('',1,11,(
    (#5022,#5023,#5024,#5025,#5026,#5027,#5028,#5029,#5030,#5031,#5032
      ,#5033,#5034,#5035,#5036,#5037,#5038,#5039,#5040,#5041,#5042,#5043
      ,#5044,#5045,#5046,#5047,#5048,#5049,#5050,#5051,#5052,#5053,#5054
      ,#5055,#5056,#5057,#5058,#5059,#5060,#5061,#5062,#5063,#5064,#5065
      ,#5066,#5067,#5068,#5069,#5070,#5071,#5072,#5073,#5074,#5075,#5076
      ,#5077,#5078,#5079,#5080,#5081,#5082,#5083,#5084,#5085,#5086,#5087
      ,#5088,#5089,#5090,#5091,#5092,#5093,#5094,#5095,#5096,#5097,#5098
      ,#5099,#5100,#5101,#5102,#5103,#5104,#5105,#5106,#5107,#5108,#5109
      ,#5110,#5111,#5112,#5113,#5114,#5115,#5116,#5117,#5118,#5119,#5120
      ,#5121,#5122,#5123,#5124,#5125,#5126,#5127,#5128,#5129,#5130,#5131
      ,#5132,#5133,#5134,#5135,#5136,#5137,#5138,#5139,#5140,#5141,#5142
      ,#5143,#5144,#5145,#5146,#5147,#5148,#5149,#5150,#5151,#5152,#5153
      ,#5154,#5155,#5156,#5157,#5158,#5159,#5160,#5161,#5162,#5163,#5164
      ,#5165,#5166,#5167,#5168,#5169,#5170,#5171,#5172,#5173,#5174,#5175
      ,#5176,#5177,#5178,#5179,#5180,#5181,#5182,#5183)
    ,(#5184,#5185,#5186,#5187,#5188,#5189,#5190,#5191,#5192,#5193,#5194
      ,#5195,#5196,#5197,#5198,#5199,#5200,#5201,#5202,#5203,#5204,#5205
      ,#5206,#5207,#5208,#5209,#5210,#5211,#5212,#5213,#5214,#5215,#5216
      ,#5217,#5218,#5219,#5220,#5221,#5222,#5223,#5224,#5225,#5226,#5227
      ,#5228,#5229,#5230,#5231,#5232,#5233,#5234,#5235,#5236,#5237,#5238
      ,#5239,#5240,#5241,#5242,#5243,#5244,#5245,#5246,#5247,#5248,#5249
      ,#5250,#5251,#5252,#5253,#5254,#5255,#5256,#5257,#5258,#5259,#5260
      ,#5261,#5262,#5263,#5264,#5265,#5266,#5267,#5268,#5269,#5270,#5271
      ,#5272,#5273,#5274,#5275,#5276,#5277,#5278,#5279,#5280,#5281,#5282
      ,#5283,#5284,#5285,#5286,#5287,#5288,#5289,#5290,#5291,#5292,#5293
      ,#5294,#5295,#5296,#5297,#5298,#5299,#5300,#5301,#5302,#5303,#5304
      ,#5305,#5306,#5307,#5308,#5309,#5310,#5311,#5312,#5313,#5314,#5315
      ,#5316,#5317,#5318,#5319,#5320,#5321,#5322,#5323,#5324,#5325,#5326
      ,#5327,#5328,#5329,#5330,#5331,#5332,#5333,#5334,#5335,#5336,#5337
      ,#5338,#5339,#5340,#5341,#5342,#5343,#5344,#5345
  )),.UNSPECIFIED.,.F.,.F.,.F.,(2,2),(12,10,10,10,10,10,10,10,10,10,10,
    10,10,10,10,10,12),(0.,3.882285676538),(0.,8.029845428422,
    16.059690856845,24.089536285267,32.11938171369,40.149227142112,
    48.179072570535,56.208917998957,64.23876342738,72.268608855802,
    80.298454284225,88.328299712647,96.35814514107,104.38799056949,
    112.41783599791,120.44768142633,128.47752685476),.UNSPECIFIED.);
#5022 = CARTESIAN_POINT('',(13.,0.124820259673,-1.882245171879));
#5023 = CARTESIAN_POINT('',(12.92870283168,7.550402907109,
    -1.427699718006));
#5024 = CARTESIAN_POINT('',(8.192779632515,14.931029491486,
    -0.973154260917));
#5025 = CARTESIAN_POINT('',(-1.186190806289,19.011298560066,
    -0.518608812928));
#5026 = CARTESIAN_POINT('',(-12.57252253457,16.547771795458,
    -6.406334620242E-02));
#5027 = CARTESIAN_POINT('',(-20.98530501889,6.672607393124,
    0.390482091251));
#5028 = CARTESIAN_POINT('',(-20.85331288307,-7.074323327435,
    0.845027564614));
#5029 = CARTESIAN_POINT('',(-12.25246525276,-16.78613036711,
    1.299573002656));
#5030 = CARTESIAN_POINT('',(-0.820929516593,-19.03057004269,
    1.754118468506));
#5031 = CARTESIAN_POINT('',(8.477965039791,-14.77096436245,
    2.208663917306));
#5032 = CARTESIAN_POINT('',(13.071297167561,-7.300762387728,
    2.663209373832));
#5033 = CARTESIAN_POINT('',(12.928702832059,7.550402907088,
    3.572300282202));
#5034 = CARTESIAN_POINT('',(8.192779631918,14.931029491536,
    4.026845738753));
#5035 = CARTESIAN_POINT('',(-1.18619080554,19.011298559969,
    4.481391187493));
#5036 = CARTESIAN_POINT('',(-12.57252253533,16.547771795601,
    4.935936653366));
#5037 = CARTESIAN_POINT('',(-20.98530501828,6.672607392969,
    5.390482091604));
#5038 = CARTESIAN_POINT('',(-20.85331288347,-7.074323327313,
    5.845027564382));
#5039 = CARTESIAN_POINT('',(-12.25246525254,-16.78613036718,
    6.299573002779));
#5040 = CARTESIAN_POINT('',(-0.820929516696,-19.03057004267,
    6.754118468451));
#5041 = CARTESIAN_POINT('',(8.477965039833,-14.77096436246,
    7.208663917327));
#5042 = CARTESIAN_POINT('',(13.071297167548,-7.300762387727,
    7.663209373826));
#5043 = CARTESIAN_POINT('',(12.928702832078,7.550402907087,
    8.572300282212));
#5044 = CARTESIAN_POINT('',(8.192779631764,14.931029491543,9.02684573868
    ));
#5045 = CARTESIAN_POINT('',(-1.186190804977,19.011298559947,
    9.481391187751));
#5046 = CARTESIAN_POINT('',(-12.57252253663,16.547771795641,
    9.935936652769));
#5047 = CARTESIAN_POINT('',(-20.98530501621,6.672607392919,
    10.390482092579));
#5048 = CARTESIAN_POINT('',(-20.85331288581,-7.07432332727,
    10.84502756324));
#5049 = CARTESIAN_POINT('',(-12.25246525062,-16.7861303672,
    11.299573003736));
#5050 = CARTESIAN_POINT('',(-0.820929517812,-19.03057004266,
    11.754118467892));
#5051 = CARTESIAN_POINT('',(8.477965040255,-14.77096436247,
    12.208663917538));
#5052 = CARTESIAN_POINT('',(13.071297167473,-7.300762387725,
    12.663209373788));
#5053 = CARTESIAN_POINT('',(12.928702832122,7.550402907086,
    13.572300282236));
#5054 = CARTESIAN_POINT('',(8.192779631715,14.93102949155,
    14.026845738638));
#5055 = CARTESIAN_POINT('',(-1.186190805093,19.011298559933,
    14.48139118775));
#5056 = CARTESIAN_POINT('',(-12.57252253603,16.54777179566,
    14.935936652963));
#5057 = CARTESIAN_POINT('',(-20.98530501746,6.672607392905,
    15.39048209206));
#5058 = CARTESIAN_POINT('',(-20.8533128842,-7.074323327266,
    15.845027564001));
#5059 = CARTESIAN_POINT('',(-12.25246525203,-16.7861303672,
    16.299573003029));
#5060 = CARTESIAN_POINT('',(-0.820929516984,-19.03057004266,
    16.75411846831));
#5061 = CARTESIAN_POINT('',(8.477965039983,-14.77096436247,
    17.208663917404));
#5062 = CARTESIAN_POINT('',(13.071297167471,-7.300762387723,
    17.663209373785));
#5063 = CARTESIAN_POINT('',(12.928702832227,7.550402907077,
    18.57230028229));
#5064 = CARTESIAN_POINT('',(8.192779630904,14.931029491616,
    19.026845738227));
#5065 = CARTESIAN_POINT('',(-1.186190802718,19.011298559737,
    19.481391188945));
#5066 = CARTESIAN_POINT('',(-12.57252254045,16.547771796017,
    19.935936650745));
#5067 = CARTESIAN_POINT('',(-20.98530501171,6.672607392458,
    20.390482094963));
#5068 = CARTESIAN_POINT('',(-20.85331288958,-7.074323326871,
    20.845027561251));
#5069 = CARTESIAN_POINT('',(-12.25246524845,-16.78613036744,
    21.299573004889));
#5070 = CARTESIAN_POINT('',(-0.820929518579,-19.03057004256,
    21.75411846747));
#5071 = CARTESIAN_POINT('',(8.477965040331,-14.77096436248,
    22.208663917592));
#5072 = CARTESIAN_POINT('',(13.071297167557,-7.30076238773,
    22.663209373828));
#5073 = CARTESIAN_POINT('',(12.928702831921,7.550402907099,
    23.572300282133));
#5074 = CARTESIAN_POINT('',(8.192779632877,14.931029491457,
    24.026845739242));
#5075 = CARTESIAN_POINT('',(-1.186190808005,19.011298560184,
    24.481391186225));
#5076 = CARTESIAN_POINT('',(-12.57252253142,16.547771795248,
    24.935936655374));
#5077 = CARTESIAN_POINT('',(-20.98530502247,6.672607393352,
    25.390482089502));
#5078 = CARTESIAN_POINT('',(-20.85331288039,-7.074323327597,
    25.84502756583));
#5079 = CARTESIAN_POINT('',(-12.25246525401,-16.78613036704,
    26.299573002168));
#5080 = CARTESIAN_POINT('',(-0.820929516299,-19.03057004271,
    26.754118468576));
#5081 = CARTESIAN_POINT('',(8.477965039763,-14.77096436246,
    27.208663917317));
#5082 = CARTESIAN_POINT('',(13.071297167608,-7.30076238773,
    27.663209373852));
#5083 = CARTESIAN_POINT('',(12.928702831903,7.550402907098,
    28.572300282128));
#5084 = CARTESIAN_POINT('',(8.192779632917,14.931029491452,
    29.026845739232));
#5085 = CARTESIAN_POINT('',(-1.186190808214,19.011298560216,
    29.48139118621));
#5086 = CARTESIAN_POINT('',(-12.57252253077,16.547771795152,
    29.93593665555));
#5087 = CARTESIAN_POINT('',(-20.98530502365,6.672607393527,
    30.390482089027));
#5088 = CARTESIAN_POINT('',(-20.853312879,-7.074323327801,30.84502756653
    ));
#5089 = CARTESIAN_POINT('',(-12.2524652551,-16.78613036688,
    31.299573001552));
#5090 = CARTESIAN_POINT('',(-0.820929515801,-19.03057004278,
    31.754118468874));
#5091 = CARTESIAN_POINT('',(8.477965039757,-14.77096436244,
    32.208663917299));
#5092 = CARTESIAN_POINT('',(13.071297167436,-7.300762387722,
    32.663209373766));
#5093 = CARTESIAN_POINT('',(12.928702832346,7.550402907071,
    33.572300282353));
#5094 = CARTESIAN_POINT('',(8.192779630284,14.931029491664,
    34.026845737889));
#5095 = CARTESIAN_POINT('',(-1.186190801516,19.011298559599,
    34.481391189643));
#5096 = CARTESIAN_POINT('',(-12.57252254151,16.547771796251,
    34.935936650036));
#5097 = CARTESIAN_POINT('',(-20.98530501193,6.672607392189,
    35.390482095009));
#5098 = CARTESIAN_POINT('',(-20.85331288772,-7.074323326651,
    35.845027562156));
#5099 = CARTESIAN_POINT('',(-12.25246525102,-16.78613036756,
    36.29957300356));
#5100 = CARTESIAN_POINT('',(-0.820929516614,-19.03057004252,
    36.75411846848));
#5101 = CARTESIAN_POINT('',(8.477965039467,-14.77096436248,
    37.208663917157));
#5102 = CARTESIAN_POINT('',(13.071297167704,-7.300762387731,
    37.663209373899));
#5103 = CARTESIAN_POINT('',(12.92870283189,7.550402907097,
    38.572300282119));
#5104 = CARTESIAN_POINT('',(8.192779632778,14.931029491478,
    39.026845739177));
#5105 = CARTESIAN_POINT('',(-1.186190807835,19.011298560122,
    39.481391186367));
#5106 = CARTESIAN_POINT('',(-12.57252253123,16.547771795359,
    39.935936655362));
#5107 = CARTESIAN_POINT('',(-20.98530502352,6.672607393223,
    40.390482089073));
#5108 = CARTESIAN_POINT('',(-20.85331287854,-7.07432332749,
    40.845027566742));
#5109 = CARTESIAN_POINT('',(-12.25246525597,-16.7861303671,
    41.299573001153));
#5110 = CARTESIAN_POINT('',(-0.820929514953,-19.03057004268,
    41.754118469272));
#5111 = CARTESIAN_POINT('',(8.477965039205,-14.77096436246,
    42.208663917031));
#5112 = CARTESIAN_POINT('',(13.071297167698,-7.300762387731,
    42.663209373899));
#5113 = CARTESIAN_POINT('',(12.928702831889,7.550402907096,
    43.572300282117));
#5114 = CARTESIAN_POINT('',(8.192779632623,14.931029491487,
    44.026845739131));
#5115 = CARTESIAN_POINT('',(-1.186190806892,19.011298560078,
    44.48139118671));
#5116 = CARTESIAN_POINT('',(-12.57252253397,16.547771795472,
    44.935936654239));
#5117 = CARTESIAN_POINT('',(-20.98530501858,6.672607393036,
    45.39048209132));
#5118 = CARTESIAN_POINT('',(-20.8533128846,-7.07432332729,
    45.845027563745));
#5119 = CARTESIAN_POINT('',(-12.2524652507,-16.78613036724,
    46.299573003859));
#5120 = CARTESIAN_POINT('',(-0.82092951814,-19.03057004261,
    46.754118467636));
#5121 = CARTESIAN_POINT('',(8.477965040414,-14.77096436248,
    47.208663917641));
#5122 = CARTESIAN_POINT('',(13.071297167523,-7.300762387727,
    47.663209373813));
#5123 = CARTESIAN_POINT('',(12.928702831902,7.550402907098,
    48.572300282122));
#5124 = CARTESIAN_POINT('',(8.192779632982,14.931029491458,
    49.026845739319));
#5125 = CARTESIAN_POINT('',(-1.186190807918,19.011298560171,
    49.481391186167));
#5126 = CARTESIAN_POINT('',(-12.57252253243,16.5477717953,
    49.935936655063));
#5127 = CARTESIAN_POINT('',(-20.98530501994,6.672607393248,
    50.390482090592));
#5128 = CARTESIAN_POINT('',(-20.85331288405,-7.074323327472,
    50.845027564028));
#5129 = CARTESIAN_POINT('',(-12.25246525046,-16.78613036713,
    51.299573003993));
#5130 = CARTESIAN_POINT('',(-0.820929518633,-19.03057004265,
    51.754118467376));
#5131 = CARTESIAN_POINT('',(8.477965040741,-14.77096436248,
    52.208663917809));
#5132 = CARTESIAN_POINT('',(13.071297167411,-7.300762387724,
    52.663209373755));
#5133 = CARTESIAN_POINT('',(12.928702832045,7.550402907091,
    53.572300282196));
#5134 = CARTESIAN_POINT('',(8.192779632391,14.931029491502,
    54.026845738996));
#5135 = CARTESIAN_POINT('',(-1.18619080686,19.011298560054,
    54.481391186802));
#5136 = CARTESIAN_POINT('',(-12.57252253324,16.547771795494,
    54.935936654455));
#5137 = CARTESIAN_POINT('',(-20.98530502047,6.672607393031,
    55.390482090539));
#5138 = CARTESIAN_POINT('',(-20.85331288191,-7.074323327299,
    55.845027564999));
#5139 = CARTESIAN_POINT('',(-12.25246525324,-16.78613036723,
    56.299573002617));
#5140 = CARTESIAN_POINT('',(-0.820929516498,-19.03057004262,
    56.754118468438));
#5141 = CARTESIAN_POINT('',(8.477965039742,-14.77096436247,
    57.208663917317));
#5142 = CARTESIAN_POINT('',(13.07129716765,-7.300762387731,
    57.663209373873));
#5143 = CARTESIAN_POINT('',(12.928702831824,7.550402907101,
    58.572300282085));
#5144 = CARTESIAN_POINT('',(8.19277963308,14.931029491432,
    59.026845739367));
#5145 = CARTESIAN_POINT('',(-1.186190807737,19.011298560261,
    59.481391186251));
#5146 = CARTESIAN_POINT('',(-12.57252253351,16.547771795114,
    59.935936654565));
#5147 = CARTESIAN_POINT('',(-20.98530501752,6.672607393507,
    60.390482091698));
#5148 = CARTESIAN_POINT('',(-20.85331288741,-7.074323327719,
    60.845027562498));
#5149 = CARTESIAN_POINT('',(-12.25246524729,-16.78613036698,
    61.299573005436));
#5150 = CARTESIAN_POINT('',(-0.820929520694,-19.03057004271,
    61.754118466435));
#5151 = CARTESIAN_POINT('',(8.477965041629,-14.77096436247,
    62.208663918218));
#5152 = CARTESIAN_POINT('',(13.071297167191,-7.300762387717,
    62.663209373653));
#5153 = CARTESIAN_POINT('',(12.928702832283,7.550402907078,
    63.572300282306));
#5154 = CARTESIAN_POINT('',(8.192779631194,14.931029491586,
    64.026845738443));
#5155 = CARTESIAN_POINT('',(-1.186190803504,19.011298559838,
    64.481391188347));
#5156 = CARTESIAN_POINT('',(-12.57252253964,16.547771795822,
    64.935936651514));
#5157 = CARTESIAN_POINT('',(-20.9853050116,6.672607392709,
    65.390482094597));
#5158 = CARTESIAN_POINT('',(-20.853312891,-7.074323327102,
    65.845027560846));
#5159 = CARTESIAN_POINT('',(-12.25246524634,-16.78613036729,
    66.299573005776));
#5160 = CARTESIAN_POINT('',(-0.820929520327,-19.03057004262,
    66.754118466679));
#5161 = CARTESIAN_POINT('',(8.477965041225,-14.77096436248,
    67.208663918005));
#5162 = CARTESIAN_POINT('',(13.071297167292,-7.300762387722,
    67.663209373702));
#5163 = CARTESIAN_POINT('',(12.928702832245,7.550402907082,
    68.572300282291));
#5164 = CARTESIAN_POINT('',(8.19277963111,14.931029491568,
    69.026845738378));
#5165 = CARTESIAN_POINT('',(-1.186190802981,19.011298559878,
    69.481391188679));
#5166 = CARTESIAN_POINT('',(-12.57252254097,16.547771795776,
    69.935936650713));
#5167 = CARTESIAN_POINT('',(-20.98530500944,6.672607392724,
    70.390482095846));
#5168 = CARTESIAN_POINT('',(-20.85331289339,-7.07432332706,
    70.845027559505));
#5169 = CARTESIAN_POINT('',(-12.25246524455,-16.78613036736,
    71.299573006764));
#5170 = CARTESIAN_POINT('',(-0.820929521113,-19.03057004257,
    71.754118466234));
#5171 = CARTESIAN_POINT('',(8.477965041278,-14.77096436249,
    72.208663918052));
#5172 = CARTESIAN_POINT('',(13.071297167486,-7.300762387729,
    72.663209373797));
#5173 = CARTESIAN_POINT('',(12.92870283174,7.550402907105,
    73.572300282034));
#5174 = CARTESIAN_POINT('',(8.192779634363,14.931029491399,
    74.026845740041));
#5175 = CARTESIAN_POINT('',(-1.186190812013,19.011298560346,
    74.481391184053));
#5176 = CARTESIAN_POINT('',(-12.57252252476,16.547771794983,
    74.935936658977));
#5177 = CARTESIAN_POINT('',(-20.98530503008,6.672607393654,
    75.390482085478));
#5178 = CARTESIAN_POINT('',(-20.85331287424,-7.074323327852,
    75.845027568924));
#5179 = CARTESIAN_POINT('',(-12.25246525746,-16.78613036688,
    76.29957300051));
#5180 = CARTESIAN_POINT('',(-0.820929514945,-19.03057004278,
    76.754118469218));
#5181 = CARTESIAN_POINT('',(8.477965039313,-14.77096436243,
    77.208663917087));
#5182 = CARTESIAN_POINT('',(13.071297167827,-7.300762387735,
    77.66320937397));
#5183 = CARTESIAN_POINT('',(12.999999999624,0.124820259686,
    78.117754827922));
#5184 = CARTESIAN_POINT('',(9.25,5.833279501646E-02,-0.87963782536));
#5185 = CARTESIAN_POINT('',(9.216680384133,5.34192040723,-0.425092368989
    ));
#5186 = CARTESIAN_POINT('',(5.864299539596,10.604457694283,
    2.945307867926E-02));
#5187 = CARTESIAN_POINT('',(-0.79942122595,13.529622562306,
    0.483998550971));
#5188 = CARTESIAN_POINT('',(-8.906753692033,11.803481434584,
    0.938543972423));
#5189 = CARTESIAN_POINT('',(-14.91573513587,4.796865376652,
    1.393089473674));
#5190 = CARTESIAN_POINT('',(-14.85405067679,-4.984601032008,
    1.847634876443));
#5191 = CARTESIAN_POINT('',(-8.757179930103,-11.91487458269,
    2.302180376708));
#5192 = CARTESIAN_POINT('',(-0.628722078323,-13.5386287883,
    2.756725799765));
#5193 = CARTESIAN_POINT('',(5.997576476687,-10.52965376104,
    3.211271270365));
#5194 = CARTESIAN_POINT('',(9.283319615496,-5.225254817285,3.66581671938
    ));
#5195 = CARTESIAN_POINT('',(9.216680384318,5.341920407279,4.574907630454
    ));
#5196 = CARTESIAN_POINT('',(5.864299539305,10.604457694181,
    5.029453079569));
#5197 = CARTESIAN_POINT('',(-0.799421225585,13.529622562481,
    5.48399854983));
#5198 = CARTESIAN_POINT('',(-8.906753692403,11.803481434352,
    5.938543973599));
#5199 = CARTESIAN_POINT('',(-14.91573513557,4.796865376887,
    6.393089472706));
#5200 = CARTESIAN_POINT('',(-14.85405067699,-4.984601032186,
    6.847634877078));
#5201 = CARTESIAN_POINT('',(-8.757179929983,-11.91487458259,
    7.302180376372));
#5202 = CARTESIAN_POINT('',(-0.628722078382,-13.53862878834,
    7.756725799915));
#5203 = CARTESIAN_POINT('',(5.997576476712,-10.52965376103,
    8.211271270306));
#5204 = CARTESIAN_POINT('',(9.283319615489,-5.225254817285,
    8.665816719399));
#5205 = CARTESIAN_POINT('',(9.216680384327,5.341920407278,9.574907630426
    ));
#5206 = CARTESIAN_POINT('',(5.864299539232,10.604457694183,
    10.029453079785));
#5207 = CARTESIAN_POINT('',(-0.799421225321,13.529622562501,
    10.483998549051));
#5208 = CARTESIAN_POINT('',(-8.906753693006,11.803481434259,
    10.938543975414));
#5209 = CARTESIAN_POINT('',(-14.91573513461,4.796865377091,
    11.39308946974));
#5210 = CARTESIAN_POINT('',(-14.85405067807,-4.984601032466,
    11.847634880554));
#5211 = CARTESIAN_POINT('',(-8.757179929102,-11.91487458233,
    12.30218037347));
#5212 = CARTESIAN_POINT('',(-0.628722078892,-13.53862878851,
    12.756725801599));
#5213 = CARTESIAN_POINT('',(5.997576476904,-10.52965376096,
    13.211271269677));
#5214 = CARTESIAN_POINT('',(9.283319615455,-5.225254817298,
    13.665816719509));
#5215 = CARTESIAN_POINT('',(9.216680384347,5.341920407286,
    14.574907630361));
#5216 = CARTESIAN_POINT('',(5.86429953921,10.604457694168,15.02945307988
    ));
#5217 = CARTESIAN_POINT('',(-0.799421225376,13.529622562495,
    15.483998549121));
#5218 = CARTESIAN_POINT('',(-8.906753692727,11.803481434347,
    15.938543974737));
#5219 = CARTESIAN_POINT('',(-14.91573513519,4.796865376877,
    16.39308947139));
#5220 = CARTESIAN_POINT('',(-14.85405067732,-4.984601032167,
    16.847634878204));
#5221 = CARTESIAN_POINT('',(-8.75717992976,-11.9148745826,
    17.302180375619));
#5222 = CARTESIAN_POINT('',(-0.628722078508,-13.53862878834,
    17.756725800342));
#5223 = CARTESIAN_POINT('',(5.997576476778,-10.52965376102,
    18.21127127008));
#5224 = CARTESIAN_POINT('',(9.283319615453,-5.225254817292,
    18.665816719515));
#5225 = CARTESIAN_POINT('',(9.216680384398,5.341920407292,
    19.574907630204));
#5226 = CARTESIAN_POINT('',(5.864299538821,10.604457694101,
    20.029453081078));
#5227 = CARTESIAN_POINT('',(-0.79942122424,13.529622562709,
    20.483998545629));
#5228 = CARTESIAN_POINT('',(-8.906753694834,11.803481433917,
    20.938543981214));
#5229 = CARTESIAN_POINT('',(-14.91573513246,4.796865377486,
    21.393089462946));
#5230 = CARTESIAN_POINT('',(-14.85405067987,-4.98460103279,
    21.847634886139));
#5231 = CARTESIAN_POINT('',(-8.757179928069,-11.91487458214,
    22.302180370323));
#5232 = CARTESIAN_POINT('',(-0.628722079256,-13.53862878857,
    22.756725802682));
#5233 = CARTESIAN_POINT('',(5.997576476939,-10.52965376096,
    23.211271269584));
#5234 = CARTESIAN_POINT('',(9.283319615495,-5.225254817289,
    23.665816719381));
#5235 = CARTESIAN_POINT('',(9.216680384251,5.341920407266,
    24.574907630662));
#5236 = CARTESIAN_POINT('',(5.864299539766,10.604457694274,
    25.029453078101));
#5237 = CARTESIAN_POINT('',(-0.799421226773,13.529622562249,
    25.483998553665));
#5238 = CARTESIAN_POINT('',(-8.906753690511,11.803481434705,
    25.938543967463));
#5239 = CARTESIAN_POINT('',(-14.91573513761,4.796865376527,
    26.393089479227));
#5240 = CARTESIAN_POINT('',(-14.85405067549,-4.984601031944,
    26.847634872476));
#5241 = CARTESIAN_POINT('',(-8.757179930709,-11.91487458268,
    27.302180378432));
#5242 = CARTESIAN_POINT('',(-0.628722078179,-13.53862878833,
    27.756725799397));
#5243 = CARTESIAN_POINT('',(5.997576476673,-10.52965376102,28.2112712704
    ));
#5244 = CARTESIAN_POINT('',(9.283319615519,-5.225254817282,
    28.665816719306));
#5245 = CARTESIAN_POINT('',(9.216680384243,5.341920407264,
    29.574907630689));
#5246 = CARTESIAN_POINT('',(5.864299539786,10.604457694278,
    30.029453078069));
#5247 = CARTESIAN_POINT('',(-0.799421226877,13.529622562219,
    30.483998553835));
#5248 = CARTESIAN_POINT('',(-8.906753690198,11.803481434811,
    30.93854396679));
#5249 = CARTESIAN_POINT('',(-14.91573513817,4.796865376322,
    31.393089480731));
#5250 = CARTESIAN_POINT('',(-14.85405067482,-4.984601031683,
    31.847634870404));
#5251 = CARTESIAN_POINT('',(-8.757179931236,-11.91487458291,
    32.302180380178));
#5252 = CARTESIAN_POINT('',(-0.62872207794,-13.5386287882,
    32.756725798598));
#5253 = CARTESIAN_POINT('',(5.99757647667,-10.52965376105,33.21127127041
    ));
#5254 = CARTESIAN_POINT('',(9.283319615437,-5.225254817294,
    33.665816719567));
#5255 = CARTESIAN_POINT('',(9.216680384455,5.341920407305,
    34.574907630028));
#5256 = CARTESIAN_POINT('',(5.864299538522,10.604457694039,
    35.029453082037));
#5257 = CARTESIAN_POINT('',(-0.799421223646,13.529622562814,
    35.483998543656));
#5258 = CARTESIAN_POINT('',(-8.9067536954,11.803481433866,
    35.938543983155));
#5259 = CARTESIAN_POINT('',(-14.91573513247,4.796865377354,
    36.393089463032));
#5260 = CARTESIAN_POINT('',(-14.8540506791,-4.984601032461,
    36.847634883219));
#5261 = CARTESIAN_POINT('',(-8.757179929196,-11.91487458253,
    37.302180374444));
#5262 = CARTESIAN_POINT('',(-0.628722078376,-13.5386287883,
    37.756725799599));
#5263 = CARTESIAN_POINT('',(5.997576476548,-10.52965376107,
    38.211271270898));
#5264 = CARTESIAN_POINT('',(9.283319615562,-5.225254817271,
    38.665816719166));
#5265 = CARTESIAN_POINT('',(9.216680384238,5.341920407262,
    39.574907630705));
#5266 = CARTESIAN_POINT('',(5.864299539716,10.604457694266,
    40.029453078292));
#5267 = CARTESIAN_POINT('',(-0.79942122668,13.529622562251,
    40.483998553248));
#5268 = CARTESIAN_POINT('',(-8.906753690454,11.80348143477,
    40.938543967486));
#5269 = CARTESIAN_POINT('',(-14.91573513805,4.796865376338,
    41.393089480534));
#5270 = CARTESIAN_POINT('',(-14.85405067468,-4.984601031652,
    41.847634869718));
#5271 = CARTESIAN_POINT('',(-8.757179931582,-11.91487458297,
    42.302180381478));
#5272 = CARTESIAN_POINT('',(-0.628722077575,-13.53862878814,
    42.756725797328));
#5273 = CARTESIAN_POINT('',(5.997576476421,-10.5296537611,
    43.211271271235));
#5274 = CARTESIAN_POINT('',(9.283319615559,-5.22525481727,
    43.665816719178));
#5275 = CARTESIAN_POINT('',(9.216680384238,5.34192040726,44.574907630705
    ));
#5276 = CARTESIAN_POINT('',(5.864299539644,10.604457694257,
    45.029453078456));
#5277 = CARTESIAN_POINT('',(-0.799421226247,13.529622562343,
    45.483998552147));
#5278 = CARTESIAN_POINT('',(-8.906753691713,11.803481434469,
    45.938543970994));
#5279 = CARTESIAN_POINT('',(-14.91573513578,4.796865376913,
    46.393089473596));
#5280 = CARTESIAN_POINT('',(-14.85405067745,-4.984601032392,
    46.847634878905));
#5281 = CARTESIAN_POINT('',(-8.75717992917,-11.9148745823,
    47.302180373241));
#5282 = CARTESIAN_POINT('',(-0.628722079032,-13.53862878856,
    47.756725802272));
#5283 = CARTESIAN_POINT('',(5.997576476974,-10.52965376094,
    48.211271269408));
#5284 = CARTESIAN_POINT('',(9.28331961548,-5.225254817294,
    48.665816719432));
#5285 = CARTESIAN_POINT('',(9.216680384242,5.341920407264,
    49.574907630691));
#5286 = CARTESIAN_POINT('',(5.86429953982,10.604457694285,
    50.029453077892));
#5287 = CARTESIAN_POINT('',(-0.79942122675,13.529622562256,
    50.483998553778));
#5288 = CARTESIAN_POINT('',(-8.906753690949,11.803481434607,
    50.93854396851));
#5289 = CARTESIAN_POINT('',(-14.91573513648,4.79686537678,
    51.393089475799));
#5290 = CARTESIAN_POINT('',(-14.85405067714,-4.984601032322,
    51.84763487804));
#5291 = CARTESIAN_POINT('',(-8.757179929101,-11.9148745823,
    52.302180372856));
#5292 = CARTESIAN_POINT('',(-0.628722079242,-13.53862878859,
    52.756725803029));
#5293 = CARTESIAN_POINT('',(5.997576477121,-10.52965376091,
    53.211271268921));
#5294 = CARTESIAN_POINT('',(9.283319615428,-5.225254817304,
    53.665816719596));
#5295 = CARTESIAN_POINT('',(9.21668038431,5.341920407278,54.574907630479
    ));
#5296 = CARTESIAN_POINT('',(5.864299539535,10.604457694231,
    55.029453078811));
#5297 = CARTESIAN_POINT('',(-0.799421226223,13.529622562339,
    55.483998552006));
#5298 = CARTESIAN_POINT('',(-8.906753691393,11.803481434583,
    55.938543970082));
#5299 = CARTESIAN_POINT('',(-14.91573513662,4.796865376632,
    56.39308947632));
#5300 = CARTESIAN_POINT('',(-14.85405067624,-4.984601031991,
    56.847634874737));
#5301 = CARTESIAN_POINT('',(-8.757179930322,-11.91487458268,
    57.302180377275));
#5302 = CARTESIAN_POINT('',(-0.628722078287,-13.53862878831,
    57.756725799705));
#5303 = CARTESIAN_POINT('',(5.997576476668,-10.52965376104,
    58.211271270431));
#5304 = CARTESIAN_POINT('',(9.283319615538,-5.225254817276,
    58.665816719244));
#5305 = CARTESIAN_POINT('',(9.216680384206,5.341920407253,
    59.574907630803));
#5306 = CARTESIAN_POINT('',(5.864299539868,10.604457694301,
    60.029453077764));
#5307 = CARTESIAN_POINT('',(-0.799421226679,13.529622562274,
    60.483998553452));
#5308 = CARTESIAN_POINT('',(-8.906753691413,11.803481434473,
    60.938543970217));
#5309 = CARTESIAN_POINT('',(-14.91573513541,4.796865377086,
    61.39308947209));
#5310 = CARTESIAN_POINT('',(-14.85405067863,-4.984601032742,
    61.847634883109));
#5311 = CARTESIAN_POINT('',(-8.75717992768,-11.91487458192,
    62.302180368109));
#5312 = CARTESIAN_POINT('',(-0.628722080172,-13.53862878883,
    62.756725806108));
#5313 = CARTESIAN_POINT('',(5.997576477525,-10.52965376082,
    63.211271267589));
#5314 = CARTESIAN_POINT('',(9.283319615325,-5.225254817324,
    63.665816719927));
#5315 = CARTESIAN_POINT('',(9.216680384422,5.341920407297,
    64.574907630119));
#5316 = CARTESIAN_POINT('',(5.864299538962,10.604457694141,
    65.029453080631));
#5317 = CARTESIAN_POINT('',(-0.799421224626,13.529622562595,
    65.483998546907));
#5318 = CARTESIAN_POINT('',(-8.906753694417,11.803481434065,
    65.938543979811));
#5319 = CARTESIAN_POINT('',(-14.91573513248,4.796865377402,
    66.393089462876));
#5320 = CARTESIAN_POINT('',(-14.85405068046,-4.984601032836,
    66.84763488849));
#5321 = CARTESIAN_POINT('',(-8.757179927143,-11.91487458201,
    67.30218036684));
#5322 = CARTESIAN_POINT('',(-0.628722080039,-13.5386287887,
    67.756725805482));
#5323 = CARTESIAN_POINT('',(5.997576477346,-10.52965376088,
    68.211271268197));
#5324 = CARTESIAN_POINT('',(9.283319615372,-5.225254817311,
    68.665816719782));
#5325 = CARTESIAN_POINT('',(9.216680384405,5.341920407293,
    69.574907630174));
#5326 = CARTESIAN_POINT('',(5.864299538923,10.604457694123,
    70.029453080759));
#5327 = CARTESIAN_POINT('',(-0.799421224382,13.529622562684,
    70.483998546108));
#5328 = CARTESIAN_POINT('',(-8.906753695035,11.803481433858,
    70.938543981833));
#5329 = CARTESIAN_POINT('',(-14.91573513148,4.796865377713,
    71.393089459667));
#5330 = CARTESIAN_POINT('',(-14.85405068156,-4.984601033158,
    71.847634891948));
#5331 = CARTESIAN_POINT('',(-8.757179926323,-11.91487458178,
    72.302180364317));
#5332 = CARTESIAN_POINT('',(-0.628722080398,-13.5386287888,
    72.756725806575));
#5333 = CARTESIAN_POINT('',(5.997576477366,-10.52965376087,
    73.211271268139));
#5334 = CARTESIAN_POINT('',(9.283319615465,-5.225254817296,
    73.665816719492));
#5335 = CARTESIAN_POINT('',(9.216680384164,5.341920407251,
    74.574907630923));
#5336 = CARTESIAN_POINT('',(5.864299540477,10.604457694394,
    75.029453075881));
#5337 = CARTESIAN_POINT('',(-0.799421228692,13.529622561924,
    75.483998559761));
#5338 = CARTESIAN_POINT('',(-8.906753687323,11.803481435255,
    75.93854395731));
#5339 = CARTESIAN_POINT('',(-14.91573514125,4.796865375883,
    76.393089490543));
#5340 = CARTESIAN_POINT('',(-14.85405067255,-4.984601031412,
    76.847634863865));
#5341 = CARTESIAN_POINT('',(-8.757179932352,-11.91487458299,
    77.30218038294));
#5342 = CARTESIAN_POINT('',(-0.628722077548,-13.53862878821,
    77.756725797724));
#5343 = CARTESIAN_POINT('',(5.997576476474,-10.52965376107,
    78.211271270977));
#5344 = CARTESIAN_POINT('',(9.283319615612,-5.225254817262,
    78.665816718995));
#5345 = CARTESIAN_POINT('',(9.249999999824,5.833279497914E-02,
    79.120362175187));
#5346 = DEFINITIONAL_REPRESENTATION('',(#5347),#5351);
#5347 = LINE('',#5348,#5349);
#5348 = CARTESIAN_POINT('',(3.882285676538,0.));
#5349 = VECTOR('',#5350,1.);
#5350 = DIRECTION('',(0.,1.));
#5351 = ( GEOMETRIC_REPRESENTATION_CONTEXT(2) 
PARAMETRIC_REPRESENTATION_CONTEXT() REPRESENTATION_CONTEXT('2D SPACE',''
  ) );
#5352 = ORIENTED_EDGE('',*,*,#5353,.F.);
#5353 = EDGE_CURVE('',#5354,#4846,#5356,.T.);
#5354 = VERTEX_POINT('',#5355);
#5355 = CARTESIAN_POINT('',(9.25,1.164970897527E-12,-1.110223024625E-16)
  );
#5356 = SURFACE_CURVE('',#5357,(#5380,#5406),.PCURVE_S1.);
#5357 = B_SPLINE_CURVE_WITH_KNOTS('',6,(#5358,#5359,#5360,#5361,#5362,
    #5363,#5364,#5365,#5366,#5367,#5368,#5369,#5370,#5371,#5372,#5373,
    #5374,#5375,#5376,#5377,#5378,#5379),.UNSPECIFIED.,.F.,.F.,(7,5,5,5,
    7),(0.,5.600212646312E-02,8.600323598208E-02,0.482010133739,1.),
  .UNSPECIFIED.);
#5358 = CARTESIAN_POINT('',(9.25,1.164622577468E-12,0.));
#5359 = CARTESIAN_POINT('',(9.25,9.597596231837E-02,0.));
#5360 = CARTESIAN_POINT('',(9.248805301767,0.191951927361,0.));
#5361 = CARTESIAN_POINT('',(9.246415849764,0.287909297535,0.));
#5362 = CARTESIAN_POINT('',(9.242831981657,0.383829484724,0.));
#5363 = CARTESIAN_POINT('',(9.238054428323,0.479693910286,0.));
#5364 = CARTESIAN_POINT('',(9.228886041389,0.626800076521,0.));
#5365 = CARTESIAN_POINT('',(9.225345516605,0.678094817127,0.));
#5366 = CARTESIAN_POINT('',(9.22146291221,0.7293653729,0.));
#5367 = CARTESIAN_POINT('',(9.217238433097,0.780608892262,0.));
#5368 = CARTESIAN_POINT('',(9.212672316337,0.831822526036,0.));
#5369 = CARTESIAN_POINT('',(9.142987294443,1.558578108283,0.));
#5370 = CARTESIAN_POINT('',(9.018726102126,2.22851052787,0.));
#5371 = CARTESIAN_POINT('',(8.835594387813,2.886116203274,0.));
#5372 = CARTESIAN_POINT('',(8.595232204692,3.525028586443,0.));
#5373 = CARTESIAN_POINT('',(8.300079914075,4.139142704077,0.));
#5374 = CARTESIAN_POINT('',(7.500353828542,5.486007047451,0.));
#5375 = CARTESIAN_POINT('',(6.959104044036,6.197320914349,0.));
#5376 = CARTESIAN_POINT('',(6.337535851636,6.843492209852,0.));
#5377 = CARTESIAN_POINT('',(5.645648816246,7.413734266562,0.));
#5378 = CARTESIAN_POINT('',(4.894961480488,7.898901213413,0.));
#5379 = CARTESIAN_POINT('',(4.099174210046,8.29232329677,0.));
#5380 = PCURVE('',#668,#5381);
#5381 = DEFINITIONAL_REPRESENTATION('',(#5382),#5405);
#5382 = B_SPLINE_CURVE_WITH_KNOTS('',6,(#5383,#5384,#5385,#5386,#5387,
    #5388,#5389,#5390,#5391,#5392,#5393,#5394,#5395,#5396,#5397,#5398,
    #5399,#5400,#5401,#5402,#5403,#5404),.UNSPECIFIED.,.F.,.F.,(7,5,5,5,
    7),(0.,5.600212646312E-02,8.600323598208E-02,0.482010133739,1.),
  .UNSPECIFIED.);
#5383 = CARTESIAN_POINT('',(0.881569860407,0.));
#5384 = CARTESIAN_POINT('',(0.873341882783,1.318491831703E-02));
#5385 = CARTESIAN_POINT('',(0.865113901494,2.636984251098E-02));
#5386 = CARTESIAN_POINT('',(0.856885916912,3.955477198633E-02));
#5387 = CARTESIAN_POINT('',(0.848657929482,5.273970602975E-02));
#5388 = CARTESIAN_POINT('',(0.840429939722,6.592464381002E-02));
#5389 = CARTESIAN_POINT('',(0.827794099995,8.617293841417E-02));
#5390 = CARTESIAN_POINT('',(0.823386251227,9.323629331344E-02));
#5391 = CARTESIAN_POINT('',(0.818978402002,0.100299648946));
#5392 = CARTESIAN_POINT('',(0.814570552402,0.107363005179));
#5393 = CARTESIAN_POINT('',(0.810162702511,0.11442636188));
#5394 = CARTESIAN_POINT('',(0.747572369468,0.214724207609));
#5395 = CARTESIAN_POINT('',(0.689384676215,0.307967045703));
#5396 = CARTESIAN_POINT('',(0.631203276938,0.401199798063));
#5397 = CARTESIAN_POINT('',(0.57302203615,0.494432296462));
#5398 = CARTESIAN_POINT('',(0.514834932648,0.587674189561));
#5399 = CARTESIAN_POINT('',(0.380549578241,0.802859684379));
#5400 = CARTESIAN_POINT('',(0.304426738407,0.924842688609));
#5401 = CARTESIAN_POINT('',(0.228326503469,1.046789469616));
#5402 = CARTESIAN_POINT('',(0.152226215237,1.168736336017));
#5403 = CARTESIAN_POINT('',(7.610330521189E-02,1.290719452699));
#5404 = CARTESIAN_POINT('',(0.,1.412671153664));
#5405 = ( GEOMETRIC_REPRESENTATION_CONTEXT(2) 
PARAMETRIC_REPRESENTATION_CONTEXT() REPRESENTATION_CONTEXT('2D SPACE',''
  ) );
#5406 = PCURVE('',#5407,#5412);
#5407 = PLANE('',#5408);
#5408 = AXIS2_PLACEMENT_3D('',#5409,#5410,#5411);
#5409 = CARTESIAN_POINT('',(0.,0.,0.));
#5410 = DIRECTION('',(0.,0.,1.));
#5411 = DIRECTION('',(1.,0.,0.));
#5412 = DEFINITIONAL_REPRESENTATION('',(#5413),#5436);
#5413 = B_SPLINE_CURVE_WITH_KNOTS('',6,(#5414,#5415,#5416,#5417,#5418,
    #5419,#5420,#5421,#5422,#5423,#5424,#5425,#5426,#5427,#5428,#5429,
    #5430,#5431,#5432,#5433,#5434,#5435),.UNSPECIFIED.,.F.,.F.,(7,5,5,5,
    7),(0.,5.600212646312E-02,8.600323598208E-02,0.482010133739,1.),
  .UNSPECIFIED.);
#5414 = CARTESIAN_POINT('',(9.25,1.164622577468E-12));
#5415 = CARTESIAN_POINT('',(9.25,9.597596231837E-02));
#5416 = CARTESIAN_POINT('',(9.248805301767,0.191951927361));
#5417 = CARTESIAN_POINT('',(9.246415849764,0.287909297535));
#5418 = CARTESIAN_POINT('',(9.242831981657,0.383829484724));
#5419 = CARTESIAN_POINT('',(9.238054428323,0.479693910286));
#5420 = CARTESIAN_POINT('',(9.228886041389,0.626800076521));
#5421 = CARTESIAN_POINT('',(9.225345516605,0.678094817127));
#5422 = CARTESIAN_POINT('',(9.22146291221,0.7293653729));
#5423 = CARTESIAN_POINT('',(9.217238433097,0.780608892262));
#5424 = CARTESIAN_POINT('',(9.212672316337,0.831822526036));
#5425 = CARTESIAN_POINT('',(9.142987294443,1.558578108283));
#5426 = CARTESIAN_POINT('',(9.018726102126,2.22851052787));
#5427 = CARTESIAN_POINT('',(8.835594387813,2.886116203274));
#5428 = CARTESIAN_POINT('',(8.595232204692,3.525028586443));
#5429 = CARTESIAN_POINT('',(8.300079914075,4.139142704077));
#5430 = CARTESIAN_POINT('',(7.500353828542,5.486007047451));
#5431 = CARTESIAN_POINT('',(6.959104044036,6.197320914349));
#5432 = CARTESIAN_POINT('',(6.337535851636,6.843492209852));
#5433 = CARTESIAN_POINT('',(5.645648816246,7.413734266562));
#5434 = CARTESIAN_POINT('',(4.894961480488,7.898901213413));
#5435 = CARTESIAN_POINT('',(4.099174210046,8.29232329677));
#5436 = ( GEOMETRIC_REPRESENTATION_CONTEXT(2) 
PARAMETRIC_REPRESENTATION_CONTEXT() REPRESENTATION_CONTEXT('2D SPACE',''
  ) );
#5437 = ORIENTED_EDGE('',*,*,#5438,.T.);
#5438 = EDGE_CURVE('',#5354,#1582,#5439,.T.);
#5439 = SURFACE_CURVE('',#5440,(#5443,#5450),.PCURVE_S1.);
#5440 = B_SPLINE_CURVE_WITH_KNOTS('',1,(#5441,#5442),.UNSPECIFIED.,.F.,
  .F.,(2,2),(0.,1.763139720814),.PIECEWISE_BEZIER_KNOTS.);
#5441 = CARTESIAN_POINT('',(9.25,5.833279501646E-02,-0.87963782536));
#5442 = CARTESIAN_POINT('',(9.25,-5.833279501414E-02,0.87963782536));
#5443 = PCURVE('',#668,#5444);
#5444 = DEFINITIONAL_REPRESENTATION('',(#5445),#5449);
#5445 = LINE('',#5446,#5447);
#5446 = CARTESIAN_POINT('',(0.,0.));
#5447 = VECTOR('',#5448,1.);
#5448 = DIRECTION('',(1.,0.));
#5449 = ( GEOMETRIC_REPRESENTATION_CONTEXT(2) 
PARAMETRIC_REPRESENTATION_CONTEXT() REPRESENTATION_CONTEXT('2D SPACE',''
  ) );
#5450 = PCURVE('',#1777,#5451);
#5451 = DEFINITIONAL_REPRESENTATION('',(#5452),#5455);
#5452 = B_SPLINE_CURVE_WITH_KNOTS('',1,(#5453,#5454),.UNSPECIFIED.,.F.,
  .F.,(2,2),(0.,1.763139720814),.PIECEWISE_BEZIER_KNOTS.);
#5453 = CARTESIAN_POINT('',(-0.881569860407,-2.158300935441));
#5454 = CARTESIAN_POINT('',(0.881569860407,-2.158300935441));
#5455 = ( GEOMETRIC_REPRESENTATION_CONTEXT(2) 
PARAMETRIC_REPRESENTATION_CONTEXT() REPRESENTATION_CONTEXT('2D SPACE',''
  ) );
#5456 = ORIENTED_EDGE('',*,*,#1581,.T.);
#5457 = ORIENTED_EDGE('',*,*,#604,.T.);
#5458 = ORIENTED_EDGE('',*,*,#5459,.F.);
#5459 = EDGE_CURVE('',#4848,#578,#5460,.T.);
#5460 = SURFACE_CURVE('',#5461,(#5464,#5471),.PCURVE_S1.);
#5461 = B_SPLINE_CURVE_WITH_KNOTS('',1,(#5462,#5463),.UNSPECIFIED.,.F.,
  .F.,(2,2),(0.,1.763139720814),.PIECEWISE_BEZIER_KNOTS.);
#5462 = CARTESIAN_POINT('',(9.249999999824,5.833279497916E-02,
    79.120362175187));
#5463 = CARTESIAN_POINT('',(9.250000000176,-5.833279505102E-02,
    80.879637825907));
#5464 = PCURVE('',#668,#5465);
#5465 = DEFINITIONAL_REPRESENTATION('',(#5466),#5470);
#5466 = LINE('',#5467,#5468);
#5467 = CARTESIAN_POINT('',(0.,128.47752685476));
#5468 = VECTOR('',#5469,1.);
#5469 = DIRECTION('',(1.,0.));
#5470 = ( GEOMETRIC_REPRESENTATION_CONTEXT(2) 
PARAMETRIC_REPRESENTATION_CONTEXT() REPRESENTATION_CONTEXT('2D SPACE',''
  ) );
#5471 = PCURVE('',#593,#5472);
#5472 = DEFINITIONAL_REPRESENTATION('',(#5473),#5476);
#5473 = B_SPLINE_CURVE_WITH_KNOTS('',1,(#5474,#5475),.UNSPECIFIED.,.F.,
  .F.,(2,2),(0.,1.763139720814),.PIECEWISE_BEZIER_KNOTS.);
#5474 = CARTESIAN_POINT('',(-0.881569859977,-2.158300935617));
#5475 = CARTESIAN_POINT('',(0.881569860838,-2.158300935265));
#5476 = ( GEOMETRIC_REPRESENTATION_CONTEXT(2) 
PARAMETRIC_REPRESENTATION_CONTEXT() REPRESENTATION_CONTEXT('2D SPACE',''
  ) );
#5477 = ADVANCED_FACE('',(#5478),#593,.F.);
#5478 = FACE_BOUND('',#5479,.F.);
#5479 = EDGE_LOOP('',(#5480,#5481,#5482,#5483,#5510));
#5480 = ORIENTED_EDGE('',*,*,#5459,.T.);
#5481 = ORIENTED_EDGE('',*,*,#577,.F.);
#5482 = ORIENTED_EDGE('',*,*,#1424,.F.);
#5483 = ORIENTED_EDGE('',*,*,#5484,.T.);
#5484 = EDGE_CURVE('',#1425,#5485,#5487,.T.);
#5485 = VERTEX_POINT('',#5486);
#5486 = CARTESIAN_POINT('',(11.999522219177,0.107081798053,
    78.385244527523));
#5487 = SURFACE_CURVE('',#5488,(#5493,#5500),.PCURVE_S1.);
#5488 = ELLIPSE('',#5489,181.35318772488,12.);
#5489 = AXIS2_PLACEMENT_3D('',#5490,#5491,#5492);
#5490 = CARTESIAN_POINT('',(0.,0.,80.000000000026));
#5491 = DIRECTION('',(1.448623865156E-13,0.997808415267,
    6.616922564496E-02));
#5492 = DIRECTION('',(-9.606485367486E-15,-6.616922564496E-02,
    0.997808415267));
#5493 = PCURVE('',#593,#5494);
#5494 = DEFINITIONAL_REPRESENTATION('',(#5495),#5499);
#5495 = ELLIPSE('',#5496,181.35318772488,12.);
#5496 = AXIS2_PLACEMENT_2D('',#5497,#5498);
#5497 = CARTESIAN_POINT('',(-9.249790215201E-11,-11.40830093544));
#5498 = DIRECTION('',(1.,-9.606485367486E-15));
#5499 = ( GEOMETRIC_REPRESENTATION_CONTEXT(2) 
PARAMETRIC_REPRESENTATION_CONTEXT() REPRESENTATION_CONTEXT('2D SPACE',''
  ) );
#5500 = PCURVE('',#1462,#5501);
#5501 = DEFINITIONAL_REPRESENTATION('',(#5502),#5509);
#5502 = B_SPLINE_CURVE_WITH_KNOTS('',5,(#5503,#5504,#5505,#5506,#5507,
    #5508),.UNSPECIFIED.,.F.,.F.,(6,6),(1.570796323494,1.583278676905),
  .PIECEWISE_BEZIER_KNOTS.);
#5503 = CARTESIAN_POINT('',(-3.301214412943E-09,80.000000597373));
#5504 = CARTESIAN_POINT('',(2.496467380972E-03,79.54824990556));
#5505 = CARTESIAN_POINT('',(4.992938063159E-03,79.096499213743));
#5506 = CARTESIAN_POINT('',(7.489408745345E-03,78.644754387494));
#5507 = CARTESIAN_POINT('',(9.985879427533E-03,78.19302129239));
#5508 = CARTESIAN_POINT('',(1.248235010972E-02,77.741305793546));
#5509 = ( GEOMETRIC_REPRESENTATION_CONTEXT(2) 
PARAMETRIC_REPRESENTATION_CONTEXT() REPRESENTATION_CONTEXT('2D SPACE',''
  ) );
#5510 = ORIENTED_EDGE('',*,*,#5511,.T.);
#5511 = EDGE_CURVE('',#5485,#4848,#5512,.T.);
#5512 = SURFACE_CURVE('',#5513,(#5516,#5522),.PCURVE_S1.);
#5513 = B_SPLINE_CURVE_WITH_KNOTS('',1,(#5514,#5515),.UNSPECIFIED.,.F.,
  .F.,(2,2),(0.,3.882285676538),.PIECEWISE_BEZIER_KNOTS.);
#5514 = CARTESIAN_POINT('',(12.999999999624,0.124820259686,
    78.117754827922));
#5515 = CARTESIAN_POINT('',(9.249999999824,5.833279497914E-02,
    79.120362175187));
#5516 = PCURVE('',#593,#5517);
#5517 = DEFINITIONAL_REPRESENTATION('',(#5518),#5521);
#5518 = B_SPLINE_CURVE_WITH_KNOTS('',1,(#5519,#5520),.UNSPECIFIED.,.F.,
  .F.,(2,2),(0.,3.882285676538),.PIECEWISE_BEZIER_KNOTS.);
#5519 = CARTESIAN_POINT('',(-1.886379332341,1.591699064183));
#5520 = CARTESIAN_POINT('',(-0.881569859977,-2.158300935617));
#5521 = ( GEOMETRIC_REPRESENTATION_CONTEXT(2) 
PARAMETRIC_REPRESENTATION_CONTEXT() REPRESENTATION_CONTEXT('2D SPACE',''
  ) );
#5522 = PCURVE('',#5021,#5523);
#5523 = DEFINITIONAL_REPRESENTATION('',(#5524),#5528);
#5524 = LINE('',#5525,#5526);
#5525 = CARTESIAN_POINT('',(0.,128.47752685476));
#5526 = VECTOR('',#5527,1.);
#5527 = DIRECTION('',(1.,0.));
#5528 = ( GEOMETRIC_REPRESENTATION_CONTEXT(2) 
PARAMETRIC_REPRESENTATION_CONTEXT() REPRESENTATION_CONTEXT('2D SPACE',''
  ) );
#5529 = ADVANCED_FACE('',(#5530),#1462,.T.);
#5530 = FACE_BOUND('',#5531,.T.);
#5531 = EDGE_LOOP('',(#5532,#5533,#5534,#5554,#5575));
#5532 = ORIENTED_EDGE('',*,*,#1445,.F.);
#5533 = ORIENTED_EDGE('',*,*,#5484,.T.);
#5534 = ORIENTED_EDGE('',*,*,#5535,.F.);
#5535 = EDGE_CURVE('',#5536,#5485,#5538,.T.);
#5536 = VERTEX_POINT('',#5537);
#5537 = CARTESIAN_POINT('',(12.,-2.939152317954E-15,78.378143376238));
#5538 = SURFACE_CURVE('',#5539,(#5542,#5548),.PCURVE_S1.);
#5539 = B_SPLINE_CURVE_WITH_KNOTS('',1,(#5540,#5541),.UNSPECIFIED.,.F.,
  .F.,(2,2),(0.,1.),.PIECEWISE_BEZIER_KNOTS.);
#5540 = CARTESIAN_POINT('',(12.,3.937865658554E-14,78.378143376238));
#5541 = CARTESIAN_POINT('',(11.999522219177,0.107081798053,
    78.385244527523));
#5542 = PCURVE('',#1462,#5543);
#5543 = DEFINITIONAL_REPRESENTATION('',(#5544),#5547);
#5544 = B_SPLINE_CURVE_WITH_KNOTS('',1,(#5545,#5546),.UNSPECIFIED.,.F.,
  .F.,(2,2),(0.,1.),.PIECEWISE_BEZIER_KNOTS.);
#5545 = CARTESIAN_POINT('',(0.,78.378143376238));
#5546 = CARTESIAN_POINT('',(8.923601602696E-03,78.385244527523));
#5547 = ( GEOMETRIC_REPRESENTATION_CONTEXT(2) 
PARAMETRIC_REPRESENTATION_CONTEXT() REPRESENTATION_CONTEXT('2D SPACE',''
  ) );
#5548 = PCURVE('',#5021,#5549);
#5549 = DEFINITIONAL_REPRESENTATION('',(#5550),#5553);
#5550 = B_SPLINE_CURVE_WITH_KNOTS('',1,(#5551,#5552),.UNSPECIFIED.,.F.,
  .F.,(2,2),(0.,1.),.PIECEWISE_BEZIER_KNOTS.);
#5551 = CARTESIAN_POINT('',(1.035770917137,128.46612258303));
#5552 = CARTESIAN_POINT('',(1.035770815181,128.47752685476));
#5553 = ( GEOMETRIC_REPRESENTATION_CONTEXT(2) 
PARAMETRIC_REPRESENTATION_CONTEXT() REPRESENTATION_CONTEXT('2D SPACE',''
  ) );
#5554 = ORIENTED_EDGE('',*,*,#5555,.F.);
#5555 = EDGE_CURVE('',#4504,#5536,#5556,.T.);
#5556 = SURFACE_CURVE('',#5557,(#5561,#5568),.PCURVE_S1.);
#5557 = LINE('',#5558,#5559);
#5558 = CARTESIAN_POINT('',(12.,-2.939152317954E-15,0.));
#5559 = VECTOR('',#5560,1.);
#5560 = DIRECTION('',(0.,0.,1.));
#5561 = PCURVE('',#1462,#5562);
#5562 = DEFINITIONAL_REPRESENTATION('',(#5563),#5567);
#5563 = LINE('',#5564,#5565);
#5564 = CARTESIAN_POINT('',(0.,-0.));
#5565 = VECTOR('',#5566,1.);
#5566 = DIRECTION('',(0.,1.));
#5567 = ( GEOMETRIC_REPRESENTATION_CONTEXT(2) 
PARAMETRIC_REPRESENTATION_CONTEXT() REPRESENTATION_CONTEXT('2D SPACE',''
  ) );
#5568 = PCURVE('',#4643,#5569);
#5569 = DEFINITIONAL_REPRESENTATION('',(#5570),#5574);
#5570 = LINE('',#5571,#5572);
#5571 = CARTESIAN_POINT('',(6.28318530718,-0.));
#5572 = VECTOR('',#5573,1.);
#5573 = DIRECTION('',(0.,1.));
#5574 = ( GEOMETRIC_REPRESENTATION_CONTEXT(2) 
PARAMETRIC_REPRESENTATION_CONTEXT() REPRESENTATION_CONTEXT('2D SPACE',''
  ) );
#5575 = ORIENTED_EDGE('',*,*,#4717,.T.);
#5576 = ADVANCED_FACE('',(#5577),#4643,.T.);
#5577 = FACE_BOUND('',#5578,.T.);
#5578 = EDGE_LOOP('',(#5579,#5580,#5581,#5769));
#5579 = ORIENTED_EDGE('',*,*,#4503,.T.);
#5580 = ORIENTED_EDGE('',*,*,#5555,.T.);
#5581 = ORIENTED_EDGE('',*,*,#5582,.F.);
#5582 = EDGE_CURVE('',#5583,#5536,#5585,.T.);
#5583 = VERTEX_POINT('',#5584);
#5584 = CARTESIAN_POINT('',(12.,-2.939152317954E-15,73.378143376235));
#5585 = SURFACE_CURVE('',#5586,(#5645,#5707),.PCURVE_S1.);
#5586 = B_SPLINE_CURVE_WITH_KNOTS('',8,(#5587,#5588,#5589,#5590,#5591,
    #5592,#5593,#5594,#5595,#5596,#5597,#5598,#5599,#5600,#5601,#5602,
    #5603,#5604,#5605,#5606,#5607,#5608,#5609,#5610,#5611,#5612,#5613,
    #5614,#5615,#5616,#5617,#5618,#5619,#5620,#5621,#5622,#5623,#5624,
    #5625,#5626,#5627,#5628,#5629,#5630,#5631,#5632,#5633,#5634,#5635,
    #5636,#5637,#5638,#5639,#5640,#5641,#5642,#5643,#5644),
  .UNSPECIFIED.,.F.,.F.,(9,7,7,7,7,7,7,7,9),(0.,0.146847318566,
    0.282345891403,0.396101871714,0.46592313334,0.56213825757,
    0.69892803326,0.85986681515,1.),.UNSPECIFIED.);
#5587 = CARTESIAN_POINT('',(12.,-8.881784197001E-15,73.378143376235));
#5588 = CARTESIAN_POINT('',(12.,1.382469451656,73.469820592183));
#5589 = CARTESIAN_POINT('',(11.81797792489,2.766621326429,
    73.561620725901));
#5590 = CARTESIAN_POINT('',(11.453167867718,4.12196056309,
    73.653355472949));
#5591 = CARTESIAN_POINT('',(10.911768374785,5.420767945008,
    73.745054310491));
#5592 = CARTESIAN_POINT('',(10.203820009425,6.636982200785,
    73.836765113637));
#5593 = CARTESIAN_POINT('',(9.343899680861,7.746788707246,
    73.928520275027));
#5594 = CARTESIAN_POINT('',(8.350413275447,8.728242360911,
    74.020338998655));
#5595 = CARTESIAN_POINT('',(6.231822731312,10.334019057169,
    74.196629094204));
#5596 = CARTESIAN_POINT('',(5.120063561309,10.982172420295,
    74.281349350708));
#5597 = CARTESIAN_POINT('',(3.932175756756,11.492588866384,
    74.366033680211));
#5598 = CARTESIAN_POINT('',(2.68853627942,11.855522975594,
    74.450684018517));
#5599 = CARTESIAN_POINT('',(1.410171485263,12.064440563699,
    74.535321117139));
#5600 = CARTESIAN_POINT('',(0.118780789566,12.116382148423,
    74.619975398101));
#5601 = CARTESIAN_POINT('',(-1.163456263301,12.011461700653,
    74.704667556393));
#5602 = CARTESIAN_POINT('',(-3.463205284433,11.539248337506,
    74.860355944449));
#5603 = CARTESIAN_POINT('',(-4.491395642798,11.216508786516,
    74.93145130514));
#5604 = CARTESIAN_POINT('',(-5.484706299727,10.789085368463,
    75.002540880043));
#5605 = CARTESIAN_POINT('',(-6.430774700587,10.261603612326,
    75.073626363761));
#5606 = CARTESIAN_POINT('',(-7.318081905284,9.640176750401,75.1447177914
    ));
#5607 = CARTESIAN_POINT('',(-8.136016218074,8.932468012748,
    75.215822082711));
#5608 = CARTESIAN_POINT('',(-8.874880375172,8.147663452423,
    75.286932972781));
#5609 = CARTESIAN_POINT('',(-9.92628554198,6.775050441768,75.40159178425
    ));
#5610 = CARTESIAN_POINT('',(-10.29353387058,6.227887568077,
    75.445204144955));
#5611 = CARTESIAN_POINT('',(-10.62627119625,5.658017320862,
    75.488821772615));
#5612 = CARTESIAN_POINT('',(-10.92286385167,5.067975250205,
    75.532445149377));
#5613 = CARTESIAN_POINT('',(-11.1819152939,4.460432800922,
    75.576073317327));
#5614 = CARTESIAN_POINT('',(-11.40226610436,3.838197312562,
    75.619703878491));
#5615 = CARTESIAN_POINT('',(-11.58299398886,3.20421201941,
    75.663332994833));
#5616 = CARTESIAN_POINT('',(-11.9169151137,1.675963002654,
    75.767067937134));
#5617 = CARTESIAN_POINT('',(-12.03393502732,0.773304176351,
    75.827194874723));
#5618 = CARTESIAN_POINT('',(-12.07281830071,-0.138223607015,
    75.887322471065));
#5619 = CARTESIAN_POINT('',(-12.03283944672,-1.050593698127,
    75.947442814204));
#5620 = CARTESIAN_POINT('',(-11.91420270878,-1.955949619771,
    76.007553810182));
#5621 = CARTESIAN_POINT('',(-11.71804206092,-2.846605066828,
    76.067659183044));
#5622 = CARTESIAN_POINT('',(-11.44642120773,-3.71504390628,
    76.127768474833));
#5623 = CARTESIAN_POINT('',(-10.61314158691,-5.746556967425,
    76.273382293076));
#5624 = CARTESIAN_POINT('',(-9.976902406565,-6.880110422038,
    76.358945406147));
#5625 = CARTESIAN_POINT('',(-9.203005962419,-7.932177976372,
    76.444475507014));
#5626 = CARTESIAN_POINT('',(-8.303821405927,-8.883121296905,
    76.52995980739));
#5627 = CARTESIAN_POINT('',(-7.294527873134,-9.716138008645,
    76.615436662302));
#5628 = CARTESIAN_POINT('',(-6.192945236906,-10.41733342249,
    76.700948623917));
#5629 = CARTESIAN_POINT('',(-5.019364859139,-10.97579226265,
    76.786495495349));
#5630 = CARTESIAN_POINT('',(-2.357488895797,-11.86351221477,
    76.972572098724));
#5631 = CARTESIAN_POINT('',(-0.846418677027,-12.13646721485,
    77.073356412348));
#5632 = CARTESIAN_POINT('',(0.697687622799,-12.1878796332,
    77.174024717486));
#5633 = CARTESIAN_POINT('',(2.237092067039,-12.01542889648,
    77.274626263656));
#5634 = CARTESIAN_POINT('',(3.735171035158,-11.62224624294,
    77.37521377285));
#5635 = CARTESIAN_POINT('',(5.156757746255,-11.01879780864,
    77.475847281849));
#5636 = CARTESIAN_POINT('',(6.467952781662,-10.2209128705,
    77.576587298768));
#5637 = CARTESIAN_POINT('',(8.656832259444,-8.414519526149,
    77.764787271147));
#5638 = CARTESIAN_POINT('',(9.570573950289,-7.444983977923,
    77.852445574922));
#5639 = CARTESIAN_POINT('',(10.358936210594,-6.362943107128,
    77.940059535981));
#5640 = CARTESIAN_POINT('',(11.006549866298,-5.187560693154,
    78.02765687349));
#5641 = CARTESIAN_POINT('',(11.501091238552,-3.939811483307,
    78.115267408755));
#5642 = CARTESIAN_POINT('',(11.833968830481,-2.642558607811,
    78.202912645294));
#5643 = CARTESIAN_POINT('',(12.,-1.32035046565,78.290585524883));
#5644 = CARTESIAN_POINT('',(12.,3.907985046681E-14,78.378143376238));
#5645 = PCURVE('',#4643,#5646);
#5646 = DEFINITIONAL_REPRESENTATION('',(#5647),#5706);
#5647 = B_SPLINE_CURVE_WITH_KNOTS('',8,(#5648,#5649,#5650,#5651,#5652,
    #5653,#5654,#5655,#5656,#5657,#5658,#5659,#5660,#5661,#5662,#5663,
    #5664,#5665,#5666,#5667,#5668,#5669,#5670,#5671,#5672,#5673,#5674,
    #5675,#5676,#5677,#5678,#5679,#5680,#5681,#5682,#5683,#5684,#5685,
    #5686,#5687,#5688,#5689,#5690,#5691,#5692,#5693,#5694,#5695,#5696,
    #5697,#5698,#5699,#5700,#5701,#5702,#5703,#5704,#5705),
  .UNSPECIFIED.,.F.,.F.,(9,7,7,7,7,7,7,7,9),(0.,0.146847318566,
    0.282345891403,0.396101871714,0.46592313334,0.56213825757,
    0.69892803326,0.85986681515,1.),.UNSPECIFIED.);
#5648 = CARTESIAN_POINT('',(0.,73.378143376235));
#5649 = CARTESIAN_POINT('',(0.115205787638,73.469820592183));
#5650 = CARTESIAN_POINT('',(0.230551553212,73.561620725901));
#5651 = CARTESIAN_POINT('',(0.345827987773,73.653355472949));
#5652 = CARTESIAN_POINT('',(0.461070519259,73.745054310491));
#5653 = CARTESIAN_POINT('',(0.576321816186,73.836765113637));
#5654 = CARTESIAN_POINT('',(0.691628537168,73.928520275027));
#5655 = CARTESIAN_POINT('',(0.807011617575,74.020338998655));
#5656 = CARTESIAN_POINT('',(1.028542664621,74.196629094204));
#5657 = CARTESIAN_POINT('',(1.13500340353,74.281349350708));
#5658 = CARTESIAN_POINT('',(1.241418796693,74.366033680211));
#5659 = CARTESIAN_POINT('',(1.34779259085,74.450684018517));
#5660 = CARTESIAN_POINT('',(1.454150914606,74.535321117139));
#5661 = CARTESIAN_POINT('',(1.560531189011,74.619975398101));
#5662 = CARTESIAN_POINT('',(1.666958954074,74.704667556393));
#5663 = CARTESIAN_POINT('',(1.862603029653,74.860355944449));
#5664 = CARTESIAN_POINT('',(1.951944004439,74.93145130514));
#5665 = CARTESIAN_POINT('',(2.041277380294,75.002540880043));
#5666 = CARTESIAN_POINT('',(2.130605330333,75.073626363761));
#5667 = CARTESIAN_POINT('',(2.219940744034,75.1447177914));
#5668 = CARTESIAN_POINT('',(2.309292620053,75.215822082711));
#5669 = CARTESIAN_POINT('',(2.398653222772,75.286932972781));
#5670 = CARTESIAN_POINT('',(2.542738443066,75.40159178425));
#5671 = CARTESIAN_POINT('',(2.597543785631,75.445204144955));
#5672 = CARTESIAN_POINT('',(2.652355893519,75.488821772615));
#5673 = CARTESIAN_POINT('',(2.707175343362,75.532445149377));
#5674 = CARTESIAN_POINT('',(2.762000890581,75.576073317327));
#5675 = CARTESIAN_POINT('',(2.816829469381,75.619703878491));
#5676 = CARTESIAN_POINT('',(2.871656192752,75.663332994833));
#5677 = CARTESIAN_POINT('',(3.002014895921,75.767067937134));
#5678 = CARTESIAN_POINT('',(3.077573324076,75.827194874723));
#5679 = CARTESIAN_POINT('',(3.153132220148,75.887322471065));
#5680 = CARTESIAN_POINT('',(3.228681555065,75.947442814204));
#5681 = CARTESIAN_POINT('',(3.304218687472,76.007553810182));
#5682 = CARTESIAN_POINT('',(3.379748363733,76.067659183044));
#5683 = CARTESIAN_POINT('',(3.45528271793,76.127768474833));
#5684 = CARTESIAN_POINT('',(3.638263444072,76.273382293076));
#5685 = CARTESIAN_POINT('',(3.745783286083,76.358945406147));
#5686 = CARTESIAN_POINT('',(3.853262244932,76.444475507014));
#5687 = CARTESIAN_POINT('',(3.960684611915,76.52995980739));
#5688 = CARTESIAN_POINT('',(4.068098597568,76.615436662302));
#5689 = CARTESIAN_POINT('',(4.175557406644,76.700948623917));
#5690 = CARTESIAN_POINT('',(4.283060313096,76.786495495349));
#5691 = CARTESIAN_POINT('',(4.516893562645,76.972572098724));
#5692 = CARTESIAN_POINT('',(4.643543787281,77.073356412348));
#5693 = CARTESIAN_POINT('',(4.770047216654,77.174024717486));
#5694 = CARTESIAN_POINT('',(4.896465520208,77.274626263656));
#5695 = CARTESIAN_POINT('',(5.022866182965,77.37521377285));
#5696 = CARTESIAN_POINT('',(5.149326708758,77.475847281849));
#5697 = CARTESIAN_POINT('',(5.275921624396,77.576587298768));
#5698 = CARTESIAN_POINT('',(5.512421716638,77.764787271147));
#5699 = CARTESIAN_POINT('',(5.622576325542,77.852445574922));
#5700 = CARTESIAN_POINT('',(5.73267373266,77.940059535981));
#5701 = CARTESIAN_POINT('',(5.842748095924,78.02765687349));
#5702 = CARTESIAN_POINT('',(5.952836874186,78.115267408755));
#5703 = CARTESIAN_POINT('',(6.062972295522,78.202912645294));
#5704 = CARTESIAN_POINT('',(6.173156101709,78.290585524883));
#5705 = CARTESIAN_POINT('',(6.28318530718,78.378143376238));
#5706 = ( GEOMETRIC_REPRESENTATION_CONTEXT(2) 
PARAMETRIC_REPRESENTATION_CONTEXT() REPRESENTATION_CONTEXT('2D SPACE',''
  ) );
#5707 = PCURVE('',#5021,#5708);
#5708 = DEFINITIONAL_REPRESENTATION('',(#5709),#5768);
#5709 = B_SPLINE_CURVE_WITH_KNOTS('',8,(#5710,#5711,#5712,#5713,#5714,
    #5715,#5716,#5717,#5718,#5719,#5720,#5721,#5722,#5723,#5724,#5725,
    #5726,#5727,#5728,#5729,#5730,#5731,#5732,#5733,#5734,#5735,#5736,
    #5737,#5738,#5739,#5740,#5741,#5742,#5743,#5744,#5745,#5746,#5747,
    #5748,#5749,#5750,#5751,#5752,#5753,#5754,#5755,#5756,#5757,#5758,
    #5759,#5760,#5761,#5762,#5763,#5764,#5765,#5766,#5767),
  .UNSPECIFIED.,.F.,.F.,(9,7,7,7,7,7,7,7,9),(0.,0.146847318566,
    0.282345891403,0.396101871714,0.46592313334,0.56213825757,
    0.69892803326,0.85986681515,1.),.UNSPECIFIED.);
#5710 = CARTESIAN_POINT('',(1.035770917121,120.43627715461));
#5711 = CARTESIAN_POINT('',(1.035768341665,120.58350899744));
#5712 = CARTESIAN_POINT('',(1.035809834074,120.73091996551));
#5713 = CARTESIAN_POINT('',(1.035806443424,120.87824453961));
#5714 = CARTESIAN_POINT('',(1.035779580944,121.02552117895));
#5715 = CARTESIAN_POINT('',(1.03576811175,121.17281065042));
#5716 = CARTESIAN_POINT('',(1.035759921388,121.32016999997));
#5717 = CARTESIAN_POINT('',(1.035759805467,121.46762807968));
#5718 = CARTESIAN_POINT('',(1.035764062837,121.75074275752));
#5719 = CARTESIAN_POINT('',(1.035768386279,121.88679907727));
#5720 = CARTESIAN_POINT('',(1.035772435657,122.02279781304));
#5721 = CARTESIAN_POINT('',(1.035773105235,122.15874336175));
#5722 = CARTESIAN_POINT('',(1.035771344907,122.29466865572));
#5723 = CARTESIAN_POINT('',(1.035769647028,122.43062151811));
#5724 = CARTESIAN_POINT('',(1.035769093821,122.56663473556));
#5725 = CARTESIAN_POINT('',(1.035770470993,122.81666490261));
#5726 = CARTESIAN_POINT('',(1.035772014841,122.93084121371));
#5727 = CARTESIAN_POINT('',(1.035774547882,123.04500782275));
#5728 = CARTESIAN_POINT('',(1.035777625078,123.1591676358));
#5729 = CARTESIAN_POINT('',(1.035780202663,123.2733372018));
#5730 = CARTESIAN_POINT('',(1.035781405893,123.38752799647));
#5731 = CARTESIAN_POINT('',(1.035780972448,123.50173006735));
#5732 = CARTESIAN_POINT('',(1.035777995807,123.68586980852));
#5733 = CARTESIAN_POINT('',(1.035776304109,123.75591061318));
#5734 = CARTESIAN_POINT('',(1.035774156362,123.82596006556));
#5735 = CARTESIAN_POINT('',(1.035771680422,123.89601888694));
#5736 = CARTESIAN_POINT('',(1.035769028486,123.96608547581));
#5737 = CARTESIAN_POINT('',(1.035766377089,124.03615590788));
#5738 = CARTESIAN_POINT('',(1.035763927103,124.10622393608));
#5739 = CARTESIAN_POINT('',(1.035759115504,124.2728210421));
#5740 = CARTESIAN_POINT('',(1.035757096364,124.36938388251));
#5741 = CARTESIAN_POINT('',(1.035756253993,124.4659472928));
#5742 = CARTESIAN_POINT('',(1.035756777033,124.56249848838));
#5743 = CARTESIAN_POINT('',(1.035758635092,124.65903411901));
#5744 = CARTESIAN_POINT('',(1.035761578751,124.75556026884));
#5745 = CARTESIAN_POINT('',(1.035765139556,124.85209245639));
#5746 = CARTESIAN_POINT('',(1.035773592447,125.08594024115));
#5747 = CARTESIAN_POINT('',(1.035778826842,125.22334978468));
#5748 = CARTESIAN_POINT('',(1.035782076954,125.36070713461));
#5749 = CARTESIAN_POINT('',(1.035782569085,125.49799207421));
#5750 = CARTESIAN_POINT('',(1.035780625666,125.63526606676));
#5751 = CARTESIAN_POINT('',(1.035777278831,125.77259702166));
#5752 = CARTESIAN_POINT('',(1.035773883988,125.90998406055));
#5753 = CARTESIAN_POINT('',(1.035769203129,126.20881927449));
#5754 = CARTESIAN_POINT('',(1.03576811726,126.37067621685));
#5755 = CARTESIAN_POINT('',(1.035769533272,126.53234581553));
#5756 = CARTESIAN_POINT('',(1.035773239112,126.69390725167));
#5757 = CARTESIAN_POINT('',(1.035774540843,126.85544714196));
#5758 = CARTESIAN_POINT('',(1.035769142045,127.01706368552));
#5759 = CARTESIAN_POINT('',(1.035763473773,127.17885138927));
#5760 = CARTESIAN_POINT('',(1.035760004624,127.48109616564));
#5761 = CARTESIAN_POINT('',(1.03576125836,127.62187217163));
#5762 = CARTESIAN_POINT('',(1.035768467545,127.76257449459));
#5763 = CARTESIAN_POINT('',(1.035782679895,127.90324721614));
#5764 = CARTESIAN_POINT('',(1.035802734358,128.04393870987));
#5765 = CARTESIAN_POINT('',(1.035808297354,128.18469194304));
#5766 = CARTESIAN_POINT('',(1.035773376919,128.32550636037));
#5767 = CARTESIAN_POINT('',(1.035770917137,128.46612258303));
#5768 = ( GEOMETRIC_REPRESENTATION_CONTEXT(2) 
PARAMETRIC_REPRESENTATION_CONTEXT() REPRESENTATION_CONTEXT('2D SPACE',''
  ) );
#5769 = ORIENTED_EDGE('',*,*,#5770,.F.);
#5770 = EDGE_CURVE('',#4311,#5583,#5771,.T.);
#5771 = SURFACE_CURVE('',#5772,(#5776,#5783),.PCURVE_S1.);
#5772 = LINE('',#5773,#5774);
#5773 = CARTESIAN_POINT('',(12.,-2.939152317954E-15,0.));
#5774 = VECTOR('',#5775,1.);
#5775 = DIRECTION('',(0.,0.,1.));
#5776 = PCURVE('',#4643,#5777);
#5777 = DEFINITIONAL_REPRESENTATION('',(#5778),#5782);
#5778 = LINE('',#5779,#5780);
#5779 = CARTESIAN_POINT('',(0.,-0.));
#5780 = VECTOR('',#5781,1.);
#5781 = DIRECTION('',(0.,1.));
#5782 = ( GEOMETRIC_REPRESENTATION_CONTEXT(2) 
PARAMETRIC_REPRESENTATION_CONTEXT() REPRESENTATION_CONTEXT('2D SPACE',''
  ) );
#5783 = PCURVE('',#4436,#5784);
#5784 = DEFINITIONAL_REPRESENTATION('',(#5785),#5789);
#5785 = LINE('',#5786,#5787);
#5786 = CARTESIAN_POINT('',(6.28318530718,-0.));
#5787 = VECTOR('',#5788,1.);
#5788 = DIRECTION('',(0.,1.));
#5789 = ( GEOMETRIC_REPRESENTATION_CONTEXT(2) 
PARAMETRIC_REPRESENTATION_CONTEXT() REPRESENTATION_CONTEXT('2D SPACE',''
  ) );
#5790 = ADVANCED_FACE('',(#5791),#4436,.T.);
#5791 = FACE_BOUND('',#5792,.T.);
#5792 = EDGE_LOOP('',(#5793,#6002,#6023,#6024));
#5793 = ORIENTED_EDGE('',*,*,#5794,.F.);
#5794 = EDGE_CURVE('',#5795,#5583,#5797,.T.);
#5795 = VERTEX_POINT('',#5796);
#5796 = CARTESIAN_POINT('',(12.,-2.939152317954E-15,68.378143376268));
#5797 = SURFACE_CURVE('',#5798,(#5864,#5933),.PCURVE_S1.);
#5798 = B_SPLINE_CURVE_WITH_KNOTS('',8,(#5799,#5800,#5801,#5802,#5803,
    #5804,#5805,#5806,#5807,#5808,#5809,#5810,#5811,#5812,#5813,#5814,
    #5815,#5816,#5817,#5818,#5819,#5820,#5821,#5822,#5823,#5824,#5825,
    #5826,#5827,#5828,#5829,#5830,#5831,#5832,#5833,#5834,#5835,#5836,
    #5837,#5838,#5839,#5840,#5841,#5842,#5843,#5844,#5845,#5846,#5847,
    #5848,#5849,#5850,#5851,#5852,#5853,#5854,#5855,#5856,#5857,#5858,
    #5859,#5860,#5861,#5862,#5863),.UNSPECIFIED.,.F.,.F.,(9,7,7,7,7,7,7,
    7,7,9),(0.,7.25664800197E-02,0.237471447582,0.400108607588,
    0.532916934952,0.62111791231,0.694231845024,0.840400848544,
    0.933998390556,1.),.UNSPECIFIED.);
#5799 = CARTESIAN_POINT('',(12.,-2.84217094304E-14,68.378143376268));
#5800 = CARTESIAN_POINT('',(12.,0.68379288504,68.423488485283));
#5801 = CARTESIAN_POINT('',(11.955434607939,1.367924681925,
    68.468855828004));
#5802 = CARTESIAN_POINT('',(11.866302112618,2.048755290577,
    68.514231943384));
#5803 = CARTESIAN_POINT('',(11.732911557637,2.722764511709,
    68.55960696316));
#5804 = CARTESIAN_POINT('',(11.555882741395,3.386552046828,
    68.604974611847));
#5805 = CARTESIAN_POINT('',(11.336146217096,4.036837498234,
    68.650332206739));
#5806 = CARTESIAN_POINT('',(11.07494329274,4.670460369019,
    68.695680657912));
#5807 = CARTESIAN_POINT('',(10.089546839902,6.679492616484,
    68.844066803553));
#5808 = CARTESIAN_POINT('',(9.197447410125,7.976028394519,
    68.947308080896));
#5809 = CARTESIAN_POINT('',(8.115888519301,9.13349644901,69.050435949038
    ));
#5810 = CARTESIAN_POINT('',(6.87127103285,10.120786359196,
    69.153505900156));
#5811 = CARTESIAN_POINT('',(5.494438150812,10.913238703944,
    69.256573545444));
#5812 = CARTESIAN_POINT('',(4.019673577864,11.491396278586,
    69.359698662756));
#5813 = CARTESIAN_POINT('',(2.485448180299,11.842205195975,
    69.462945796882));
#5814 = CARTESIAN_POINT('',(-0.592005388919,12.082997649157,
    69.667649281071));
#5815 = CARTESIAN_POINT('',(-2.140071153725,11.979665205824,
    69.769461190158));
#5816 = CARTESIAN_POINT('',(-3.665977239497,11.64903579883,
    69.871157497846));
#5817 = CARTESIAN_POINT('',(-5.131394470154,11.097558300215,
    69.972801420651));
#5818 = CARTESIAN_POINT('',(-6.500880339854,10.338276215849,
    70.074453556901));
#5819 = CARTESIAN_POINT('',(-7.741341005043,9.389639630923,
    70.17616910432));
#5820 = CARTESIAN_POINT('',(-8.822778640694,8.276885368628,
    70.277994353586));
#5821 = CARTESIAN_POINT('',(-10.4548643924,6.021767371216,
    70.462596338174));
#5822 = CARTESIAN_POINT('',(-11.068407843,4.919646129593,70.545657188786
    ));
#5823 = CARTESIAN_POINT('',(-11.5483033841,3.746983513333,
    70.628686832044));
#5824 = CARTESIAN_POINT('',(-11.88568237918,2.522952163644,
    70.711693468549));
#5825 = CARTESIAN_POINT('',(-12.07461287155,1.267456811963,
    70.794697784934));
#5826 = CARTESIAN_POINT('',(-12.11246291774,1.079331320957E-03,
    70.877721183227));
#5827 = CARTESIAN_POINT('',(-11.99958181256,-1.25503888405,
    70.960769964592));
#5828 = CARTESIAN_POINT('',(-11.5694866347,-3.292001456711,
    71.098830042841));
#5829 = CARTESIAN_POINT('',(-11.33341431712,-4.091647495883,
    71.153943049004));
#5830 = CARTESIAN_POINT('',(-11.03423845849,-4.87179232062,
    71.209064314289));
#5831 = CARTESIAN_POINT('',(-10.67388266262,-5.626547822504,
    71.264188259454));
#5832 = CARTESIAN_POINT('',(-10.25486888072,-6.350368632017,
    71.319311092197));
#5833 = CARTESIAN_POINT('',(-9.780317411453,-7.038052118537,
    71.374430807155));
#5834 = CARTESIAN_POINT('',(-9.253946900854,-7.684738390342,
    71.429547185902));
#5835 = CARTESIAN_POINT('',(-8.204364425332,-8.784249921615,
    71.530348886655));
#5836 = CARTESIAN_POINT('',(-7.696242782745,-9.25113333536,
    71.576008860479));
#5837 = CARTESIAN_POINT('',(-7.157964931163,-9.68421253499,
    71.621659462382));
#5838 = CARTESIAN_POINT('',(-6.592019539716,-10.08133998051,
    71.667312752945));
#5839 = CARTESIAN_POINT('',(-6.001128430142,-10.44056859282,
    71.712975109376));
#5840 = CARTESIAN_POINT('',(-5.388246576789,-10.76015175366,
    71.758647225511));
#5841 = CARTESIAN_POINT('',(-4.756562106612,-11.03854330565,
    71.804324111813));
#5842 = CARTESIAN_POINT('',(-2.815885618241,-11.74591616614,
    71.941300294112));
#5843 = CARTESIAN_POINT('',(-1.459016063484,-12.04832341233,
    72.032706284931));
#5844 = CARTESIAN_POINT('',(-6.702962837369E-02,-12.17062733322,
    72.12404399958));
#5845 = CARTESIAN_POINT('',(1.332194664067,-12.10929627994,
    72.215337825818));
#5846 = CARTESIAN_POINT('',(2.711205148051,-11.86495131807,
    72.306627688846));
#5847 = CARTESIAN_POINT('',(4.043140078327,-11.44302404556,
    72.397954446109));
#5848 = CARTESIAN_POINT('',(5.30164778531,-10.85301230321,
    72.489346945415));
#5849 = CARTESIAN_POINT('',(7.204563973927,-9.636981434828,
    72.639102750427));
#5850 = CARTESIAN_POINT('',(7.907701334551,-9.099764155635,
    72.697568358918));
#5851 = CARTESIAN_POINT('',(8.564799877792,-8.504147271337,
    72.756035971429));
#5852 = CARTESIAN_POINT('',(9.170184512231,-7.854786481451,
    72.814503241404));
#5853 = CARTESIAN_POINT('',(9.718840827528,-7.156876850258,
    72.872968984272));
#5854 = CARTESIAN_POINT('',(10.206415094426,-6.4161528068,
    72.931433177447));
#5855 = CARTESIAN_POINT('',(10.629214264748,-5.638888144885,
    72.989896960334));
#5856 = CARTESIAN_POINT('',(11.234533314135,-4.262834296641,
    73.089590518061));
#5857 = CARTESIAN_POINT('',(11.451188364467,-3.678815584216,
    73.130826060562));
#5858 = CARTESIAN_POINT('',(11.633116984241,-3.082346843099,
    73.172059465666));
#5859 = CARTESIAN_POINT('',(11.779479766884,-2.475920798978,
    73.213285105951));
#5860 = CARTESIAN_POINT('',(11.889652037402,-1.862015945934,
    73.254501522732));
#5861 = CARTESIAN_POINT('',(11.963223852384,-1.243096546443,
    73.295711426058));
#5862 = CARTESIAN_POINT('',(12.,-0.621612631377,73.336921694718));
#5863 = CARTESIAN_POINT('',(12.,-8.881784197001E-15,73.378143376235));
#5864 = PCURVE('',#4436,#5865);
#5865 = DEFINITIONAL_REPRESENTATION('',(#5866),#5932);
#5866 = B_SPLINE_CURVE_WITH_KNOTS('',8,(#5867,#5868,#5869,#5870,#5871,
    #5872,#5873,#5874,#5875,#5876,#5877,#5878,#5879,#5880,#5881,#5882,
    #5883,#5884,#5885,#5886,#5887,#5888,#5889,#5890,#5891,#5892,#5893,
    #5894,#5895,#5896,#5897,#5898,#5899,#5900,#5901,#5902,#5903,#5904,
    #5905,#5906,#5907,#5908,#5909,#5910,#5911,#5912,#5913,#5914,#5915,
    #5916,#5917,#5918,#5919,#5920,#5921,#5922,#5923,#5924,#5925,#5926,
    #5927,#5928,#5929,#5930,#5931),.UNSPECIFIED.,.F.,.F.,(9,7,7,7,7,7,7,
    7,7,9),(0.,7.25664800197E-02,0.237471447582,0.400108607588,
    0.532916934952,0.62111791231,0.694231845024,0.840400848544,
    0.933998390556,1.),.UNSPECIFIED.);
#5867 = CARTESIAN_POINT('',(0.,68.378143376268));
#5868 = CARTESIAN_POINT('',(5.698274042004E-02,68.423488485283));
#5869 = CARTESIAN_POINT('',(0.113990422932,68.468855828004));
#5870 = CARTESIAN_POINT('',(0.171008370355,68.514231943384));
#5871 = CARTESIAN_POINT('',(0.228025716935,68.55960696316));
#5872 = CARTESIAN_POINT('',(0.285035408341,68.604974611847));
#5873 = CARTESIAN_POINT('',(0.342034201663,68.650332206739));
#5874 = CARTESIAN_POINT('',(0.399022665419,68.695680657912));
#5875 = CARTESIAN_POINT('',(0.585496091077,68.844066803553));
#5876 = CARTESIAN_POINT('',(0.715238857,68.947308080896));
#5877 = CARTESIAN_POINT('',(0.844835344682,69.050435949038));
#5878 = CARTESIAN_POINT('',(0.974353839665,69.153505900156));
#5879 = CARTESIAN_POINT('',(1.103868522695,69.256573545444));
#5880 = CARTESIAN_POINT('',(1.233458054493,69.359698662756));
#5881 = CARTESIAN_POINT('',(1.363201691913,69.462945796882));
#5882 = CARTESIAN_POINT('',(1.620439982276,69.667649281071));
#5883 = CARTESIAN_POINT('',(1.748381314538,69.769461190158));
#5884 = CARTESIAN_POINT('',(1.876177355534,69.871157497846));
#5885 = CARTESIAN_POINT('',(2.003906257111,69.972801420651));
#5886 = CARTESIAN_POINT('',(2.131644608183,70.074453556901));
#5887 = CARTESIAN_POINT('',(2.259463090161,70.17616910432));
#5888 = CARTESIAN_POINT('',(2.387420426698,70.277994353586));
#5889 = CARTESIAN_POINT('',(2.619399548771,70.462596338174));
#5890 = CARTESIAN_POINT('',(2.723778092334,70.545657188786));
#5891 = CARTESIAN_POINT('',(2.828117902086,70.628686832044));
#5892 = CARTESIAN_POINT('',(2.932428926552,70.711693468549));
#5893 = CARTESIAN_POINT('',(3.036736503678,70.794697784934));
#5894 = CARTESIAN_POINT('',(3.141067114557,70.877721183227));
#5895 = CARTESIAN_POINT('',(3.245428729127,70.960769964592));
#5896 = CARTESIAN_POINT('',(3.418918209764,71.098830042841));
#5897 = CARTESIAN_POINT('',(3.488174186046,71.153943049004));
#5898 = CARTESIAN_POINT('',(3.557440397445,71.209064314289));
#5899 = CARTESIAN_POINT('',(3.626709970827,71.264188259454));
#5900 = CARTESIAN_POINT('',(3.6959782607,71.319311092197));
#5901 = CARTESIAN_POINT('',(3.765242849209,71.374430807155));
#5902 = CARTESIAN_POINT('',(3.834503546143,71.429547185902));
#5903 = CARTESIAN_POINT('',(3.961174296634,71.530348886655));
#5904 = CARTESIAN_POINT('',(4.018552370237,71.576008860479));
#5905 = CARTESIAN_POINT('',(4.075918892484,71.621659462382));
#5906 = CARTESIAN_POINT('',(4.13328898865,71.667312752945));
#5907 = CARTESIAN_POINT('',(4.190670626541,71.712975109376));
#5908 = CARTESIAN_POINT('',(4.248064616492,71.758647225511));
#5909 = CARTESIAN_POINT('',(4.305464611371,71.804324111813));
#5910 = CARTESIAN_POINT('',(4.477595891945,71.941300294112));
#5911 = CARTESIAN_POINT('',(4.592461071415,72.032706284932));
#5912 = CARTESIAN_POINT('',(4.707239692366,72.124043999579));
#5913 = CARTESIAN_POINT('',(4.821962157826,72.21533782582));
#5914 = CARTESIAN_POINT('',(4.936679157003,72.306627688845));
#5915 = CARTESIAN_POINT('',(5.051443501405,72.39795444611));
#5916 = CARTESIAN_POINT('',(5.166291303429,72.489346945415));
#5917 = CARTESIAN_POINT('',(5.354481165702,72.639102750427));
#5918 = CARTESIAN_POINT('',(5.42795190545,72.697568358918));
#5919 = CARTESIAN_POINT('',(5.501424832763,72.756035971429));
#5920 = CARTESIAN_POINT('',(5.574896664136,72.814503241404));
#5921 = CARTESIAN_POINT('',(5.648365805815,72.872968984272));
#5922 = CARTESIAN_POINT('',(5.721832353803,72.931433177447));
#5923 = CARTESIAN_POINT('',(5.795298093856,72.989896960334));
#5924 = CARTESIAN_POINT('',(5.920573771664,73.089590518061));
#5925 = CARTESIAN_POINT('',(5.972390492452,73.130826060562));
#5926 = CARTESIAN_POINT('',(6.024205290339,73.172059465666));
#5927 = CARTESIAN_POINT('',(6.076011548156,73.213285105951));
#5928 = CARTESIAN_POINT('',(6.127807405071,73.254501522732));
#5929 = CARTESIAN_POINT('',(6.179595756591,73.295711426058));
#5930 = CARTESIAN_POINT('',(6.231384254565,73.336921694718));
#5931 = CARTESIAN_POINT('',(6.28318530718,73.378143376235));
#5932 = ( GEOMETRIC_REPRESENTATION_CONTEXT(2) 
PARAMETRIC_REPRESENTATION_CONTEXT() REPRESENTATION_CONTEXT('2D SPACE',''
  ) );
#5933 = PCURVE('',#5021,#5934);
#5934 = DEFINITIONAL_REPRESENTATION('',(#5935),#6001);
#5935 = B_SPLINE_CURVE_WITH_KNOTS('',8,(#5936,#5937,#5938,#5939,#5940,
    #5941,#5942,#5943,#5944,#5945,#5946,#5947,#5948,#5949,#5950,#5951,
    #5952,#5953,#5954,#5955,#5956,#5957,#5958,#5959,#5960,#5961,#5962,
    #5963,#5964,#5965,#5966,#5967,#5968,#5969,#5970,#5971,#5972,#5973,
    #5974,#5975,#5976,#5977,#5978,#5979,#5980,#5981,#5982,#5983,#5984,
    #5985,#5986,#5987,#5988,#5989,#5990,#5991,#5992,#5993,#5994,#5995,
    #5996,#5997,#5998,#5999,#6000),.UNSPECIFIED.,.F.,.F.,(9,7,7,7,7,7,7,
    7,7,9),(0.,7.25664800197E-02,0.237471447582,0.400108607588,
    0.532916934952,0.62111791231,0.694231845024,0.840400848544,
    0.933998390556,1.),.UNSPECIFIED.);
#5936 = CARTESIAN_POINT('',(1.035770917255,112.40643172619));
#5937 = CARTESIAN_POINT('',(1.035769643421,112.47925509777));
#5938 = CARTESIAN_POINT('',(1.035777129709,112.55211054278));
#5939 = CARTESIAN_POINT('',(1.035786765145,112.62497918507));
#5940 = CARTESIAN_POINT('',(1.035794048626,112.69784704331));
#5941 = CARTESIAN_POINT('',(1.035796588923,112.77070503101));
#5942 = CARTESIAN_POINT('',(1.035794104675,112.84354895654));
#5943 = CARTESIAN_POINT('',(1.035788424394,112.91637952307));
#5944 = CARTESIAN_POINT('',(1.035772265174,113.15468978766));
#5945 = CARTESIAN_POINT('',(1.035756817854,113.32049849413));
#5946 = CARTESIAN_POINT('',(1.035753193804,113.48612016529));
#5947 = CARTESIAN_POINT('',(1.035761926347,113.65164369868));
#5948 = CARTESIAN_POINT('',(1.035770728602,113.81716350006));
#5949 = CARTESIAN_POINT('',(1.035771836794,113.9827787908));
#5950 = CARTESIAN_POINT('',(1.035771704846,114.14859055112));
#5951 = CARTESIAN_POINT('',(1.035769816198,114.47733880177));
#5952 = CARTESIAN_POINT('',(1.035768391965,114.64084617101));
#5953 = CARTESIAN_POINT('',(1.035768441759,114.80416727663));
#5954 = CARTESIAN_POINT('',(1.035772786814,114.96740247232));
#5955 = CARTESIAN_POINT('',(1.035778802702,115.13065016557));
#5956 = CARTESIAN_POINT('',(1.035782082327,115.29400083005));
#5957 = CARTESIAN_POINT('',(1.035781675198,115.45752920137));
#5958 = CARTESIAN_POINT('',(1.035775925025,115.75399666663));
#5959 = CARTESIAN_POINT('',(1.035771493416,115.88739166293));
#5960 = CARTESIAN_POINT('',(1.035765717576,116.02073709869));
#5961 = CARTESIAN_POINT('',(1.035759956451,116.15404558022));
#5962 = CARTESIAN_POINT('',(1.035756250876,116.28734948318));
#5963 = CARTESIAN_POINT('',(1.035755563815,116.42068277918));
#5964 = CARTESIAN_POINT('',(1.035757490813,116.55405575544));
#5965 = CARTESIAN_POINT('',(1.03576336788,116.7757735356));
#5966 = CARTESIAN_POINT('',(1.035766520308,116.86428201226));
#5967 = CARTESIAN_POINT('',(1.03576998694,116.95280362251));
#5968 = CARTESIAN_POINT('',(1.035773354443,117.04132957767));
#5969 = CARTESIAN_POINT('',(1.035776288937,117.12985392591));
#5970 = CARTESIAN_POINT('',(1.035778535999,117.21837355218));
#5971 = CARTESIAN_POINT('',(1.035779920661,117.30688817829));
#5972 = CARTESIAN_POINT('',(1.03578070116,117.46877226977));
#5973 = CARTESIAN_POINT('',(1.035780416382,117.5421008943));
#5974 = CARTESIAN_POINT('',(1.035779586987,117.61541469368));
#5975 = CARTESIAN_POINT('',(1.035778331996,117.68873298749));
#5976 = CARTESIAN_POINT('',(1.035776795539,117.76206595753));
#5977 = CARTESIAN_POINT('',(1.035775146853,117.83541464791));
#5978 = CARTESIAN_POINT('',(1.035773580286,117.90877096496));
#5979 = CARTESIAN_POINT('',(1.035769786319,118.12875205274));
#5980 = CARTESIAN_POINT('',(1.035768271725,118.27554787641));
#5981 = CARTESIAN_POINT('',(1.035768776423,118.42223321317));
#5982 = CARTESIAN_POINT('',(1.035771355948,118.56884720598));
#5983 = CARTESIAN_POINT('',(1.03577368513,118.71545493783));
#5984 = CARTESIAN_POINT('',(1.035771962647,118.86212360107));
#5985 = CARTESIAN_POINT('',(1.035767935219,119.00889879998));
#5986 = CARTESIAN_POINT('',(1.03576233713,119.249404315));
#5987 = CARTESIAN_POINT('',(1.035759873415,119.34329929663));
#5988 = CARTESIAN_POINT('',(1.035758995146,119.43719683909));
#5989 = CARTESIAN_POINT('',(1.035760735574,119.53109274536));
#5990 = CARTESIAN_POINT('',(1.035765297362,119.624985029));
#5991 = CARTESIAN_POINT('',(1.03577205258,119.71887391417));
#5992 = CARTESIAN_POINT('',(1.035779542712,119.81276183563));
#5993 = CARTESIAN_POINT('',(1.035789664465,119.97286240944));
#5994 = CARTESIAN_POINT('',(1.035794073268,120.0390835874));
#5995 = CARTESIAN_POINT('',(1.035795813474,120.10530243956));
#5996 = CARTESIAN_POINT('',(1.03579353117,120.17151048997));
#5997 = CARTESIAN_POINT('',(1.035787410114,120.23770531981));
#5998 = CARTESIAN_POINT('',(1.035779171738,120.3038905674));
#5999 = CARTESIAN_POINT('',(1.035772075148,120.37007592815));
#6000 = CARTESIAN_POINT('',(1.035770917121,120.43627715461));
#6001 = ( GEOMETRIC_REPRESENTATION_CONTEXT(2) 
PARAMETRIC_REPRESENTATION_CONTEXT() REPRESENTATION_CONTEXT('2D SPACE',''
  ) );
#6002 = ORIENTED_EDGE('',*,*,#6003,.F.);
#6003 = EDGE_CURVE('',#4118,#5795,#6004,.T.);
#6004 = SURFACE_CURVE('',#6005,(#6009,#6016),.PCURVE_S1.);
#6005 = LINE('',#6006,#6007);
#6006 = CARTESIAN_POINT('',(12.,-2.939152317954E-15,0.));
#6007 = VECTOR('',#6008,1.);
#6008 = DIRECTION('',(0.,0.,1.));
#6009 = PCURVE('',#4436,#6010);
#6010 = DEFINITIONAL_REPRESENTATION('',(#6011),#6015);
#6011 = LINE('',#6012,#6013);
#6012 = CARTESIAN_POINT('',(0.,-0.));
#6013 = VECTOR('',#6014,1.);
#6014 = DIRECTION('',(0.,1.));
#6015 = ( GEOMETRIC_REPRESENTATION_CONTEXT(2) 
PARAMETRIC_REPRESENTATION_CONTEXT() REPRESENTATION_CONTEXT('2D SPACE',''
  ) );
#6016 = PCURVE('',#4243,#6017);
#6017 = DEFINITIONAL_REPRESENTATION('',(#6018),#6022);
#6018 = LINE('',#6019,#6020);
#6019 = CARTESIAN_POINT('',(6.28318530718,-0.));
#6020 = VECTOR('',#6021,1.);
#6021 = DIRECTION('',(0.,1.));
#6022 = ( GEOMETRIC_REPRESENTATION_CONTEXT(2) 
PARAMETRIC_REPRESENTATION_CONTEXT() REPRESENTATION_CONTEXT('2D SPACE',''
  ) );
#6023 = ORIENTED_EDGE('',*,*,#4310,.T.);
#6024 = ORIENTED_EDGE('',*,*,#5770,.T.);
#6025 = ADVANCED_FACE('',(#6026),#4243,.T.);
#6026 = FACE_BOUND('',#6027,.T.);
#6027 = EDGE_LOOP('',(#6028,#6216,#6237,#6238));
#6028 = ORIENTED_EDGE('',*,*,#6029,.F.);
#6029 = EDGE_CURVE('',#6030,#5795,#6032,.T.);
#6030 = VERTEX_POINT('',#6031);
#6031 = CARTESIAN_POINT('',(12.,-2.939152317954E-15,63.37814337626));
#6032 = SURFACE_CURVE('',#6033,(#6092,#6154),.PCURVE_S1.);
#6033 = B_SPLINE_CURVE_WITH_KNOTS('',8,(#6034,#6035,#6036,#6037,#6038,
    #6039,#6040,#6041,#6042,#6043,#6044,#6045,#6046,#6047,#6048,#6049,
    #6050,#6051,#6052,#6053,#6054,#6055,#6056,#6057,#6058,#6059,#6060,
    #6061,#6062,#6063,#6064,#6065,#6066,#6067,#6068,#6069,#6070,#6071,
    #6072,#6073,#6074,#6075,#6076,#6077,#6078,#6079,#6080,#6081,#6082,
    #6083,#6084,#6085,#6086,#6087,#6088,#6089,#6090,#6091),
  .UNSPECIFIED.,.F.,.F.,(9,7,7,7,7,7,7,7,9),(0.,0.142263561145,
    0.215443690813,0.307473282074,0.464942042802,0.620953994071,
    0.688660518909,0.859136736857,1.),.UNSPECIFIED.);
#6034 = CARTESIAN_POINT('',(12.,-3.19744231092E-14,63.37814337626));
#6035 = CARTESIAN_POINT('',(12.,1.340442185314,63.467033591928));
#6036 = CARTESIAN_POINT('',(11.828877060984,2.682260846272,
    63.55602580417));
#6037 = CARTESIAN_POINT('',(11.486021421308,3.997779408501,
    63.644956066439));
#6038 = CARTESIAN_POINT('',(10.976910452011,5.261658259125,
    63.733844400118));
#6039 = CARTESIAN_POINT('',(10.310508421304,6.450150979662,
    63.822736491703));
#6040 = CARTESIAN_POINT('',(9.499707670355,7.541388313613,
    63.911663944672));
#6041 = CARTESIAN_POINT('',(8.560833311627,8.515220462666,
    64.000647046027));
#6042 = CARTESIAN_POINT('',(6.978317629531,9.786651044952,
    64.135266100077));
#6043 = CARTESIAN_POINT('',(6.412413305039,10.183226753248,
    64.18099331497));
#6044 = CARTESIAN_POINT('',(5.820820503703,10.542351403714,
    64.226723443472));
#6045 = CARTESIAN_POINT('',(5.206399595675,10.862121870337,
    64.272459162964));
#6046 = CARTESIAN_POINT('',(4.572181996887,11.140877321404,
    64.318202726193));
#6047 = CARTESIAN_POINT('',(3.921374702528,11.377212103987,
    64.363953899399));
#6048 = CARTESIAN_POINT('',(3.257378659134,11.570013842169,
    64.409706955799));
#6049 = CARTESIAN_POINT('',(1.736770845472,11.905293049895,
    64.512967970063));
#6050 = CARTESIAN_POINT('',(0.874312404919,12.02210803361,
    64.570479835943));
#6051 = CARTESIAN_POINT('',(3.266339632892E-03,12.067448059799,
    64.627992900097));
#6052 = CARTESIAN_POINT('',(-0.869530277686,12.040602784652,
    64.685512615572));
#6053 = CARTESIAN_POINT('',(-1.737223987637,11.941675160919,
    64.743039310444));
#6054 = CARTESIAN_POINT('',(-2.592944944121,11.771581437913,
    64.800568187823));
#6055 = CARTESIAN_POINT('',(-3.429806914338,11.532051161507,
    64.858089325851));
#6056 = CARTESIAN_POINT('',(-5.628754029673,10.701315320877,
    65.013971187674));
#6057 = CARTESIAN_POINT('',(-6.944757312339,9.980038607548,
    65.112514585009));
#6058 = CARTESIAN_POINT('',(-8.152605391136,9.07440107459,
    65.210960405754));
#6059 = CARTESIAN_POINT('',(-9.22302774363,8.004337423347,
    65.309346044025));
#6060 = CARTESIAN_POINT('',(-10.13163445629,6.793989737664,
    65.407724964685));
#6061 = CARTESIAN_POINT('',(-10.85808046007,5.470920912836,
    65.50615164283));
#6062 = CARTESIAN_POINT('',(-11.38695045604,4.066812637065,
    65.604672857063));
#6063 = CARTESIAN_POINT('',(-12.03157460563,1.184175114611,
    65.800552775763));
#6064 = CARTESIAN_POINT('',(-12.15191417649,-0.297156529822,
    65.898160091911));
#6065 = CARTESIAN_POINT('',(-12.0629950681,-1.789436829108,
    65.995676288194));
#6066 = CARTESIAN_POINT('',(-11.76519557696,-3.258441012871,
    66.093146889216));
#6067 = CARTESIAN_POINT('',(-11.26485210842,-4.671490800881,
    66.190625287417));
#6068 = CARTESIAN_POINT('',(-10.57323214177,-5.99718190643,
    66.28816312668));
#6069 = CARTESIAN_POINT('',(-9.707635484914,-7.205712278812,
    66.385794721577));
#6070 = CARTESIAN_POINT('',(-8.254923934092,-8.732876816454,
    66.52556957284));
#6071 = CARTESIAN_POINT('',(-7.787451310051,-9.168119808004,
    66.567846907427));
#6072 = CARTESIAN_POINT('',(-7.293942853453,-9.574575156766,
    66.610114282973));
#6073 = CARTESIAN_POINT('',(-6.776354272699,-9.950535110965,
    66.652381968264));
#6074 = CARTESIAN_POINT('',(-6.23681118846,-10.29443123256,
    66.694656105327));
#6075 = CARTESIAN_POINT('',(-5.677609133673,-10.60483439726,
    66.736938709428));
#6076 = CARTESIAN_POINT('',(-5.101213553544,-10.88045479449,
    66.779227669076));
#6077 = CARTESIAN_POINT('',(-3.022315177144,-11.72364293436,
    66.927995138098));
#6078 = CARTESIAN_POINT('',(-1.438734893507,-12.10091591587,
    67.034712781973));
#6079 = CARTESIAN_POINT('',(0.195201465813,-12.23180958733,
    67.141287548325));
#6080 = CARTESIAN_POINT('',(1.834739677058,-12.11070889294,
    67.247790009951));
#6081 = CARTESIAN_POINT('',(3.436486514418,-11.74072412746,
    67.35428815719));
#6082 = CARTESIAN_POINT('',(4.958150483105,-11.13182532792,
    67.460851024122));
#6083 = CARTESIAN_POINT('',(6.358808186201,-10.30261991302,
    67.567555317768));
#6084 = CARTESIAN_POINT('',(8.627992785395,-8.445009227171,
    67.76202595507));
#6085 = CARTESIAN_POINT('',(9.549243962808,-7.474174133619,
    67.850079817935));
#6086 = CARTESIAN_POINT('',(10.344318620554,-6.38938627235,
    67.938087282731));
#6087 = CARTESIAN_POINT('',(10.997594262127,-5.210063240778,
    68.02607605787));
#6088 = CARTESIAN_POINT('',(11.496554495868,-3.957403031495,
    68.11407866822));
#6089 = CARTESIAN_POINT('',(11.832457875167,-2.654549896204,
    68.20211752943));
#6090 = CARTESIAN_POINT('',(12.,-1.326343891452,68.290188076256));
#6091 = CARTESIAN_POINT('',(12.,-2.84217094304E-14,68.378143376268));
#6092 = PCURVE('',#4243,#6093);
#6093 = DEFINITIONAL_REPRESENTATION('',(#6094),#6153);
#6094 = B_SPLINE_CURVE_WITH_KNOTS('',8,(#6095,#6096,#6097,#6098,#6099,
    #6100,#6101,#6102,#6103,#6104,#6105,#6106,#6107,#6108,#6109,#6110,
    #6111,#6112,#6113,#6114,#6115,#6116,#6117,#6118,#6119,#6120,#6121,
    #6122,#6123,#6124,#6125,#6126,#6127,#6128,#6129,#6130,#6131,#6132,
    #6133,#6134,#6135,#6136,#6137,#6138,#6139,#6140,#6141,#6142,#6143,
    #6144,#6145,#6146,#6147,#6148,#6149,#6150,#6151,#6152),
  .UNSPECIFIED.,.F.,.F.,(9,7,7,7,7,7,7,7,9),(0.,0.142263561145,
    0.215443690813,0.307473282074,0.464942042802,0.620953994071,
    0.688660518909,0.859136736857,1.),.UNSPECIFIED.);
#6095 = CARTESIAN_POINT('',(0.,63.37814337626));
#6096 = CARTESIAN_POINT('',(0.111703515443,63.467033591928));
#6097 = CARTESIAN_POINT('',(0.223521523545,63.55602580417));
#6098 = CARTESIAN_POINT('',(0.335273245086,63.644956066439));
#6099 = CARTESIAN_POINT('',(0.446982412889,63.733844400118));
#6100 = CARTESIAN_POINT('',(0.55869224478,63.822736491703));
#6101 = CARTESIAN_POINT('',(0.670445595026,63.911663944672));
#6102 = CARTESIAN_POINT('',(0.782265835125,64.000647046027));
#6103 = CARTESIAN_POINT('',(0.951432329576,64.135266100077));
#6104 = CARTESIAN_POINT('',(1.008894199069,64.18099331497));
#6105 = CARTESIAN_POINT('',(1.066359491484,64.226723443472));
#6106 = CARTESIAN_POINT('',(1.12383174882,64.272459162964));
#6107 = CARTESIAN_POINT('',(1.181313954361,64.318202726193));
#6108 = CARTESIAN_POINT('',(1.238805905006,64.363953899399));
#6109 = CARTESIAN_POINT('',(1.296300428543,64.409706955799));
#6110 = CARTESIAN_POINT('',(1.42606143402,64.512967970063));
#6111 = CARTESIAN_POINT('',(1.498332995425,64.570479835943));
#6112 = CARTESIAN_POINT('',(1.570606268379,64.627992900097));
#6113 = CARTESIAN_POINT('',(1.642887975224,64.685512615572));
#6114 = CARTESIAN_POINT('',(1.715178422375,64.743039310444));
#6115 = CARTESIAN_POINT('',(1.787471500321,64.800568187823));
#6116 = CARTESIAN_POINT('',(1.859754683624,64.858089325851));
#6117 = CARTESIAN_POINT('',(2.055641031997,65.013971187674));
#6118 = CARTESIAN_POINT('',(2.179473499118,65.112514585009));
#6119 = CARTESIAN_POINT('',(2.30318301609,65.210960405754));
#6120 = CARTESIAN_POINT('',(2.426817511791,65.309346044025));
#6121 = CARTESIAN_POINT('',(2.55044489631,65.407724964685));
#6122 = CARTESIAN_POINT('',(2.674133419728,65.50615164283));
#6123 = CARTESIAN_POINT('',(2.79794080581,65.604672857063));
#6124 = CARTESIAN_POINT('',(3.044093696703,65.800552775763));
#6125 = CARTESIAN_POINT('',(3.166751611491,65.898160091911));
#6126 = CARTESIAN_POINT('',(3.289293926071,65.995676288194));
#6127 = CARTESIAN_POINT('',(3.411777321237,66.093146889216));
#6128 = CARTESIAN_POINT('',(3.534269545014,66.190625287417));
#6129 = CARTESIAN_POINT('',(3.656836732457,66.28816312668));
#6130 = CARTESIAN_POINT('',(3.779522765883,66.385794721577));
#6131 = CARTESIAN_POINT('',(3.955168447246,66.52556957284));
#6132 = CARTESIAN_POINT('',(4.008295742186,66.567846907427));
#6133 = CARTESIAN_POINT('',(4.061410717905,66.610114282973));
#6134 = CARTESIAN_POINT('',(4.114526257167,66.652381968264));
#6135 = CARTESIAN_POINT('',(4.167650043899,66.694656105327));
#6136 = CARTESIAN_POINT('',(4.220784563199,66.736938709428));
#6137 = CARTESIAN_POINT('',(4.273927101329,66.779227669076));
#6138 = CARTESIAN_POINT('',(4.460876008093,66.927995138098));
#6139 = CARTESIAN_POINT('',(4.594982690798,67.034712781973));
#6140 = CARTESIAN_POINT('',(4.728908977647,67.141287548325));
#6141 = CARTESIAN_POINT('',(4.862742354407,67.247790009951));
#6142 = CARTESIAN_POINT('',(4.99657028318,67.35428815719));
#6143 = CARTESIAN_POINT('',(5.130481645418,67.460851024122));
#6144 = CARTESIAN_POINT('',(5.264571631783,67.567555317768));
#6145 = CARTESIAN_POINT('',(5.508951746185,67.76202595507));
#6146 = CARTESIAN_POINT('',(5.619603467709,67.850079817935));
#6147 = CARTESIAN_POINT('',(5.730195410674,67.93808728273));
#6148 = CARTESIAN_POINT('',(5.84076168822,68.026076057871));
#6149 = CARTESIAN_POINT('',(5.951343100007,68.11407866822));
#6150 = CARTESIAN_POINT('',(6.061973025063,68.202117529431));
#6151 = CARTESIAN_POINT('',(6.172656649559,68.290188076256));
#6152 = CARTESIAN_POINT('',(6.28318530718,68.378143376268));
#6153 = ( GEOMETRIC_REPRESENTATION_CONTEXT(2) 
PARAMETRIC_REPRESENTATION_CONTEXT() REPRESENTATION_CONTEXT('2D SPACE',''
  ) );
#6154 = PCURVE('',#5021,#6155);
#6155 = DEFINITIONAL_REPRESENTATION('',(#6156),#6215);
#6156 = B_SPLINE_CURVE_WITH_KNOTS('',8,(#6157,#6158,#6159,#6160,#6161,
    #6162,#6163,#6164,#6165,#6166,#6167,#6168,#6169,#6170,#6171,#6172,
    #6173,#6174,#6175,#6176,#6177,#6178,#6179,#6180,#6181,#6182,#6183,
    #6184,#6185,#6186,#6187,#6188,#6189,#6190,#6191,#6192,#6193,#6194,
    #6195,#6196,#6197,#6198,#6199,#6200,#6201,#6202,#6203,#6204,#6205,
    #6206,#6207,#6208,#6209,#6210,#6211,#6212,#6213,#6214),
  .UNSPECIFIED.,.F.,.F.,(9,7,7,7,7,7,7,7,9),(0.,0.142263561145,
    0.215443690813,0.307473282074,0.464942042802,0.620953994071,
    0.688660518909,0.859136736857,1.),.UNSPECIFIED.);
#6157 = CARTESIAN_POINT('',(1.035770917227,104.37658629777));
#6158 = CARTESIAN_POINT('',(1.035768420134,104.51934227181));
#6159 = CARTESIAN_POINT('',(1.035807472437,104.66224481681));
#6160 = CARTESIAN_POINT('',(1.035806335313,104.8050645404));
#6161 = CARTESIAN_POINT('',(1.035782948577,104.94782615589));
#6162 = CARTESIAN_POINT('',(1.035770010692,105.09058947285));
#6163 = CARTESIAN_POINT('',(1.035761379116,105.23340779309));
#6164 = CARTESIAN_POINT('',(1.035760026199,105.37631246413));
#6165 = CARTESIAN_POINT('',(1.035762337611,105.59250554463));
#6166 = CARTESIAN_POINT('',(1.035763939239,105.66594137386));
#6167 = CARTESIAN_POINT('',(1.035765958362,105.7393817091));
#6168 = CARTESIAN_POINT('',(1.035767933987,105.81283104133));
#6169 = CARTESIAN_POINT('',(1.03576951925,105.88629313227));
#6170 = CARTESIAN_POINT('',(1.035770563122,105.95976766913));
#6171 = CARTESIAN_POINT('',(1.035771097713,106.03324544157));
#6172 = CARTESIAN_POINT('',(1.035771399004,106.19907931327));
#6173 = CARTESIAN_POINT('',(1.035770791463,106.29144184391));
#6174 = CARTESIAN_POINT('',(1.035769956682,106.38380639318));
#6175 = CARTESIAN_POINT('',(1.035769308821,106.47618154675));
#6176 = CARTESIAN_POINT('',(1.035769128064,106.56856771528));
#6177 = CARTESIAN_POINT('',(1.035769560621,106.66095713449));
#6178 = CARTESIAN_POINT('',(1.03577061873,106.75333386509));
#6179 = CARTESIAN_POINT('',(1.035774853203,107.00367355997));
#6180 = CARTESIAN_POINT('',(1.035778720492,107.16192960575));
#6181 = CARTESIAN_POINT('',(1.035782767766,107.3200288719));
#6182 = CARTESIAN_POINT('',(1.03578374431,107.47803276042));
#6183 = CARTESIAN_POINT('',(1.035780079601,107.6360277856));
#6184 = CARTESIAN_POINT('',(1.035773267007,107.7941008134));
#6185 = CARTESIAN_POINT('',(1.035766717444,107.95232555413));
#6186 = CARTESIAN_POINT('',(1.035757496211,108.26690647253));
#6187 = CARTESIAN_POINT('',(1.035754824597,108.42366191284));
#6188 = CARTESIAN_POINT('',(1.035755780907,108.5802695128));
#6189 = CARTESIAN_POINT('',(1.035761473527,108.73680192382));
#6190 = CARTESIAN_POINT('',(1.03576944588,108.89334591136));
#6191 = CARTESIAN_POINT('',(1.035776013938,109.04998594184));
#6192 = CARTESIAN_POINT('',(1.035779547225,109.20677779962));
#6193 = CARTESIAN_POINT('',(1.035780678845,109.43125142037));
#6194 = CARTESIAN_POINT('',(1.03578048034,109.49914759507));
#6195 = CARTESIAN_POINT('',(1.035779804674,109.56702797376));
#6196 = CARTESIAN_POINT('',(1.035778739111,109.63490901159));
#6197 = CARTESIAN_POINT('',(1.035777394362,109.70280052657));
#6198 = CARTESIAN_POINT('',(1.035775904577,109.7707056995));
#6199 = CARTESIAN_POINT('',(1.035774427355,109.83862107403));
#6200 = CARTESIAN_POINT('',(1.035769911752,110.07753890305));
#6201 = CARTESIAN_POINT('',(1.035767790628,110.24892501974));
#6202 = CARTESIAN_POINT('',(1.035768114075,110.42008066567));
#6203 = CARTESIAN_POINT('',(1.035772945857,110.59111832263));
#6204 = CARTESIAN_POINT('',(1.03577530388,110.7621500768));
#6205 = CARTESIAN_POINT('',(1.035770055058,110.9332889237));
#6206 = CARTESIAN_POINT('',(1.035763751557,111.10465533494));
#6207 = CARTESIAN_POINT('',(1.035759966533,111.41697073634));
#6208 = CARTESIAN_POINT('',(1.03576106984,111.55838206039));
#6209 = CARTESIAN_POINT('',(1.035768141528,111.69971639522));
#6210 = CARTESIAN_POINT('',(1.035782325739,111.84101776515));
#6211 = CARTESIAN_POINT('',(1.035802648922,111.98233880791));
#6212 = CARTESIAN_POINT('',(1.035808615191,112.12372402287));
#6213 = CARTESIAN_POINT('',(1.035773388095,112.26517720868));
#6214 = CARTESIAN_POINT('',(1.035770917255,112.40643172619));
#6215 = ( GEOMETRIC_REPRESENTATION_CONTEXT(2) 
PARAMETRIC_REPRESENTATION_CONTEXT() REPRESENTATION_CONTEXT('2D SPACE',''
  ) );
#6216 = ORIENTED_EDGE('',*,*,#6217,.F.);
#6217 = EDGE_CURVE('',#3949,#6030,#6218,.T.);
#6218 = SURFACE_CURVE('',#6219,(#6223,#6230),.PCURVE_S1.);
#6219 = LINE('',#6220,#6221);
#6220 = CARTESIAN_POINT('',(12.,-2.939152317954E-15,0.));
#6221 = VECTOR('',#6222,1.);
#6222 = DIRECTION('',(0.,0.,1.));
#6223 = PCURVE('',#4243,#6224);
#6224 = DEFINITIONAL_REPRESENTATION('',(#6225),#6229);
#6225 = LINE('',#6226,#6227);
#6226 = CARTESIAN_POINT('',(0.,-0.));
#6227 = VECTOR('',#6228,1.);
#6228 = DIRECTION('',(0.,1.));
#6229 = ( GEOMETRIC_REPRESENTATION_CONTEXT(2) 
PARAMETRIC_REPRESENTATION_CONTEXT() REPRESENTATION_CONTEXT('2D SPACE',''
  ) );
#6230 = PCURVE('',#4058,#6231);
#6231 = DEFINITIONAL_REPRESENTATION('',(#6232),#6236);
#6232 = LINE('',#6233,#6234);
#6233 = CARTESIAN_POINT('',(6.28318530718,-0.));
#6234 = VECTOR('',#6235,1.);
#6235 = DIRECTION('',(0.,1.));
#6236 = ( GEOMETRIC_REPRESENTATION_CONTEXT(2) 
PARAMETRIC_REPRESENTATION_CONTEXT() REPRESENTATION_CONTEXT('2D SPACE',''
  ) );
#6237 = ORIENTED_EDGE('',*,*,#4117,.T.);
#6238 = ORIENTED_EDGE('',*,*,#6003,.T.);
#6239 = ADVANCED_FACE('',(#6240),#4058,.T.);
#6240 = FACE_BOUND('',#6241,.T.);
#6241 = EDGE_LOOP('',(#6242,#6430,#6451,#6452));
#6242 = ORIENTED_EDGE('',*,*,#6243,.F.);
#6243 = EDGE_CURVE('',#6244,#6030,#6246,.T.);
#6244 = VERTEX_POINT('',#6245);
#6245 = CARTESIAN_POINT('',(12.,-2.939152317954E-15,58.378143376261));
#6246 = SURFACE_CURVE('',#6247,(#6306,#6368),.PCURVE_S1.);
#6247 = B_SPLINE_CURVE_WITH_KNOTS('',8,(#6248,#6249,#6250,#6251,#6252,
    #6253,#6254,#6255,#6256,#6257,#6258,#6259,#6260,#6261,#6262,#6263,
    #6264,#6265,#6266,#6267,#6268,#6269,#6270,#6271,#6272,#6273,#6274,
    #6275,#6276,#6277,#6278,#6279,#6280,#6281,#6282,#6283,#6284,#6285,
    #6286,#6287,#6288,#6289,#6290,#6291,#6292,#6293,#6294,#6295,#6296,
    #6297,#6298,#6299,#6300,#6301,#6302,#6303,#6304,#6305),
  .UNSPECIFIED.,.F.,.F.,(9,7,7,7,7,7,7,7,9),(0.,8.168692453226E-02,
    0.228121212676,0.327985384621,0.434988140591,0.583741408074,
    0.748379355776,0.880899161717,1.),.UNSPECIFIED.);
#6248 = CARTESIAN_POINT('',(12.,-3.19744231092E-14,58.378143376261));
#6249 = CARTESIAN_POINT('',(12.,0.769145247593,58.429148550282));
#6250 = CARTESIAN_POINT('',(11.94363650804,1.538465603458,
    58.480163991362));
#6251 = CARTESIAN_POINT('',(11.830923682785,2.3029590148,58.531183496707
    ));
#6252 = CARTESIAN_POINT('',(11.662356313389,3.057764692809,
    58.582202651813));
#6253 = CARTESIAN_POINT('',(11.438909819496,3.798163112655,
    58.633218830456));
#6254 = CARTESIAN_POINT('',(11.162040251235,4.519576013491,
    58.684231194705));
#6255 = CARTESIAN_POINT('',(10.833684289227,5.217566398451,
    58.73524069491));
#6256 = CARTESIAN_POINT('',(9.779676449268,7.089387297677,
    58.877690915725));
#6257 = CARTESIAN_POINT('',(8.944558669761,8.203352460755,58.96922406913
    ));
#6258 = CARTESIAN_POINT('',(7.965255672718,9.203111290327,
    59.060709714199));
#6259 = CARTESIAN_POINT('',(6.860461453892,10.067592239578,
    59.152138608345));
#6260 = CARTESIAN_POINT('',(5.651781617143,10.779598246498,
    59.243567375861));
#6261 = CARTESIAN_POINT('',(4.363124253721,11.32533021754,
    59.335053286197));
#6262 = CARTESIAN_POINT('',(3.020914321824,11.695110696888,
    59.426588516762));
#6263 = CARTESIAN_POINT('',(0.723705084945,12.015016880215,
    59.580397146028));
#6264 = CARTESIAN_POINT('',(-0.219851364969,12.06137531851,
    59.64279449317));
#6265 = CARTESIAN_POINT('',(-1.166333567462,12.022940830286,
    59.705191908812));
#6266 = CARTESIAN_POINT('',(-2.106737480065,11.899660128032,
    59.767584006296));
#6267 = CARTESIAN_POINT('',(-3.03228792704,11.692584125216,
    59.829975287556));
#6268 = CARTESIAN_POINT('',(-3.934433597035,11.403752356562,
    59.892372749873));
#6269 = CARTESIAN_POINT('',(-4.804854572211,11.03624196701,
    59.954778812175));
#6270 = CARTESIAN_POINT('',(-6.525581594925,10.120925607934,
    60.084028376482));
#6271 = CARTESIAN_POINT('',(-7.370539521708,9.561706953808,
    60.15089829068));
#6272 = CARTESIAN_POINT('',(-8.160328525109,8.922216775412,
    60.21777327261));
#6273 = CARTESIAN_POINT('',(-8.885983445846,8.208911625428,
    60.284646468964));
#6274 = CARTESIAN_POINT('',(-9.539647796623,7.429208571777,
    60.351514159193));
#6275 = CARTESIAN_POINT('',(-10.11457376212,6.591485197621,
    60.418375755499));
#6276 = CARTESIAN_POINT('',(-10.60512219901,5.705079601355,
    60.485233802843));
#6277 = CARTESIAN_POINT('',(-11.56511579989,3.494665417233,
    60.645041768633));
#6278 = CARTESIAN_POINT('',(-11.95257943343,2.132761945041,
    60.738108982289));
#6279 = CARTESIAN_POINT('',(-12.15567497803,0.723789625412,
    60.831121895394));
#6280 = CARTESIAN_POINT('',(-12.16874682908,-0.703095250034,
    60.924066483652));
#6281 = CARTESIAN_POINT('',(-11.99137466846,-2.118872468273,
    61.017006526446));
#6282 = CARTESIAN_POINT('',(-11.62744990457,-3.49483535302,
    61.110006575498));
#6283 = CARTESIAN_POINT('',(-11.08591621967,-4.802862956192,
    61.203059788738));
#6284 = CARTESIAN_POINT('',(-9.605389630169,-7.358233611328,
    61.398908332457));
#6285 = CARTESIAN_POINT('',(-8.627767798903,-8.588230517327,
    61.501987306657));
#6286 = CARTESIAN_POINT('',(-7.471369741648,-9.66689748912,
    61.604944397718));
#6287 = CARTESIAN_POINT('',(-6.164443158462,-10.56531035539,
    61.707842092271));
#6288 = CARTESIAN_POINT('',(-4.739195457045,-11.26104369871,
    61.810742436847));
#6289 = CARTESIAN_POINT('',(-3.231021731017,-11.73698056322,
    61.913704066173));
#6290 = CARTESIAN_POINT('',(-1.679191578836,-11.98277050434,
    62.01678125255));
#6291 = CARTESIAN_POINT('',(1.12058219383,-12.01263614059,
    62.202457773177));
#6292 = CARTESIAN_POINT('',(2.371818431745,-11.87748572947,
    62.285332961862));
#6293 = CARTESIAN_POINT('',(3.603505791961,-11.59318691721,
    62.368173275695));
#6294 = CARTESIAN_POINT('',(4.79507951072,-11.16355676795,
    62.450990335159));
#6295 = CARTESIAN_POINT('',(5.927070703464,-10.59515816312,
    62.533807600475));
#6296 = CARTESIAN_POINT('',(6.981326648263,-9.897566944696,
    62.616651690672));
#6297 = CARTESIAN_POINT('',(7.940902960009,-9.083048295777,
    62.699535291312));
#6298 = CARTESIAN_POINT('',(9.554996724067,-7.345873971292,
    62.856787839442));
#6299 = CARTESIAN_POINT('',(10.231742375628,-6.441253461205,
    62.931283651099));
#6300 = CARTESIAN_POINT('',(10.810056329524,-5.465786299439,
    63.005771724493));
#6301 = CARTESIAN_POINT('',(11.281512137487,-4.432255092171,
    63.080248506034));
#6302 = CARTESIAN_POINT('',(11.639634536896,-3.35421975707,
    63.15472406128));
#6303 = CARTESIAN_POINT('',(11.879974095814,-2.246008681902,
    63.229207150851));
#6304 = CARTESIAN_POINT('',(12.,-1.122617409481,63.303698014323));
#6305 = CARTESIAN_POINT('',(12.,-3.19744231092E-14,63.37814337626));
#6306 = PCURVE('',#4058,#6307);
#6307 = DEFINITIONAL_REPRESENTATION('',(#6308),#6367);
#6308 = B_SPLINE_CURVE_WITH_KNOTS('',8,(#6309,#6310,#6311,#6312,#6313,
    #6314,#6315,#6316,#6317,#6318,#6319,#6320,#6321,#6322,#6323,#6324,
    #6325,#6326,#6327,#6328,#6329,#6330,#6331,#6332,#6333,#6334,#6335,
    #6336,#6337,#6338,#6339,#6340,#6341,#6342,#6343,#6344,#6345,#6346,
    #6347,#6348,#6349,#6350,#6351,#6352,#6353,#6354,#6355,#6356,#6357,
    #6358,#6359,#6360,#6361,#6362,#6363,#6364,#6365,#6366),
  .UNSPECIFIED.,.F.,.F.,(9,7,7,7,7,7,7,7,9),(0.,8.168692453226E-02,
    0.228121212676,0.327985384621,0.434988140591,0.583741408074,
    0.748379355776,0.880899161717,1.),.UNSPECIFIED.);
#6309 = CARTESIAN_POINT('',(0.,58.378143376261));
#6310 = CARTESIAN_POINT('',(6.409543729946E-02,58.429148550282));
#6311 = CARTESIAN_POINT('',(0.128200194423,58.480163991362));
#6312 = CARTESIAN_POINT('',(0.192309356083,58.531183496707));
#6313 = CARTESIAN_POINT('',(0.256419293384,58.582202651813));
#6314 = CARTESIAN_POINT('',(0.320527663824,58.633218830456));
#6315 = CARTESIAN_POINT('',(0.384633411294,58.684231194705));
#6316 = CARTESIAN_POINT('',(0.448736766074,58.73524069491));
#6317 = CARTESIAN_POINT('',(0.627751158836,58.877690915725));
#6318 = CARTESIAN_POINT('',(0.74277941173,58.96922406913));
#6319 = CARTESIAN_POINT('',(0.857744504934,59.060709714199));
#6320 = CARTESIAN_POINT('',(0.972635447634,59.152138608345));
#6321 = CARTESIAN_POINT('',(1.087525469269,59.243567375861));
#6322 = CARTESIAN_POINT('',(1.202488161355,59.335053286197));
#6323 = CARTESIAN_POINT('',(1.317514048633,59.426588516762));
#6324 = CARTESIAN_POINT('',(1.510795475647,59.580397146028));
#6325 = CARTESIAN_POINT('',(1.589206508871,59.64279449317));
#6326 = CARTESIAN_POINT('',(1.667617808995,59.705191908812));
#6327 = CARTESIAN_POINT('',(1.74602238318,59.767584006296));
#6328 = CARTESIAN_POINT('',(1.824425705204,59.829975287556));
#6329 = CARTESIAN_POINT('',(1.902836514682,59.892372749873));
#6330 = CARTESIAN_POINT('',(1.981257934053,59.954778812175));
#6331 = CARTESIAN_POINT('',(2.143676835266,60.084028376482));
#6332 = CARTESIAN_POINT('',(2.227707440232,60.15089829068));
#6333 = CARTESIAN_POINT('',(2.311744544989,60.21777327261));
#6334 = CARTESIAN_POINT('',(2.395779722927,60.284646468964));
#6335 = CARTESIAN_POINT('',(2.479808391785,60.351514159193));
#6336 = CARTESIAN_POINT('',(2.563829813656,60.418375755499));
#6337 = CARTESIAN_POINT('',(2.647847094986,60.485233802843));
#6338 = CARTESIAN_POINT('',(2.84867037584,60.645041768633));
#6339 = CARTESIAN_POINT('',(2.965623860674,60.738108982289));
#6340 = CARTESIAN_POINT('',(3.082508845311,60.831121895394));
#6341 = CARTESIAN_POINT('',(3.199306863315,60.924066483652));
#6342 = CARTESIAN_POINT('',(3.316097716194,61.017006526446));
#6343 = CARTESIAN_POINT('',(3.432962953818,61.110006575498));
#6344 = CARTESIAN_POINT('',(3.549894896628,61.203059788738));
#6345 = CARTESIAN_POINT('',(3.796001780693,61.398908332457));
#6346 = CARTESIAN_POINT('',(3.925533270974,61.501987306657));
#6347 = CARTESIAN_POINT('',(4.054912857407,61.604944397718));
#6348 = CARTESIAN_POINT('',(4.184219713565,61.707842092271));
#6349 = CARTESIAN_POINT('',(4.313530634857,61.810742436847));
#6350 = CARTESIAN_POINT('',(4.44291768534,61.913704066173));
#6351 = CARTESIAN_POINT('',(4.572448792264,62.01678125255));
#6352 = CARTESIAN_POINT('',(4.805776547173,62.202457773177));
#6353 = CARTESIAN_POINT('',(4.909920058479,62.285332961862));
#6354 = CARTESIAN_POINT('',(5.014019593058,62.368173275695));
#6355 = CARTESIAN_POINT('',(5.11809024072,62.450990335159));
#6356 = CARTESIAN_POINT('',(5.222162185045,62.533807600475));
#6357 = CARTESIAN_POINT('',(5.32626846067,62.616651690672));
#6358 = CARTESIAN_POINT('',(5.430423710802,62.699535291312));
#6359 = CARTESIAN_POINT('',(5.62803221322,62.856787839442));
#6360 = CARTESIAN_POINT('',(5.721645100554,62.931283651099));
#6361 = CARTESIAN_POINT('',(5.81524701426,63.005771724493));
#6362 = CARTESIAN_POINT('',(5.908833724488,63.080248506034));
#6363 = CARTESIAN_POINT('',(6.002419121753,63.15472406128));
#6364 = CARTESIAN_POINT('',(6.096017967383,63.229207150851));
#6365 = CARTESIAN_POINT('',(6.18963385639,63.303698014323));
#6366 = CARTESIAN_POINT('',(6.28318530718,63.37814337626));
#6367 = ( GEOMETRIC_REPRESENTATION_CONTEXT(2) 
PARAMETRIC_REPRESENTATION_CONTEXT() REPRESENTATION_CONTEXT('2D SPACE',''
  ) );
#6368 = PCURVE('',#5021,#6369);
#6369 = DEFINITIONAL_REPRESENTATION('',(#6370),#6429);
#6370 = B_SPLINE_CURVE_WITH_KNOTS('',8,(#6371,#6372,#6373,#6374,#6375,
    #6376,#6377,#6378,#6379,#6380,#6381,#6382,#6383,#6384,#6385,#6386,
    #6387,#6388,#6389,#6390,#6391,#6392,#6393,#6394,#6395,#6396,#6397,
    #6398,#6399,#6400,#6401,#6402,#6403,#6404,#6405,#6406,#6407,#6408,
    #6409,#6410,#6411,#6412,#6413,#6414,#6415,#6416,#6417,#6418,#6419,
    #6420,#6421,#6422,#6423,#6424,#6425,#6426,#6427,#6428),
  .UNSPECIFIED.,.F.,.F.,(9,7,7,7,7,7,7,7,9),(0.,8.168692453226E-02,
    0.228121212676,0.327985384621,0.434988140591,0.583741408074,
    0.748379355776,0.880899161717,1.),.UNSPECIFIED.);
#6371 = CARTESIAN_POINT('',(1.035770917232,96.346740869347));
#6372 = CARTESIAN_POINT('',(1.03576948436,96.42865419631));
#6373 = CARTESIAN_POINT('',(1.035778453515,96.510579697668));
#6374 = CARTESIAN_POINT('',(1.0357894079,96.59251090275));
#6375 = CARTESIAN_POINT('',(1.035796773447,96.674443033807));
#6376 = CARTESIAN_POINT('',(1.035797818823,96.756373006014));
#6377 = CARTESIAN_POINT('',(1.035792655427,96.838299427475));
#6378 = CARTESIAN_POINT('',(1.035784237388,96.920222599216));
#6379 = CARTESIAN_POINT('',(1.03576782841,97.149000055625));
#6380 = CARTESIAN_POINT('',(1.035757111006,97.296003915293));
#6381 = CARTESIAN_POINT('',(1.035756218928,97.442927403043));
#6382 = CARTESIAN_POINT('',(1.035762022094,97.589756973748));
#6383 = CARTESIAN_POINT('',(1.035768262216,97.736586159865));
#6384 = CARTESIAN_POINT('',(1.035771306565,97.883508441014));
#6385 = CARTESIAN_POINT('',(1.035771644036,98.030511051587));
#6386 = CARTESIAN_POINT('',(1.035770768552,98.277523318403));
#6387 = CARTESIAN_POINT('',(1.035769953975,98.377731866783));
#6388 = CARTESIAN_POINT('',(1.035769112261,98.477940536426));
#6389 = CARTESIAN_POINT('',(1.035768872801,98.578140415492));
#6390 = CARTESIAN_POINT('',(1.035769596288,98.67833858435));
#6391 = CARTESIAN_POINT('',(1.03577120471,98.778546312771));
#6392 = CARTESIAN_POINT('',(1.035773271914,98.878767662227));
#6393 = CARTESIAN_POINT('',(1.035777555285,99.086336690337));
#6394 = CARTESIAN_POINT('',(1.03577988672,99.193726738353));
#6395 = CARTESIAN_POINT('',(1.035781463658,99.301125237911));
#6396 = CARTESIAN_POINT('',(1.035781741835,99.408521408544));
#6397 = CARTESIAN_POINT('',(1.035780503056,99.515909365659));
#6398 = CARTESIAN_POINT('',(1.035777855203,99.623288120529));
#6399 = CARTESIAN_POINT('',(1.035774232232,99.7306615803));
#6400 = CARTESIAN_POINT('',(1.035765058565,99.987312037731));
#6401 = CARTESIAN_POINT('',(1.035759279305,100.13677750267));
#6402 = CARTESIAN_POINT('',(1.035754849458,100.28615520294));
#6403 = CARTESIAN_POINT('',(1.035754104829,100.43542164719));
#6404 = CARTESIAN_POINT('',(1.035757676649,100.58467900135));
#6405 = CARTESIAN_POINT('',(1.035763914479,100.73403161799));
#6406 = CARTESIAN_POINT('',(1.035769979332,100.88346968641));
#6407 = CARTESIAN_POINT('',(1.035779728856,101.19799234954));
#6408 = CARTESIAN_POINT('',(1.035783033975,101.36353262471));
#6409 = CARTESIAN_POINT('',(1.035782693718,101.52887867122));
#6410 = CARTESIAN_POINT('',(1.03577759062,101.69413130415));
#6411 = CARTESIAN_POINT('',(1.035771645939,101.85938854196));
#6412 = CARTESIAN_POINT('',(1.035769030468,102.02474282043));
#6413 = CARTESIAN_POINT('',(1.035769106678,102.19028156358));
#6414 = CARTESIAN_POINT('',(1.035770629266,102.48847168416));
#6415 = CARTESIAN_POINT('',(1.035771817943,102.62156618216));
#6416 = CARTESIAN_POINT('',(1.03577249604,102.75460488398));
#6417 = CARTESIAN_POINT('',(1.035771295175,102.8876070193));
#6418 = CARTESIAN_POINT('',(1.035766747908,103.02061087312));
#6419 = CARTESIAN_POINT('',(1.035761420342,103.15365813048));
#6420 = CARTESIAN_POINT('',(1.035759550596,103.28676740629));
#6421 = CARTESIAN_POINT('',(1.035764193121,103.53930821177));
#6422 = CARTESIAN_POINT('',(1.035769875606,103.65894382552));
#6423 = CARTESIAN_POINT('',(1.035779809208,103.77856524874));
#6424 = CARTESIAN_POINT('',(1.035792377624,103.89816744482));
#6425 = CARTESIAN_POINT('',(1.0358028006,104.01776856131));
#6426 = CARTESIAN_POINT('',(1.03579853857,104.13738786822));
#6427 = CARTESIAN_POINT('',(1.035773008536,104.25702848056));
#6428 = CARTESIAN_POINT('',(1.035770917227,104.37658629777));
#6429 = ( GEOMETRIC_REPRESENTATION_CONTEXT(2) 
PARAMETRIC_REPRESENTATION_CONTEXT() REPRESENTATION_CONTEXT('2D SPACE',''
  ) );
#6430 = ORIENTED_EDGE('',*,*,#6431,.F.);
#6431 = EDGE_CURVE('',#3780,#6244,#6432,.T.);
#6432 = SURFACE_CURVE('',#6433,(#6437,#6444),.PCURVE_S1.);
#6433 = LINE('',#6434,#6435);
#6434 = CARTESIAN_POINT('',(12.,-2.939152317954E-15,0.));
#6435 = VECTOR('',#6436,1.);
#6436 = DIRECTION('',(0.,0.,1.));
#6437 = PCURVE('',#4058,#6438);
#6438 = DEFINITIONAL_REPRESENTATION('',(#6439),#6443);
#6439 = LINE('',#6440,#6441);
#6440 = CARTESIAN_POINT('',(0.,-0.));
#6441 = VECTOR('',#6442,1.);
#6442 = DIRECTION('',(0.,1.));
#6443 = ( GEOMETRIC_REPRESENTATION_CONTEXT(2) 
PARAMETRIC_REPRESENTATION_CONTEXT() REPRESENTATION_CONTEXT('2D SPACE',''
  ) );
#6444 = PCURVE('',#3889,#6445);
#6445 = DEFINITIONAL_REPRESENTATION('',(#6446),#6450);
#6446 = LINE('',#6447,#6448);
#6447 = CARTESIAN_POINT('',(6.28318530718,-0.));
#6448 = VECTOR('',#6449,1.);
#6449 = DIRECTION('',(0.,1.));
#6450 = ( GEOMETRIC_REPRESENTATION_CONTEXT(2) 
PARAMETRIC_REPRESENTATION_CONTEXT() REPRESENTATION_CONTEXT('2D SPACE',''
  ) );
#6451 = ORIENTED_EDGE('',*,*,#3948,.T.);
#6452 = ORIENTED_EDGE('',*,*,#6217,.T.);
#6453 = ADVANCED_FACE('',(#6454),#3889,.T.);
#6454 = FACE_BOUND('',#6455,.T.);
#6455 = EDGE_LOOP('',(#6456,#6644,#6665,#6666));
#6456 = ORIENTED_EDGE('',*,*,#6457,.F.);
#6457 = EDGE_CURVE('',#6458,#6244,#6460,.T.);
#6458 = VERTEX_POINT('',#6459);
#6459 = CARTESIAN_POINT('',(12.,-2.939152317954E-15,53.378143376259));
#6460 = SURFACE_CURVE('',#6461,(#6520,#6582),.PCURVE_S1.);
#6461 = B_SPLINE_CURVE_WITH_KNOTS('',8,(#6462,#6463,#6464,#6465,#6466,
    #6467,#6468,#6469,#6470,#6471,#6472,#6473,#6474,#6475,#6476,#6477,
    #6478,#6479,#6480,#6481,#6482,#6483,#6484,#6485,#6486,#6487,#6488,
    #6489,#6490,#6491,#6492,#6493,#6494,#6495,#6496,#6497,#6498,#6499,
    #6500,#6501,#6502,#6503,#6504,#6505,#6506,#6507,#6508,#6509,#6510,
    #6511,#6512,#6513,#6514,#6515,#6516,#6517,#6518,#6519),
  .UNSPECIFIED.,.F.,.F.,(9,7,7,7,7,7,7,7,9),(0.,0.155804460718,
    0.236562872325,0.331178863603,0.441483459243,0.616098771776,
    0.773878937098,0.887505851437,1.),.UNSPECIFIED.);
#6462 = CARTESIAN_POINT('',(12.,2.13162820728E-14,53.378143376259));
#6463 = CARTESIAN_POINT('',(12.,1.467353567727,53.475449605887));
#6464 = CARTESIAN_POINT('',(11.79493892321,2.937277308145,
    53.572938938912));
#6465 = CARTESIAN_POINT('',(11.383574119349,4.372478947027,
    53.670332213386));
#6466 = CARTESIAN_POINT('',(10.774129601757,5.739862345054,
    53.767675760506));
#6467 = CARTESIAN_POINT('',(9.979259971272,7.008549207475,
    53.865029923404));
#6468 = CARTESIAN_POINT('',(9.017478090246,8.150732035659,53.96243395266
    ));
#6469 = CARTESIAN_POINT('',(7.911720309383,9.14101368635,54.059925321679
    ));
#6470 = CARTESIAN_POINT('',(6.062476819871,10.383878732431,
    54.207682246358));
#6471 = CARTESIAN_POINT('',(5.400286447569,10.762551877668,
    54.258132116643));
#6472 = CARTESIAN_POINT('',(4.711151641986,11.092896017166,
    54.308590577556));
#6473 = CARTESIAN_POINT('',(3.999214815636,11.372662978985,
    54.359055886054));
#6474 = CARTESIAN_POINT('',(3.268814117252,11.600066262742,
    54.409524215591));
#6475 = CARTESIAN_POINT('',(2.524483431785,11.773781039609,
    54.459989656112));
#6476 = CARTESIAN_POINT('',(1.770952380408,11.892944152314,
    54.510444214057));
#6477 = CARTESIAN_POINT('',(0.125306030851,12.03238205935,
    54.619965464061));
#6478 = CARTESIAN_POINT('',(-0.769452010385,12.032222462941,
    54.679079425764));
#6479 = CARTESIAN_POINT('',(-1.663153660716,11.956058137489,
    54.738203502597));
#6480 = CARTESIAN_POINT('',(-2.548091755744,11.804141746997,
    54.797326844319));
#6481 = CARTESIAN_POINT('',(-3.416826109154,11.577595807903,
    54.856443945317));
#6482 = CARTESIAN_POINT('',(-4.26218351271,11.278412689073,
    54.915554644609));
#6483 = CARTESIAN_POINT('',(-5.077257736262,10.909454611806,
    54.974664125842));
#6484 = CARTESIAN_POINT('',(-6.762589355859,9.967323675656,
    55.102704399776));
#6485 = CARTESIAN_POINT('',(-7.619930530059,9.370092695137,
    55.171637868357));
#6486 = CARTESIAN_POINT('',(-8.416545320095,8.68897706688,
    55.240577179056));
#6487 = CARTESIAN_POINT('',(-9.142812016761,7.931266051339,
    55.30951753243));
#6488 = CARTESIAN_POINT('',(-9.790374931888,7.105321810819,
    55.378455473572));
#6489 = CARTESIAN_POINT('',(-10.35214439834,6.220579409473,
    55.447388892113));
#6490 = CARTESIAN_POINT('',(-10.82229677003,5.287546813307,
    55.516317022223));
#6491 = CARTESIAN_POINT('',(-11.78829168265,2.782675841369,
    55.694348177614));
#6492 = CARTESIAN_POINT('',(-12.14110322339,1.151144778241,
    55.803713693437));
#6493 = CARTESIAN_POINT('',(-12.23380065066,-0.527588807462,
    55.912916459646));
#6494 = CARTESIAN_POINT('',(-12.06155137892,-2.205267847301,
    56.022044960371));
#6495 = CARTESIAN_POINT('',(-11.62902596781,-3.835359228847,
    56.131175000402));
#6496 = CARTESIAN_POINT('',(-10.94832154526,-5.372687825292,
    56.240381275286));
#6497 = CARTESIAN_POINT('',(-10.04103321806,-6.773828783454,
    56.349749911082));
#6498 = CARTESIAN_POINT('',(-7.9529734572,-9.108264512247,
    56.557449872078));
#6499 = CARTESIAN_POINT('',(-6.803296062768,-10.07781144408,
    56.656199832271));
#6500 = CARTESIAN_POINT('',(-5.520010844391,-10.8793825322,
    56.754857701998));
#6501 = CARTESIAN_POINT('',(-4.132396094765,-11.4926409411,
    56.853462482413));
#6502 = CARTESIAN_POINT('',(-2.672018360868,-11.9034054104,
    56.95206525335));
#6503 = CARTESIAN_POINT('',(-1.172257111093,-12.1025640339,
    57.050716512221));
#6504 = CARTESIAN_POINT('',(0.331386316324,-12.08717264461,
    57.149454408886));
#6505 = CARTESIAN_POINT('',(2.859370723924,-11.70341586087,
    57.319017849834));
#6506 = CARTESIAN_POINT('',(3.901259743509,-11.43486572962,
    57.389999998076));
#6507 = CARTESIAN_POINT('',(4.91366384372,-11.06044084385,57.46096628543
    ));
#6508 = CARTESIAN_POINT('',(5.884323962153,-10.58399791529,
    57.531928160706));
#6509 = CARTESIAN_POINT('',(6.801584075024,-10.01093856574,
    57.602906104403));
#6510 = CARTESIAN_POINT('',(7.654422616165,-9.348177043024,
    57.673913286879));
#6511 = CARTESIAN_POINT('',(8.432664680989,-8.604375164545,
    57.744934114174));
#6512 = CARTESIAN_POINT('',(9.815159665963,-6.984628023867,
    57.886153761279));
#6513 = CARTESIAN_POINT('',(10.422190916146,-6.108762283326,
    57.956466496305));
#6514 = CARTESIAN_POINT('',(10.93942838114,-5.17301045275,
    58.026772132662));
#6515 = CARTESIAN_POINT('',(11.360096431293,-4.188382583839,
    58.097057157676));
#6516 = CARTESIAN_POINT('',(11.679156757355,-3.166476207629,
    58.167331300165));
#6517 = CARTESIAN_POINT('',(11.893091936622,-2.119344575893,
    58.237606822409));
#6518 = CARTESIAN_POINT('',(12.,-1.059492530395,58.307884083811));
#6519 = CARTESIAN_POINT('',(12.,-3.19744231092E-14,58.378143376261));
#6520 = PCURVE('',#3889,#6521);
#6521 = DEFINITIONAL_REPRESENTATION('',(#6522),#6581);
#6522 = B_SPLINE_CURVE_WITH_KNOTS('',8,(#6523,#6524,#6525,#6526,#6527,
    #6528,#6529,#6530,#6531,#6532,#6533,#6534,#6535,#6536,#6537,#6538,
    #6539,#6540,#6541,#6542,#6543,#6544,#6545,#6546,#6547,#6548,#6549,
    #6550,#6551,#6552,#6553,#6554,#6555,#6556,#6557,#6558,#6559,#6560,
    #6561,#6562,#6563,#6564,#6565,#6566,#6567,#6568,#6569,#6570,#6571,
    #6572,#6573,#6574,#6575,#6576,#6577,#6578,#6579,#6580),
  .UNSPECIFIED.,.F.,.F.,(9,7,7,7,7,7,7,7,9),(0.,0.155804460718,
    0.236562872325,0.331178863603,0.441483459243,0.616098771776,
    0.773878937098,0.887505851437,1.),.UNSPECIFIED.);
#6523 = CARTESIAN_POINT('',(0.,53.378143376259));
#6524 = CARTESIAN_POINT('',(0.122279463977,53.475449605887));
#6525 = CARTESIAN_POINT('',(0.244772624737,53.572938938912));
#6526 = CARTESIAN_POINT('',(0.367161930849,53.670332213386));
#6527 = CARTESIAN_POINT('',(0.489499582939,53.767675760506));
#6528 = CARTESIAN_POINT('',(0.6118422008,53.865029923404));
#6529 = CARTESIAN_POINT('',(0.734246606562,53.96243395266));
#6530 = CARTESIAN_POINT('',(0.856757261743,54.059925321679));
#6531 = CARTESIAN_POINT('',(1.042431988646,54.207682246358));
#6532 = CARTESIAN_POINT('',(1.105828181734,54.258132116643));
#6533 = CARTESIAN_POINT('',(1.169235146761,54.308590577556));
#6534 = CARTESIAN_POINT('',(1.232650866188,54.359055886054));
#6535 = CARTESIAN_POINT('',(1.296070633954,54.409524215591));
#6536 = CARTESIAN_POINT('',(1.359487055478,54.459989656112));
#6537 = CARTESIAN_POINT('',(1.42289004766,54.510444214057));
#6538 = CARTESIAN_POINT('',(1.560518645043,54.619965464061));
#6539 = CARTESIAN_POINT('',(1.634803749163,54.679079425764));
#6540 = CARTESIAN_POINT('',(1.709101589965,54.738203502597));
#6541 = CARTESIAN_POINT('',(1.783398387233,54.797326844319));
#6542 = CARTESIAN_POINT('',(1.857687141801,54.856443945317));
#6543 = CARTESIAN_POINT('',(1.931967635558,54.915554644609));
#6544 = CARTESIAN_POINT('',(2.006246431445,54.974664125842));
#6545 = CARTESIAN_POINT('',(2.167145670292,55.102704399776));
#6546 = CARTESIAN_POINT('',(2.253769410874,55.171637868357));
#6547 = CARTESIAN_POINT('',(2.340400676293,55.240577179056));
#6548 = CARTESIAN_POINT('',(2.42703362779,55.30951753243));
#6549 = CARTESIAN_POINT('',(2.51366400676,55.378455473572));
#6550 = CARTESIAN_POINT('',(2.600289134749,55.447388892113));
#6551 = CARTESIAN_POINT('',(2.686907913456,55.516317022223));
#6552 = CARTESIAN_POINT('',(2.910631527003,55.694348177614));
#6553 = CARTESIAN_POINT('',(3.048066263178,55.803713693437));
#6554 = CARTESIAN_POINT('',(3.185295790354,55.912916459646));
#6555 = CARTESIAN_POINT('',(3.322429782879,56.022044960371));
#6556 = CARTESIAN_POINT('',(3.459563761468,56.131175000402));
#6557 = CARTESIAN_POINT('',(3.596793254568,56.240381275286));
#6558 = CARTESIAN_POINT('',(3.734227954005,56.349749911082));
#6559 = CARTESIAN_POINT('',(3.995230079061,56.557449872078));
#6560 = CARTESIAN_POINT('',(4.119323353437,56.656199832271));
#6561 = CARTESIAN_POINT('',(4.24330211794,56.754857701998));
#6562 = CARTESIAN_POINT('',(4.367214894912,56.853462482413));
#6563 = CARTESIAN_POINT('',(4.491124454789,56.95206525335));
#6564 = CARTESIAN_POINT('',(4.615093454749,57.050716512221));
#6565 = CARTESIAN_POINT('',(4.739170678859,57.149454408886));
#6566 = CARTESIAN_POINT('',(4.952249538057,57.319017849834));
#6567 = CARTESIAN_POINT('',(5.041447986701,57.389999998076));
#6568 = CARTESIAN_POINT('',(5.130626712712,57.46096628543));
#6569 = CARTESIAN_POINT('',(5.219800445496,57.531928160706));
#6570 = CARTESIAN_POINT('',(5.308994877405,57.602906104403));
#6571 = CARTESIAN_POINT('',(5.398226022986,57.673913286879));
#6572 = CARTESIAN_POINT('',(5.487473573351,57.744934114174));
#6573 = CARTESIAN_POINT('',(5.664933920706,57.886153761279));
#6574 = CARTESIAN_POINT('',(5.753289742752,57.956466496305));
#6575 = CARTESIAN_POINT('',(5.841636133301,58.026772132662));
#6576 = CARTESIAN_POINT('',(5.929955447521,58.097057157676));
#6577 = CARTESIAN_POINT('',(6.018261778248,58.167331300165));
#6578 = CARTESIAN_POINT('',(6.106574315708,58.237606822409));
#6579 = CARTESIAN_POINT('',(6.19489426298,58.307884083811));
#6580 = CARTESIAN_POINT('',(6.28318530718,58.378143376261));
#6581 = ( GEOMETRIC_REPRESENTATION_CONTEXT(2) 
PARAMETRIC_REPRESENTATION_CONTEXT() REPRESENTATION_CONTEXT('2D SPACE',''
  ) );
#6582 = PCURVE('',#5021,#6583);
#6583 = DEFINITIONAL_REPRESENTATION('',(#6584),#6643);
#6584 = B_SPLINE_CURVE_WITH_KNOTS('',8,(#6585,#6586,#6587,#6588,#6589,
    #6590,#6591,#6592,#6593,#6594,#6595,#6596,#6597,#6598,#6599,#6600,
    #6601,#6602,#6603,#6604,#6605,#6606,#6607,#6608,#6609,#6610,#6611,
    #6612,#6613,#6614,#6615,#6616,#6617,#6618,#6619,#6620,#6621,#6622,
    #6623,#6624,#6625,#6626,#6627,#6628,#6629,#6630,#6631,#6632,#6633,
    #6634,#6635,#6636,#6637,#6638,#6639,#6640,#6641,#6642),
  .UNSPECIFIED.,.F.,.F.,(9,7,7,7,7,7,7,7,9),(0.,0.155804460718,
    0.236562872325,0.331178863603,0.441483459243,0.616098771776,
    0.773878937098,0.887505851437,1.),.UNSPECIFIED.);
#6585 = CARTESIAN_POINT('',(1.035770917221,88.316895440925));
#6586 = CARTESIAN_POINT('',(1.035768183668,88.473167371277));
#6587 = CARTESIAN_POINT('',(1.035815254867,88.629712703782));
#6588 = CARTESIAN_POINT('',(1.035804612934,88.786127705422));
#6589 = CARTESIAN_POINT('',(1.035773810174,88.942471208061));
#6590 = CARTESIAN_POINT('',(1.035763702067,89.09882317632));
#6591 = CARTESIAN_POINT('',(1.035758050588,89.255253380045));
#6592 = CARTESIAN_POINT('',(1.035760056712,89.411820672782));
#6593 = CARTESIAN_POINT('',(1.035765061849,89.64911165016));
#6594 = CARTESIAN_POINT('',(1.035767206648,89.730131692671));
#6595 = CARTESIAN_POINT('',(1.035769215898,89.811165587682));
#6596 = CARTESIAN_POINT('',(1.035770711926,89.892210692561));
#6597 = CARTESIAN_POINT('',(1.035771511068,89.973260938163));
#6598 = CARTESIAN_POINT('',(1.035771623672,90.054306828834));
#6599 = CARTESIAN_POINT('',(1.035771254097,90.135335442405));
#6600 = CARTESIAN_POINT('',(1.035770269522,90.311223592485));
#6601 = CARTESIAN_POINT('',(1.03576949362,90.406159109313));
#6602 = CARTESIAN_POINT('',(1.035769030437,90.501110741028));
#6603 = CARTESIAN_POINT('',(1.035769222747,90.596060920316));
#6604 = CARTESIAN_POINT('',(1.035770198659,90.691000752201));
#6605 = CARTESIAN_POINT('',(1.035771871619,90.785930014047));
#6606 = CARTESIAN_POINT('',(1.035773940409,90.880857155558));
#6607 = CARTESIAN_POINT('',(1.035778161019,91.086484126743));
#6608 = CARTESIAN_POINT('',(1.035780411822,91.197188212746));
#6609 = CARTESIAN_POINT('',(1.035781730973,91.307902067407));
#6610 = CARTESIAN_POINT('',(1.035781579239,91.418618206611));
#6611 = CARTESIAN_POINT('',(1.035779788747,91.529331151512));
#6612 = CARTESIAN_POINT('',(1.035776562977,91.640037428531));
#6613 = CARTESIAN_POINT('',(1.035772476766,91.750735569354));
#6614 = CARTESIAN_POINT('',(1.035762143464,92.036652386881));
#6615 = CARTESIAN_POINT('',(1.035755927034,92.212292602563));
#6616 = CARTESIAN_POINT('',(1.035752505581,92.387670288194));
#6617 = CARTESIAN_POINT('',(1.035756095466,92.56292579784));
#6618 = CARTESIAN_POINT('',(1.035764891007,92.738181620549));
#6619 = CARTESIAN_POINT('',(1.035773506788,92.913559948628));
#6620 = CARTESIAN_POINT('',(1.035778501537,93.089200525114));
#6621 = CARTESIAN_POINT('',(1.035781473903,93.4227590088));
#6622 = CARTESIAN_POINT('',(1.035780068702,93.581348974881));
#6623 = CARTESIAN_POINT('',(1.035775704202,93.739792273875));
#6624 = CARTESIAN_POINT('',(1.035770345721,93.898150725321));
#6625 = CARTESIAN_POINT('',(1.035767662875,94.056504839905));
#6626 = CARTESIAN_POINT('',(1.035768821445,94.214935231406));
#6627 = CARTESIAN_POINT('',(1.03577049217,94.373504548111));
#6628 = CARTESIAN_POINT('',(1.035771533153,94.645817760594));
#6629 = CARTESIAN_POINT('',(1.035771385613,94.759812957497));
#6630 = CARTESIAN_POINT('',(1.035770084917,94.873783160571));
#6631 = CARTESIAN_POINT('',(1.0357670086,94.987747014411));
#6632 = CARTESIAN_POINT('',(1.035762851508,95.101737121884));
#6633 = CARTESIAN_POINT('',(1.035759707505,95.21577376576));
#6634 = CARTESIAN_POINT('',(1.035759862898,95.329830954387));
#6635 = CARTESIAN_POINT('',(1.035766706002,95.55662250379));
#6636 = CARTESIAN_POINT('',(1.035773679439,95.669539690378));
#6637 = CARTESIAN_POINT('',(1.035782719285,95.782444619691));
#6638 = CARTESIAN_POINT('',(1.035794461513,95.895315327026));
#6639 = CARTESIAN_POINT('',(1.035802370217,96.008170147297));
#6640 = CARTESIAN_POINT('',(1.035795437111,96.12103333897));
#6641 = CARTESIAN_POINT('',(1.035772891005,96.233905799082));
#6642 = CARTESIAN_POINT('',(1.035770917232,96.346740869347));
#6643 = ( GEOMETRIC_REPRESENTATION_CONTEXT(2) 
PARAMETRIC_REPRESENTATION_CONTEXT() REPRESENTATION_CONTEXT('2D SPACE',''
  ) );
#6644 = ORIENTED_EDGE('',*,*,#6645,.F.);
#6645 = EDGE_CURVE('',#3566,#6458,#6646,.T.);
#6646 = SURFACE_CURVE('',#6647,(#6651,#6658),.PCURVE_S1.);
#6647 = LINE('',#6648,#6649);
#6648 = CARTESIAN_POINT('',(12.,-2.939152317954E-15,0.));
#6649 = VECTOR('',#6650,1.);
#6650 = DIRECTION('',(0.,0.,1.));
#6651 = PCURVE('',#3889,#6652);
#6652 = DEFINITIONAL_REPRESENTATION('',(#6653),#6657);
#6653 = LINE('',#6654,#6655);
#6654 = CARTESIAN_POINT('',(0.,-0.));
#6655 = VECTOR('',#6656,1.);
#6656 = DIRECTION('',(0.,1.));
#6657 = ( GEOMETRIC_REPRESENTATION_CONTEXT(2) 
PARAMETRIC_REPRESENTATION_CONTEXT() REPRESENTATION_CONTEXT('2D SPACE',''
  ) );
#6658 = PCURVE('',#3705,#6659);
#6659 = DEFINITIONAL_REPRESENTATION('',(#6660),#6664);
#6660 = LINE('',#6661,#6662);
#6661 = CARTESIAN_POINT('',(6.28318530718,-0.));
#6662 = VECTOR('',#6663,1.);
#6663 = DIRECTION('',(0.,1.));
#6664 = ( GEOMETRIC_REPRESENTATION_CONTEXT(2) 
PARAMETRIC_REPRESENTATION_CONTEXT() REPRESENTATION_CONTEXT('2D SPACE',''
  ) );
#6665 = ORIENTED_EDGE('',*,*,#3779,.T.);
#6666 = ORIENTED_EDGE('',*,*,#6431,.T.);
#6667 = ADVANCED_FACE('',(#6668),#3705,.T.);
#6668 = FACE_BOUND('',#6669,.T.);
#6669 = EDGE_LOOP('',(#6670,#6858,#6879,#6880));
#6670 = ORIENTED_EDGE('',*,*,#6671,.F.);
#6671 = EDGE_CURVE('',#6672,#6458,#6674,.T.);
#6672 = VERTEX_POINT('',#6673);
#6673 = CARTESIAN_POINT('',(12.,-2.939152317954E-15,48.378143376256));
#6674 = SURFACE_CURVE('',#6675,(#6734,#6796),.PCURVE_S1.);
#6675 = B_SPLINE_CURVE_WITH_KNOTS('',8,(#6676,#6677,#6678,#6679,#6680,
    #6681,#6682,#6683,#6684,#6685,#6686,#6687,#6688,#6689,#6690,#6691,
    #6692,#6693,#6694,#6695,#6696,#6697,#6698,#6699,#6700,#6701,#6702,
    #6703,#6704,#6705,#6706,#6707,#6708,#6709,#6710,#6711,#6712,#6713,
    #6714,#6715,#6716,#6717,#6718,#6719,#6720,#6721,#6722,#6723,#6724,
    #6725,#6726,#6727,#6728,#6729,#6730,#6731,#6732,#6733),
  .UNSPECIFIED.,.F.,.F.,(9,7,7,7,7,7,7,7,9),(0.,0.15399527027,
    0.24283298342,0.366874336211,0.480910201271,0.572972190756,
    0.660195285138,0.841160020112,1.),.UNSPECIFIED.);
#6676 = CARTESIAN_POINT('',(12.,-1.06581410364E-14,48.378143376256));
#6677 = CARTESIAN_POINT('',(12.,1.4513208521,48.474386410788));
#6678 = CARTESIAN_POINT('',(11.799394856345,2.904827562286,
    48.570786820831));
#6679 = CARTESIAN_POINT('',(11.397146189861,4.324581660661,
    48.667083842798));
#6680 = CARTESIAN_POINT('',(10.801141032886,5.678724134188,
    48.763329433414));
#6681 = CARTESIAN_POINT('',(10.023476467395,6.937434753245,
    48.859583324451));
#6682 = CARTESIAN_POINT('',(9.081780663025,8.073712726718,
    48.955887870918));
#6683 = CARTESIAN_POINT('',(7.998136888893,9.062847201598,
    49.052271573058));
#6684 = CARTESIAN_POINT('',(6.113269476135,10.359952014496,
    49.204004702473));
#6685 = CARTESIAN_POINT('',(5.385622611769,10.779676422889,
    49.259528182858));
#6686 = CARTESIAN_POINT('',(4.625185023818,11.14090361439,
    49.315062494138));
#6687 = CARTESIAN_POINT('',(3.837500963332,11.440624672713,
    49.370603932492));
#6688 = CARTESIAN_POINT('',(3.028360314591,11.676512197693,
    49.426147882602));
#6689 = CARTESIAN_POINT('',(2.203798595109,11.846920305282,
    49.481688817647));
#6690 = CARTESIAN_POINT('',(1.370096955628,11.950884627554,
    49.537220299307));
#6691 = CARTESIAN_POINT('',(-0.633938289428,12.040116141401,
    49.670248407262));
#6692 = CARTESIAN_POINT('',(-1.808222836643,11.961997140092,
    49.747778926886));
#6693 = CARTESIAN_POINT('',(-2.971071752006,11.753150411942,
    49.825321297189));
#6694 = CARTESIAN_POINT('',(-4.105385365031,11.41547129663,
    49.90287013029));
#6695 = CARTESIAN_POINT('',(-5.194964044269,10.953365370344,
    49.980419889873));
#6696 = CARTESIAN_POINT('',(-6.224508197304,10.373748445775,
    50.057964891183));
#6697 = CARTESIAN_POINT('',(-7.17961827075,9.686046572122,50.13549930103
    ));
#6698 = CARTESIAN_POINT('',(-8.844022592217,8.181572855358,
    50.284282190716));
#6699 = CARTESIAN_POINT('',(-9.567327956699,7.379507682872,
    50.355531922271));
#6700 = CARTESIAN_POINT('',(-10.20696281464,6.504921785905,
    50.426761009061));
#6701 = CARTESIAN_POINT('',(-10.75477153049,5.567894045457,
    50.497988740526));
#6702 = CARTESIAN_POINT('',(-11.20392415357,4.579444210589,
    50.569235030026));
#6703 = CARTESIAN_POINT('',(-11.54905144065,3.551554277762,
    50.640510487321));
#6704 = CARTESIAN_POINT('',(-11.7863532608,2.497197636145,
    50.711806132809));
#6705 = CARTESIAN_POINT('',(-12.01781648557,0.569454556358,
    50.840560750843));
#6706 = CARTESIAN_POINT('',(-12.05006146801,-0.300143191869,
    50.898064274168));
#6707 = CARTESIAN_POINT('',(-12.01039145542,-1.171230120802,
    50.955562443005));
#6708 = CARTESIAN_POINT('',(-11.89880577037,-2.036921602576,
    51.013059060936));
#6709 = CARTESIAN_POINT('',(-11.7160705717,-2.890452094039,
    51.070557125862));
#6710 = CARTESIAN_POINT('',(-11.46371885447,-3.725175136756,
    51.128058830012));
#6711 = CARTESIAN_POINT('',(-11.14405045003,-4.534563357008,
    51.185565559937));
#6712 = CARTESIAN_POINT('',(-10.39639284189,-6.048979559906,
    51.297567311626));
#6713 = CARTESIAN_POINT('',(-9.974866216445,-6.757492227577,
    51.352066141917));
#6714 = CARTESIAN_POINT('',(-9.49827850081,-7.432247379128,
    51.40656942827));
#6715 = CARTESIAN_POINT('',(-8.969841974954,-8.068199549139,
    51.461072710787));
#6716 = CARTESIAN_POINT('',(-8.393254847613,-8.660756896437,
    51.515572028796));
#6717 = CARTESIAN_POINT('',(-7.772701256287,-9.205781204105,
    51.570063920844));
#6718 = CARTESIAN_POINT('',(-7.112851267243,-9.699587879475,
    51.624545424701));
#6719 = CARTESIAN_POINT('',(-4.979015291011,-11.05049716773,
    51.792022052622));
#6720 = CARTESIAN_POINT('',(-3.387008053175,-11.73102783916,
    51.905358700391));
#6721 = CARTESIAN_POINT('',(-1.692446896803,-12.14583649193,
    52.018499681208));
#6722 = CARTESIAN_POINT('',(5.27141908937E-02,-12.28115192632,
    52.131555661082));
#6723 = CARTESIAN_POINT('',(1.796577137881,-12.13079516564,
    52.244612621775));
#6724 = CARTESIAN_POINT('',(3.487261450504,-11.70157455478,
    52.357738521709));
#6725 = CARTESIAN_POINT('',(5.073313629338,-11.00754594399,
    52.471068637335));
#6726 = CARTESIAN_POINT('',(7.762447143082,-9.272657744183,
    52.683287127668));
#6727 = CARTESIAN_POINT('',(8.906033040347,-8.281248898631,
    52.782652908187));
#6728 = CARTESIAN_POINT('',(9.902347305854,-7.129769005047,
    52.881919936062));
#6729 = CARTESIAN_POINT('',(10.726894895058,-5.844651411515,
    52.981140753821));
#6730 = CARTESIAN_POINT('',(11.359679592819,-4.455081614415,
    53.080362643891));
#6731 = CARTESIAN_POINT('',(11.787009445637,-2.993640133079,
    53.179633582307));
#6732 = CARTESIAN_POINT('',(12.,-1.495456882072,53.278973500665));
#6733 = CARTESIAN_POINT('',(12.,2.13162820728E-14,53.378143376259));
#6734 = PCURVE('',#3705,#6735);
#6735 = DEFINITIONAL_REPRESENTATION('',(#6736),#6795);
#6736 = B_SPLINE_CURVE_WITH_KNOTS('',8,(#6737,#6738,#6739,#6740,#6741,
    #6742,#6743,#6744,#6745,#6746,#6747,#6748,#6749,#6750,#6751,#6752,
    #6753,#6754,#6755,#6756,#6757,#6758,#6759,#6760,#6761,#6762,#6763,
    #6764,#6765,#6766,#6767,#6768,#6769,#6770,#6771,#6772,#6773,#6774,
    #6775,#6776,#6777,#6778,#6779,#6780,#6781,#6782,#6783,#6784,#6785,
    #6786,#6787,#6788,#6789,#6790,#6791,#6792,#6793,#6794),
  .UNSPECIFIED.,.F.,.F.,(9,7,7,7,7,7,7,7,9),(0.,0.15399527027,
    0.24283298342,0.366874336211,0.480910201271,0.572972190756,
    0.660195285138,0.841160020112,1.),.UNSPECIFIED.);
#6737 = CARTESIAN_POINT('',(0.,48.378143376256));
#6738 = CARTESIAN_POINT('',(0.120943404342,48.474386410788));
#6739 = CARTESIAN_POINT('',(0.242068440668,48.570786820831));
#6740 = CARTESIAN_POINT('',(0.363080118819,48.667083842798));
#6741 = CARTESIAN_POINT('',(0.484037018023,48.763329433414));
#6742 = CARTESIAN_POINT('',(0.604997731453,48.859583324451));
#6743 = CARTESIAN_POINT('',(0.72602033675,48.955887870918));
#6744 = CARTESIAN_POINT('',(0.847139305324,49.052271573058));
#6745 = CARTESIAN_POINT('',(1.037810744282,49.204004702473));
#6746 = CARTESIAN_POINT('',(1.107582507413,49.259528182858));
#6747 = CARTESIAN_POINT('',(1.177367853242,49.315062494138));
#6748 = CARTESIAN_POINT('',(1.247162355137,49.370603932492));
#6749 = CARTESIAN_POINT('',(1.316960340914,49.426147882602));
#6750 = CARTESIAN_POINT('',(1.386754892842,49.481688817647));
#6751 = CARTESIAN_POINT('',(1.456537847643,49.537220299307));
#6752 = CARTESIAN_POINT('',(1.623706249231,49.670248407262));
#6753 = CARTESIAN_POINT('',(1.721134432254,49.747778926886));
#6754 = CARTESIAN_POINT('',(1.818577369401,49.825321297189));
#6755 = CARTESIAN_POINT('',(1.916028069035,49.90287013029));
#6756 = CARTESIAN_POINT('',(2.013479524043,49.980419889873));
#6757 = CARTESIAN_POINT('',(2.110924711829,50.057964891183));
#6758 = CARTESIAN_POINT('',(2.208356594319,50.13549930103));
#6759 = CARTESIAN_POINT('',(2.395322182912,50.284282190716));
#6760 = CARTESIAN_POINT('',(2.484857296651,50.355531922271));
#6761 = CARTESIAN_POINT('',(2.574366927353,50.426761009061));
#6762 = CARTESIAN_POINT('',(2.663875373462,50.497988740526));
#6763 = CARTESIAN_POINT('',(2.753407506301,50.569235030026));
#6764 = CARTESIAN_POINT('',(2.842976318179,50.640510487321));
#6765 = CARTESIAN_POINT('',(2.932570224485,50.711806132809));
#6766 = CARTESIAN_POINT('',(3.094369324153,50.840560750843));
#6767 = CARTESIAN_POINT('',(3.16663064707,50.898064274168));
#6768 = CARTESIAN_POINT('',(3.238884858758,50.955562443005));
#6769 = CARTESIAN_POINT('',(3.311136719266,51.013059060936));
#6770 = CARTESIAN_POINT('',(3.383390034,51.070557125862));
#6771 = CARTESIAN_POINT('',(3.455647653732,51.128058830012));
#6772 = CARTESIAN_POINT('',(3.527911474594,51.185565559937));
#6773 = CARTESIAN_POINT('',(3.668654747934,51.297567311626));
#6774 = CARTESIAN_POINT('',(3.737138939408,51.352066141917));
#6775 = CARTESIAN_POINT('',(3.805628939962,51.40656942827));
#6776 = CARTESIAN_POINT('',(3.874119249178,51.461072710787));
#6777 = CARTESIAN_POINT('',(3.94260493876,51.515572028796));
#6778 = CARTESIAN_POINT('',(4.011081652537,51.570063920844));
#6779 = CARTESIAN_POINT('',(4.079545606464,51.624545424701));
#6780 = CARTESIAN_POINT('',(4.290004956567,51.792022052622));
#6781 = CARTESIAN_POINT('',(4.432430123625,51.905358700391));
#6782 = CARTESIAN_POINT('',(4.574609197657,52.018499681209));
#6783 = CARTESIAN_POINT('',(4.716679863516,52.131555661082));
#6784 = CARTESIAN_POINT('',(4.858749001784,52.244612621775));
#6785 = CARTESIAN_POINT('',(5.000906384719,52.357738521709));
#6786 = CARTESIAN_POINT('',(5.143321957524,52.471068637335));
#6787 = CARTESIAN_POINT('',(5.410005239826,52.683287127668));
#6788 = CARTESIAN_POINT('',(5.534872861356,52.782652908187));
#6789 = CARTESIAN_POINT('',(5.659615436705,52.881919936061));
#6790 = CARTESIAN_POINT('',(5.784297448207,52.981140753823));
#6791 = CARTESIAN_POINT('',(5.90897620112,53.080362643891));
#6792 = CARTESIAN_POINT('',(6.033715904191,53.179633582307));
#6793 = CARTESIAN_POINT('',(6.15856390034,53.278973500665));
#6794 = CARTESIAN_POINT('',(6.28318530718,53.378143376259));
#6795 = ( GEOMETRIC_REPRESENTATION_CONTEXT(2) 
PARAMETRIC_REPRESENTATION_CONTEXT() REPRESENTATION_CONTEXT('2D SPACE',''
  ) );
#6796 = PCURVE('',#5021,#6797);
#6797 = DEFINITIONAL_REPRESENTATION('',(#6798),#6857);
#6798 = B_SPLINE_CURVE_WITH_KNOTS('',8,(#6799,#6800,#6801,#6802,#6803,
    #6804,#6805,#6806,#6807,#6808,#6809,#6810,#6811,#6812,#6813,#6814,
    #6815,#6816,#6817,#6818,#6819,#6820,#6821,#6822,#6823,#6824,#6825,
    #6826,#6827,#6828,#6829,#6830,#6831,#6832,#6833,#6834,#6835,#6836,
    #6837,#6838,#6839,#6840,#6841,#6842,#6843,#6844,#6845,#6846,#6847,
    #6848,#6849,#6850,#6851,#6852,#6853,#6854,#6855,#6856),
  .UNSPECIFIED.,.F.,.F.,(9,7,7,7,7,7,7,7,9),(0.,0.15399527027,
    0.24283298342,0.366874336211,0.480910201271,0.572972190756,
    0.660195285138,0.841160020112,1.),.UNSPECIFIED.);
#6799 = CARTESIAN_POINT('',(1.035770917209,80.287050012502));
#6800 = CARTESIAN_POINT('',(1.0357682135,80.44161447202));
#6801 = CARTESIAN_POINT('',(1.035814408065,80.596411391458));
#6802 = CARTESIAN_POINT('',(1.035804450887,80.751065561465));
#6803 = CARTESIAN_POINT('',(1.035775715701,80.905644922386));
#6804 = CARTESIAN_POINT('',(1.035763998126,81.060230555568));
#6805 = CARTESIAN_POINT('',(1.035758487733,81.21489496541));
#6806 = CARTESIAN_POINT('',(1.035759941358,81.369683608526));
#6807 = CARTESIAN_POINT('',(1.035764863889,81.613360282049));
#6808 = CARTESIAN_POINT('',(1.035767267222,81.702528278308));
#6809 = CARTESIAN_POINT('',(1.035769508208,81.791713735981));
#6810 = CARTESIAN_POINT('',(1.035771093268,81.880910911558));
#6811 = CARTESIAN_POINT('',(1.035771800071,81.970112485189));
#6812 = CARTESIAN_POINT('',(1.035771677529,82.059309560685));
#6813 = CARTESIAN_POINT('',(1.035771045803,82.148491665518));
#6814 = CARTESIAN_POINT('',(1.035769729048,82.362131240538));
#6815 = CARTESIAN_POINT('',(1.035769092317,82.486643122332));
#6816 = CARTESIAN_POINT('',(1.035769373982,82.61117365505));
#6817 = CARTESIAN_POINT('',(1.035770906577,82.735714048006));
#6818 = CARTESIAN_POINT('',(1.035773567303,82.860255460977));
#6819 = CARTESIAN_POINT('',(1.035776778023,82.984789004202));
#6820 = CARTESIAN_POINT('',(1.035779505264,83.109305738385));
#6821 = CARTESIAN_POINT('',(1.035780954271,83.348245858731));
#6822 = CARTESIAN_POINT('',(1.035780368565,83.462670967891));
#6823 = CARTESIAN_POINT('',(1.035778113673,83.57706361448));
#6824 = CARTESIAN_POINT('',(1.035774208959,83.691454768715));
#6825 = CARTESIAN_POINT('',(1.035769352699,83.805876121229));
#6826 = CARTESIAN_POINT('',(1.035764681231,83.920344239677));
#6827 = CARTESIAN_POINT('',(1.035761076878,84.034844337162));
#6828 = CARTESIAN_POINT('',(1.03575729036,84.2416218438));
#6829 = CARTESIAN_POINT('',(1.035756639855,84.33397099437));
#6830 = CARTESIAN_POINT('',(1.035757170311,84.426311056003));
#6831 = CARTESIAN_POINT('',(1.035758869719,84.518648142111));
#6832 = CARTESIAN_POINT('',(1.035761573988,84.610987135289));
#6833 = CARTESIAN_POINT('',(1.035764966954,84.703331687314));
#6834 = CARTESIAN_POINT('',(1.035768580374,84.795684219146));
#6835 = CARTESIAN_POINT('',(1.035774838571,84.975552974349));
#6836 = CARTESIAN_POINT('',(1.03577762556,85.063075255115));
#6837 = CARTESIAN_POINT('',(1.035779760878,85.150604962454));
#6838 = CARTESIAN_POINT('',(1.0357810054,85.238135033087));
#6839 = CARTESIAN_POINT('',(1.035781274899,85.325659141227));
#6840 = CARTESIAN_POINT('',(1.035780640039,85.413171698582));
#6841 = CARTESIAN_POINT('',(1.035779326382,85.50066785435));
#6842 = CARTESIAN_POINT('',(1.035774369913,85.769632197034));
#6843 = CARTESIAN_POINT('',(1.035769623364,85.95164931823));
#6844 = CARTESIAN_POINT('',(1.03576626416,86.133351628958));
#6845 = CARTESIAN_POINT('',(1.035767705372,86.314915439851));
#6846 = CARTESIAN_POINT('',(1.035774639074,86.496478547932));
#6847 = CARTESIAN_POINT('',(1.035773862354,86.678155568157));
#6848 = CARTESIAN_POINT('',(1.03576859201,86.860162416174));
#6849 = CARTESIAN_POINT('',(1.035760709452,87.200982020307));
#6850 = CARTESIAN_POINT('',(1.035757770908,87.360561610741));
#6851 = CARTESIAN_POINT('',(1.035759979392,87.519980472778));
#6852 = CARTESIAN_POINT('',(1.035771206581,87.679321382344));
#6853 = CARTESIAN_POINT('',(1.035798004947,87.838657555945));
#6854 = CARTESIAN_POINT('',(1.035818184243,87.998075244898));
#6855 = CARTESIAN_POINT('',(1.035773703129,88.157630531049));
#6856 = CARTESIAN_POINT('',(1.035770917221,88.316895440925));
#6857 = ( GEOMETRIC_REPRESENTATION_CONTEXT(2) 
PARAMETRIC_REPRESENTATION_CONTEXT() REPRESENTATION_CONTEXT('2D SPACE',''
  ) );
#6858 = ORIENTED_EDGE('',*,*,#6859,.F.);
#6859 = EDGE_CURVE('',#3373,#6672,#6860,.T.);
#6860 = SURFACE_CURVE('',#6861,(#6865,#6872),.PCURVE_S1.);
#6861 = LINE('',#6862,#6863);
#6862 = CARTESIAN_POINT('',(12.,-2.939152317954E-15,0.));
#6863 = VECTOR('',#6864,1.);
#6864 = DIRECTION('',(0.,0.,1.));
#6865 = PCURVE('',#3705,#6866);
#6866 = DEFINITIONAL_REPRESENTATION('',(#6867),#6871);
#6867 = LINE('',#6868,#6869);
#6868 = CARTESIAN_POINT('',(0.,-0.));
#6869 = VECTOR('',#6870,1.);
#6870 = DIRECTION('',(0.,1.));
#6871 = ( GEOMETRIC_REPRESENTATION_CONTEXT(2) 
PARAMETRIC_REPRESENTATION_CONTEXT() REPRESENTATION_CONTEXT('2D SPACE',''
  ) );
#6872 = PCURVE('',#3498,#6873);
#6873 = DEFINITIONAL_REPRESENTATION('',(#6874),#6878);
#6874 = LINE('',#6875,#6876);
#6875 = CARTESIAN_POINT('',(6.28318530718,-0.));
#6876 = VECTOR('',#6877,1.);
#6877 = DIRECTION('',(0.,1.));
#6878 = ( GEOMETRIC_REPRESENTATION_CONTEXT(2) 
PARAMETRIC_REPRESENTATION_CONTEXT() REPRESENTATION_CONTEXT('2D SPACE',''
  ) );
#6879 = ORIENTED_EDGE('',*,*,#3565,.T.);
#6880 = ORIENTED_EDGE('',*,*,#6645,.T.);
#6881 = ADVANCED_FACE('',(#6882),#3498,.T.);
#6882 = FACE_BOUND('',#6883,.T.);
#6883 = EDGE_LOOP('',(#6884,#7072,#7093,#7094));
#6884 = ORIENTED_EDGE('',*,*,#6885,.F.);
#6885 = EDGE_CURVE('',#6886,#6672,#6888,.T.);
#6886 = VERTEX_POINT('',#6887);
#6887 = CARTESIAN_POINT('',(12.,-2.939152317954E-15,43.378143376273));
#6888 = SURFACE_CURVE('',#6889,(#6948,#7010),.PCURVE_S1.);
#6889 = B_SPLINE_CURVE_WITH_KNOTS('',8,(#6890,#6891,#6892,#6893,#6894,
    #6895,#6896,#6897,#6898,#6899,#6900,#6901,#6902,#6903,#6904,#6905,
    #6906,#6907,#6908,#6909,#6910,#6911,#6912,#6913,#6914,#6915,#6916,
    #6917,#6918,#6919,#6920,#6921,#6922,#6923,#6924,#6925,#6926,#6927,
    #6928,#6929,#6930,#6931,#6932,#6933,#6934,#6935,#6936,#6937,#6938,
    #6939,#6940,#6941,#6942,#6943,#6944,#6945,#6946,#6947),
  .UNSPECIFIED.,.F.,.F.,(9,7,7,7,7,7,7,7,9),(0.,0.148417023407,
    0.236266608273,0.33020579852,0.42391826619,0.581626301111,
    0.744207819571,0.879542158053,1.),.UNSPECIFIED.);
#6890 = CARTESIAN_POINT('',(12.,-1.7763568394E-15,43.378143376273));
#6891 = CARTESIAN_POINT('',(12.,1.397289396107,43.470803363486));
#6892 = CARTESIAN_POINT('',(11.814054228798,2.796187189325,
    43.563581592554));
#6893 = CARTESIAN_POINT('',(11.441425335214,4.165174020114,
    43.656281543102));
#6894 = CARTESIAN_POINT('',(10.888658135823,5.475789254508,
    43.748942932773));
#6895 = CARTESIAN_POINT('',(10.166156066021,6.70122429946,
    43.841617546027));
#6896 = CARTESIAN_POINT('',(9.289094214154,7.817006298113,
    43.934340991162));
#6897 = CARTESIAN_POINT('',(8.276582403515,8.800602228283,
    44.027135119087));
#6898 = CARTESIAN_POINT('',(6.490845981813,10.1268436783,44.174643674623
    ));
#6899 = CARTESIAN_POINT('',(5.78771739378,10.567859338778,
    44.229508754816));
#6900 = CARTESIAN_POINT('',(5.050473747017,10.95300847752,
    44.284384732988));
#6901 = CARTESIAN_POINT('',(4.284378321784,11.279180974921,
    44.339265908038));
#6902 = CARTESIAN_POINT('',(3.494923729279,11.54391043195,44.39414784538
    ));
#6903 = CARTESIAN_POINT('',(2.68783191164,11.745374170152,
    44.449027376933));
#6904 = CARTESIAN_POINT('',(1.869054141945,11.882393231644,
    44.503902601132));
#6905 = CARTESIAN_POINT('',(0.163349800277,12.031465175466,
    44.61744669279));
#6906 = CARTESIAN_POINT('',(-0.724970342245,12.0341505243,
    44.676139184948));
#6907 = CARTESIAN_POINT('',(-1.612383838526,11.961934601225,
    44.734833524335));
#6908 = CARTESIAN_POINT('',(-2.491364315265,11.815079187727,
    44.793519847906));
#6909 = CARTESIAN_POINT('',(-3.354664590688,11.594661671175,
    44.852195264632));
#6910 = CARTESIAN_POINT('',(-4.195316674552,11.302575044823,
    44.910863855499));
#6911 = CARTESIAN_POINT('',(-5.00663176814,10.941527907806,
    44.969536673506));
#6912 = CARTESIAN_POINT('',(-6.555896923011,10.089590341816,
    45.086785153068));
#6913 = CARTESIAN_POINT('',(-7.294017048396,9.598911342814,
    45.145347257276));
#6914 = CARTESIAN_POINT('',(-7.989910541987,9.04672256226,
    45.203912499981));
#6915 = CARTESIAN_POINT('',(-8.63756206488,8.437325381926,
    45.262476969226));
#6916 = CARTESIAN_POINT('',(-9.231591037693,7.775607471234,
    45.32103839741));
#6917 = CARTESIAN_POINT('',(-9.767251640571,7.067042787253,
    45.379596161287));
#6918 = CARTESIAN_POINT('',(-10.24043281318,6.317691574703,
    45.438151281967));
#6919 = CARTESIAN_POINT('',(-11.33297500875,4.215668670205,
    45.595248452016));
#6920 = CARTESIAN_POINT('',(-11.83278524612,2.797956423273,
    45.693944134027));
#6921 = CARTESIAN_POINT('',(-12.12837620388,1.314916883576,
    45.792571403152));
#6922 = CARTESIAN_POINT('',(-12.21115069801,-0.199115634958,
    45.89111342318));
#6923 = CARTESIAN_POINT('',(-12.07903943169,-1.709607103301,
    45.989654853842));
#6924 = CARTESIAN_POINT('',(-11.73528342163,-3.182136134188,
    46.088280084121));
#6925 = CARTESIAN_POINT('',(-11.18958654265,-4.58273735543,
    46.186973434535));
#6926 = CARTESIAN_POINT('',(-9.711194824675,-7.213848889485,
    46.387114542908));
#6927 = CARTESIAN_POINT('',(-8.764563937451,-8.44222345792,
    46.488883463131));
#6928 = CARTESIAN_POINT('',(-7.641494338997,-9.525901241663,
    46.590539012698));
#6929 = CARTESIAN_POINT('',(-6.368666788598,-10.43658031793,
    46.692137909707));
#6930 = CARTESIAN_POINT('',(-4.976665320285,-11.15207711168,
    46.793739342303));
#6931 = CARTESIAN_POINT('',(-3.499224218505,-11.65523483257,
    46.895399944588));
#6932 = CARTESIAN_POINT('',(-1.973880747676,-11.93524567578,
    46.997169189837));
#6933 = CARTESIAN_POINT('',(0.831019055714,-12.03890220964,
    47.18330187821));
#6934 = CARTESIAN_POINT('',(2.112283662321,-11.93130440341,
    47.267947394359));
#6935 = CARTESIAN_POINT('',(3.376860012703,-11.66761141388,
    47.35255923643));
#6936 = CARTESIAN_POINT('',(4.602603587844,-11.25128831604,
    47.43714584807));
#6937 = CARTESIAN_POINT('',(5.768700321269,-10.68917298283,
    47.521731399469));
#6938 = CARTESIAN_POINT('',(6.855546302084,-9.990972763518,
    47.606342402234));
#6939 = CARTESIAN_POINT('',(7.844980079507,-9.169673714756,
    47.690993974149));
#6940 = CARTESIAN_POINT('',(9.500810031908,-7.417767933672,
    47.850851812697));
#6941 = CARTESIAN_POINT('',(10.192054697911,-6.507741479,47.926198019745
    ));
#6942 = CARTESIAN_POINT('',(10.783091525186,-5.524522601452,
    48.001534991146));
#6943 = CARTESIAN_POINT('',(11.265122894258,-4.481290450301,
    48.076859305631));
#6944 = CARTESIAN_POINT('',(11.631383582659,-3.392040258759,
    48.152181718417));
#6945 = CARTESIAN_POINT('',(11.877226074804,-2.271575437605,
    48.227511850017));
#6946 = CARTESIAN_POINT('',(12.,-1.135395988008,48.302850614409));
#6947 = CARTESIAN_POINT('',(12.,-1.06581410364E-14,48.378143376256));
#6948 = PCURVE('',#3498,#6949);
#6949 = DEFINITIONAL_REPRESENTATION('',(#6950),#7009);
#6950 = B_SPLINE_CURVE_WITH_KNOTS('',8,(#6951,#6952,#6953,#6954,#6955,
    #6956,#6957,#6958,#6959,#6960,#6961,#6962,#6963,#6964,#6965,#6966,
    #6967,#6968,#6969,#6970,#6971,#6972,#6973,#6974,#6975,#6976,#6977,
    #6978,#6979,#6980,#6981,#6982,#6983,#6984,#6985,#6986,#6987,#6988,
    #6989,#6990,#6991,#6992,#6993,#6994,#6995,#6996,#6997,#6998,#6999,
    #7000,#7001,#7002,#7003,#7004,#7005,#7006,#7007,#7008),
  .UNSPECIFIED.,.F.,.F.,(9,7,7,7,7,7,7,7,9),(0.,0.148417023407,
    0.236266608273,0.33020579852,0.42391826619,0.581626301111,
    0.744207819571,0.879542158053,1.),.UNSPECIFIED.);
#6951 = CARTESIAN_POINT('',(0.,43.378143376273));
#6952 = CARTESIAN_POINT('',(0.116440783009,43.470803363486));
#6953 = CARTESIAN_POINT('',(0.233015308706,43.563581592554));
#6954 = CARTESIAN_POINT('',(0.349505128807,43.656281543102));
#6955 = CARTESIAN_POINT('',(0.465957350327,43.748942932773));
#6956 = CARTESIAN_POINT('',(0.58241992775,43.841617546027));
#6957 = CARTESIAN_POINT('',(0.698943233601,43.934340991162));
#6958 = CARTESIAN_POINT('',(0.815551901786,44.027135119087));
#6959 = CARTESIAN_POINT('',(1.000915114147,44.174643674623));
#6960 = CARTESIAN_POINT('',(1.06985958136,44.229508754816));
#6961 = CARTESIAN_POINT('',(1.138817619448,44.284384732988));
#6962 = CARTESIAN_POINT('',(1.207782312107,44.339265908038));
#6963 = CARTESIAN_POINT('',(1.276748240224,44.39414784538));
#6964 = CARTESIAN_POINT('',(1.345711481875,44.449027376933));
#6965 = CARTESIAN_POINT('',(1.414669612327,44.503902601132));
#6966 = CARTESIAN_POINT('',(1.557353454401,44.61744669279));
#6967 = CARTESIAN_POINT('',(1.63110891875,44.676139184948));
#6968 = CARTESIAN_POINT('',(1.704866734912,44.734833524335));
#6969 = CARTESIAN_POINT('',(1.778614364795,44.793519847906));
#6970 = CARTESIAN_POINT('',(1.852348094385,44.852195264632));
#6971 = CARTESIAN_POINT('',(1.926073033744,44.910863855499));
#6972 = CARTESIAN_POINT('',(1.999803117013,44.969536673506));
#6973 = CARTESIAN_POINT('',(2.147141072644,45.086785153068));
#6974 = CARTESIAN_POINT('',(2.220731881353,45.145347257276));
#6975 = CARTESIAN_POINT('',(2.294326723859,45.203912499981));
#6976 = CARTESIAN_POINT('',(2.367920809428,45.262476969226));
#6977 = CARTESIAN_POINT('',(2.441511361269,45.32103839741));
#6978 = CARTESIAN_POINT('',(2.515097616533,45.379596161287));
#6979 = CARTESIAN_POINT('',(2.588680826313,45.438151281967));
#6980 = CARTESIAN_POINT('',(2.78609727735,45.595248452016));
#6981 = CARTESIAN_POINT('',(2.910123867668,45.693944134027));
#6982 = CARTESIAN_POINT('',(3.03406455897,45.792571403152));
#6983 = CARTESIAN_POINT('',(3.157897049254,45.89111342318));
#6984 = CARTESIAN_POINT('',(3.281727101884,45.989654853842));
#6985 = CARTESIAN_POINT('',(3.405661139785,46.088280084121));
#6986 = CARTESIAN_POINT('',(3.52968053408,46.186973434535));
#6987 = CARTESIAN_POINT('',(3.781181444952,46.387114542908));
#6988 = CARTESIAN_POINT('',(3.909066579323,46.488883463131));
#6989 = CARTESIAN_POINT('',(4.036810428054,46.590539012698));
#6990 = CARTESIAN_POINT('',(4.164484954221,46.692137909707));
#6991 = CARTESIAN_POINT('',(4.29216352693,46.793739342303));
#6992 = CARTESIAN_POINT('',(4.419915775423,46.895399944588));
#6993 = CARTESIAN_POINT('',(4.547803443239,46.997169189837));
#6994 = CARTESIAN_POINT('',(4.781704650781,47.18330187821));
#6995 = CARTESIAN_POINT('',(4.888072857664,47.267947394359));
#6996 = CARTESIAN_POINT('',(4.99439848308,47.35255923643));
#6997 = CARTESIAN_POINT('',(5.100692701148,47.43714584807));
#6998 = CARTESIAN_POINT('',(5.20698660947,47.521731399469));
#6999 = CARTESIAN_POINT('',(5.313313307557,47.606342402234));
#7000 = CARTESIAN_POINT('',(5.419690339282,47.690993974149));
#7001 = CARTESIAN_POINT('',(5.620572883341,47.850851812697));
#7002 = CARTESIAN_POINT('',(5.715254479693,47.926198019745));
#7003 = CARTESIAN_POINT('',(5.809923183049,48.001534991147));
#7004 = CARTESIAN_POINT('',(5.904574883557,48.076859305631));
#7005 = CARTESIAN_POINT('',(5.999224301509,48.152181718417));
#7006 = CARTESIAN_POINT('',(6.093887408344,48.227511850017));
#7007 = CARTESIAN_POINT('',(6.188568974846,48.302850614409));
#7008 = CARTESIAN_POINT('',(6.28318530718,48.378143376256));
#7009 = ( GEOMETRIC_REPRESENTATION_CONTEXT(2) 
PARAMETRIC_REPRESENTATION_CONTEXT() REPRESENTATION_CONTEXT('2D SPACE',''
  ) );
#7010 = PCURVE('',#5021,#7011);
#7011 = DEFINITIONAL_REPRESENTATION('',(#7012),#7071);
#7012 = B_SPLINE_CURVE_WITH_KNOTS('',8,(#7013,#7014,#7015,#7016,#7017,
    #7018,#7019,#7020,#7021,#7022,#7023,#7024,#7025,#7026,#7027,#7028,
    #7029,#7030,#7031,#7032,#7033,#7034,#7035,#7036,#7037,#7038,#7039,
    #7040,#7041,#7042,#7043,#7044,#7045,#7046,#7047,#7048,#7049,#7050,
    #7051,#7052,#7053,#7054,#7055,#7056,#7057,#7058,#7059,#7060,#7061,
    #7062,#7063,#7064,#7065,#7066,#7067,#7068,#7069,#7070),
  .UNSPECIFIED.,.F.,.F.,(9,7,7,7,7,7,7,7,9),(0.,0.148417023407,
    0.236266608273,0.33020579852,0.42391826619,0.581626301111,
    0.744207819571,0.879542158053,1.),.UNSPECIFIED.);
#7013 = CARTESIAN_POINT('',(1.035770917282,72.25720458408));
#7014 = CARTESIAN_POINT('',(1.035768314217,72.406014738629));
#7015 = CARTESIAN_POINT('',(1.03581082088,72.554996076933));
#7016 = CARTESIAN_POINT('',(1.035806010594,72.703871326799));
#7017 = CARTESIAN_POINT('',(1.035778827113,72.852693928241));
#7018 = CARTESIAN_POINT('',(1.035767217875,73.001531307024));
#7019 = CARTESIAN_POINT('',(1.03575954606,73.150445475269));
#7020 = CARTESIAN_POINT('',(1.035759784843,73.299469877017));
#7021 = CARTESIAN_POINT('',(1.035763654296,73.536362452248));
#7022 = CARTESIAN_POINT('',(1.035766008813,73.624473098399));
#7023 = CARTESIAN_POINT('',(1.03576843092,73.712601218333));
#7024 = CARTESIAN_POINT('',(1.035770343161,73.800737895759));
#7025 = CARTESIAN_POINT('',(1.0357714388,73.888876136082));
#7026 = CARTESIAN_POINT('',(1.03577168182,73.977010866403));
#7027 = CARTESIAN_POINT('',(1.03577130692,74.065138935523));
#7028 = CARTESIAN_POINT('',(1.035770298333,74.247487654894));
#7029 = CARTESIAN_POINT('',(1.035769521689,74.341746304971));
#7030 = CARTESIAN_POINT('',(1.035769040214,74.43600779922));
#7031 = CARTESIAN_POINT('',(1.035769195588,74.530256156187));
#7032 = CARTESIAN_POINT('',(1.035770120539,74.624486677921));
#7033 = CARTESIAN_POINT('',(1.035771738843,74.71870594997));
#7034 = CARTESIAN_POINT('',(1.03577376533,74.812931841386));
#7035 = CARTESIAN_POINT('',(1.035777641737,75.001227667188));
#7036 = CARTESIAN_POINT('',(1.03577959601,75.095275785615));
#7037 = CARTESIAN_POINT('',(1.035781002177,75.189329171695));
#7038 = CARTESIAN_POINT('',(1.035781486323,75.283381698025));
#7039 = CARTESIAN_POINT('',(1.035780867138,75.377429798105));
#7040 = CARTESIAN_POINT('',(1.035779155917,75.471472466337));
#7041 = CARTESIAN_POINT('',(1.03577655656,75.565511258027));
#7042 = CARTESIAN_POINT('',(1.035768263766,75.817807895963));
#7043 = CARTESIAN_POINT('',(1.035761732607,75.976312818927));
#7044 = CARTESIAN_POINT('',(1.035755614212,76.134707701716));
#7045 = CARTESIAN_POINT('',(1.035753254377,76.292964118251));
#7046 = CARTESIAN_POINT('',(1.035756084867,76.451217435623));
#7047 = CARTESIAN_POINT('',(1.035762485094,76.609603852061));
#7048 = CARTESIAN_POINT('',(1.035769023175,76.768099610155));
#7049 = CARTESIAN_POINT('',(1.035779285731,77.08951578664));
#7050 = CARTESIAN_POINT('',(1.035782872618,77.252952038761));
#7051 = CARTESIAN_POINT('',(1.035783004992,77.416207653852));
#7052 = CARTESIAN_POINT('',(1.035778391157,77.57937425515));
#7053 = CARTESIAN_POINT('',(1.035772519081,77.742545450372));
#7054 = CARTESIAN_POINT('',(1.035769461774,77.905810502874));
#7055 = CARTESIAN_POINT('',(1.035769122619,78.06924890528));
#7056 = CARTESIAN_POINT('',(1.035770353898,78.368171737977));
#7057 = CARTESIAN_POINT('',(1.035771611916,78.504109298398));
#7058 = CARTESIAN_POINT('',(1.035772695284,78.639992851726));
#7059 = CARTESIAN_POINT('',(1.035771792653,78.775836709443));
#7060 = CARTESIAN_POINT('',(1.035767561159,78.911680245074));
#7061 = CARTESIAN_POINT('',(1.035761856175,79.047565265935));
#7062 = CARTESIAN_POINT('',(1.035759625349,79.183513998706));
#7063 = CARTESIAN_POINT('',(1.035763750762,79.440239034528));
#7064 = CARTESIAN_POINT('',(1.035769205768,79.561240451337));
#7065 = CARTESIAN_POINT('',(1.035779086291,79.682225200525));
#7066 = CARTESIAN_POINT('',(1.035791897323,79.803188407682));
#7067 = CARTESIAN_POINT('',(1.035802934593,79.924149296432));
#7068 = CARTESIAN_POINT('',(1.035799123526,80.04512873962));
#7069 = CARTESIAN_POINT('',(1.035773032371,80.166131287348));
#7070 = CARTESIAN_POINT('',(1.035770917209,80.287050012502));
#7071 = ( GEOMETRIC_REPRESENTATION_CONTEXT(2) 
PARAMETRIC_REPRESENTATION_CONTEXT() REPRESENTATION_CONTEXT('2D SPACE',''
  ) );
#7072 = ORIENTED_EDGE('',*,*,#7073,.F.);
#7073 = EDGE_CURVE('',#3180,#6886,#7074,.T.);
#7074 = SURFACE_CURVE('',#7075,(#7079,#7086),.PCURVE_S1.);
#7075 = LINE('',#7076,#7077);
#7076 = CARTESIAN_POINT('',(12.,-2.939152317954E-15,0.));
#7077 = VECTOR('',#7078,1.);
#7078 = DIRECTION('',(0.,0.,1.));
#7079 = PCURVE('',#3498,#7080);
#7080 = DEFINITIONAL_REPRESENTATION('',(#7081),#7085);
#7081 = LINE('',#7082,#7083);
#7082 = CARTESIAN_POINT('',(0.,-0.));
#7083 = VECTOR('',#7084,1.);
#7084 = DIRECTION('',(0.,1.));
#7085 = ( GEOMETRIC_REPRESENTATION_CONTEXT(2) 
PARAMETRIC_REPRESENTATION_CONTEXT() REPRESENTATION_CONTEXT('2D SPACE',''
  ) );
#7086 = PCURVE('',#3305,#7087);
#7087 = DEFINITIONAL_REPRESENTATION('',(#7088),#7092);
#7088 = LINE('',#7089,#7090);
#7089 = CARTESIAN_POINT('',(6.28318530718,-0.));
#7090 = VECTOR('',#7091,1.);
#7091 = DIRECTION('',(0.,1.));
#7092 = ( GEOMETRIC_REPRESENTATION_CONTEXT(2) 
PARAMETRIC_REPRESENTATION_CONTEXT() REPRESENTATION_CONTEXT('2D SPACE',''
  ) );
#7093 = ORIENTED_EDGE('',*,*,#3372,.T.);
#7094 = ORIENTED_EDGE('',*,*,#6859,.T.);
#7095 = ADVANCED_FACE('',(#7096),#3305,.T.);
#7096 = FACE_BOUND('',#7097,.T.);
#7097 = EDGE_LOOP('',(#7098,#7286,#7307,#7308));
#7098 = ORIENTED_EDGE('',*,*,#7099,.F.);
#7099 = EDGE_CURVE('',#7100,#6886,#7102,.T.);
#7100 = VERTEX_POINT('',#7101);
#7101 = CARTESIAN_POINT('',(12.,-2.939152317954E-15,38.378143376273));
#7102 = SURFACE_CURVE('',#7103,(#7162,#7224),.PCURVE_S1.);
#7103 = B_SPLINE_CURVE_WITH_KNOTS('',8,(#7104,#7105,#7106,#7107,#7108,
    #7109,#7110,#7111,#7112,#7113,#7114,#7115,#7116,#7117,#7118,#7119,
    #7120,#7121,#7122,#7123,#7124,#7125,#7126,#7127,#7128,#7129,#7130,
    #7131,#7132,#7133,#7134,#7135,#7136,#7137,#7138,#7139,#7140,#7141,
    #7142,#7143,#7144,#7145,#7146,#7147,#7148,#7149,#7150,#7151,#7152,
    #7153,#7154,#7155,#7156,#7157,#7158,#7159,#7160,#7161),
  .UNSPECIFIED.,.F.,.F.,(9,7,7,7,7,7,7,7,9),(0.,0.127993849649,
    0.260084842899,0.345758382163,0.519253478549,0.690245179606,
    0.822601724351,0.918073326217,1.),.UNSPECIFIED.);
#7104 = CARTESIAN_POINT('',(12.,-2.84217094304E-14,38.378143376273));
#7105 = CARTESIAN_POINT('',(12.,1.205790731904,38.458104302128));
#7106 = CARTESIAN_POINT('',(11.861530292891,2.412679243752,
    38.538146658558));
#7107 = CARTESIAN_POINT('',(11.584150492198,3.600581126568,
    38.618155397384));
#7108 = CARTESIAN_POINT('',(11.171381299864,4.75083973923,
    38.698128246677));
#7109 = CARTESIAN_POINT('',(10.629218538319,5.845938693674,
    38.778095737739));
#7110 = CARTESIAN_POINT('',(9.966205502043,6.869555908923,
    38.858081285303));
#7111 = CARTESIAN_POINT('',(9.193127478799,7.806536499547,
    38.938107995575));
#7112 = CARTESIAN_POINT('',(7.427279239161,9.507145143733,
    39.100683119665));
#7113 = CARTESIAN_POINT('',(6.427402070568,10.265098678773,
    39.183309973342));
#7114 = CARTESIAN_POINT('',(5.339900499933,10.901960625167,
    39.265908136341));
#7115 = CARTESIAN_POINT('',(4.182113166234,11.406439997653,
    39.348488371453));
#7116 = CARTESIAN_POINT('',(2.972571307475,11.769958791215,
    39.431071768206));
#7117 = CARTESIAN_POINT('',(1.730982301054,11.986992120276,
    39.513677398074));
#7118 = CARTESIAN_POINT('',(0.478090580201,12.054902693073,
    39.596306657087));
#7119 = CARTESIAN_POINT('',(-1.569732716966,11.92424715449,
    39.732382828771));
#7120 = CARTESIAN_POINT('',(-2.371122249527,11.81097063322,
    39.785891790537));
#7121 = CARTESIAN_POINT('',(-3.162828635308,11.636168071661,
    39.839393905757));
#7122 = CARTESIAN_POINT('',(-3.939530709818,11.400768564229,
    39.892901902019));
#7123 = CARTESIAN_POINT('',(-4.695998380784,11.106282690886,
    39.946421569871));
#7124 = CARTESIAN_POINT('',(-5.427092628147,10.754802517138,
    39.999951762817));
#7125 = CARTESIAN_POINT('',(-6.127765504064,10.349001594035,
    40.053484397321));
#7126 = CARTESIAN_POINT('',(-8.140329742039,8.96694706812,
    40.215386425397));
#7127 = CARTESIAN_POINT('',(-9.346632030152,7.829905364412,
    40.324015925387));
#7128 = CARTESIAN_POINT('',(-10.36791113145,6.509172131873,
    40.432486717896));
#7129 = CARTESIAN_POINT('',(-11.17346773079,5.040973289702,
    40.540883081456));
#7130 = CARTESIAN_POINT('',(-11.74114610042,3.465406978509,
    40.649280975393));
#7131 = CARTESIAN_POINT('',(-12.05548347418,1.825627146125,
    40.757756339055));
#7132 = CARTESIAN_POINT('',(-12.10960381156,0.1686992354,40.86639149534)
  );
#7133 = CARTESIAN_POINT('',(-11.71652868499,-3.052440963751,
    41.081585942479));
#7134 = CARTESIAN_POINT('',(-11.27565764691,-4.625029665501,
    41.188647410445));
#7135 = CARTESIAN_POINT('',(-10.59339803949,-6.121486767509,
    41.29556717279));
#7136 = CARTESIAN_POINT('',(-9.686715291953,-7.499548218598,
    41.402415957184));
#7137 = CARTESIAN_POINT('',(-8.579691945061,-8.722424497357,
    41.50925986284));
#7138 = CARTESIAN_POINT('',(-7.301936258839,-9.757689400446,
    41.616168567079));
#7139 = CARTESIAN_POINT('',(-5.889985770825,-10.57842111632,
    41.72322240696));
#7140 = CARTESIAN_POINT('',(-3.230381707555,-11.62408716483,
    41.912732684475));
#7141 = CARTESIAN_POINT('',(-2.014947311158,-11.94284758002,
    41.995477939056));
#7142 = CARTESIAN_POINT('',(-0.764809370146,-12.11575663526,
    42.078187505055));
#7143 = CARTESIAN_POINT('',(0.499586750949,-12.13905183431,
    42.160873783376));
#7144 = CARTESIAN_POINT('',(1.757771462861,-12.01193435423,
    42.243559370999));
#7145 = CARTESIAN_POINT('',(2.989411433882,-11.73688126815,
    42.326265700812));
#7146 = CARTESIAN_POINT('',(4.174328934693,-11.31937946517,
    42.408998208307));
#7147 = CARTESIAN_POINT('',(6.099725695294,-10.3731178375,42.55126618729
    ));
#7148 = CARTESIAN_POINT('',(6.873043563893,-9.907178484258,
    42.610909424206));
#7149 = CARTESIAN_POINT('',(7.60548266424,-9.375535688018,
    42.670560931732));
#7150 = CARTESIAN_POINT('',(8.29039467026,-8.782515143089,42.7302090867)
  );
#7151 = CARTESIAN_POINT('',(8.921840219994,-8.133064164293,
    42.78984807696));
#7152 = CARTESIAN_POINT('',(9.494588915603,-7.432751686974,
    42.849477901382));
#7153 = CARTESIAN_POINT('',(10.004119323364,-6.687768266993,
    42.909104369857));
#7154 = CARTESIAN_POINT('',(10.826339474754,-5.233148765139,
    43.019913224781));
#7155 = CARTESIAN_POINT('',(11.156780705263,-4.533170019134,
    43.071103851583));
#7156 = CARTESIAN_POINT('',(11.435440365759,-3.809543496777,
    43.122296197652));
#7157 = CARTESIAN_POINT('',(11.660324233409,-3.066878964528,
    43.173480865094));
#7158 = CARTESIAN_POINT('',(11.829946161983,-2.309842301253,
    43.224653844176));
#7159 = CARTESIAN_POINT('',(11.943328081855,-1.543155498222,
    43.275816513319));
#7160 = CARTESIAN_POINT('',(12.,-0.771596659111,43.326975639106));
#7161 = CARTESIAN_POINT('',(12.,-1.7763568394E-15,43.378143376273));
#7162 = PCURVE('',#3305,#7163);
#7163 = DEFINITIONAL_REPRESENTATION('',(#7164),#7223);
#7164 = B_SPLINE_CURVE_WITH_KNOTS('',8,(#7165,#7166,#7167,#7168,#7169,
    #7170,#7171,#7172,#7173,#7174,#7175,#7176,#7177,#7178,#7179,#7180,
    #7181,#7182,#7183,#7184,#7185,#7186,#7187,#7188,#7189,#7190,#7191,
    #7192,#7193,#7194,#7195,#7196,#7197,#7198,#7199,#7200,#7201,#7202,
    #7203,#7204,#7205,#7206,#7207,#7208,#7209,#7210,#7211,#7212,#7213,
    #7214,#7215,#7216,#7217,#7218,#7219,#7220,#7221,#7222),
  .UNSPECIFIED.,.F.,.F.,(9,7,7,7,7,7,7,7,9),(0.,0.127993849649,
    0.260084842899,0.345758382163,0.519253478549,0.690245179606,
    0.822601724351,0.918073326217,1.),.UNSPECIFIED.);
#7165 = CARTESIAN_POINT('',(0.,38.378143376273));
#7166 = CARTESIAN_POINT('',(0.100482560992,38.458104302128));
#7167 = CARTESIAN_POINT('',(0.201056524138,38.538146658558));
#7168 = CARTESIAN_POINT('',(0.301594819906,38.618155397384));
#7169 = CARTESIAN_POINT('',(0.402097870438,38.698128246677));
#7170 = CARTESIAN_POINT('',(0.502591910306,38.778095737739));
#7171 = CARTESIAN_POINT('',(0.603109315727,38.858081285303));
#7172 = CARTESIAN_POINT('',(0.70367581593,38.938107995575));
#7173 = CARTESIAN_POINT('',(0.907974918659,39.100683119665));
#7174 = CARTESIAN_POINT('',(1.011805869486,39.183309973342));
#7175 = CARTESIAN_POINT('',(1.115599530983,39.265908136342));
#7176 = CARTESIAN_POINT('',(1.219370897365,39.348488371453));
#7177 = CARTESIAN_POINT('',(1.323147438606,39.431071768206));
#7178 = CARTESIAN_POINT('',(1.426952728899,39.513677398074));
#7179 = CARTESIAN_POINT('',(1.530788074408,39.596306657087));
#7180 = CARTESIAN_POINT('',(1.701787000781,39.732382828771));
#7181 = CARTESIAN_POINT('',(1.769028561131,39.785891790537));
#7182 = CARTESIAN_POINT('',(1.836261407888,39.839393905757));
#7183 = CARTESIAN_POINT('',(1.903501477934,39.892901902019));
#7184 = CARTESIAN_POINT('',(1.970756036963,39.946421569871));
#7185 = CARTESIAN_POINT('',(2.038023679477,39.999951762817));
#7186 = CARTESIAN_POINT('',(2.10529432879,40.053484397321));
#7187 = CARTESIAN_POINT('',(2.308745277093,40.215386425397));
#7188 = CARTESIAN_POINT('',(2.445252584657,40.324015925387));
#7189 = CARTESIAN_POINT('',(2.581561326056,40.432486717896));
#7190 = CARTESIAN_POINT('',(2.717778397857,40.540883081456));
#7191 = CARTESIAN_POINT('',(2.853998215065,40.649280975393));
#7192 = CARTESIAN_POINT('',(2.990314385107,40.757756339055));
#7193 = CARTESIAN_POINT('',(3.126829726649,40.86639149534));
#7194 = CARTESIAN_POINT('',(3.397249311093,41.081585942479));
#7195 = CARTESIAN_POINT('',(3.531784647267,41.188647410445));
#7196 = CARTESIAN_POINT('',(3.666140928795,41.29556717279));
#7197 = CARTESIAN_POINT('',(3.800408397239,41.402415957184));
#7198 = CARTESIAN_POINT('',(3.934671645332,41.50925986284));
#7199 = CARTESIAN_POINT('',(4.069018388042,41.616168567079));
#7200 = CARTESIAN_POINT('',(4.203548003329,41.72322240696));
#7201 = CARTESIAN_POINT('',(4.441696405626,41.912732684475));
#7202 = CARTESIAN_POINT('',(4.545678216474,41.995477939056));
#7203 = CARTESIAN_POINT('',(4.649614638133,42.078187505055));
#7204 = CARTESIAN_POINT('',(4.753521004373,42.160873783376));
#7205 = CARTESIAN_POINT('',(4.857425889935,42.243559370999));
#7206 = CARTESIAN_POINT('',(4.961357113944,42.326265700812));
#7207 = CARTESIAN_POINT('',(5.065321839902,42.408998208307));
#7208 = CARTESIAN_POINT('',(5.244101727725,42.55126618729));
#7209 = CARTESIAN_POINT('',(5.31905231568,42.610909424206));
#7210 = CARTESIAN_POINT('',(5.394013277212,42.670560931732));
#7211 = CARTESIAN_POINT('',(5.468969695244,42.7302090867));
#7212 = CARTESIAN_POINT('',(5.543914067704,42.78984807696));
#7213 = CARTESIAN_POINT('',(5.618846307522,42.849477901382));
#7214 = CARTESIAN_POINT('',(5.693773742636,42.909104369857));
#7215 = CARTESIAN_POINT('',(5.833016832244,43.019913224781));
#7216 = CARTESIAN_POINT('',(5.897342228216,43.071103851583));
#7217 = CARTESIAN_POINT('',(5.961670513505,43.122296197652));
#7218 = CARTESIAN_POINT('',(6.025990864737,43.173480865094));
#7219 = CARTESIAN_POINT('',(6.090298425552,43.224653844176));
#7220 = CARTESIAN_POINT('',(6.154594306609,43.275816513319));
#7221 = CARTESIAN_POINT('',(6.218885585587,43.326975639106));
#7222 = CARTESIAN_POINT('',(6.28318530718,43.378143376273));
#7223 = ( GEOMETRIC_REPRESENTATION_CONTEXT(2) 
PARAMETRIC_REPRESENTATION_CONTEXT() REPRESENTATION_CONTEXT('2D SPACE',''
  ) );
#7224 = PCURVE('',#5021,#7225);
#7225 = DEFINITIONAL_REPRESENTATION('',(#7226),#7285);
#7226 = B_SPLINE_CURVE_WITH_KNOTS('',8,(#7227,#7228,#7229,#7230,#7231,
    #7232,#7233,#7234,#7235,#7236,#7237,#7238,#7239,#7240,#7241,#7242,
    #7243,#7244,#7245,#7246,#7247,#7248,#7249,#7250,#7251,#7252,#7253,
    #7254,#7255,#7256,#7257,#7258,#7259,#7260,#7261,#7262,#7263,#7264,
    #7265,#7266,#7267,#7268,#7269,#7270,#7271,#7272,#7273,#7274,#7275,
    #7276,#7277,#7278,#7279,#7280,#7281,#7282,#7283,#7284),
  .UNSPECIFIED.,.F.,.F.,(9,7,7,7,7,7,7,7,9),(0.,0.127993849649,
    0.260084842899,0.345758382163,0.519253478549,0.690245179606,
    0.822601724351,0.918073326217,1.),.UNSPECIFIED.);
#7227 = CARTESIAN_POINT('',(1.035770917285,64.227359155657));
#7228 = CARTESIAN_POINT('',(1.03576867097,64.355774862288));
#7229 = CARTESIAN_POINT('',(1.035799766525,64.484307515548));
#7230 = CARTESIAN_POINT('',(1.035806403766,64.612796323931));
#7231 = CARTESIAN_POINT('',(1.035789731013,64.741237162517));
#7232 = CARTESIAN_POINT('',(1.035778136184,64.869667289916));
#7233 = CARTESIAN_POINT('',(1.03576699798,64.998126226112));
#7234 = CARTESIAN_POINT('',(1.035762439093,65.126648539611));
#7235 = CARTESIAN_POINT('',(1.035760231631,65.387740078533));
#7236 = CARTESIAN_POINT('',(1.03576306378,65.520435076568));
#7237 = CARTESIAN_POINT('',(1.035768385863,65.653082965575));
#7238 = CARTESIAN_POINT('',(1.035772122671,65.785702720433));
#7239 = CARTESIAN_POINT('',(1.03577256529,65.918328919036));
#7240 = CARTESIAN_POINT('',(1.035771473056,66.050991459905));
#7241 = CARTESIAN_POINT('',(1.035770242732,66.183692005723));
#7242 = CARTESIAN_POINT('',(1.035769430101,66.402226467781));
#7243 = CARTESIAN_POINT('',(1.03576945321,66.488160196598));
#7244 = CARTESIAN_POINT('',(1.035770000354,66.574082712735));
#7245 = CARTESIAN_POINT('',(1.035771127356,66.660014433152));
#7246 = CARTESIAN_POINT('',(1.035772764645,66.745964686142));
#7247 = CARTESIAN_POINT('',(1.035774717254,66.831931711331));
#7248 = CARTESIAN_POINT('',(1.035776664823,66.917902659675));
#7249 = CARTESIAN_POINT('',(1.03578119267,67.177910433775));
#7250 = CARTESIAN_POINT('',(1.03578266806,67.352365440642));
#7251 = CARTESIAN_POINT('',(1.035780384529,67.526567127194));
#7252 = CARTESIAN_POINT('',(1.035772233744,67.700651716564));
#7253 = CARTESIAN_POINT('',(1.03576240719,67.874739458689));
#7254 = CARTESIAN_POINT('',(1.035756588232,68.04894995267));
#7255 = CARTESIAN_POINT('',(1.035755806571,68.223414979471));
#7256 = CARTESIAN_POINT('',(1.035761413436,68.569008283571));
#7257 = CARTESIAN_POINT('',(1.035767666266,68.740943098066));
#7258 = CARTESIAN_POINT('',(1.035776383874,68.912649315461));
#7259 = CARTESIAN_POINT('',(1.035783114317,69.084242368627));
#7260 = CARTESIAN_POINT('',(1.035784208361,69.255829924355));
#7261 = CARTESIAN_POINT('',(1.03578031178,69.427523614439));
#7262 = CARTESIAN_POINT('',(1.035776054132,69.599450537629));
#7263 = CARTESIAN_POINT('',(1.035770436966,69.903800514425));
#7264 = CARTESIAN_POINT('',(1.035768671248,70.036687567592));
#7265 = CARTESIAN_POINT('',(1.035768445066,70.169516667481));
#7266 = CARTESIAN_POINT('',(1.035770012723,70.302307624105));
#7267 = CARTESIAN_POINT('',(1.035772255292,70.43509719156));
#7268 = CARTESIAN_POINT('',(1.035772565892,70.567920871613));
#7269 = CARTESIAN_POINT('',(1.0357706629,70.700787510286));
#7270 = CARTESIAN_POINT('',(1.035765789682,70.929267507554));
#7271 = CARTESIAN_POINT('',(1.035762626615,71.025054014076));
#7272 = CARTESIAN_POINT('',(1.035759992447,71.120853583584));
#7273 = CARTESIAN_POINT('',(1.035759023921,71.216647078171));
#7274 = CARTESIAN_POINT('',(1.035760344684,71.312424905051));
#7275 = CARTESIAN_POINT('',(1.035764065287,71.408187016558));
#7276 = CARTESIAN_POINT('',(1.035769783184,71.503942910151));
#7277 = CARTESIAN_POINT('',(1.035782417604,71.681893265525));
#7278 = CARTESIAN_POINT('',(1.035791297667,71.764100146691));
#7279 = CARTESIAN_POINT('',(1.035797477743,71.846310908749));
#7280 = CARTESIAN_POINT('',(1.035797842945,71.928511750858));
#7281 = CARTESIAN_POINT('',(1.035791908669,72.010696434494));
#7282 = CARTESIAN_POINT('',(1.035781820603,72.09286628345));
#7283 = CARTESIAN_POINT('',(1.03577235472,72.175030183837));
#7284 = CARTESIAN_POINT('',(1.035770917282,72.25720458408));
#7285 = ( GEOMETRIC_REPRESENTATION_CONTEXT(2) 
PARAMETRIC_REPRESENTATION_CONTEXT() REPRESENTATION_CONTEXT('2D SPACE',''
  ) );
#7286 = ORIENTED_EDGE('',*,*,#7287,.F.);
#7287 = EDGE_CURVE('',#2987,#7100,#7288,.T.);
#7288 = SURFACE_CURVE('',#7289,(#7293,#7300),.PCURVE_S1.);
#7289 = LINE('',#7290,#7291);
#7290 = CARTESIAN_POINT('',(12.,-2.939152317954E-15,0.));
#7291 = VECTOR('',#7292,1.);
#7292 = DIRECTION('',(0.,0.,1.));
#7293 = PCURVE('',#3305,#7294);
#7294 = DEFINITIONAL_REPRESENTATION('',(#7295),#7299);
#7295 = LINE('',#7296,#7297);
#7296 = CARTESIAN_POINT('',(0.,-0.));
#7297 = VECTOR('',#7298,1.);
#7298 = DIRECTION('',(0.,1.));
#7299 = ( GEOMETRIC_REPRESENTATION_CONTEXT(2) 
PARAMETRIC_REPRESENTATION_CONTEXT() REPRESENTATION_CONTEXT('2D SPACE',''
  ) );
#7300 = PCURVE('',#3112,#7301);
#7301 = DEFINITIONAL_REPRESENTATION('',(#7302),#7306);
#7302 = LINE('',#7303,#7304);
#7303 = CARTESIAN_POINT('',(6.28318530718,-0.));
#7304 = VECTOR('',#7305,1.);
#7305 = DIRECTION('',(0.,1.));
#7306 = ( GEOMETRIC_REPRESENTATION_CONTEXT(2) 
PARAMETRIC_REPRESENTATION_CONTEXT() REPRESENTATION_CONTEXT('2D SPACE',''
  ) );
#7307 = ORIENTED_EDGE('',*,*,#3179,.T.);
#7308 = ORIENTED_EDGE('',*,*,#7073,.T.);
#7309 = ADVANCED_FACE('',(#7310),#3112,.T.);
#7310 = FACE_BOUND('',#7311,.T.);
#7311 = EDGE_LOOP('',(#7312,#7476,#7497,#7498));
#7312 = ORIENTED_EDGE('',*,*,#7313,.F.);
#7313 = EDGE_CURVE('',#7314,#7100,#7316,.T.);
#7314 = VERTEX_POINT('',#7315);
#7315 = CARTESIAN_POINT('',(12.,-2.939152317954E-15,33.378143376294));
#7316 = SURFACE_CURVE('',#7317,(#7368,#7422),.PCURVE_S1.);
#7317 = B_SPLINE_CURVE_WITH_KNOTS('',7,(#7318,#7319,#7320,#7321,#7322,
    #7323,#7324,#7325,#7326,#7327,#7328,#7329,#7330,#7331,#7332,#7333,
    #7334,#7335,#7336,#7337,#7338,#7339,#7340,#7341,#7342,#7343,#7344,
    #7345,#7346,#7347,#7348,#7349,#7350,#7351,#7352,#7353,#7354,#7355,
    #7356,#7357,#7358,#7359,#7360,#7361,#7362,#7363,#7364,#7365,#7366,
    #7367),.UNSPECIFIED.,.F.,.F.,(8,6,6,6,6,6,6,6,8),(0.,
    9.928945443802E-02,0.250409314965,0.404199264378,0.499015970115,
    0.645099437258,0.813959337907,0.883647107135,1.),.UNSPECIFIED.);
#7318 = CARTESIAN_POINT('',(12.,1.7763568394E-15,33.378143376294));
#7319 = CARTESIAN_POINT('',(12.,1.068977693615,33.449031668808));
#7320 = CARTESIAN_POINT('',(11.888803421878,2.13863288248,
    33.519954707154));
#7321 = CARTESIAN_POINT('',(11.66647153462,3.194285047877,
    33.590889257684));
#7322 = CARTESIAN_POINT('',(11.335145646505,4.222009415135,
    33.661820286476));
#7323 = CARTESIAN_POINT('',(10.899047105107,5.208636953632,
    33.732740959341));
#7324 = CARTESIAN_POINT('',(10.364477297294,6.141754376797,
    33.803652641818));
#7325 = CARTESIAN_POINT('',(8.789077417774,8.33073514404,33.982494291094
    ));
#7326 = CARTESIAN_POINT('',(7.627933047954,9.503166391458,
    34.090568875115));
#7327 = CARTESIAN_POINT('',(6.286824123241,10.48287695582,
    34.198527627135));
#7328 = CARTESIAN_POINT('',(4.804499682756,11.239791445658,
    34.306416146175));
#7329 = CARTESIAN_POINT('',(3.224241293085,11.751667699455,34.4143864551
    ));
#7330 = CARTESIAN_POINT('',(1.593368454423,12.004559156805,
    34.522480456815));
#7331 = CARTESIAN_POINT('',(-1.69006876404,11.995263254856,
    34.740220379096));
#7332 = CARTESIAN_POINT('',(-3.347670987869,11.723892875956,
    34.850194009339));
#7333 = CARTESIAN_POINT('',(-4.950598891722,11.184889406082,
    34.960007010068));
#7334 = CARTESIAN_POINT('',(-6.4491913759,10.393293367577,
    35.069826340654));
#7335 = CARTESIAN_POINT('',(-7.79832584159,9.372682510961,
    35.179670709312));
#7336 = CARTESIAN_POINT('',(-8.956880826599,8.155708237519,
    35.289685894707));
#7337 = CARTESIAN_POINT('',(-10.4714556453,5.949001566424,
    35.467173530901));
#7338 = CARTESIAN_POINT('',(-10.9657346638,5.049732899555,
    35.534877170069));
#7339 = CARTESIAN_POINT('',(-11.36956737791,4.103227746098,
    35.602586012031));
#7340 = CARTESIAN_POINT('',(-11.67761618632,3.120421052567,
    35.670295531829));
#7341 = CARTESIAN_POINT('',(-11.88628378142,2.112771834874,
    35.738002668333));
#7342 = CARTESIAN_POINT('',(-11.99371314931,1.092263178321,
    35.805705824244));
#7343 = CARTESIAN_POINT('',(-12.009146389,-1.501431415818,
    35.977708329054));
#7344 = CARTESIAN_POINT('',(-11.77797639011,-3.077739689436,
    36.082142143398));
#7345 = CARTESIAN_POINT('',(-11.30506374267,-4.609467018374,
    36.186481097134));
#7346 = CARTESIAN_POINT('',(-10.60206019309,-6.053867350751,
    36.290767645899));
#7347 = CARTESIAN_POINT('',(-9.688116116541,-7.371284690097,
    36.395125948718));
#7348 = CARTESIAN_POINT('',(-8.589792757461,-8.525772038342,
    36.499579212574));
#7349 = CARTESIAN_POINT('',(-5.908829611109,-10.6014356476,
    36.724421909523));
#7350 = CARTESIAN_POINT('',(-4.27100040715,-11.46307612399,
    36.845281956457));
#7351 = CARTESIAN_POINT('',(-2.492043525484,-12.02437935785,
    36.965863415729));
#7352 = CARTESIAN_POINT('',(-0.637663827944,-12.26333312698,
    37.086456539266));
#7353 = CARTESIAN_POINT('',(1.225469277862,-12.17134892979,
    37.207041628404));
#7354 = CARTESIAN_POINT('',(3.028226347748,-11.75306716486,
    37.327903576255));
#7355 = CARTESIAN_POINT('',(5.391108006333,-10.74703731212,
    37.498207849078));
#7356 = CARTESIAN_POINT('',(6.059860696836,-10.4028308819,
    37.547952946724));
#7357 = CARTESIAN_POINT('',(6.702801449502,-10.01016619759,
    37.597699677542));
#7358 = CARTESIAN_POINT('',(7.31580736276,-9.57133710932,37.64745367794)
  );
#7359 = CARTESIAN_POINT('',(7.894909531123,-9.089111404468,
    37.697214810658));
#7360 = CARTESIAN_POINT('',(8.43635982884,-8.566801641035,
    37.746972218457));
#7361 = CARTESIAN_POINT('',(9.772284678328,-7.076004534052,
    37.879720983135));
#7362 = CARTESIAN_POINT('',(10.494910917401,-6.041262026971,
    37.962805359931));
#7363 = CARTESIAN_POINT('',(11.088677077182,-4.921416211417,
    38.045866889142));
#7364 = CARTESIAN_POINT('',(11.54224084707,-3.735863927856,38.128931313)
  );
#7365 = CARTESIAN_POINT('',(11.847577985388,-2.505372651916,
    38.212009147054));
#7366 = CARTESIAN_POINT('',(12.,-1.252088639053,38.295112246425));
#7367 = CARTESIAN_POINT('',(12.,-2.84217094304E-14,38.378143376273));
#7368 = PCURVE('',#3112,#7369);
#7369 = DEFINITIONAL_REPRESENTATION('',(#7370),#7421);
#7370 = B_SPLINE_CURVE_WITH_KNOTS('',7,(#7371,#7372,#7373,#7374,#7375,
    #7376,#7377,#7378,#7379,#7380,#7381,#7382,#7383,#7384,#7385,#7386,
    #7387,#7388,#7389,#7390,#7391,#7392,#7393,#7394,#7395,#7396,#7397,
    #7398,#7399,#7400,#7401,#7402,#7403,#7404,#7405,#7406,#7407,#7408,
    #7409,#7410,#7411,#7412,#7413,#7414,#7415,#7416,#7417,#7418,#7419,
    #7420),.UNSPECIFIED.,.F.,.F.,(8,6,6,6,6,6,6,6,8),(0.,
    9.928945443802E-02,0.250409314965,0.404199264378,0.499015970115,
    0.645099437258,0.813959337907,0.883647107135,1.),.UNSPECIFIED.);
#7371 = CARTESIAN_POINT('',(0.,33.378143376294));
#7372 = CARTESIAN_POINT('',(8.908147446794E-02,33.449031668808));
#7373 = CARTESIAN_POINT('',(0.17820063564,33.519954707154));
#7374 = CARTESIAN_POINT('',(0.26733467152,33.590889257684));
#7375 = CARTESIAN_POINT('',(0.356468177073,33.661820286476));
#7376 = CARTESIAN_POINT('',(0.445593154218,33.732740959341));
#7377 = CARTESIAN_POINT('',(0.534709011835,33.803652641818));
#7378 = CARTESIAN_POINT('',(0.75945457136,33.982494291094));
#7379 = CARTESIAN_POINT('',(0.895267005001,34.090568875115));
#7380 = CARTESIAN_POINT('',(1.030928484873,34.198527627135));
#7381 = CARTESIAN_POINT('',(1.166501490251,34.306416146175));
#7382 = CARTESIAN_POINT('',(1.302180046119,34.4143864551));
#7383 = CARTESIAN_POINT('',(1.438015082551,34.522480456815));
#7384 = CARTESIAN_POINT('',(1.711635947341,34.740220379096));
#7385 = CARTESIAN_POINT('',(1.849833571531,34.850194009339));
#7386 = CARTESIAN_POINT('',(1.987828683723,34.960007010068));
#7387 = CARTESIAN_POINT('',(2.125829929555,35.069826340654));
#7388 = CARTESIAN_POINT('',(2.263863206095,35.179670709312));
#7389 = CARTESIAN_POINT('',(2.402112402325,35.289685894707));
#7390 = CARTESIAN_POINT('',(2.62515156203,35.467173530901));
#7391 = CARTESIAN_POINT('',(2.710231510067,35.534877170069));
#7392 = CARTESIAN_POINT('',(2.795318216123,35.602586012031));
#7393 = CARTESIAN_POINT('',(2.880405788611,35.670295531829));
#7394 = CARTESIAN_POINT('',(2.965490178826,35.738002668333));
#7395 = CARTESIAN_POINT('',(3.050569180941,35.805705824244));
#7396 = CARTESIAN_POINT('',(3.26671422343,35.977708329054));
#7397 = CARTESIAN_POINT('',(3.397948622282,36.082142143398));
#7398 = CARTESIAN_POINT('',(3.529062218132,36.186481097134));
#7399 = CARTESIAN_POINT('',(3.66010953548,36.290767645899));
#7400 = CARTESIAN_POINT('',(3.791248049429,36.395125948718));
#7401 = CARTESIAN_POINT('',(3.922507637129,36.499579212574));
#7402 = CARTESIAN_POINT('',(4.205054865371,36.724421909523));
#7403 = CARTESIAN_POINT('',(4.356934247814,36.845281956457));
#7404 = CARTESIAN_POINT('',(4.508464297169,36.965863415729));
#7405 = CARTESIAN_POINT('',(4.660006647168,37.086456539266));
#7406 = CARTESIAN_POINT('',(4.811536307763,37.207041628404));
#7407 = CARTESIAN_POINT('',(4.963415272759,37.327903576255));
#7408 = CARTESIAN_POINT('',(5.177426334861,37.498207849078));
#7409 = CARTESIAN_POINT('',(5.239938150351,37.547952946724));
#7410 = CARTESIAN_POINT('',(5.302452175945,37.597699677542));
#7411 = CARTESIAN_POINT('',(5.364975409485,37.64745367794));
#7412 = CARTESIAN_POINT('',(5.427507485931,37.697214810658));
#7413 = CARTESIAN_POINT('',(5.490034535592,37.746972218457));
#7414 = CARTESIAN_POINT('',(5.656850535725,37.879720983135));
#7415 = CARTESIAN_POINT('',(5.761255618593,37.962805359931));
#7416 = CARTESIAN_POINT('',(5.865630337602,38.045866889142));
#7417 = CARTESIAN_POINT('',(5.970007946561,38.128931313));
#7418 = CARTESIAN_POINT('',(6.074404214999,38.212009147054));
#7419 = CARTESIAN_POINT('',(6.178844587259,38.295112246425));
#7420 = CARTESIAN_POINT('',(6.28318530718,38.378143376273));
#7421 = ( GEOMETRIC_REPRESENTATION_CONTEXT(2) 
PARAMETRIC_REPRESENTATION_CONTEXT() REPRESENTATION_CONTEXT('2D SPACE',''
  ) );
#7422 = PCURVE('',#5021,#7423);
#7423 = DEFINITIONAL_REPRESENTATION('',(#7424),#7475);
#7424 = B_SPLINE_CURVE_WITH_KNOTS('',7,(#7425,#7426,#7427,#7428,#7429,
    #7430,#7431,#7432,#7433,#7434,#7435,#7436,#7437,#7438,#7439,#7440,
    #7441,#7442,#7443,#7444,#7445,#7446,#7447,#7448,#7449,#7450,#7451,
    #7452,#7453,#7454,#7455,#7456,#7457,#7458,#7459,#7460,#7461,#7462,
    #7463,#7464,#7465,#7466,#7467,#7468,#7469,#7470,#7471,#7472,#7473,
    #7474),.UNSPECIFIED.,.F.,.F.,(8,6,6,6,6,6,6,6,8),(0.,
    9.928945443802E-02,0.250409314965,0.404199264378,0.499015970115,
    0.645099437258,0.813959337907,0.883647107135,1.),.UNSPECIFIED.);
#7425 = CARTESIAN_POINT('',(1.035770917365,56.197513727235));
#7426 = CARTESIAN_POINT('',(1.035768925972,56.311358959469));
#7427 = CARTESIAN_POINT('',(1.035784025417,56.425252904104));
#7428 = CARTESIAN_POINT('',(1.035797973496,56.539165814471));
#7429 = CARTESIAN_POINT('',(1.035800857957,56.653077657612));
#7430 = CARTESIAN_POINT('',(1.035791096496,56.76697811428));
#7431 = CARTESIAN_POINT('',(1.035775436759,56.880866578939));
#7432 = CARTESIAN_POINT('',(1.035759093068,57.168087517364));
#7433 = CARTESIAN_POINT('',(1.035755361772,57.341653505786));
#7434 = CARTESIAN_POINT('',(1.035764989602,57.51502793097));
#7435 = CARTESIAN_POINT('',(1.035772896096,57.688290278075));
#7436 = CARTESIAN_POINT('',(1.035772495785,57.861687422407));
#7437 = CARTESIAN_POINT('',(1.035771130255,58.035283613856));
#7438 = CARTESIAN_POINT('',(1.035769111344,58.38496803509));
#7439 = CARTESIAN_POINT('',(1.035768663196,58.561582471367));
#7440 = CARTESIAN_POINT('',(1.035771370521,58.737937632896));
#7441 = CARTESIAN_POINT('',(1.035778745308,58.914301024175));
#7442 = CARTESIAN_POINT('',(1.035782564541,59.090706100471));
#7443 = CARTESIAN_POINT('',(1.035781763083,59.267387419571));
#7444 = CARTESIAN_POINT('',(1.035775430305,59.552429702876));
#7445 = CARTESIAN_POINT('',(1.035771637299,59.661161227496));
#7446 = CARTESIAN_POINT('',(1.035767287974,59.769901338373));
#7447 = CARTESIAN_POINT('',(1.035763109673,59.878642466902));
#7448 = CARTESIAN_POINT('',(1.035759735677,59.987379434354));
#7449 = CARTESIAN_POINT('',(1.035757705203,60.096109451878));
#7450 = CARTESIAN_POINT('',(1.035757090858,60.372340412059));
#7451 = CARTESIAN_POINT('',(1.035760437076,60.540056501571));
#7452 = CARTESIAN_POINT('',(1.035768301656,60.707618373912));
#7453 = CARTESIAN_POINT('',(1.035776603924,60.875095903962));
#7454 = CARTESIAN_POINT('',(1.035781382456,61.042690130253));
#7455 = CARTESIAN_POINT('',(1.035781575775,61.210438762727));
#7456 = CARTESIAN_POINT('',(1.03577728217,61.571530963917));
#7457 = CARTESIAN_POINT('',(1.03577202858,61.765630641885));
#7458 = CARTESIAN_POINT('',(1.035765763279,61.959283336283));
#7459 = CARTESIAN_POINT('',(1.03576745572,62.152951462699));
#7460 = CARTESIAN_POINT('',(1.035773177322,62.346605015047));
#7461 = CARTESIAN_POINT('',(1.03577254641,62.540705828598));
#7462 = CARTESIAN_POINT('',(1.035767793785,62.814211197037));
#7463 = CARTESIAN_POINT('',(1.035765915206,62.89410106515));
#7464 = CARTESIAN_POINT('',(1.035763715261,62.973993689372));
#7465 = CARTESIAN_POINT('',(1.035761632461,63.05389793973));
#7466 = CARTESIAN_POINT('',(1.035760368594,63.133813304725));
#7467 = CARTESIAN_POINT('',(1.035760609967,63.213722063325));
#7468 = CARTESIAN_POINT('',(1.035765592416,63.426910409119));
#7469 = CARTESIAN_POINT('',(1.035773252614,63.560338172732));
#7470 = CARTESIAN_POINT('',(1.035786091278,63.693727096091));
#7471 = CARTESIAN_POINT('',(1.035800654237,63.827119953023));
#7472 = CARTESIAN_POINT('',(1.03580536663,63.960538431783));
#7473 = CARTESIAN_POINT('',(1.035773249851,64.094012760555));
#7474 = CARTESIAN_POINT('',(1.035770917285,64.227359155657));
#7475 = ( GEOMETRIC_REPRESENTATION_CONTEXT(2) 
PARAMETRIC_REPRESENTATION_CONTEXT() REPRESENTATION_CONTEXT('2D SPACE',''
  ) );
#7476 = ORIENTED_EDGE('',*,*,#7477,.F.);
#7477 = EDGE_CURVE('',#2773,#7314,#7478,.T.);
#7478 = SURFACE_CURVE('',#7479,(#7483,#7490),.PCURVE_S1.);
#7479 = LINE('',#7480,#7481);
#7480 = CARTESIAN_POINT('',(12.,-2.939152317954E-15,0.));
#7481 = VECTOR('',#7482,1.);
#7482 = DIRECTION('',(0.,0.,1.));
#7483 = PCURVE('',#3112,#7484);
#7484 = DEFINITIONAL_REPRESENTATION('',(#7485),#7489);
#7485 = LINE('',#7486,#7487);
#7486 = CARTESIAN_POINT('',(0.,-0.));
#7487 = VECTOR('',#7488,1.);
#7488 = DIRECTION('',(0.,1.));
#7489 = ( GEOMETRIC_REPRESENTATION_CONTEXT(2) 
PARAMETRIC_REPRESENTATION_CONTEXT() REPRESENTATION_CONTEXT('2D SPACE',''
  ) );
#7490 = PCURVE('',#2912,#7491);
#7491 = DEFINITIONAL_REPRESENTATION('',(#7492),#7496);
#7492 = LINE('',#7493,#7494);
#7493 = CARTESIAN_POINT('',(6.28318530718,-0.));
#7494 = VECTOR('',#7495,1.);
#7495 = DIRECTION('',(0.,1.));
#7496 = ( GEOMETRIC_REPRESENTATION_CONTEXT(2) 
PARAMETRIC_REPRESENTATION_CONTEXT() REPRESENTATION_CONTEXT('2D SPACE',''
  ) );
#7497 = ORIENTED_EDGE('',*,*,#2986,.T.);
#7498 = ORIENTED_EDGE('',*,*,#7287,.T.);
#7499 = ADVANCED_FACE('',(#7500),#2912,.T.);
#7500 = FACE_BOUND('',#7501,.T.);
#7501 = EDGE_LOOP('',(#7502,#7690,#7711,#7712));
#7502 = ORIENTED_EDGE('',*,*,#7503,.F.);
#7503 = EDGE_CURVE('',#7504,#7314,#7506,.T.);
#7504 = VERTEX_POINT('',#7505);
#7505 = CARTESIAN_POINT('',(12.,-2.939152317954E-15,28.378143376266));
#7506 = SURFACE_CURVE('',#7507,(#7566,#7628),.PCURVE_S1.);
#7507 = B_SPLINE_CURVE_WITH_KNOTS('',8,(#7508,#7509,#7510,#7511,#7512,
    #7513,#7514,#7515,#7516,#7517,#7518,#7519,#7520,#7521,#7522,#7523,
    #7524,#7525,#7526,#7527,#7528,#7529,#7530,#7531,#7532,#7533,#7534,
    #7535,#7536,#7537,#7538,#7539,#7540,#7541,#7542,#7543,#7544,#7545,
    #7546,#7547,#7548,#7549,#7550,#7551,#7552,#7553,#7554,#7555,#7556,
    #7557,#7558,#7559,#7560,#7561,#7562,#7563,#7564,#7565),
  .UNSPECIFIED.,.F.,.F.,(9,7,7,7,7,7,7,7,9),(0.,9.917961506952E-02,
    0.24959106096,0.390044179344,0.544573131389,0.650285576561,
    0.746699068803,0.873084951458,1.),.UNSPECIFIED.);
#7508 = CARTESIAN_POINT('',(12.,1.59872115546E-14,28.378143376266));
#7509 = CARTESIAN_POINT('',(12.,0.934562373968,28.440118037968));
#7510 = CARTESIAN_POINT('',(11.916758041968,1.869504295786,
    28.502110360504));
#7511 = CARTESIAN_POINT('',(11.750323553543,2.795742724338,
    28.56411005896));
#7512 = CARTESIAN_POINT('',(11.501778112813,3.704552821155,
    28.626109748625));
#7513 = CARTESIAN_POINT('',(11.173235448313,4.587567950418,
    28.688104944986));
#7514 = CARTESIAN_POINT('',(10.767841439028,5.436779678957,
    28.750094063731));
#7515 = CARTESIAN_POINT('',(10.289774114391,6.24453777625,28.81207842075
    ));
#7516 = CARTESIAN_POINT('',(8.916916131135,8.15463512431,28.96806415667)
  );
#7517 = CARTESIAN_POINT('',(7.933192325546,9.195366813697,29.06217167298
    ));
#7518 = CARTESIAN_POINT('',(6.811806405964,10.098578875001,
    29.156225981631));
#7519 = CARTESIAN_POINT('',(5.575570476451,10.843965259775,
    29.250217936165));
#7520 = CARTESIAN_POINT('',(4.249998645423,11.415816351009,
    29.344214561259));
#7521 = CARTESIAN_POINT('',(2.862730627895,11.802380221425,
    29.43828161273));
#7522 = CARTESIAN_POINT('',(1.443754881248,11.996849077773,
    29.532402179379));
#7523 = CARTESIAN_POINT('',(-1.297055240436,12.002886017805,
    29.714157711444));
#7524 = CARTESIAN_POINT('',(-2.621715285278,11.838971454404,
    29.801977599034));
#7525 = CARTESIAN_POINT('',(-3.921420052655,11.507877020653,
    29.889744462776));
#7526 = CARTESIAN_POINT('',(-5.171939268939,11.014480150136,
    29.977488854421));
#7527 = CARTESIAN_POINT('',(-6.350541695396,10.367365342905,
    30.065246869057));
#7528 = CARTESIAN_POINT('',(-7.435834689268,9.578397889723,
    30.153048115895));
#7529 = CARTESIAN_POINT('',(-8.408162143471,8.663329982493,
    30.240898924098));
#7530 = CARTESIAN_POINT('',(-10.1780530324,6.521207757197,
    30.425166926566));
#7531 = CARTESIAN_POINT('',(-10.95131972005,5.26848626627,
    30.521869635053));
#7532 = CARTESIAN_POINT('',(-11.54654040511,3.912452960295,
    30.618499927239));
#7533 = CARTESIAN_POINT('',(-11.94908099516,2.483241184596,
    30.715084122636));
#7534 = CARTESIAN_POINT('',(-12.14925106973,1.01205913495,
    30.811664948205));
#7535 = CARTESIAN_POINT('',(-12.14363721836,-0.468629912899,
    30.908283516639));
#7536 = CARTESIAN_POINT('',(-11.93362518652,-1.925626679188,
    31.004980583204));
#7537 = CARTESIAN_POINT('',(-11.2543905258,-4.281420931672,
    31.167570253961));
#7538 = CARTESIAN_POINT('',(-10.88760676736,-5.212465132689,
    31.233619022052));
#7539 = CARTESIAN_POINT('',(-10.43299637392,-6.107152212473,
    31.299673587514));
#7540 = CARTESIAN_POINT('',(-9.894783563554,-6.955807901195,
    31.365733701088));
#7541 = CARTESIAN_POINT('',(-9.278371005072,-7.7495397244,
    31.431796417761));
#7542 = CARTESIAN_POINT('',(-8.590339818067,-8.48023700301,
    31.497856096766));
#7543 = CARTESIAN_POINT('',(-7.838449572891,-9.140570853328,
    31.563904401585));
#7544 = CARTESIAN_POINT('',(-6.295797839948,-10.25609692069,
    31.690148256581));
#7545 = CARTESIAN_POINT('',(-5.513651994334,-10.72473012242,
    31.750377790403));
#7546 = CARTESIAN_POINT('',(-4.691915939143,-11.12504482769,
    31.810615526759));
#7547 = CARTESIAN_POINT('',(-3.837621150652,-11.45312549636,
    31.870857830811));
#7548 = CARTESIAN_POINT('',(-2.95811539609,-11.70599001265,
    31.931100807535));
#7549 = CARTESIAN_POINT('',(-2.061062733638,-11.88158968516,
    31.991340301722));
#7550 = CARTESIAN_POINT('',(-1.154443512426,-11.97880924688,
    32.051571897976));
#7551 = CARTESIAN_POINT('',(0.94357335367,-12.02192461767,
    32.190730435967));
#7552 = CARTESIAN_POINT('',(2.13740644439,-11.91147310073,
    32.269730286805));
#7553 = CARTESIAN_POINT('',(3.315808534083,-11.66537758736,
    32.348712786125));
#7554 = CARTESIAN_POINT('',(4.460835851258,-11.28647088074,
    32.42766816902));
#7555 = CARTESIAN_POINT('',(5.555507709501,-10.78017069823,
    32.506622895645));
#7556 = CARTESIAN_POINT('',(6.583775744229,-10.1541162985,
    32.585606526197));
#7557 = CARTESIAN_POINT('',(7.530691895188,-9.418424341825,
    32.664617167974));
#7558 = CARTESIAN_POINT('',(9.238425967142,-7.751220703362,
    32.822884454101));
#7559 = CARTESIAN_POINT('',(9.999593074829,-6.817784779415,
    32.902243185726));
#7560 = CARTESIAN_POINT('',(10.652159195198,-5.799594398337,
    32.98158206319));
#7561 = CARTESIAN_POINT('',(11.18543732859,-4.711619539124,
    33.06089455807));
#7562 = CARTESIAN_POINT('',(11.591294959156,-3.570018534914,
    33.140204902549));
#7563 = CARTESIAN_POINT('',(11.863887362491,-2.39192481005,
    33.219533098397));
#7564 = CARTESIAN_POINT('',(12.,-1.195463792266,33.298867272123));
#7565 = CARTESIAN_POINT('',(12.,1.7763568394E-15,33.378143376294));
#7566 = PCURVE('',#2912,#7567);
#7567 = DEFINITIONAL_REPRESENTATION('',(#7568),#7627);
#7568 = B_SPLINE_CURVE_WITH_KNOTS('',8,(#7569,#7570,#7571,#7572,#7573,
    #7574,#7575,#7576,#7577,#7578,#7579,#7580,#7581,#7582,#7583,#7584,
    #7585,#7586,#7587,#7588,#7589,#7590,#7591,#7592,#7593,#7594,#7595,
    #7596,#7597,#7598,#7599,#7600,#7601,#7602,#7603,#7604,#7605,#7606,
    #7607,#7608,#7609,#7610,#7611,#7612,#7613,#7614,#7615,#7616,#7617,
    #7618,#7619,#7620,#7621,#7622,#7623,#7624,#7625,#7626),
  .UNSPECIFIED.,.F.,.F.,(9,7,7,7,7,7,7,7,9),(0.,9.917961506952E-02,
    0.24959106096,0.390044179344,0.544573131389,0.650285576561,
    0.746699068803,0.873084951458,1.),.UNSPECIFIED.);
#7569 = CARTESIAN_POINT('',(0.,28.378143376266));
#7570 = CARTESIAN_POINT('',(7.78801978307E-02,28.440118037968));
#7571 = CARTESIAN_POINT('',(0.155778112171,28.502110360504));
#7572 = CARTESIAN_POINT('',(0.233684801913,28.56411005896));
#7573 = CARTESIAN_POINT('',(0.311593525011,28.626109748625));
#7574 = CARTESIAN_POINT('',(0.389499738489,28.688104944986));
#7575 = CARTESIAN_POINT('',(0.467401098432,28.750094063731));
#7576 = CARTESIAN_POINT('',(0.545297459993,28.81207842075));
#7577 = CARTESIAN_POINT('',(0.741320611284,28.96806415667));
#7578 = CARTESIAN_POINT('',(0.859581537994,29.06217167298));
#7579 = CARTESIAN_POINT('',(0.977772014657,29.156225981631));
#7580 = CARTESIAN_POINT('',(1.095882662506,29.250217936165));
#7581 = CARTESIAN_POINT('',(1.214000088805,29.344214561259));
#7582 = CARTESIAN_POINT('',(1.332207632236,29.43828161273));
#7583 = CARTESIAN_POINT('',(1.450483131738,29.532402179379));
#7584 = CARTESIAN_POINT('',(1.678884529254,29.714157711444));
#7585 = CARTESIAN_POINT('',(1.789242762717,29.801977599034));
#7586 = CARTESIAN_POINT('',(1.899534106286,29.889744462776));
#7587 = CARTESIAN_POINT('',(2.009796418888,29.977488854421));
#7588 = CARTESIAN_POINT('',(2.120075333227,30.065246869057));
#7589 = CARTESIAN_POINT('',(2.23040875843,30.153048115895));
#7590 = CARTESIAN_POINT('',(2.34080506398,30.240898924098));
#7591 = CARTESIAN_POINT('',(2.572363812628,30.425166926566));
#7592 = CARTESIAN_POINT('',(2.693885180635,30.521869635053));
#7593 = CARTESIAN_POINT('',(2.815316368103,30.618499927239));
#7594 = CARTESIAN_POINT('',(2.936690017542,30.715084122636));
#7595 = CARTESIAN_POINT('',(3.058058588774,30.811664948205));
#7596 = CARTESIAN_POINT('',(3.179473091592,30.908283516639));
#7597 = CARTESIAN_POINT('',(3.300985061588,31.004980583204));
#7598 = CARTESIAN_POINT('',(3.505298381101,31.167570253961));
#7599 = CARTESIAN_POINT('',(3.588296204279,31.233619022052));
#7600 = CARTESIAN_POINT('',(3.671301320395,31.299673587514));
#7601 = CARTESIAN_POINT('',(3.754313670153,31.365733701088));
#7602 = CARTESIAN_POINT('',(3.837329718742,31.431796417761));
#7603 = CARTESIAN_POINT('',(3.920342455833,31.497856096766));
#7604 = CARTESIAN_POINT('',(4.003341395584,31.563904401585));
#7605 = CARTESIAN_POINT('',(4.161985230953,31.690148256581));
#7606 = CARTESIAN_POINT('',(4.237672788542,31.750377790403));
#7607 = CARTESIAN_POINT('',(4.313370776775,31.810615526759));
#7608 = CARTESIAN_POINT('',(4.389074447326,31.870857830811));
#7609 = CARTESIAN_POINT('',(4.464778776174,31.931100807535));
#7610 = CARTESIAN_POINT('',(4.540478463599,31.991340301722));
#7611 = CARTESIAN_POINT('',(4.616167934184,32.051571897976));
#7612 = CARTESIAN_POINT('',(4.791039587627,32.190730435967));
#7613 = CARTESIAN_POINT('',(4.890313297027,32.269730286805));
#7614 = CARTESIAN_POINT('',(4.989564905387,32.348712786125));
#7615 = CARTESIAN_POINT('',(5.088782820321,32.42766816902));
#7616 = CARTESIAN_POINT('',(5.188000706243,32.506622895645));
#7617 = CARTESIAN_POINT('',(5.28725547804,32.585606526197));
#7618 = CARTESIAN_POINT('',(5.386543998872,32.664617167974));
#7619 = CARTESIAN_POINT('',(5.585428450819,32.822884454101));
#7620 = CARTESIAN_POINT('',(5.685152377972,32.902243185726));
#7621 = CARTESIAN_POINT('',(5.784851048009,32.98158206319));
#7622 = CARTESIAN_POINT('',(5.884513866816,33.06089455807));
#7623 = CARTESIAN_POINT('',(5.984173222552,33.140204902549));
#7624 = CARTESIAN_POINT('',(6.083860439439,33.219533098397));
#7625 = CARTESIAN_POINT('',(6.183563324491,33.298867272123));
#7626 = CARTESIAN_POINT('',(6.28318530718,33.378143376294));
#7627 = ( GEOMETRIC_REPRESENTATION_CONTEXT(2) 
PARAMETRIC_REPRESENTATION_CONTEXT() REPRESENTATION_CONTEXT('2D SPACE',''
  ) );
#7628 = PCURVE('',#5021,#7629);
#7629 = DEFINITIONAL_REPRESENTATION('',(#7630),#7689);
#7630 = B_SPLINE_CURVE_WITH_KNOTS('',8,(#7631,#7632,#7633,#7634,#7635,
    #7636,#7637,#7638,#7639,#7640,#7641,#7642,#7643,#7644,#7645,#7646,
    #7647,#7648,#7649,#7650,#7651,#7652,#7653,#7654,#7655,#7656,#7657,
    #7658,#7659,#7660,#7661,#7662,#7663,#7664,#7665,#7666,#7667,#7668,
    #7669,#7670,#7671,#7672,#7673,#7674,#7675,#7676,#7677,#7678,#7679,
    #7680,#7681,#7682,#7683,#7684,#7685,#7686,#7687,#7688),
  .UNSPECIFIED.,.F.,.F.,(9,7,7,7,7,7,7,7,9),(0.,9.917961506952E-02,
    0.24959106096,0.390044179344,0.544573131389,0.650285576561,
    0.746699068803,0.873084951458,1.),.UNSPECIFIED.);
#7631 = CARTESIAN_POINT('',(1.035770917248,48.167668298813));
#7632 = CARTESIAN_POINT('',(1.03576917622,48.267198411682));
#7633 = CARTESIAN_POINT('',(1.03578023801,48.366751577407));
#7634 = CARTESIAN_POINT('',(1.035792720428,48.466315999437));
#7635 = CARTESIAN_POINT('',(1.035799397529,48.565882815071));
#7636 = CARTESIAN_POINT('',(1.035797199608,48.665446095463));
#7637 = CARTESIAN_POINT('',(1.035787213209,48.765002845621));
#7638 = CARTESIAN_POINT('',(1.035774681113,48.864553004405));
#7639 = CARTESIAN_POINT('',(1.035760390185,49.115067201183));
#7640 = CARTESIAN_POINT('',(1.035756314765,49.266202653366));
#7641 = CARTESIAN_POINT('',(1.035761276437,49.417248907609));
#7642 = CARTESIAN_POINT('',(1.035768776338,49.568193970351));
#7643 = CARTESIAN_POINT('',(1.035772642759,49.719148040834));
#7644 = CARTESIAN_POINT('',(1.035772167586,49.870217014554));
#7645 = CARTESIAN_POINT('',(1.035771052807,50.021372197267));
#7646 = CARTESIAN_POINT('',(1.035769340016,50.313266673286));
#7647 = CARTESIAN_POINT('',(1.035768828988,50.454302909811));
#7648 = CARTESIAN_POINT('',(1.035769866894,50.595253349262));
#7649 = CARTESIAN_POINT('',(1.035773378988,50.736166673065));
#7650 = CARTESIAN_POINT('',(1.035777825489,50.877101487429));
#7651 = CARTESIAN_POINT('',(1.035780826644,51.018106330824));
#7652 = CARTESIAN_POINT('',(1.035781417911,51.159191767725));
#7653 = CARTESIAN_POINT('',(1.03577798405,51.455121907344));
#7654 = CARTESIAN_POINT('',(1.035773481689,51.610425335005));
#7655 = CARTESIAN_POINT('',(1.035766522403,51.765613483324));
#7656 = CARTESIAN_POINT('',(1.035758965628,51.920727849423));
#7657 = CARTESIAN_POINT('',(1.035754695637,52.075835440516));
#7658 = CARTESIAN_POINT('',(1.035755064741,52.231001721438));
#7659 = CARTESIAN_POINT('',(1.035758735397,52.386292698634));
#7660 = CARTESIAN_POINT('',(1.035767238552,52.647403156886));
#7661 = CARTESIAN_POINT('',(1.035771500905,52.7534736688));
#7662 = CARTESIAN_POINT('',(1.035775593061,52.859553561702));
#7663 = CARTESIAN_POINT('',(1.035778819022,52.965642723949));
#7664 = CARTESIAN_POINT('',(1.035780765281,53.071736597441));
#7665 = CARTESIAN_POINT('',(1.035781300825,53.17782617762));
#7666 = CARTESIAN_POINT('',(1.035780577134,53.283898013468));
#7667 = CARTESIAN_POINT('',(1.035777615476,53.486642970181));
#7668 = CARTESIAN_POINT('',(1.035775432287,53.583370645009));
#7669 = CARTESIAN_POINT('',(1.035773135768,53.680111539857));
#7670 = CARTESIAN_POINT('',(1.035771196419,53.776859622149));
#7671 = CARTESIAN_POINT('',(1.035769898088,53.873608518873));
#7672 = CARTESIAN_POINT('',(1.035769337968,53.970351516582));
#7673 = CARTESIAN_POINT('',(1.035769426596,54.067081561388));
#7674 = CARTESIAN_POINT('',(1.035770492512,54.290565429329));
#7675 = CARTESIAN_POINT('',(1.03577154018,54.417436313033));
#7676 = CARTESIAN_POINT('',(1.035772581433,54.544279333399));
#7677 = CARTESIAN_POINT('',(1.035771654773,54.671079621802));
#7678 = CARTESIAN_POINT('',(1.03576806839,54.797879959364));
#7679 = CARTESIAN_POINT('',(1.035763373269,54.924727175582));
#7680 = CARTESIAN_POINT('',(1.035760527651,55.051617003919));
#7681 = CARTESIAN_POINT('',(1.035761981077,55.305788769913));
#7682 = CARTESIAN_POINT('',(1.035767010597,55.433234353616));
#7683 = CARTESIAN_POINT('',(1.035774354288,55.560647092362));
#7684 = CARTESIAN_POINT('',(1.035789346304,55.688014289393));
#7685 = CARTESIAN_POINT('',(1.035804531131,55.815377952979));
#7686 = CARTESIAN_POINT('',(1.035801281393,55.942777930946));
#7687 = CARTESIAN_POINT('',(1.035773144388,56.070197831057));
#7688 = CARTESIAN_POINT('',(1.035770917365,56.197513727235));
#7689 = ( GEOMETRIC_REPRESENTATION_CONTEXT(2) 
PARAMETRIC_REPRESENTATION_CONTEXT() REPRESENTATION_CONTEXT('2D SPACE',''
  ) );
#7690 = ORIENTED_EDGE('',*,*,#7691,.F.);
#7691 = EDGE_CURVE('',#2580,#7504,#7692,.T.);
#7692 = SURFACE_CURVE('',#7693,(#7697,#7704),.PCURVE_S1.);
#7693 = LINE('',#7694,#7695);
#7694 = CARTESIAN_POINT('',(12.,-2.939152317954E-15,0.));
#7695 = VECTOR('',#7696,1.);
#7696 = DIRECTION('',(0.,0.,1.));
#7697 = PCURVE('',#2912,#7698);
#7698 = DEFINITIONAL_REPRESENTATION('',(#7699),#7703);
#7699 = LINE('',#7700,#7701);
#7700 = CARTESIAN_POINT('',(0.,-0.));
#7701 = VECTOR('',#7702,1.);
#7702 = DIRECTION('',(0.,1.));
#7703 = ( GEOMETRIC_REPRESENTATION_CONTEXT(2) 
PARAMETRIC_REPRESENTATION_CONTEXT() REPRESENTATION_CONTEXT('2D SPACE',''
  ) );
#7704 = PCURVE('',#2705,#7705);
#7705 = DEFINITIONAL_REPRESENTATION('',(#7706),#7710);
#7706 = LINE('',#7707,#7708);
#7707 = CARTESIAN_POINT('',(6.28318530718,-0.));
#7708 = VECTOR('',#7709,1.);
#7709 = DIRECTION('',(0.,1.));
#7710 = ( GEOMETRIC_REPRESENTATION_CONTEXT(2) 
PARAMETRIC_REPRESENTATION_CONTEXT() REPRESENTATION_CONTEXT('2D SPACE',''
  ) );
#7711 = ORIENTED_EDGE('',*,*,#2772,.T.);
#7712 = ORIENTED_EDGE('',*,*,#7477,.T.);
#7713 = ADVANCED_FACE('',(#7714),#2705,.T.);
#7714 = FACE_BOUND('',#7715,.T.);
#7715 = EDGE_LOOP('',(#7716,#7904,#7925,#7926));
#7716 = ORIENTED_EDGE('',*,*,#7717,.F.);
#7717 = EDGE_CURVE('',#7718,#7504,#7720,.T.);
#7718 = VERTEX_POINT('',#7719);
#7719 = CARTESIAN_POINT('',(12.,-2.939152317954E-15,23.378143376262));
#7720 = SURFACE_CURVE('',#7721,(#7780,#7842),.PCURVE_S1.);
#7721 = B_SPLINE_CURVE_WITH_KNOTS('',8,(#7722,#7723,#7724,#7725,#7726,
    #7727,#7728,#7729,#7730,#7731,#7732,#7733,#7734,#7735,#7736,#7737,
    #7738,#7739,#7740,#7741,#7742,#7743,#7744,#7745,#7746,#7747,#7748,
    #7749,#7750,#7751,#7752,#7753,#7754,#7755,#7756,#7757,#7758,#7759,
    #7760,#7761,#7762,#7763,#7764,#7765,#7766,#7767,#7768,#7769,#7770,
    #7771,#7772,#7773,#7774,#7775,#7776,#7777,#7778,#7779),
  .UNSPECIFIED.,.F.,.F.,(9,7,7,7,7,7,7,7,9),(0.,9.653486681499E-02,
    0.234801388769,0.367915220832,0.514265054433,0.612598041943,
    0.737903415351,0.869051503398,1.),.UNSPECIFIED.);
#7722 = CARTESIAN_POINT('',(12.,-1.7763568394E-15,23.378143376262));
#7723 = CARTESIAN_POINT('',(12.,0.909565214955,23.438460373889));
#7724 = CARTESIAN_POINT('',(11.921160488685,1.819421937263,
    23.498790521615));
#7725 = CARTESIAN_POINT('',(11.763528932833,2.72123789594,
    23.559125747864));
#7726 = CARTESIAN_POINT('',(11.52807881078,3.606989142516,23.61946029625
    ));
#7727 = CARTESIAN_POINT('',(11.216709612419,4.468960051034,
    23.679790725575));
#7728 = CARTESIAN_POINT('',(10.832246839199,5.299743318051,
    23.740115909833));
#7729 = CARTESIAN_POINT('',(10.378442004127,6.092239962635,
    23.800437038204));
#7730 = CARTESIAN_POINT('',(9.117370925035,7.910185233479,
    23.947154547479));
#7731 = CARTESIAN_POINT('',(8.24143071562,8.88927629767,24.033606647598)
  );
#7732 = CARTESIAN_POINT('',(7.246181917488,9.756152607749,
    24.120020376582));
#7733 = CARTESIAN_POINT('',(6.14865161769,10.494458132637,
    24.206393758109));
#7734 = CARTESIAN_POINT('',(4.967958726085,11.091003680811,
    24.292772249677));
#7735 = CARTESIAN_POINT('',(3.724949485201,11.535434787628,
    24.379200345133));
#7736 = CARTESIAN_POINT('',(2.442373840231,11.820824530509,
    24.465668908421));
#7737 = CARTESIAN_POINT('',(-0.102842561496,12.064923317795,
    24.635228152887));
#7738 = CARTESIAN_POINT('',(-1.366322764477,12.035598638227,
    24.718446671293));
#7739 = CARTESIAN_POINT('',(-2.622702787519,11.8548245622,
    24.801621550574));
#7740 = CARTESIAN_POINT('',(-3.850946993643,11.524605355693,
    24.88476917194));
#7741 = CARTESIAN_POINT('',(-5.031022716467,11.050101073497,
    24.967919632623));
#7742 = CARTESIAN_POINT('',(-6.143799223271,10.439203659072,
    25.051102948101));
#7743 = CARTESIAN_POINT('',(-7.171202398508,9.70293369311,
    25.134333049401));
#7744 = CARTESIAN_POINT('',(-9.114612409228,7.926240679211,
    25.308949690874));
#7745 = CARTESIAN_POINT('',(-10.01088733018,6.861490877958,
    25.400458783169));
#7746 = CARTESIAN_POINT('',(-10.76351374545,5.68208930636,
    25.491907905384));
#7747 = CARTESIAN_POINT('',(-11.35642087157,4.410883204139,
    25.583332969095));
#7748 = CARTESIAN_POINT('',(-11.77724194504,3.072480540718,
    25.674777345311));
#7749 = CARTESIAN_POINT('',(-12.01810150713,1.693453258862,
    25.766275272142));
#7750 = CARTESIAN_POINT('',(-12.07515541308,0.302075330386,
    25.857837373065));
#7751 = CARTESIAN_POINT('',(-11.86942889926,-1.993666117736,
    26.010689191346));
#7752 = CARTESIAN_POINT('',(-11.7052735938,-2.909398095699,
    26.072134623987));
#7753 = CARTESIAN_POINT('',(-11.46044060589,-3.809451850732,
    26.133591183733));
#7754 = CARTESIAN_POINT('',(-11.1367081417,-4.685449621889,
    26.195053432438));
#7755 = CARTESIAN_POINT('',(-10.73683224031,-5.529434872064,
    26.256516800971));
#7756 = CARTESIAN_POINT('',(-10.26454677375,-6.333872287993,
    26.317977589213));
#7757 = CARTESIAN_POINT('',(-9.724563446933,-7.091647780249,
    26.379432966062));
#7758 = CARTESIAN_POINT('',(-8.355455997581,-8.693709259357,
    26.519183939793));
#7759 = CARTESIAN_POINT('',(-7.486818230998,-9.505544522294,
    26.597498734999));
#7760 = CARTESIAN_POINT('',(-6.528833712511,-10.21761134474,
    26.675823935777));
#7761 = CARTESIAN_POINT('',(-5.494957791686,-10.81840951777,
    26.754156488105));
#7762 = CARTESIAN_POINT('',(-4.399925953112,-11.29890155088,
    26.832491703211));
#7763 = CARTESIAN_POINT('',(-3.259753816396,-11.65251267196,
    26.910823257572));
#7764 = CARTESIAN_POINT('',(-2.091737136171,-11.87513082729,
    26.989143192913));
#7765 = CARTESIAN_POINT('',(0.317727764124,-12.05927791254,
    27.149391537181));
#7766 = CARTESIAN_POINT('',(1.561917417081,-12.00833771947,
    27.231404018539));
#7767 = CARTESIAN_POINT('',(2.796900647578,-11.81080514928,
    27.313391142198));
#7768 = CARTESIAN_POINT('',(4.002359490738,-11.46849696813,
    27.395342965468));
#7769 = CARTESIAN_POINT('',(5.158990592879,-10.98643445445,
    27.477290377071));
#7770 = CARTESIAN_POINT('',(6.24862127839,-10.37275019196,
    27.559267653162));
#7771 = CARTESIAN_POINT('',(7.2543256166,-9.638594862735,27.641275013344
    ));
#7772 = CARTESIAN_POINT('',(9.065376211851,-7.958772433792,
    27.80508259751));
#7773 = CARTESIAN_POINT('',(9.871992140832,-7.012542758995,
    27.886974224893));
#7774 = CARTESIAN_POINT('',(10.565177057394,-5.973731279026,
    27.968845460776));
#7775 = CARTESIAN_POINT('',(11.132529365726,-4.858315292844,
    28.050692437346));
#7776 = CARTESIAN_POINT('',(11.564565710544,-3.683762625928,
    28.132543149602));
#7777 = CARTESIAN_POINT('',(11.854829595234,-2.468921121069,
    28.214422587909));
#7778 = CARTESIAN_POINT('',(12.,-1.233908129164,28.296317870547));
#7779 = CARTESIAN_POINT('',(12.,1.59872115546E-14,28.378143376266));
#7780 = PCURVE('',#2705,#7781);
#7781 = DEFINITIONAL_REPRESENTATION('',(#7782),#7841);
#7782 = B_SPLINE_CURVE_WITH_KNOTS('',8,(#7783,#7784,#7785,#7786,#7787,
    #7788,#7789,#7790,#7791,#7792,#7793,#7794,#7795,#7796,#7797,#7798,
    #7799,#7800,#7801,#7802,#7803,#7804,#7805,#7806,#7807,#7808,#7809,
    #7810,#7811,#7812,#7813,#7814,#7815,#7816,#7817,#7818,#7819,#7820,
    #7821,#7822,#7823,#7824,#7825,#7826,#7827,#7828,#7829,#7830,#7831,
    #7832,#7833,#7834,#7835,#7836,#7837,#7838,#7839,#7840),
  .UNSPECIFIED.,.F.,.F.,(9,7,7,7,7,7,7,7,9),(0.,9.653486681499E-02,
    0.234801388769,0.367915220832,0.514265054433,0.612598041943,
    0.737903415351,0.869051503398,1.),.UNSPECIFIED.);
#7783 = CARTESIAN_POINT('',(0.,23.378143376262));
#7784 = CARTESIAN_POINT('',(7.579710124624E-02,23.438460373889));
#7785 = CARTESIAN_POINT('',(0.151606369352,23.498790521615));
#7786 = CARTESIAN_POINT('',(0.227421488423,23.559125747864));
#7787 = CARTESIAN_POINT('',(0.303237678448,23.61946029625));
#7788 = CARTESIAN_POINT('',(0.379051695292,23.679790725575));
#7789 = CARTESIAN_POINT('',(0.454861830705,23.740115909833));
#7790 = CARTESIAN_POINT('',(0.530667912313,23.800437038204));
#7791 = CARTESIAN_POINT('',(0.715044212201,23.947154547479));
#7792 = CARTESIAN_POINT('',(0.823685353175,24.033606647598));
#7793 = CARTESIAN_POINT('',(0.932275327188,24.120020376582));
#7794 = CARTESIAN_POINT('',(1.040812903182,24.206393758109));
#7795 = CARTESIAN_POINT('',(1.14935700927,24.292772249677));
#7796 = CARTESIAN_POINT('',(1.257964503666,24.379200345133));
#7797 = CARTESIAN_POINT('',(1.366623725663,24.465668908421));
#7798 = CARTESIAN_POINT('',(1.579698287951,24.635228152887));
#7799 = CARTESIAN_POINT('',(1.684274251188,24.718446671293));
#7800 = CARTESIAN_POINT('',(1.788795482716,24.801621550574));
#7801 = CARTESIAN_POINT('',(1.893281940584,24.88476917194));
#7802 = CARTESIAN_POINT('',(1.997771310472,24.967919632623));
#7803 = CARTESIAN_POINT('',(2.10230167549,25.051102948101));
#7804 = CARTESIAN_POINT('',(2.206891024113,25.134333049401));
#7805 = CARTESIAN_POINT('',(2.426320216303,25.308949690874));
#7806 = CARTESIAN_POINT('',(2.541314154565,25.400458783169));
#7807 = CARTESIAN_POINT('',(2.656233564531,25.491907905384));
#7808 = CARTESIAN_POINT('',(2.771123639371,25.583332969095));
#7809 = CARTESIAN_POINT('',(2.886038218872,25.674777345311));
#7810 = CARTESIAN_POINT('',(3.001019368327,25.766275272142));
#7811 = CARTESIAN_POINT('',(3.116080114274,25.857837373065));
#7812 = CARTESIAN_POINT('',(3.308158516147,26.010689191346));
#7813 = CARTESIAN_POINT('',(3.385372303551,26.072134623987));
#7814 = CARTESIAN_POINT('',(3.46259973963,26.133591183733));
#7815 = CARTESIAN_POINT('',(3.53983413796,26.195053432438));
#7816 = CARTESIAN_POINT('',(3.617069909827,26.256516800971));
#7817 = CARTESIAN_POINT('',(3.694302564221,26.317977589213));
#7818 = CARTESIAN_POINT('',(3.771528707838,26.379432966062));
#7819 = CARTESIAN_POINT('',(3.947143821057,26.519183939793));
#7820 = CARTESIAN_POINT('',(4.04555729467,26.597498734999));
#7821 = CARTESIAN_POINT('',(4.143984452679,26.675823935777));
#7822 = CARTESIAN_POINT('',(4.242421219996,26.754156488105));
#7823 = CARTESIAN_POINT('',(4.340861459682,26.832491703211));
#7824 = CARTESIAN_POINT('',(4.43929697295,26.910823257572));
#7825 = CARTESIAN_POINT('',(4.537717499159,26.989143192913));
#7826 = CARTESIAN_POINT('',(4.739091792295,27.149391537181));
#7827 = CARTESIAN_POINT('',(4.842151297429,27.231404018539));
#7828 = CARTESIAN_POINT('',(4.945178669962,27.313391142198));
#7829 = CARTESIAN_POINT('',(5.048161880117,27.395342965468));
#7830 = CARTESIAN_POINT('',(5.151140142868,27.477290377071));
#7831 = CARTESIAN_POINT('',(5.254156631194,27.559267653162));
#7832 = CARTESIAN_POINT('',(5.357211189348,27.641275013344));
#7833 = CARTESIAN_POINT('',(5.563058146578,27.80508259751));
#7834 = CARTESIAN_POINT('',(5.665967113992,27.886974224893));
#7835 = CARTESIAN_POINT('',(5.768845989509,27.968845460776));
#7836 = CARTESIAN_POINT('',(5.871691831969,28.050692437346));
#7837 = CARTESIAN_POINT('',(5.974544747186,28.132543149602));
#7838 = CARTESIAN_POINT('',(6.077439917238,28.214422587909));
#7839 = CARTESIAN_POINT('',(6.180359629749,28.296317870547));
#7840 = CARTESIAN_POINT('',(6.28318530718,28.378143376266));
#7841 = ( GEOMETRIC_REPRESENTATION_CONTEXT(2) 
PARAMETRIC_REPRESENTATION_CONTEXT() REPRESENTATION_CONTEXT('2D SPACE',''
  ) );
#7842 = PCURVE('',#5021,#7843);
#7843 = DEFINITIONAL_REPRESENTATION('',(#7844),#7903);
#7844 = B_SPLINE_CURVE_WITH_KNOTS('',8,(#7845,#7846,#7847,#7848,#7849,
    #7850,#7851,#7852,#7853,#7854,#7855,#7856,#7857,#7858,#7859,#7860,
    #7861,#7862,#7863,#7864,#7865,#7866,#7867,#7868,#7869,#7870,#7871,
    #7872,#7873,#7874,#7875,#7876,#7877,#7878,#7879,#7880,#7881,#7882,
    #7883,#7884,#7885,#7886,#7887,#7888,#7889,#7890,#7891,#7892,#7893,
    #7894,#7895,#7896,#7897,#7898,#7899,#7900,#7901,#7902),
  .UNSPECIFIED.,.F.,.F.,(9,7,7,7,7,7,7,7,9),(0.,9.653486681499E-02,
    0.234801388769,0.367915220832,0.514265054433,0.612598041943,
    0.737903415351,0.869051503398,1.),.UNSPECIFIED.);
#7845 = CARTESIAN_POINT('',(1.035770917233,40.13782287039));
#7846 = CARTESIAN_POINT('',(1.035769222776,40.234690806686));
#7847 = CARTESIAN_POINT('',(1.035780019283,40.331574681077));
#7848 = CARTESIAN_POINT('',(1.0357923346,40.428466081502));
#7849 = CARTESIAN_POINT('',(1.035799162183,40.525358669306));
#7850 = CARTESIAN_POINT('',(1.035797461094,40.622248179246));
#7851 = CARTESIAN_POINT('',(1.035788156005,40.719132419486));
#7852 = CARTESIAN_POINT('',(1.035776137197,40.816011271598));
#7853 = CARTESIAN_POINT('',(1.035761843471,41.051640984065));
#7854 = CARTESIAN_POINT('',(1.035756828147,41.190482464327));
#7855 = CARTESIAN_POINT('',(1.035759496579,41.329259134936));
#7856 = CARTESIAN_POINT('',(1.035765648413,41.467969564055));
#7857 = CARTESIAN_POINT('',(1.035770340594,41.606688805125));
#7858 = CARTESIAN_POINT('',(1.035771814775,41.745489043153));
#7859 = CARTESIAN_POINT('',(1.035771612461,41.884354966586));
#7860 = CARTESIAN_POINT('',(1.035770170754,42.156662469331));
#7861 = CARTESIAN_POINT('',(1.035768990482,42.290309326759));
#7862 = CARTESIAN_POINT('',(1.035768413622,42.423885850839));
#7863 = CARTESIAN_POINT('',(1.03576997039,42.557417714641));
#7864 = CARTESIAN_POINT('',(1.035773394785,42.690953363708));
#7865 = CARTESIAN_POINT('',(1.03577708546,42.824541666125));
#7866 = CARTESIAN_POINT('',(1.035779574564,42.958205603469));
#7867 = CARTESIAN_POINT('',(1.03578110115,43.238633898377));
#7868 = CARTESIAN_POINT('',(1.035779762736,43.385595226762));
#7869 = CARTESIAN_POINT('',(1.035775504096,43.532461456198));
#7870 = CARTESIAN_POINT('',(1.035768614118,43.679290139756));
#7871 = CARTESIAN_POINT('',(1.035761625832,43.82614987937));
#7872 = CARTESIAN_POINT('',(1.035757310484,43.973094511032));
#7873 = CARTESIAN_POINT('',(1.035756320884,44.120140824965));
#7874 = CARTESIAN_POINT('',(1.035759220557,44.365614917193));
#7875 = CARTESIAN_POINT('',(1.03576178646,44.464293318277));
#7876 = CARTESIAN_POINT('',(1.035765237851,44.562989221896));
#7877 = CARTESIAN_POINT('',(1.035769088431,44.661694096247));
#7878 = CARTESIAN_POINT('',(1.035772880696,44.760400793191));
#7879 = CARTESIAN_POINT('',(1.035776185944,44.859103548257));
#7880 = CARTESIAN_POINT('',(1.035778604267,44.95779798064));
#7881 = CARTESIAN_POINT('',(1.035781243105,45.182232629702));
#7882 = CARTESIAN_POINT('',(1.035780382465,45.308004126701));
#7883 = CARTESIAN_POINT('',(1.035778126344,45.433792913494));
#7884 = CARTESIAN_POINT('',(1.035775285477,45.55959374917));
#7885 = CARTESIAN_POINT('',(1.035772537621,45.685398822608));
#7886 = CARTESIAN_POINT('',(1.03577042756,45.811197752482));
#7887 = CARTESIAN_POINT('',(1.0357693671,45.936977587252));
#7888 = CARTESIAN_POINT('',(1.035769915544,46.194331246715));
#7889 = CARTESIAN_POINT('',(1.035771409527,46.326040136794));
#7890 = CARTESIAN_POINT('',(1.03577255544,46.457708447553));
#7891 = CARTESIAN_POINT('',(1.035772104504,46.589320729264));
#7892 = CARTESIAN_POINT('',(1.035769493246,46.720926821955));
#7893 = CARTESIAN_POINT('',(1.035765216002,46.852581567048));
#7894 = CARTESIAN_POINT('',(1.035761197419,46.984284518985));
#7895 = CARTESIAN_POINT('',(1.035761132543,47.247354462062));
#7896 = CARTESIAN_POINT('',(1.035759941929,47.378870377818));
#7897 = CARTESIAN_POINT('',(1.035773223575,47.510347543162));
#7898 = CARTESIAN_POINT('',(1.035793963165,47.641782655661));
#7899 = CARTESIAN_POINT('',(1.035805934989,47.77322740394));
#7900 = CARTESIAN_POINT('',(1.035797135347,47.904726900218));
#7901 = CARTESIAN_POINT('',(1.035773215937,48.03625811284));
#7902 = CARTESIAN_POINT('',(1.035770917248,48.167668298813));
#7903 = ( GEOMETRIC_REPRESENTATION_CONTEXT(2) 
PARAMETRIC_REPRESENTATION_CONTEXT() REPRESENTATION_CONTEXT('2D SPACE',''
  ) );
#7904 = ORIENTED_EDGE('',*,*,#7905,.F.);
#7905 = EDGE_CURVE('',#2387,#7718,#7906,.T.);
#7906 = SURFACE_CURVE('',#7907,(#7911,#7918),.PCURVE_S1.);
#7907 = LINE('',#7908,#7909);
#7908 = CARTESIAN_POINT('',(12.,-2.939152317954E-15,0.));
#7909 = VECTOR('',#7910,1.);
#7910 = DIRECTION('',(0.,0.,1.));
#7911 = PCURVE('',#2705,#7912);
#7912 = DEFINITIONAL_REPRESENTATION('',(#7913),#7917);
#7913 = LINE('',#7914,#7915);
#7914 = CARTESIAN_POINT('',(0.,-0.));
#7915 = VECTOR('',#7916,1.);
#7916 = DIRECTION('',(0.,1.));
#7917 = ( GEOMETRIC_REPRESENTATION_CONTEXT(2) 
PARAMETRIC_REPRESENTATION_CONTEXT() REPRESENTATION_CONTEXT('2D SPACE',''
  ) );
#7918 = PCURVE('',#2512,#7919);
#7919 = DEFINITIONAL_REPRESENTATION('',(#7920),#7924);
#7920 = LINE('',#7921,#7922);
#7921 = CARTESIAN_POINT('',(6.28318530718,-0.));
#7922 = VECTOR('',#7923,1.);
#7923 = DIRECTION('',(0.,1.));
#7924 = ( GEOMETRIC_REPRESENTATION_CONTEXT(2) 
PARAMETRIC_REPRESENTATION_CONTEXT() REPRESENTATION_CONTEXT('2D SPACE',''
  ) );
#7925 = ORIENTED_EDGE('',*,*,#2579,.T.);
#7926 = ORIENTED_EDGE('',*,*,#7691,.T.);
#7927 = ADVANCED_FACE('',(#7928),#2512,.T.);
#7928 = FACE_BOUND('',#7929,.T.);
#7929 = EDGE_LOOP('',(#7930,#8130,#8151,#8152));
#7930 = ORIENTED_EDGE('',*,*,#7931,.F.);
#7931 = EDGE_CURVE('',#7932,#7718,#7934,.T.);
#7932 = VERTEX_POINT('',#7933);
#7933 = CARTESIAN_POINT('',(12.,-2.939152317954E-15,18.378143376285));
#7934 = SURFACE_CURVE('',#7935,(#7998,#8064),.PCURVE_S1.);
#7935 = B_SPLINE_CURVE_WITH_KNOTS('',7,(#7936,#7937,#7938,#7939,#7940,
    #7941,#7942,#7943,#7944,#7945,#7946,#7947,#7948,#7949,#7950,#7951,
    #7952,#7953,#7954,#7955,#7956,#7957,#7958,#7959,#7960,#7961,#7962,
    #7963,#7964,#7965,#7966,#7967,#7968,#7969,#7970,#7971,#7972,#7973,
    #7974,#7975,#7976,#7977,#7978,#7979,#7980,#7981,#7982,#7983,#7984,
    #7985,#7986,#7987,#7988,#7989,#7990,#7991,#7992,#7993,#7994,#7995,
    #7996,#7997),.UNSPECIFIED.,.F.,.F.,(8,6,6,6,6,6,6,6,6,6,8),(0.,
    3.206076812699E-02,0.128756463307,0.236912478968,0.337581884314,
    0.464727794601,0.619116787819,0.659745498962,0.749342265992,
    0.888184297279,1.),.UNSPECIFIED.);
#7936 = CARTESIAN_POINT('',(12.,-3.552713678801E-15,18.378143376285));
#7937 = CARTESIAN_POINT('',(12.,0.34542544286,18.40104995327));
#7938 = CARTESIAN_POINT('',(11.988399557376,0.690752006094,
    18.423950690196));
#7939 = CARTESIAN_POINT('',(11.965210650941,1.035577514494,
    18.446849573471));
#7940 = CARTESIAN_POINT('',(11.930455648048,1.37947718848,
    18.469749143618));
#7941 = CARTESIAN_POINT('',(11.884174974958,1.722004796863,
    18.492650486045));
#7942 = CARTESIAN_POINT('',(11.826434787208,2.062693809614,
    18.515553221821));
#7943 = CARTESIAN_POINT('',(11.54892769392,3.421571026454,
    18.607529063715));
#7944 = CARTESIAN_POINT('',(11.237120550096,4.421166762951,
    18.676600259366));
#7945 = CARTESIAN_POINT('',(10.824597270618,5.386907847707,
    18.745674762243));
#7946 = CARTESIAN_POINT('',(10.315777916135,6.306754767691,
    18.814754920946));
#7947 = CARTESIAN_POINT('',(9.716818545834,7.169566409271,
    18.883839755833));
#7948 = CARTESIAN_POINT('',(9.035611217435,7.965100058208,
    18.952924959024));
#7949 = CARTESIAN_POINT('',(7.438613569249,9.488127716931,
    19.099267908582));
#7950 = CARTESIAN_POINT('',(6.50424571118,10.19685020671,19.176522231765
    ));
#7951 = CARTESIAN_POINT('',(5.49206359394,10.797461895732,
    19.253785143173));
#7952 = CARTESIAN_POINT('',(4.416877743439,11.279966506699,
    19.331064152707));
#7953 = CARTESIAN_POINT('',(3.294926030551,11.63708845828,
    19.408355000945));
#7954 = CARTESIAN_POINT('',(2.143873671112,11.864272865111,
    19.485641659139));
#7955 = CARTESIAN_POINT('',(-9.787806872637E-02,12.048493700364,
    19.634803394667));
#7956 = CARTESIAN_POINT('',(-1.188386138808,12.02329025923,
    19.706724672432));
#7957 = CARTESIAN_POINT('',(-2.273501516686,11.883020934806,
    19.778645239816));
#7958 = CARTESIAN_POINT('',(-3.338655154776,11.628814446639,
    19.850557789951));
#7959 = CARTESIAN_POINT('',(-4.369918425551,11.263982513411,
    19.922462631801));
#7960 = CARTESIAN_POINT('',(-5.354003121539,10.794019852935,
    19.994367690156));
#7961 = CARTESIAN_POINT('',(-7.445603874658,9.509955646057,
    20.15712481804));
#7962 = CARTESIAN_POINT('',(-8.518123971695,8.637462452,20.248006846168)
  );
#7963 = CARTESIAN_POINT('',(-9.469292091916,7.625070540877,
    20.338828462161));
#7964 = CARTESIAN_POINT('',(-10.27840035809,6.493356919584,
    20.429614464006));
#7965 = CARTESIAN_POINT('',(-10.92864215258,5.26582909203,
    20.520434300882));
#7966 = CARTESIAN_POINT('',(-11.40725503713,3.96872640258,
    20.611314333222));
#7967 = CARTESIAN_POINT('',(-12.07258022064,1.00957404015,
    20.812445649365));
#7968 = CARTESIAN_POINT('',(-12.17550041558,-0.67440676936,
    20.92289507042));
#7969 = CARTESIAN_POINT('',(-12.00287362706,-2.364241710225,
    21.033174883573));
#7970 = CARTESIAN_POINT('',(-11.55856962376,-4.007404440375,
    21.143451404344));
#7971 = CARTESIAN_POINT('',(-10.85592044781,-5.554274210764,
    21.253751675364));
#7972 = CARTESIAN_POINT('',(-9.91786786368,-6.957125043487,
    21.36423479377));
#7973 = CARTESIAN_POINT('',(-8.486849978943,-8.494993090694,
    21.503540917019));
#7974 = CARTESIAN_POINT('',(-8.175324761985,-8.80246419196,
    21.532540871452));
#7975 = CARTESIAN_POINT('',(-7.850935115817,-9.096472425547,
    21.561531443066));
#7976 = CARTESIAN_POINT('',(-7.514290087434,-9.376466739008,
    21.590521129086));
#7977 = CARTESIAN_POINT('',(-7.166075875887,-9.641889640614,
    21.619514135967));
#7978 = CARTESIAN_POINT('',(-6.807055832281,-9.892177199364,
    21.648510379393));
#7979 = CARTESIAN_POINT('',(-5.624362726292,-10.64407240244,
    21.741447154696));
#7980 = CARTESIAN_POINT('',(-4.761741267151,-11.08530163532,
    21.805410060799));
#7981 = CARTESIAN_POINT('',(-3.859245550685,-11.44473281453,
    21.869381449998));
#7982 = CARTESIAN_POINT('',(-2.926268981554,-11.71807264032,
    21.933352788932));
#7983 = CARTESIAN_POINT('',(-1.972558900748,-11.90244844225,
    21.997319763468));
#7984 = CARTESIAN_POINT('',(-1.008216585589,-11.99640817919,
    22.061282278703));
#7985 = CARTESIAN_POINT('',(1.450952928478,-12.00536315059,
    22.224362310273));
#7986 = CARTESIAN_POINT('',(2.947704143669,-11.79360355357,
    22.323562670639));
#7987 = CARTESIAN_POINT('',(4.405853110167,-11.36390949986,
    22.422683712195));
#7988 = CARTESIAN_POINT('',(5.788644395774,-10.72579409682,
    22.521757545313));
#7989 = CARTESIAN_POINT('',(7.061872711241,-9.894930702873,
    22.620887381866));
#7990 = CARTESIAN_POINT('',(8.194293699984,-8.893110555625,
    22.720106982064));
#7991 = CARTESIAN_POINT('',(9.937443483495,-6.83345134825,
    22.899044455343));
#7992 = CARTESIAN_POINT('',(10.608194519101,-5.822859459519,
    22.978935836133));
#7993 = CARTESIAN_POINT('',(11.158027109274,-4.736464182251,
    23.058801438971));
#7994 = CARTESIAN_POINT('',(11.57723594714,-3.591900440088,
    23.138640812248));
#7995 = CARTESIAN_POINT('',(11.859149193811,-2.407802248344,
    23.218479820127));
#7996 = CARTESIAN_POINT('',(12.,-1.203635135162,23.29832539686));
#7997 = CARTESIAN_POINT('',(12.,-1.7763568394E-15,23.378143376262));
#7998 = PCURVE('',#2512,#7999);
#7999 = DEFINITIONAL_REPRESENTATION('',(#8000),#8063);
#8000 = B_SPLINE_CURVE_WITH_KNOTS('',7,(#8001,#8002,#8003,#8004,#8005,
    #8006,#8007,#8008,#8009,#8010,#8011,#8012,#8013,#8014,#8015,#8016,
    #8017,#8018,#8019,#8020,#8021,#8022,#8023,#8024,#8025,#8026,#8027,
    #8028,#8029,#8030,#8031,#8032,#8033,#8034,#8035,#8036,#8037,#8038,
    #8039,#8040,#8041,#8042,#8043,#8044,#8045,#8046,#8047,#8048,#8049,
    #8050,#8051,#8052,#8053,#8054,#8055,#8056,#8057,#8058,#8059,#8060,
    #8061,#8062),.UNSPECIFIED.,.F.,.F.,(8,6,6,6,6,6,6,6,6,6,8),(0.,
    3.206076812699E-02,0.128756463307,0.236912478968,0.337581884314,
    0.464727794601,0.619116787819,0.659745498962,0.749342265992,
    0.888184297279,1.),.UNSPECIFIED.);
#8001 = CARTESIAN_POINT('',(0.,18.378143376285));
#8002 = CARTESIAN_POINT('',(2.87854535717E-02,18.40104995327));
#8003 = CARTESIAN_POINT('',(5.756268088762E-02,18.423950690196));
#8004 = CARTESIAN_POINT('',(8.633707120118E-02,18.446849573471));
#8005 = CARTESIAN_POINT('',(0.115112151757,18.469749143618));
#8006 = CARTESIAN_POINT('',(0.14388954379,18.492650486045));
#8007 = CARTESIAN_POINT('',(0.172668918525,18.515553221821));
#8008 = CARTESIAN_POINT('',(0.28824589736,18.607529063715));
#8009 = CARTESIAN_POINT('',(0.375044202179,18.676600259366));
#8010 = CARTESIAN_POINT('',(0.461848561579,18.745674762243));
#8011 = CARTESIAN_POINT('',(0.548660710553,18.814754920946));
#8012 = CARTESIAN_POINT('',(0.635478425147,18.883839755833));
#8013 = CARTESIAN_POINT('',(0.722295522456,18.952924959024));
#8014 = CARTESIAN_POINT('',(0.906196438137,19.099267908582));
#8015 = CARTESIAN_POINT('',(1.003275912677,19.176522231765));
#8016 = CARTESIAN_POINT('',(1.100365598454,19.253785143173));
#8017 = CARTESIAN_POINT('',(1.197475685289,19.331064152707));
#8018 = CARTESIAN_POINT('',(1.294601238618,19.408355000945));
#8019 = CARTESIAN_POINT('',(1.391722199491,19.485641659139));
#8020 = CARTESIAN_POINT('',(1.579164564322,19.634803394667));
#8021 = CARTESIAN_POINT('',(1.669543955525,19.706724672432));
#8022 = CARTESIAN_POINT('',(1.759922398883,19.778645239816));
#8023 = CARTESIAN_POINT('',(1.850290473843,19.850557789951));
#8024 = CARTESIAN_POINT('',(1.940648498593,19.922462631801));
#8025 = CARTESIAN_POINT('',(2.031006530065,19.994367690156));
#8026 = CARTESIAN_POINT('',(2.235531973297,20.15712481804));
#8027 = CARTESIAN_POINT('',(2.349737027639,20.248006846168));
#8028 = CARTESIAN_POINT('',(2.463866615051,20.338828462161));
#8029 = CARTESIAN_POINT('',(2.577952500219,20.429614464006));
#8030 = CARTESIAN_POINT('',(2.692081808006,20.520434300882));
#8031 = CARTESIAN_POINT('',(2.806286826182,20.611314333222));
#8032 = CARTESIAN_POINT('',(3.059038904752,20.812445649365));
#8033 = CARTESIAN_POINT('',(3.197834729467,20.92289507042));
#8034 = CARTESIAN_POINT('',(3.336415845665,21.033174883573));
#8035 = CARTESIAN_POINT('',(3.474990452788,21.143451404344));
#8036 = CARTESIAN_POINT('',(3.613594673907,21.253751675364));
#8037 = CARTESIAN_POINT('',(3.752429947295,21.36423479377));
#8038 = CARTESIAN_POINT('',(3.92748649207,21.503540917019));
#8039 = CARTESIAN_POINT('',(3.963928860296,21.532540871452));
#8040 = CARTESIAN_POINT('',(4.00035953409,21.561531443066));
#8041 = CARTESIAN_POINT('',(4.036789187745,21.590521129086));
#8042 = CARTESIAN_POINT('',(4.073223098605,21.619514135967));
#8043 = CARTESIAN_POINT('',(4.109661147065,21.648510379393));
#8044 = CARTESIAN_POINT('',(4.226450052651,21.741447154696));
#8045 = CARTESIAN_POINT('',(4.306829276531,21.805410060799));
#8046 = CARTESIAN_POINT('',(4.387219157306,21.869381449998));
#8047 = CARTESIAN_POINT('',(4.467608761315,21.933352788932));
#8048 = CARTESIAN_POINT('',(4.547992552145,21.997319763468));
#8049 = CARTESIAN_POINT('',(4.628370390633,22.061282278703));
#8050 = CARTESIAN_POINT('',(4.833302542183,22.224362310273));
#8051 = CARTESIAN_POINT('',(4.957960720645,22.323562670639));
#8052 = CARTESIAN_POINT('',(5.082518793954,22.422683712195));
#8053 = CARTESIAN_POINT('',(5.207019221598,22.521757545313));
#8054 = CARTESIAN_POINT('',(5.331591428884,22.620887381866));
#8055 = CARTESIAN_POINT('',(5.4562751923,22.720106982064));
#8056 = CARTESIAN_POINT('',(5.681132665959,22.899044455343));
#8057 = CARTESIAN_POINT('',(5.781524897841,22.978935836133));
#8058 = CARTESIAN_POINT('',(5.88188420304,23.058801438971));
#8059 = CARTESIAN_POINT('',(5.982208584082,23.138640812248));
#8060 = CARTESIAN_POINT('',(6.082536431293,23.218479820127));
#8061 = CARTESIAN_POINT('',(6.182882379249,23.29832539686));
#8062 = CARTESIAN_POINT('',(6.28318530718,23.378143376262));
#8063 = ( GEOMETRIC_REPRESENTATION_CONTEXT(2) 
PARAMETRIC_REPRESENTATION_CONTEXT() REPRESENTATION_CONTEXT('2D SPACE',''
  ) );
#8064 = PCURVE('',#5021,#8065);
#8065 = DEFINITIONAL_REPRESENTATION('',(#8066),#8129);
#8066 = B_SPLINE_CURVE_WITH_KNOTS('',7,(#8067,#8068,#8069,#8070,#8071,
    #8072,#8073,#8074,#8075,#8076,#8077,#8078,#8079,#8080,#8081,#8082,
    #8083,#8084,#8085,#8086,#8087,#8088,#8089,#8090,#8091,#8092,#8093,
    #8094,#8095,#8096,#8097,#8098,#8099,#8100,#8101,#8102,#8103,#8104,
    #8105,#8106,#8107,#8108,#8109,#8110,#8111,#8112,#8113,#8114,#8115,
    #8116,#8117,#8118,#8119,#8120,#8121,#8122,#8123,#8124,#8125,#8126,
    #8127,#8128),.UNSPECIFIED.,.F.,.F.,(8,6,6,6,6,6,6,6,6,6,8),(0.,
    3.206076812699E-02,0.128756463307,0.236912478968,0.337581884314,
    0.464727794601,0.619116787819,0.659745498962,0.749342265992,
    0.888184297279,1.),.UNSPECIFIED.);
#8067 = CARTESIAN_POINT('',(1.035770917328,32.107977441968));
#8068 = CARTESIAN_POINT('',(1.035770273833,32.144764963351));
#8069 = CARTESIAN_POINT('',(1.035772367617,32.181541970508));
#8070 = CARTESIAN_POINT('',(1.035775867021,32.218315417786));
#8071 = CARTESIAN_POINT('',(1.035779760322,32.255089804792));
#8072 = CARTESIAN_POINT('',(1.035783355766,32.29186716156));
#8073 = CARTESIAN_POINT('',(1.035786281608,32.328647033716));
#8074 = CARTESIAN_POINT('',(1.035795135088,32.476353720495));
#8075 = CARTESIAN_POINT('',(1.035792100594,32.58728118396));
#8076 = CARTESIAN_POINT('',(1.035784067341,32.698216031936));
#8077 = CARTESIAN_POINT('',(1.035774738959,32.809160500141));
#8078 = CARTESIAN_POINT('',(1.035766838041,32.920111886121));
#8079 = CARTESIAN_POINT('',(1.035762106142,33.031062549253));
#8080 = CARTESIAN_POINT('',(1.03576040632,33.266085507143));
#8081 = CARTESIAN_POINT('',(1.035763490534,33.39015228275));
#8082 = CARTESIAN_POINT('',(1.035767540569,33.514232450212));
#8083 = CARTESIAN_POINT('',(1.035770617734,33.638338874259));
#8084 = CARTESIAN_POINT('',(1.035771860495,33.762465071708));
#8085 = CARTESIAN_POINT('',(1.035771484476,33.886585211456));
#8086 = CARTESIAN_POINT('',(1.035770129044,34.126134909638));
#8087 = CARTESIAN_POINT('',(1.035769138241,34.241638669261));
#8088 = CARTESIAN_POINT('',(1.035768856504,34.357140993953));
#8089 = CARTESIAN_POINT('',(1.035769792934,34.472629937964));
#8090 = CARTESIAN_POINT('',(1.035771919286,34.588106009193));
#8091 = CARTESIAN_POINT('',(1.035774669966,34.703582169187));
#8092 = CARTESIAN_POINT('',(1.035779811665,34.964962952552));
#8093 = CARTESIAN_POINT('',(1.035782086995,35.11091573649));
#8094 = CARTESIAN_POINT('',(1.035782137511,35.256772423134));
#8095 = CARTESIAN_POINT('',(1.035778559534,35.402573419457));
#8096 = CARTESIAN_POINT('',(1.035772365034,35.548429838981));
#8097 = CARTESIAN_POINT('',(1.035766419484,35.694382827309));
#8098 = CARTESIAN_POINT('',(1.035756918665,36.017397443609));
#8099 = CARTESIAN_POINT('',(1.035754197625,36.194776927891));
#8100 = CARTESIAN_POINT('',(1.035756632175,36.371881888874));
#8101 = CARTESIAN_POINT('',(1.035765735795,36.548978796434));
#8102 = CARTESIAN_POINT('',(1.035774377832,36.726114037598));
#8103 = CARTESIAN_POINT('',(1.035779117841,36.903544544355));
#8104 = CARTESIAN_POINT('',(1.035780555293,37.127265275564));
#8105 = CARTESIAN_POINT('',(1.035780602718,37.173838286201));
#8106 = CARTESIAN_POINT('',(1.03578040629,37.220396329456));
#8107 = CARTESIAN_POINT('',(1.035779986004,37.266953043319));
#8108 = CARTESIAN_POINT('',(1.035779373651,37.313515170041));
#8109 = CARTESIAN_POINT('',(1.035778612826,37.360082556132));
#8110 = CARTESIAN_POINT('',(1.035775875845,37.50933727934));
#8111 = CARTESIAN_POINT('',(1.03577342626,37.612060745124));
#8112 = CARTESIAN_POINT('',(1.035771223482,37.714797732136));
#8113 = CARTESIAN_POINT('',(1.035769762262,37.817534330867));
#8114 = CARTESIAN_POINT('',(1.035769218792,37.920263539878));
#8115 = CARTESIAN_POINT('',(1.035769450705,38.022985265803));
#8116 = CARTESIAN_POINT('',(1.035770843741,38.284886177244));
#8117 = CARTESIAN_POINT('',(1.035772183823,38.444198333488));
#8118 = CARTESIAN_POINT('',(1.035773156667,38.603383258486));
#8119 = CARTESIAN_POINT('',(1.035768196837,38.762494828734));
#8120 = CARTESIAN_POINT('',(1.035760105398,38.921697637587));
#8121 = CARTESIAN_POINT('',(1.035758474581,39.081041924571));
#8122 = CARTESIAN_POINT('',(1.035767485556,39.368406237677));
#8123 = CARTESIAN_POINT('',(1.035776201676,39.496705710477));
#8124 = CARTESIAN_POINT('',(1.035787193017,39.624962841047));
#8125 = CARTESIAN_POINT('',(1.035802067703,39.753176237157));
#8126 = CARTESIAN_POINT('',(1.035802529314,39.881395024193));
#8127 = CARTESIAN_POINT('',(1.035773159521,40.009636733014));
#8128 = CARTESIAN_POINT('',(1.035770917233,40.13782287039));
#8129 = ( GEOMETRIC_REPRESENTATION_CONTEXT(2) 
PARAMETRIC_REPRESENTATION_CONTEXT() REPRESENTATION_CONTEXT('2D SPACE',''
  ) );
#8130 = ORIENTED_EDGE('',*,*,#8131,.F.);
#8131 = EDGE_CURVE('',#2200,#7932,#8132,.T.);
#8132 = SURFACE_CURVE('',#8133,(#8137,#8144),.PCURVE_S1.);
#8133 = LINE('',#8134,#8135);
#8134 = CARTESIAN_POINT('',(12.,-2.939152317954E-15,0.));
#8135 = VECTOR('',#8136,1.);
#8136 = DIRECTION('',(0.,0.,1.));
#8137 = PCURVE('',#2512,#8138);
#8138 = DEFINITIONAL_REPRESENTATION('',(#8139),#8143);
#8139 = LINE('',#8140,#8141);
#8140 = CARTESIAN_POINT('',(0.,-0.));
#8141 = VECTOR('',#8142,1.);
#8142 = DIRECTION('',(0.,1.));
#8143 = ( GEOMETRIC_REPRESENTATION_CONTEXT(2) 
PARAMETRIC_REPRESENTATION_CONTEXT() REPRESENTATION_CONTEXT('2D SPACE',''
  ) );
#8144 = PCURVE('',#2321,#8145);
#8145 = DEFINITIONAL_REPRESENTATION('',(#8146),#8150);
#8146 = LINE('',#8147,#8148);
#8147 = CARTESIAN_POINT('',(6.28318530718,-0.));
#8148 = VECTOR('',#8149,1.);
#8149 = DIRECTION('',(0.,1.));
#8150 = ( GEOMETRIC_REPRESENTATION_CONTEXT(2) 
PARAMETRIC_REPRESENTATION_CONTEXT() REPRESENTATION_CONTEXT('2D SPACE',''
  ) );
#8151 = ORIENTED_EDGE('',*,*,#2386,.T.);
#8152 = ORIENTED_EDGE('',*,*,#7905,.T.);
#8153 = ADVANCED_FACE('',(#8154),#2321,.T.);
#8154 = FACE_BOUND('',#8155,.T.);
#8155 = EDGE_LOOP('',(#8156,#8344,#8365,#8366));
#8156 = ORIENTED_EDGE('',*,*,#8157,.F.);
#8157 = EDGE_CURVE('',#8158,#7932,#8160,.T.);
#8158 = VERTEX_POINT('',#8159);
#8159 = CARTESIAN_POINT('',(12.,-2.939152317954E-15,13.378143376274));
#8160 = SURFACE_CURVE('',#8161,(#8220,#8282),.PCURVE_S1.);
#8161 = B_SPLINE_CURVE_WITH_KNOTS('',8,(#8162,#8163,#8164,#8165,#8166,
    #8167,#8168,#8169,#8170,#8171,#8172,#8173,#8174,#8175,#8176,#8177,
    #8178,#8179,#8180,#8181,#8182,#8183,#8184,#8185,#8186,#8187,#8188,
    #8189,#8190,#8191,#8192,#8193,#8194,#8195,#8196,#8197,#8198,#8199,
    #8200,#8201,#8202,#8203,#8204,#8205,#8206,#8207,#8208,#8209,#8210,
    #8211,#8212,#8213,#8214,#8215,#8216,#8217,#8218,#8219),
  .UNSPECIFIED.,.F.,.F.,(9,7,7,7,7,7,7,7,9),(0.,9.82417663912E-02,
    0.24087582593,0.400111591297,0.546796473665,0.654177569433,
    0.77866271634,0.887241688377,1.),.UNSPECIFIED.);
#8162 = CARTESIAN_POINT('',(12.,-1.7763568394E-15,13.378143376274));
#8163 = CARTESIAN_POINT('',(12.,0.925657027914,13.439527487982));
#8164 = CARTESIAN_POINT('',(11.918325678576,1.851819181324,
    13.500937953238));
#8165 = CARTESIAN_POINT('',(11.755006862461,2.769596247356,
    13.562360462979));
#8166 = CARTESIAN_POINT('',(11.511074210745,3.670457450659,
    13.623784667043));
#8167 = CARTESIAN_POINT('',(11.188559214869,4.546231453399,
    13.685204174167));
#8168 = CARTESIAN_POINT('',(10.790494198627,5.389106355266,
    13.746616551992));
#8169 = CARTESIAN_POINT('',(10.32091231817,6.191629693469,13.80802332706
    ));
#8170 = CARTESIAN_POINT('',(9.006552391247,8.042982982952,
    13.958584335348));
#8171 = CARTESIAN_POINT('',(8.087203041484,9.040534470253,
    14.047812120588));
#8172 = CARTESIAN_POINT('',(7.042543514961,9.916467296218,
    14.136997279093));
#8173 = CARTESIAN_POINT('',(5.891612552093,10.653133448444,
    14.226136876027));
#8174 = CARTESIAN_POINT('',(4.655757090466,11.236515402977,
    14.315283748941));
#8175 = CARTESIAN_POINT('',(3.358234541467,11.655798175989,
    14.404486695357));
#8176 = CARTESIAN_POINT('',(2.024403884558,11.904130534677,
    14.493728202177));
#8177 = CARTESIAN_POINT('',(-0.81558123399,12.065917897031,
    14.682365578316));
#8178 = CARTESIAN_POINT('',(-2.328279255115,11.9372835889,
    14.782031878596));
#8179 = CARTESIAN_POINT('',(-3.816061837553,11.591384727877,
    14.881598411974));
#8180 = CARTESIAN_POINT('',(-5.243021355271,11.034770718094,
    14.98111766481));
#8181 = CARTESIAN_POINT('',(-6.57599746087,10.280093470387,
    15.080643417924));
#8182 = CARTESIAN_POINT('',(-7.784101335862,9.344990516341,
    15.180226528238));
#8183 = CARTESIAN_POINT('',(-8.839376498989,8.253269106413,
    15.279908355769));
#8184 = CARTESIAN_POINT('',(-10.52993895393,5.91866101708,
    15.471054185469));
#8185 = CARTESIAN_POINT('',(-11.1944003669,4.690885126844,
    15.562841541079));
#8186 = CARTESIAN_POINT('',(-11.69385467196,3.379201573398,
    15.654571861924));
#8187 = CARTESIAN_POINT('',(-12.01703377959,2.009943587446,
    15.746260516067));
#8188 = CARTESIAN_POINT('',(-12.15691814684,0.610211882871,
    15.837939794631));
#8189 = CARTESIAN_POINT('',(-12.11152065469,-0.792177127106,
    15.929645419095));
#8190 = CARTESIAN_POINT('',(-11.88299659755,-2.168908598062,
    16.021403365258));
#8191 = CARTESIAN_POINT('',(-11.18664190368,-4.458978906387,
    16.180136362804));
#8192 = CARTESIAN_POINT('',(-10.79892846593,-5.398846427836,
    16.24723142577));
#8193 = CARTESIAN_POINT('',(-10.3211926836,-6.299728095363,
    16.314333230893));
#8194 = CARTESIAN_POINT('',(-9.75804035544,-7.151537558974,
    16.38144015732));
#8195 = CARTESIAN_POINT('',(-9.115306598903,-7.945056285742,
    16.448548713948));
#8196 = CARTESIAN_POINT('',(-8.400055850183,-8.671933559814,
    16.515653539423));
#8197 = CARTESIAN_POINT('',(-7.620581864191,-9.324686482404,
    16.582747402139));
#8198 = CARTESIAN_POINT('',(-5.819363275136,-10.55982584837,
    16.727578756643));
#8199 = CARTESIAN_POINT('',(-4.777427328731,-11.11531382578,
    16.805360358218));
#8200 = CARTESIAN_POINT('',(-3.675776407277,-11.55299329091,
    16.883156132889));
#8201 = CARTESIAN_POINT('',(-2.530131907076,-11.86534951728,
    16.960957491471));
#8202 = CARTESIAN_POINT('',(-1.356760088801,-12.04752366504,
    17.038757127671));
#8203 = CARTESIAN_POINT('',(-0.172472077492,-12.09731278098,
    17.116549018093));
#8204 = CARTESIAN_POINT('',(1.005376137438,-12.01516979852,
    17.194328422235));
#8205 = CARTESIAN_POINT('',(3.165001048183,-11.62019363535,
    17.339919063365));
#8206 = CARTESIAN_POINT('',(4.15301920462,-11.33816552178,17.40773673524
    ));
#8207 = CARTESIAN_POINT('',(5.111846352955,-10.96034824537,
    17.47554021829));
#8208 = CARTESIAN_POINT('',(6.030804706494,-10.49021703756,
    17.543343246344));
#8209 = CARTESIAN_POINT('',(6.899742777228,-9.932583393933,
    17.611163366381));
#8210 = CARTESIAN_POINT('',(7.709147642661,-9.293685155259,
    17.679007338029));
#8211 = CARTESIAN_POINT('',(8.450257212631,-8.581276588545,
    17.746856533064));
#8212 = CARTESIAN_POINT('',(9.805681195333,-6.998269660327,
    17.885057681438));
#8213 = CARTESIAN_POINT('',(10.415172134489,-6.121384275717,
    17.955516698591));
#8214 = CARTESIAN_POINT('',(10.934614910409,-5.184199356861,
    18.02597268802));
#8215 = CARTESIAN_POINT('',(11.357175654818,-4.197726935308,
    18.096414732617));
#8216 = CARTESIAN_POINT('',(11.67772058843,-3.173617812675,
    18.166852366171));
#8217 = CARTESIAN_POINT('',(11.892641049949,-2.124046798593,
    18.237295043433));
#8218 = CARTESIAN_POINT('',(12.,-1.061719405464,18.307736410613));
#8219 = CARTESIAN_POINT('',(12.,-3.552713678801E-15,18.378143376285));
#8220 = PCURVE('',#2321,#8221);
#8221 = DEFINITIONAL_REPRESENTATION('',(#8222),#8281);
#8222 = B_SPLINE_CURVE_WITH_KNOTS('',8,(#8223,#8224,#8225,#8226,#8227,
    #8228,#8229,#8230,#8231,#8232,#8233,#8234,#8235,#8236,#8237,#8238,
    #8239,#8240,#8241,#8242,#8243,#8244,#8245,#8246,#8247,#8248,#8249,
    #8250,#8251,#8252,#8253,#8254,#8255,#8256,#8257,#8258,#8259,#8260,
    #8261,#8262,#8263,#8264,#8265,#8266,#8267,#8268,#8269,#8270,#8271,
    #8272,#8273,#8274,#8275,#8276,#8277,#8278,#8279,#8280),
  .UNSPECIFIED.,.F.,.F.,(9,7,7,7,7,7,7,7,9),(0.,9.82417663912E-02,
    0.24087582593,0.400111591297,0.546796473665,0.654177569433,
    0.77866271634,0.887241688377,1.),.UNSPECIFIED.);
#8223 = CARTESIAN_POINT('',(0.,13.378143376274));
#8224 = CARTESIAN_POINT('',(7.713808565949E-02,13.439527487982));
#8225 = CARTESIAN_POINT('',(0.154304846031,13.500937953238));
#8226 = CARTESIAN_POINT('',(0.231486235354,13.562360462979));
#8227 = CARTESIAN_POINT('',(0.308671759846,13.623784667043));
#8228 = CARTESIAN_POINT('',(0.385854477699,13.685204174167));
#8229 = CARTESIAN_POINT('',(0.463030999081,13.746616551992));
#8230 = CARTESIAN_POINT('',(0.540201486137,13.80802332706));
#8231 = CARTESIAN_POINT('',(0.729407631429,13.958584335348));
#8232 = CARTESIAN_POINT('',(0.841536604831,14.047812120588));
#8233 = CARTESIAN_POINT('',(0.953608852396,14.136997279093));
#8234 = CARTESIAN_POINT('',(1.065622264172,14.226136876027));
#8235 = CARTESIAN_POINT('',(1.177645246105,14.315283748941));
#8236 = CARTESIAN_POINT('',(1.289739972823,14.404486695357));
#8237 = CARTESIAN_POINT('',(1.401883988174,14.493728202177));
#8238 = CARTESIAN_POINT('',(1.638933130762,14.682365578316));
#8239 = CARTESIAN_POINT('',(1.764178181463,14.782031878596));
#8240 = CARTESIAN_POINT('',(1.889297729685,14.881598411974));
#8241 = CARTESIAN_POINT('',(2.014356637078,14.98111766481));
#8242 = CARTESIAN_POINT('',(2.139422952616,15.080643417924));
#8243 = CARTESIAN_POINT('',(2.264561800743,15.180226528238));
#8244 = CARTESIAN_POINT('',(2.389825649065,15.279908355769));
#8245 = CARTESIAN_POINT('',(2.630028057128,15.471054185469));
#8246 = CARTESIAN_POINT('',(2.745372839674,15.562841541079));
#8247 = CARTESIAN_POINT('',(2.860646528609,15.654571861924));
#8248 = CARTESIAN_POINT('',(2.975867923816,15.746260516067));
#8249 = CARTESIAN_POINT('',(3.091076612052,15.837939794631));
#8250 = CARTESIAN_POINT('',(3.206317081421,15.929645419095));
#8251 = CARTESIAN_POINT('',(3.321622296751,16.021403365258));
#8252 = CARTESIAN_POINT('',(3.521089153452,16.180136362804));
#8253 = CARTESIAN_POINT('',(3.605401749641,16.24723142577));
#8254 = CARTESIAN_POINT('',(3.689722864925,16.314333230893));
#8255 = CARTESIAN_POINT('',(3.774050725799,16.38144015732));
#8256 = CARTESIAN_POINT('',(3.858381108918,16.448548713948));
#8257 = CARTESIAN_POINT('',(3.942707341098,16.515653539423));
#8258 = CARTESIAN_POINT('',(4.027020299316,16.582747402139));
#8259 = CARTESIAN_POINT('',(4.20902223877,16.727578756643));
#8260 = CARTESIAN_POINT('',(4.306766855283,16.805360358218));
#8261 = CARTESIAN_POINT('',(4.404529282455,16.883156132889));
#8262 = CARTESIAN_POINT('',(4.502298349741,16.960957491471));
#8263 = CARTESIAN_POINT('',(4.600064693852,17.038757127671));
#8264 = CARTESIAN_POINT('',(4.697820758747,17.116549018093));
#8265 = CARTESIAN_POINT('',(4.795560795639,17.194328422235));
#8266 = CARTESIAN_POINT('',(4.978514681841,17.339919063365));
#8267 = CARTESIAN_POINT('',(5.063736543322,17.40773673524));
#8268 = CARTESIAN_POINT('',(5.148940976529,17.47554021829));
#8269 = CARTESIAN_POINT('',(5.234145299376,17.543343246344));
#8270 = CARTESIAN_POINT('',(5.319371366476,17.611163366381));
#8271 = CARTESIAN_POINT('',(5.404627317011,17.679007338029));
#8272 = CARTESIAN_POINT('',(5.489889322607,17.746856533064));
#8273 = CARTESIAN_POINT('',(5.66355657124,17.885057681438));
#8274 = CARTESIAN_POINT('',(5.752096234954,17.955516698591));
#8275 = CARTESIAN_POINT('',(5.840631563439,18.02597268802));
#8276 = CARTESIAN_POINT('',(5.929148167203,18.096414732617));
#8277 = CARTESIAN_POINT('',(6.017659913095,18.166852366171));
#8278 = CARTESIAN_POINT('',(6.106182494677,18.237295043433));
#8279 = CARTESIAN_POINT('',(6.194708690058,18.307736410613));
#8280 = CARTESIAN_POINT('',(6.28318530718,18.378143376285));
#8281 = ( GEOMETRIC_REPRESENTATION_CONTEXT(2) 
PARAMETRIC_REPRESENTATION_CONTEXT() REPRESENTATION_CONTEXT('2D SPACE',''
  ) );
#8282 = PCURVE('',#5021,#8283);
#8283 = DEFINITIONAL_REPRESENTATION('',(#8284),#8343);
#8284 = B_SPLINE_CURVE_WITH_KNOTS('',8,(#8285,#8286,#8287,#8288,#8289,
    #8290,#8291,#8292,#8293,#8294,#8295,#8296,#8297,#8298,#8299,#8300,
    #8301,#8302,#8303,#8304,#8305,#8306,#8307,#8308,#8309,#8310,#8311,
    #8312,#8313,#8314,#8315,#8316,#8317,#8318,#8319,#8320,#8321,#8322,
    #8323,#8324,#8325,#8326,#8327,#8328,#8329,#8330,#8331,#8332,#8333,
    #8334,#8335,#8336,#8337,#8338,#8339,#8340,#8341,#8342),
  .UNSPECIFIED.,.F.,.F.,(9,7,7,7,7,7,7,7,9),(0.,9.82417663912E-02,
    0.24087582593,0.400111591297,0.546796473665,0.654177569433,
    0.77866271634,0.887241688377,1.),.UNSPECIFIED.);
#8285 = CARTESIAN_POINT('',(1.035770917283,24.078132013545));
#8286 = CARTESIAN_POINT('',(1.035769192865,24.176713714492));
#8287 = CARTESIAN_POINT('',(1.0357801848,24.275332464387));
#8288 = CARTESIAN_POINT('',(1.035792631667,24.373969953927));
#8289 = CARTESIAN_POINT('',(1.035799370492,24.472612531875));
#8290 = CARTESIAN_POINT('',(1.035797336752,24.571251205057));
#8291 = CARTESIAN_POINT('',(1.035787564368,24.669881638364));
#8292 = CARTESIAN_POINT('',(1.035775185711,24.768504154753));
#8293 = CARTESIAN_POINT('',(1.035761077391,25.01030633092));
#8294 = CARTESIAN_POINT('',(1.035756640919,25.153605235602));
#8295 = CARTESIAN_POINT('',(1.035760302768,25.296832324331));
#8296 = CARTESIAN_POINT('',(1.035767005933,25.439984981218));
#8297 = CARTESIAN_POINT('',(1.035771388613,25.58315028551));
#8298 = CARTESIAN_POINT('',(1.0357720949,25.726407166879));
#8299 = CARTESIAN_POINT('',(1.035771463353,25.869726529921));
#8300 = CARTESIAN_POINT('',(1.035769622336,26.172673087957));
#8301 = CARTESIAN_POINT('',(1.035768431359,26.332734579043));
#8302 = CARTESIAN_POINT('',(1.035768893304,26.492635162028));
#8303 = CARTESIAN_POINT('',(1.035773271871,26.652458189526));
#8304 = CARTESIAN_POINT('',(1.035778998702,26.812291097086));
#8305 = CARTESIAN_POINT('',(1.035782057041,26.972217225277));
#8306 = CARTESIAN_POINT('',(1.035781610635,27.13230334384));
#8307 = CARTESIAN_POINT('',(1.035775666122,27.43928010265));
#8308 = CARTESIAN_POINT('',(1.035770559738,27.58668987606));
#8309 = CARTESIAN_POINT('',(1.035763876317,27.73400870747));
#8310 = CARTESIAN_POINT('',(1.035757552828,27.881260474163));
#8311 = CARTESIAN_POINT('',(1.035754575242,28.028495796271));
#8312 = CARTESIAN_POINT('',(1.035755637553,28.175771753556));
#8313 = CARTESIAN_POINT('',(1.035759473951,28.323130587336));
#8314 = CARTESIAN_POINT('',(1.035767998142,28.578047338912));
#8315 = CARTESIAN_POINT('',(1.035772340742,28.685798134768));
#8316 = CARTESIAN_POINT('',(1.035776401022,28.793559875411));
#8317 = CARTESIAN_POINT('',(1.035779468827,28.901330252333));
#8318 = CARTESIAN_POINT('',(1.035781146015,29.009103824058));
#8319 = CARTESIAN_POINT('',(1.035781346457,29.116872016138));
#8320 = CARTESIAN_POINT('',(1.035780296034,29.224623121157));
#8321 = CARTESIAN_POINT('',(1.035776488369,29.457219378335));
#8322 = CARTESIAN_POINT('',(1.035773339299,29.58213553196));
#8323 = CARTESIAN_POINT('',(1.03577050545,29.707074316401));
#8324 = CARTESIAN_POINT('',(1.035768841824,29.832021583087));
#8325 = CARTESIAN_POINT('',(1.0357686384,29.956965478072));
#8326 = CARTESIAN_POINT('',(1.035769620138,30.081896442037));
#8327 = CARTESIAN_POINT('',(1.035770946978,30.206807210291));
#8328 = CARTESIAN_POINT('',(1.035771446601,30.440621071895));
#8329 = CARTESIAN_POINT('',(1.035771210105,30.549534254475));
#8330 = CARTESIAN_POINT('',(1.03576935489,30.658425321595));
#8331 = CARTESIAN_POINT('',(1.035766087964,30.767316243505));
#8332 = CARTESIAN_POINT('',(1.035762485693,30.876234753694));
#8333 = CARTESIAN_POINT('',(1.0357600067,30.985191102958));
#8334 = CARTESIAN_POINT('',(1.035760004757,31.094154813479));
#8335 = CARTESIAN_POINT('',(1.035766603208,31.316098848702));
#8336 = CARTESIAN_POINT('',(1.035773529104,31.429250979582));
#8337 = CARTESIAN_POINT('',(1.035782579891,31.542397366743));
#8338 = CARTESIAN_POINT('',(1.035794412718,31.6555202051));
#8339 = CARTESIAN_POINT('',(1.035802433343,31.768637540547));
#8340 = CARTESIAN_POINT('',(1.035795530867,31.881769165308));
#8341 = CARTESIAN_POINT('',(1.03577289521,31.994905211365));
#8342 = CARTESIAN_POINT('',(1.035770917328,32.107977441968));
#8343 = ( GEOMETRIC_REPRESENTATION_CONTEXT(2) 
PARAMETRIC_REPRESENTATION_CONTEXT() REPRESENTATION_CONTEXT('2D SPACE',''
  ) );
#8344 = ORIENTED_EDGE('',*,*,#8345,.F.);
#8345 = EDGE_CURVE('',#2007,#8158,#8346,.T.);
#8346 = SURFACE_CURVE('',#8347,(#8351,#8358),.PCURVE_S1.);
#8347 = LINE('',#8348,#8349);
#8348 = CARTESIAN_POINT('',(12.,-2.939152317954E-15,0.));
#8349 = VECTOR('',#8350,1.);
#8350 = DIRECTION('',(0.,0.,1.));
#8351 = PCURVE('',#2321,#8352);
#8352 = DEFINITIONAL_REPRESENTATION('',(#8353),#8357);
#8353 = LINE('',#8354,#8355);
#8354 = CARTESIAN_POINT('',(0.,-0.));
#8355 = VECTOR('',#8356,1.);
#8356 = DIRECTION('',(0.,1.));
#8357 = ( GEOMETRIC_REPRESENTATION_CONTEXT(2) 
PARAMETRIC_REPRESENTATION_CONTEXT() REPRESENTATION_CONTEXT('2D SPACE',''
  ) );
#8358 = PCURVE('',#2132,#8359);
#8359 = DEFINITIONAL_REPRESENTATION('',(#8360),#8364);
#8360 = LINE('',#8361,#8362);
#8361 = CARTESIAN_POINT('',(6.28318530718,-0.));
#8362 = VECTOR('',#8363,1.);
#8363 = DIRECTION('',(0.,1.));
#8364 = ( GEOMETRIC_REPRESENTATION_CONTEXT(2) 
PARAMETRIC_REPRESENTATION_CONTEXT() REPRESENTATION_CONTEXT('2D SPACE',''
  ) );
#8365 = ORIENTED_EDGE('',*,*,#2199,.T.);
#8366 = ORIENTED_EDGE('',*,*,#8131,.T.);
#8367 = ADVANCED_FACE('',(#8368),#2132,.T.);
#8368 = FACE_BOUND('',#8369,.T.);
#8369 = EDGE_LOOP('',(#8370,#8537,#8558,#8559));
#8370 = ORIENTED_EDGE('',*,*,#8371,.F.);
#8371 = EDGE_CURVE('',#8372,#8158,#8374,.T.);
#8372 = VERTEX_POINT('',#8373);
#8373 = CARTESIAN_POINT('',(12.,-2.939152317954E-15,8.378143376277));
#8374 = SURFACE_CURVE('',#8375,(#8427,#8482),.PCURVE_S1.);
#8375 = B_SPLINE_CURVE_WITH_KNOTS('',8,(#8376,#8377,#8378,#8379,#8380,
    #8381,#8382,#8383,#8384,#8385,#8386,#8387,#8388,#8389,#8390,#8391,
    #8392,#8393,#8394,#8395,#8396,#8397,#8398,#8399,#8400,#8401,#8402,
    #8403,#8404,#8405,#8406,#8407,#8408,#8409,#8410,#8411,#8412,#8413,
    #8414,#8415,#8416,#8417,#8418,#8419,#8420,#8421,#8422,#8423,#8424,
    #8425,#8426),.UNSPECIFIED.,.F.,.F.,(9,7,7,7,7,7,7,9),(0.,
    0.104912442919,0.274630740123,0.40992985418,0.561471004628,
    0.665331052299,0.826099623596,1.),.UNSPECIFIED.);
#8376 = CARTESIAN_POINT('',(12.,-5.329070518201E-15,8.378143376277));
#8377 = CARTESIAN_POINT('',(12.,0.988374884891,8.443686566154));
#8378 = CARTESIAN_POINT('',(11.906885644537,1.977136832812,
    8.509244562931));
#8379 = CARTESIAN_POINT('',(11.720748311986,2.955535381679,
    8.574807886557));
#8380 = CARTESIAN_POINT('',(11.442953304721,3.913281877223,
    8.640369959912));
#8381 = CARTESIAN_POINT('',(11.076139849111,4.840549472989,
    8.705927108816));
#8382 = CARTESIAN_POINT('',(10.624221095522,5.727973130334,
    8.771478562024));
#8383 = CARTESIAN_POINT('',(10.092384118316,6.566649618429,
    8.837026451224));
#8384 = CARTESIAN_POINT('',(8.507897186269,8.612361197133,9.008615909069
    ));
#8385 = CARTESIAN_POINT('',(7.33402897414,9.730156536908,9.114886877962)
  );
#8386 = CARTESIAN_POINT('',(5.994096153089,10.662009209517,
    9.221023723595));
#8387 = CARTESIAN_POINT('',(4.523426408272,11.380853180519,
    9.327090906456));
#8388 = CARTESIAN_POINT('',(2.960599755408,11.867673593375,
    9.433153073546));
#8389 = CARTESIAN_POINT('',(1.346710981663,12.109883763795,
    9.539278086582));
#8390 = CARTESIAN_POINT('',(-0.27405348934,12.102973171801,
    9.645538936484));
#8391 = CARTESIAN_POINT('',(-3.113416877408,11.658975674633,
    9.83611777886));
#8392 = CARTESIAN_POINT('',(-4.350102286922,11.308933942269,
    9.920729739246));
#8393 = CARTESIAN_POINT('',(-5.540595524041,10.80902149979,
    10.005304485281));
#8394 = CARTESIAN_POINT('',(-6.663913778677,10.166830048896,
    10.089854325078));
#8395 = CARTESIAN_POINT('',(-7.700954157546,9.392998988942,
    10.174404289838));
#8396 = CARTESIAN_POINT('',(-8.634296373102,8.500814753207,
    10.258977149567));
#8397 = CARTESIAN_POINT('',(-9.448551290498,7.506587717684,
    10.343578669734));
#8398 = CARTESIAN_POINT('',(-10.89635664155,5.225581157115,
    10.522738511084));
#8399 = CARTESIAN_POINT('',(-11.49859300995,3.914647885454,
    10.61752981473));
#8400 = CARTESIAN_POINT('',(-11.91915153341,2.526162228576,
    10.71227060412));
#8401 = CARTESIAN_POINT('',(-12.14742792268,1.08974417444,
    10.806940790772));
#8402 = CARTESIAN_POINT('',(-12.17841836607,-0.364276811163,
    10.901606579735));
#8403 = CARTESIAN_POINT('',(-12.01175445674,-1.805248034033,
    10.996337495357));
#8404 = CARTESIAN_POINT('',(-11.65258957043,-3.2023533355,
    11.091123576725));
#8405 = CARTESIAN_POINT('',(-10.74544039517,-5.43072288653,
    11.250675080456));
#8406 = CARTESIAN_POINT('',(-10.29192489474,-6.302835527034,
    11.315566614834));
#8407 = CARTESIAN_POINT('',(-9.757754766993,-7.131278042911,
    11.380464002815));
#8408 = CARTESIAN_POINT('',(-9.147891779537,-7.90730365455,
    11.445363656336));
#8409 = CARTESIAN_POINT('',(-8.468294892932,-8.623025052229,
    11.510261742347));
#8410 = CARTESIAN_POINT('',(-7.72592026065,-9.271414396117,
    11.575154182816));
#8411 = CARTESIAN_POINT('',(-6.928721229084,-9.846303316271,
    11.640036654726));
#8412 = CARTESIAN_POINT('',(-4.780626557656,-11.11028173173,
    11.805315917849));
#8413 = CARTESIAN_POINT('',(-3.362635384722,-11.6912669464,
    11.905897941515));
#8414 = CARTESIAN_POINT('',(-1.866351585963,-12.06362780524,
    12.006373703137));
#8415 = CARTESIAN_POINT('',(-0.327836916298,-12.21658883971,
    12.106791358291));
#8416 = CARTESIAN_POINT('',(1.216625077046,-12.14634171327,
    12.207207993969));
#8417 = CARTESIAN_POINT('',(2.730598281335,-11.8547771517,
    12.307678258109));
#8418 = CARTESIAN_POINT('',(4.177524307978,-11.35079999394,
    12.408247783613));
#8419 = CARTESIAN_POINT('',(6.975813249377,-9.900514216928,
    12.617256104824));
#8420 = CARTESIAN_POINT('',(8.315553843786,-8.918439566524,
    12.726101328382));
#8421 = CARTESIAN_POINT('',(9.493202780041,-7.730474726759,
    12.83477556061));
#8422 = CARTESIAN_POINT('',(10.474789364194,-6.369333893316,
    12.943388686599));
#8423 = CARTESIAN_POINT('',(11.231749077409,-4.871480300585,
    13.052010680418));
#8424 = CARTESIAN_POINT('',(11.744682936632,-3.278898876744,
    13.160719596081));
#8425 = CARTESIAN_POINT('',(12.,-1.637314038843,13.269566371154));
#8426 = CARTESIAN_POINT('',(12.,-1.7763568394E-15,13.378143376274));
#8427 = PCURVE('',#2132,#8428);
#8428 = DEFINITIONAL_REPRESENTATION('',(#8429),#8481);
#8429 = B_SPLINE_CURVE_WITH_KNOTS('',8,(#8430,#8431,#8432,#8433,#8434,
    #8435,#8436,#8437,#8438,#8439,#8440,#8441,#8442,#8443,#8444,#8445,
    #8446,#8447,#8448,#8449,#8450,#8451,#8452,#8453,#8454,#8455,#8456,
    #8457,#8458,#8459,#8460,#8461,#8462,#8463,#8464,#8465,#8466,#8467,
    #8468,#8469,#8470,#8471,#8472,#8473,#8474,#8475,#8476,#8477,#8478,
    #8479,#8480),.UNSPECIFIED.,.F.,.F.,(9,7,7,7,7,7,7,9),(0.,
    0.104912442919,0.274630740123,0.40992985418,0.561471004628,
    0.665331052299,0.826099623596,1.),.UNSPECIFIED.);
#8430 = CARTESIAN_POINT('',(0.,8.378143376277));
#8431 = CARTESIAN_POINT('',(8.236457374094E-02,8.443686566154));
#8432 = CARTESIAN_POINT('',(0.164743098348,8.509244562931));
#8433 = CARTESIAN_POINT('',(0.247127906935,8.574807886557));
#8434 = CARTESIAN_POINT('',(0.329513406932,8.640369959912));
#8435 = CARTESIAN_POINT('',(0.41189608008,8.705927108816));
#8436 = CARTESIAN_POINT('',(0.494274482435,8.771478562024));
#8437 = CARTESIAN_POINT('',(0.576649244369,8.837026451224));
#8438 = CARTESIAN_POINT('',(0.792280338503,9.008615909069));
#8439 = CARTESIAN_POINT('',(0.925825409318,9.114886877962));
#8440 = CARTESIAN_POINT('',(1.059197359195,9.221023723595));
#8441 = CARTESIAN_POINT('',(1.19248167888,9.327090906456));
#8442 = CARTESIAN_POINT('',(1.325762219075,9.433153073546));
#8443 = CARTESIAN_POINT('',(1.459123517747,9.539278086582));
#8444 = CARTESIAN_POINT('',(1.592655476526,9.645538936484));
#8445 = CARTESIAN_POINT('',(1.832144490235,9.83611777886));
#8446 = CARTESIAN_POINT('',(1.938471042948,9.920729739246));
#8447 = CARTESIAN_POINT('',(2.044750326389,10.005304485281));
#8448 = CARTESIAN_POINT('',(2.150997811969,10.089854325078));
#8449 = CARTESIAN_POINT('',(2.257245507355,10.174404289838));
#8450 = CARTESIAN_POINT('',(2.363522603613,10.258977149567));
#8451 = CARTESIAN_POINT('',(2.469836418984,10.343578669734));
#8452 = CARTESIAN_POINT('',(2.694977289452,10.522738511084));
#8453 = CARTESIAN_POINT('',(2.814097225686,10.61752981473));
#8454 = CARTESIAN_POINT('',(2.93315418101,10.71227060412));
#8455 = CARTESIAN_POINT('',(3.05212193795,10.806940790772));
#8456 = CARTESIAN_POINT('',(3.171082888046,10.901606579735));
#8457 = CARTESIAN_POINT('',(3.290124272356,10.996337495357));
#8458 = CARTESIAN_POINT('',(3.409234132205,11.091123576725));
#8459 = CARTESIAN_POINT('',(3.609729187598,11.250675080456));
#8460 = CARTESIAN_POINT('',(3.691272868711,11.315566614834));
#8461 = CARTESIAN_POINT('',(3.772824121205,11.380464002815));
#8462 = CARTESIAN_POINT('',(3.854378640911,11.445363656336));
#8463 = CARTESIAN_POINT('',(3.935931711815,11.510261742347));
#8464 = CARTESIAN_POINT('',(4.017478206062,11.575154182816));
#8465 = CARTESIAN_POINT('',(4.099012583951,11.640036654726));
#8466 = CARTESIAN_POINT('',(4.306710818447,11.805315917849));
#8467 = CARTESIAN_POINT('',(4.433107696317,11.905897941515));
#8468 = CARTESIAN_POINT('',(4.559370921825,12.006373703137));
#8469 = CARTESIAN_POINT('',(4.685559657854,12.106791358291));
#8470 = CARTESIAN_POINT('',(4.811745768927,12.207207993969));
#8471 = CARTESIAN_POINT('',(4.937999306315,12.307678258109));
#8472 = CARTESIAN_POINT('',(5.064378748384,12.408247783613));
#8473 = CARTESIAN_POINT('',(5.327027513565,12.617256104824));
#8474 = CARTESIAN_POINT('',(5.463807703944,12.726101328382));
#8475 = CARTESIAN_POINT('',(5.60037294282,12.83477556061));
#8476 = CARTESIAN_POINT('',(5.736859306789,12.943388686599));
#8477 = CARTESIAN_POINT('',(5.873350976131,13.052010680418));
#8478 = CARTESIAN_POINT('',(6.009945139431,13.160719596081));
#8479 = CARTESIAN_POINT('',(6.146742470609,13.269566371154));
#8480 = CARTESIAN_POINT('',(6.28318530718,13.378143376274));
#8481 = ( GEOMETRIC_REPRESENTATION_CONTEXT(2) 
PARAMETRIC_REPRESENTATION_CONTEXT() REPRESENTATION_CONTEXT('2D SPACE',''
  ) );
#8482 = PCURVE('',#5021,#8483);
#8483 = DEFINITIONAL_REPRESENTATION('',(#8484),#8536);
#8484 = B_SPLINE_CURVE_WITH_KNOTS('',8,(#8485,#8486,#8487,#8488,#8489,
    #8490,#8491,#8492,#8493,#8494,#8495,#8496,#8497,#8498,#8499,#8500,
    #8501,#8502,#8503,#8504,#8505,#8506,#8507,#8508,#8509,#8510,#8511,
    #8512,#8513,#8514,#8515,#8516,#8517,#8518,#8519,#8520,#8521,#8522,
    #8523,#8524,#8525,#8526,#8527,#8528,#8529,#8530,#8531,#8532,#8533,
    #8534,#8535),.UNSPECIFIED.,.F.,.F.,(9,7,7,7,7,7,7,9),(0.,
    0.104912442919,0.274630740123,0.40992985418,0.561471004628,
    0.665331052299,0.826099623596,1.),.UNSPECIFIED.);
#8485 = CARTESIAN_POINT('',(1.035770917297,16.048286585123));
#8486 = CARTESIAN_POINT('',(1.035769076035,16.153547685495));
#8487 = CARTESIAN_POINT('',(1.035780477348,16.258827073007));
#8488 = CARTESIAN_POINT('',(1.035793084029,16.364114515352));
#8489 = CARTESIAN_POINT('',(1.035799340172,16.469402583653));
#8490 = CARTESIAN_POINT('',(1.035796171172,16.574686652463));
#8491 = CARTESIAN_POINT('',(1.035784983726,16.679964899766));
#8492 = CARTESIAN_POINT('',(1.035771665832,16.785238306976));
#8493 = CARTESIAN_POINT('',(1.035758370357,17.060811185929));
#8494 = CARTESIAN_POINT('',(1.035756708877,17.231479765766));
#8495 = CARTESIAN_POINT('',(1.03576645061,17.401928218377));
#8496 = CARTESIAN_POINT('',(1.035773808611,17.572265783368));
#8497 = CARTESIAN_POINT('',(1.035773744695,17.742598371383));
#8498 = CARTESIAN_POINT('',(1.035770772152,17.913033094382));
#8499 = CARTESIAN_POINT('',(1.035769297256,18.083685346048));
#8500 = CARTESIAN_POINT('',(1.035769876628,18.389748834998));
#8501 = CARTESIAN_POINT('',(1.035771332374,18.525632423894));
#8502 = CARTESIAN_POINT('',(1.035774434077,18.661455565043));
#8503 = CARTESIAN_POINT('',(1.03577852724,18.797238296339));
#8504 = CARTESIAN_POINT('',(1.035781639703,18.933021635063));
#8505 = CARTESIAN_POINT('',(1.0357821664,19.068842814831));
#8506 = CARTESIAN_POINT('',(1.035780260598,19.204711031242));
#8507 = CARTESIAN_POINT('',(1.035772791182,19.492439295745));
#8508 = CARTESIAN_POINT('',(1.03576687475,19.6446736528));
#8509 = CARTESIAN_POINT('',(1.035759859284,19.796827341339));
#8510 = CARTESIAN_POINT('',(1.035754868019,19.948866804537));
#8511 = CARTESIAN_POINT('',(1.035754125002,20.100897443246));
#8512 = CARTESIAN_POINT('',(1.03575753763,20.253030949825));
#8513 = CARTESIAN_POINT('',(1.03576301298,20.405252195384));
#8514 = CARTESIAN_POINT('',(1.035772273858,20.661483137053));
#8515 = CARTESIAN_POINT('',(1.035776121092,20.765695339567));
#8516 = CARTESIAN_POINT('',(1.035779248357,20.869917241391));
#8517 = CARTESIAN_POINT('',(1.035781152677,20.974143288811));
#8518 = CARTESIAN_POINT('',(1.035781629334,21.078367410974));
#8519 = CARTESIAN_POINT('',(1.035780771857,21.182583019895));
#8520 = CARTESIAN_POINT('',(1.035778972033,21.286783010453));
#8521 = CARTESIAN_POINT('',(1.035773743326,21.552218566111));
#8522 = CARTESIAN_POINT('',(1.035769918569,21.71375177299));
#8523 = CARTESIAN_POINT('',(1.035766982918,21.875113957561));
#8524 = CARTESIAN_POINT('',(1.035768307719,22.036381057942));
#8525 = CARTESIAN_POINT('',(1.035772025702,22.197645528516));
#8526 = CARTESIAN_POINT('',(1.035773494332,22.358997057649));
#8527 = CARTESIAN_POINT('',(1.03577085319,22.520509701969));
#8528 = CARTESIAN_POINT('',(1.035763318051,22.856173729641));
#8529 = CARTESIAN_POINT('',(1.035758047239,23.030977979843));
#8530 = CARTESIAN_POINT('',(1.035755606289,23.205506449573));
#8531 = CARTESIAN_POINT('',(1.035761411901,23.37993336438));
#8532 = CARTESIAN_POINT('',(1.035790116405,23.554365023432));
#8533 = CARTESIAN_POINT('',(1.035827090726,23.728932846439));
#8534 = CARTESIAN_POINT('',(1.035773967455,23.903759434863));
#8535 = CARTESIAN_POINT('',(1.035770917283,24.078132013545));
#8536 = ( GEOMETRIC_REPRESENTATION_CONTEXT(2) 
PARAMETRIC_REPRESENTATION_CONTEXT() REPRESENTATION_CONTEXT('2D SPACE',''
  ) );
#8537 = ORIENTED_EDGE('',*,*,#8538,.F.);
#8538 = EDGE_CURVE('',#1814,#8372,#8539,.T.);
#8539 = SURFACE_CURVE('',#8540,(#8544,#8551),.PCURVE_S1.);
#8540 = LINE('',#8541,#8542);
#8541 = CARTESIAN_POINT('',(12.,-2.939152317954E-15,0.));
#8542 = VECTOR('',#8543,1.);
#8543 = DIRECTION('',(0.,0.,1.));
#8544 = PCURVE('',#2132,#8545);
#8545 = DEFINITIONAL_REPRESENTATION('',(#8546),#8550);
#8546 = LINE('',#8547,#8548);
#8547 = CARTESIAN_POINT('',(0.,-0.));
#8548 = VECTOR('',#8549,1.);
#8549 = DIRECTION('',(0.,1.));
#8550 = ( GEOMETRIC_REPRESENTATION_CONTEXT(2) 
PARAMETRIC_REPRESENTATION_CONTEXT() REPRESENTATION_CONTEXT('2D SPACE',''
  ) );
#8551 = PCURVE('',#1939,#8552);
#8552 = DEFINITIONAL_REPRESENTATION('',(#8553),#8557);
#8553 = LINE('',#8554,#8555);
#8554 = CARTESIAN_POINT('',(6.28318530718,-0.));
#8555 = VECTOR('',#8556,1.);
#8556 = DIRECTION('',(0.,1.));
#8557 = ( GEOMETRIC_REPRESENTATION_CONTEXT(2) 
PARAMETRIC_REPRESENTATION_CONTEXT() REPRESENTATION_CONTEXT('2D SPACE',''
  ) );
#8558 = ORIENTED_EDGE('',*,*,#2006,.T.);
#8559 = ORIENTED_EDGE('',*,*,#8345,.T.);
#8560 = ADVANCED_FACE('',(#8561),#1939,.T.);
#8561 = FACE_BOUND('',#8562,.T.);
#8562 = EDGE_LOOP('',(#8563,#8727,#8748,#8749));
#8563 = ORIENTED_EDGE('',*,*,#8564,.F.);
#8564 = EDGE_CURVE('',#8565,#8372,#8567,.T.);
#8565 = VERTEX_POINT('',#8566);
#8566 = CARTESIAN_POINT('',(12.,-2.939152317954E-15,3.378143376277));
#8567 = SURFACE_CURVE('',#8568,(#8619,#8673),.PCURVE_S1.);
#8568 = B_SPLINE_CURVE_WITH_KNOTS('',7,(#8569,#8570,#8571,#8572,#8573,
    #8574,#8575,#8576,#8577,#8578,#8579,#8580,#8581,#8582,#8583,#8584,
    #8585,#8586,#8587,#8588,#8589,#8590,#8591,#8592,#8593,#8594,#8595,
    #8596,#8597,#8598,#8599,#8600,#8601,#8602,#8603,#8604,#8605,#8606,
    #8607,#8608,#8609,#8610,#8611,#8612,#8613,#8614,#8615,#8616,#8617,
    #8618),.UNSPECIFIED.,.F.,.F.,(8,6,6,6,6,6,6,6,8),(0.,
    9.682068494476E-02,0.253090640712,0.408862784644,0.50312142692,
    0.657863180456,0.806909910346,0.906349410368,1.),.UNSPECIFIED.);
#8569 = CARTESIAN_POINT('',(12.,-8.881784197001E-15,3.378143376277));
#8570 = CARTESIAN_POINT('',(12.,1.04265983744,3.447286423866));
#8571 = CARTESIAN_POINT('',(11.894240693771,2.085717440066,
    3.516447418823));
#8572 = CARTESIAN_POINT('',(11.6827977868,3.115715055402,3.585613279787)
  );
#8573 = CARTESIAN_POINT('',(11.367621963635,4.119820657921,
    3.654775581528));
#8574 = CARTESIAN_POINT('',(10.952538887884,5.085827949053,
    3.723930554953));
#8575 = CARTESIAN_POINT('',(10.44324920222,6.002156357178,3.793079087101
    ));
#8576 = CARTESIAN_POINT('',(8.885504126943,8.238954362199,3.973831981118
    ));
#8577 = CARTESIAN_POINT('',(7.696235227777,9.464721519933,4.085605848721
    ));
#8578 = CARTESIAN_POINT('',(6.312366999052,10.485776217933,4.19720262729
    ));
#8579 = CARTESIAN_POINT('',(4.776943360728,11.268523142637,
    4.308796566558));
#8580 = CARTESIAN_POINT('',(3.137339653884,11.788703488759,
    4.420410047067));
#8581 = CARTESIAN_POINT('',(1.446231439884,12.030800973456,
    4.532217590587));
#8582 = CARTESIAN_POINT('',(-1.913322072854,11.964653910276,
    4.755047382699));
#8583 = CARTESIAN_POINT('',(-3.587754177115,11.658042770857,
    4.866465403601));
#8584 = CARTESIAN_POINT('',(-5.200633464462,11.077629952673,
    4.977708201747));
#8585 = CARTESIAN_POINT('',(-6.700572768776,10.240326606423,
    5.088952730512));
#8586 = CARTESIAN_POINT('',(-8.041341220328,9.171772004308,
    5.200215053425));
#8587 = CARTESIAN_POINT('',(-9.181064822123,7.906970393626,
    5.311653878513));
#8588 = CARTESIAN_POINT('',(-10.63839730948,5.643950184015,
    5.490149161914));
#8589 = CARTESIAN_POINT('',(-11.10378834718,4.736269940376,
    5.557453075724));
#8590 = CARTESIAN_POINT('',(-11.4785113221,3.784483671501,5.624762816253
    ));
#8591 = CARTESIAN_POINT('',(-11.75762248313,2.799490227791,
    5.692072986505));
#8592 = CARTESIAN_POINT('',(-11.93789635756,1.792644882473,
    5.759380273817));
#8593 = CARTESIAN_POINT('',(-12.01782575105,0.775759331598,
    5.826683449847));
#8594 = CARTESIAN_POINT('',(-11.96445340528,-1.904633121175,
    6.004467751605));
#8595 = CARTESIAN_POINT('',(-11.66136833657,-3.567902368376,
    6.115136498022));
#8596 = CARTESIAN_POINT('',(-11.08814478011,-5.170641087779,
    6.225672786287));
#8597 = CARTESIAN_POINT('',(-10.26115584368,-6.662702064845,
    6.336128396977));
#8598 = CARTESIAN_POINT('',(-9.205716331034,-7.998312044219,
    6.446671777777));
#8599 = CARTESIAN_POINT('',(-7.955761665333,-9.136806509085,
    6.557343480023));
#8600 = CARTESIAN_POINT('',(-5.217293325721,-10.92495765623,
    6.774228583217));
#8601 = CARTESIAN_POINT('',(-3.734783476542,-11.59397599883,
    6.880792808197));
#8602 = CARTESIAN_POINT('',(-2.15594695381,-12.02554894942,
    6.987239030157));
#8603 = CARTESIAN_POINT('',(-0.525836373736,-12.20594092447,
    7.093615466949));
#8604 = CARTESIAN_POINT('',(1.109153878046,-12.13004707084,
    7.200064537681));
#8605 = CARTESIAN_POINT('',(2.701893396937,-11.80144254954,
    7.306618468127));
#8606 = CARTESIAN_POINT('',(5.20721738976,-10.86419518571,7.484003123279
    ));
#8607 = CARTESIAN_POINT('',(6.171375161224,-10.38446532508,7.55501773053
    ));
#8608 = CARTESIAN_POINT('',(7.083308362345,-9.805271647309,
    7.626044781635));
#8609 = CARTESIAN_POINT('',(7.930661674189,-9.133539667442,
    7.697071566124));
#8610 = CARTESIAN_POINT('',(8.702523416791,-8.377923080243,
    7.768088834889));
#8611 = CARTESIAN_POINT('',(9.389425549151,-7.548803760204,
    7.839090800186));
#8612 = CARTESIAN_POINT('',(10.542686607684,-5.819621276165,
    7.97692708951));
#8613 = CARTESIAN_POINT('',(11.020077199161,-4.925554964733,
    8.043810454912));
#8614 = CARTESIAN_POINT('',(11.40872750641,-3.986466097706,8.11069806393
    ));
#8615 = CARTESIAN_POINT('',(11.703559102232,-3.013089360318,
    8.177574057179));
#8616 = CARTESIAN_POINT('',(11.901203069483,-2.016520852582,
    8.244433883795));
#8617 = CARTESIAN_POINT('',(12.000000001081,-1.008218089287,
    8.311284301435));
#8618 = CARTESIAN_POINT('',(12.,-7.105427357601E-15,8.378143376277));
#8619 = PCURVE('',#1939,#8620);
#8620 = DEFINITIONAL_REPRESENTATION('',(#8621),#8672);
#8621 = B_SPLINE_CURVE_WITH_KNOTS('',7,(#8622,#8623,#8624,#8625,#8626,
    #8627,#8628,#8629,#8630,#8631,#8632,#8633,#8634,#8635,#8636,#8637,
    #8638,#8639,#8640,#8641,#8642,#8643,#8644,#8645,#8646,#8647,#8648,
    #8649,#8650,#8651,#8652,#8653,#8654,#8655,#8656,#8657,#8658,#8659,
    #8660,#8661,#8662,#8663,#8664,#8665,#8666,#8667,#8668,#8669,#8670,
    #8671),.UNSPECIFIED.,.F.,.F.,(8,6,6,6,6,6,6,6,8),(0.,
    9.682068494476E-02,0.253090640712,0.408862784644,0.50312142692,
    0.657863180456,0.806909910346,0.906349410368,1.),.UNSPECIFIED.);
#8622 = CARTESIAN_POINT('',(0.,3.378143376277));
#8623 = CARTESIAN_POINT('',(8.688831978669E-02,3.447286423866));
#8624 = CARTESIAN_POINT('',(0.173793363782,3.516447418823));
#8625 = CARTESIAN_POINT('',(0.260704845485,3.585613279787));
#8626 = CARTESIAN_POINT('',(0.347615566216,3.654775581528));
#8627 = CARTESIAN_POINT('',(0.434521415117,3.723930554953));
#8628 = CARTESIAN_POINT('',(0.521421369153,3.793079087101));
#8629 = CARTESIAN_POINT('',(0.748569066985,3.973831981118));
#8630 = CARTESIAN_POINT('',(0.889030601217,4.085605848721));
#8631 = CARTESIAN_POINT('',(1.02926358033,4.19720262729));
#8632 = CARTESIAN_POINT('',(1.169492520602,4.308796566558));
#8633 = CARTESIAN_POINT('',(1.309749455058,4.420410047067));
#8634 = CARTESIAN_POINT('',(1.450251138077,4.532217590587));
#8635 = CARTESIAN_POINT('',(1.730268191612,4.755047382699));
#8636 = CARTESIAN_POINT('',(1.870280842249,4.866465403601));
#8637 = CARTESIAN_POINT('',(2.010072524394,4.977708201747));
#8638 = CARTESIAN_POINT('',(2.149864570149,5.088952730512));
#8639 = CARTESIAN_POINT('',(2.289679819225,5.200215053425));
#8640 = CARTESIAN_POINT('',(2.429718229725,5.311653878513));
#8641 = CARTESIAN_POINT('',(2.654023924652,5.490149161914));
#8642 = CARTESIAN_POINT('',(2.738601639583,5.557453075724));
#8643 = CARTESIAN_POINT('',(2.823186843471,5.624762816253));
#8644 = CARTESIAN_POINT('',(2.907772537469,5.692072986505));
#8645 = CARTESIAN_POINT('',(2.992354362023,5.759380273817));
#8646 = CARTESIAN_POINT('',(3.07693059687,5.826683449847));
#8647 = CARTESIAN_POINT('',(3.300340911777,6.004467751605));
#8648 = CARTESIAN_POINT('',(3.439409992341,6.115136498022));
#8649 = CARTESIAN_POINT('',(3.578310843049,6.225672786287));
#8650 = CARTESIAN_POINT('',(3.717110318871,6.336128396977));
#8651 = CARTESIAN_POINT('',(3.856021757885,6.446671777778));
#8652 = CARTESIAN_POINT('',(3.99509641617,6.557343480023));
#8653 = CARTESIAN_POINT('',(4.26764474741,6.774228583217));
#8654 = CARTESIAN_POINT('',(4.401559254188,6.880792808197));
#8655 = CARTESIAN_POINT('',(4.535325534984,6.987239030157));
#8656 = CARTESIAN_POINT('',(4.6690023329,7.093615466949));
#8657 = CARTESIAN_POINT('',(4.802768888875,7.200064537681));
#8658 = CARTESIAN_POINT('',(4.936667817348,7.306618468127));
#8659 = CARTESIAN_POINT('',(5.159576009243,7.484003123279));
#8660 = CARTESIAN_POINT('',(5.248816169719,7.55501773053));
#8661 = CARTESIAN_POINT('',(5.338072151386,7.626044781635));
#8662 = CARTESIAN_POINT('',(5.427327635924,7.697071566124));
#8663 = CARTESIAN_POINT('',(5.516570674087,7.768088834889));
#8664 = CARTESIAN_POINT('',(5.605793685699,7.839090800186));
#8665 = CARTESIAN_POINT('',(5.77900043299,7.97692708951));
#8666 = CARTESIAN_POINT('',(5.863044481195,8.043810454912));
#8667 = CARTESIAN_POINT('',(5.947095221035,8.11069806393));
#8668 = CARTESIAN_POINT('',(6.03113449428,8.177574057179));
#8669 = CARTESIAN_POINT('',(6.1151563677,8.244433883795));
#8670 = CARTESIAN_POINT('',(6.199167133072,8.311284301435));
#8671 = CARTESIAN_POINT('',(6.28318530718,8.378143376277));
#8672 = ( GEOMETRIC_REPRESENTATION_CONTEXT(2) 
PARAMETRIC_REPRESENTATION_CONTEXT() REPRESENTATION_CONTEXT('2D SPACE',''
  ) );
#8673 = PCURVE('',#5021,#8674);
#8674 = DEFINITIONAL_REPRESENTATION('',(#8675),#8726);
#8675 = B_SPLINE_CURVE_WITH_KNOTS('',7,(#8676,#8677,#8678,#8679,#8680,
    #8681,#8682,#8683,#8684,#8685,#8686,#8687,#8688,#8689,#8690,#8691,
    #8692,#8693,#8694,#8695,#8696,#8697,#8698,#8699,#8700,#8701,#8702,
    #8703,#8704,#8705,#8706,#8707,#8708,#8709,#8710,#8711,#8712,#8713,
    #8714,#8715,#8716,#8717,#8718,#8719,#8720,#8721,#8722,#8723,#8724,
    #8725),.UNSPECIFIED.,.F.,.F.,(8,6,6,6,6,6,6,6,8),(0.,
    9.682068494476E-02,0.253090640712,0.408862784644,0.50312142692,
    0.657863180456,0.806909910346,0.906349410368,1.),.UNSPECIFIED.);
#8676 = CARTESIAN_POINT('',(1.035770917295,8.0184411567));
#8677 = CARTESIAN_POINT('',(1.035768974902,8.129483559215));
#8678 = CARTESIAN_POINT('',(1.03578373587,8.240547857022));
#8679 = CARTESIAN_POINT('',(1.035797569104,8.351620354257));
#8680 = CARTESIAN_POINT('',(1.035800818224,8.462691525192));
#8681 = CARTESIAN_POINT('',(1.035791801571,8.57375601424));
#8682 = CARTESIAN_POINT('',(1.035776812198,8.684812635949));
#8683 = CARTESIAN_POINT('',(1.035759313151,8.975103453521));
#8684 = CARTESIAN_POINT('',(1.035754355451,9.154610885656));
#8685 = CARTESIAN_POINT('',(1.035765161509,9.333827380348));
#8686 = CARTESIAN_POINT('',(1.035773284598,9.513040427956));
#8687 = CARTESIAN_POINT('',(1.035772605562,9.692288508827));
#8688 = CARTESIAN_POINT('',(1.03577097175,9.87184864488));
#8689 = CARTESIAN_POINT('',(1.035769050071,10.229707199387));
#8690 = CARTESIAN_POINT('',(1.035768900704,10.408641158493));
#8691 = CARTESIAN_POINT('',(1.035772171638,10.587292296718));
#8692 = CARTESIAN_POINT('',(1.035779828918,10.765944395052));
#8693 = CARTESIAN_POINT('',(1.035783063331,10.944626904596));
#8694 = CARTESIAN_POINT('',(1.035781472411,11.123594872458));
#8695 = CARTESIAN_POINT('',(1.035774217615,11.410255788427));
#8696 = CARTESIAN_POINT('',(1.035770224856,11.518345449328));
#8697 = CARTESIAN_POINT('',(1.035765860688,11.626444621795));
#8698 = CARTESIAN_POINT('',(1.035761869672,11.734544329625));
#8699 = CARTESIAN_POINT('',(1.035758854544,11.842639002796));
#8700 = CARTESIAN_POINT('',(1.035757276219,11.950726477471));
#8701 = CARTESIAN_POINT('',(1.035757745306,12.236242375462));
#8702 = CARTESIAN_POINT('',(1.035762177816,12.413971122601));
#8703 = CARTESIAN_POINT('',(1.035771494765,12.591485120248));
#8704 = CARTESIAN_POINT('',(1.035779831883,12.768869958583));
#8705 = CARTESIAN_POINT('',(1.035782905166,12.946397936149));
#8706 = CARTESIAN_POINT('',(1.035781182572,13.124133983052));
#8707 = CARTESIAN_POINT('',(1.035775011997,13.472447313138));
#8708 = CARTESIAN_POINT('',(1.035770547018,13.643588015921));
#8709 = CARTESIAN_POINT('',(1.035766935539,13.814538855517));
#8710 = CARTESIAN_POINT('',(1.035768223349,13.98537559034));
#8711 = CARTESIAN_POINT('',(1.035772182524,14.156327865089));
#8712 = CARTESIAN_POINT('',(1.035772339369,14.327450118293));
#8713 = CARTESIAN_POINT('',(1.035768537215,14.612325967664));
#8714 = CARTESIAN_POINT('',(1.035765072587,14.726374668476));
#8715 = CARTESIAN_POINT('',(1.035761551332,14.840443377219));
#8716 = CARTESIAN_POINT('',(1.035759450328,14.954511068743));
#8717 = CARTESIAN_POINT('',(1.035759836879,15.06856244661));
#8718 = CARTESIAN_POINT('',(1.035763368715,15.182587943089));
#8719 = CARTESIAN_POINT('',(1.035776816117,15.403943185396));
#8720 = CARTESIAN_POINT('',(1.035790712032,15.511350004115));
#8721 = CARTESIAN_POINT('',(1.035799689027,15.618765694549));
#8722 = CARTESIAN_POINT('',(1.035798041712,15.726167176783));
#8723 = CARTESIAN_POINT('',(1.035786652021,15.833546771763));
#8724 = CARTESIAN_POINT('',(1.035772989212,15.940912201293));
#8725 = CARTESIAN_POINT('',(1.035771109866,16.048286588037));
#8726 = ( GEOMETRIC_REPRESENTATION_CONTEXT(2) 
PARAMETRIC_REPRESENTATION_CONTEXT() REPRESENTATION_CONTEXT('2D SPACE',''
  ) );
#8727 = ORIENTED_EDGE('',*,*,#8728,.F.);
#8728 = EDGE_CURVE('',#1789,#8565,#8729,.T.);
#8729 = SURFACE_CURVE('',#8730,(#8734,#8741),.PCURVE_S1.);
#8730 = LINE('',#8731,#8732);
#8731 = CARTESIAN_POINT('',(12.,-2.939152317954E-15,0.));
#8732 = VECTOR('',#8733,1.);
#8733 = DIRECTION('',(0.,0.,1.));
#8734 = PCURVE('',#1939,#8735);
#8735 = DEFINITIONAL_REPRESENTATION('',(#8736),#8740);
#8736 = LINE('',#8737,#8738);
#8737 = CARTESIAN_POINT('',(0.,-0.));
#8738 = VECTOR('',#8739,1.);
#8739 = DIRECTION('',(0.,1.));
#8740 = ( GEOMETRIC_REPRESENTATION_CONTEXT(2) 
PARAMETRIC_REPRESENTATION_CONTEXT() REPRESENTATION_CONTEXT('2D SPACE',''
  ) );
#8741 = PCURVE('',#1802,#8742);
#8742 = DEFINITIONAL_REPRESENTATION('',(#8743),#8747);
#8743 = LINE('',#8744,#8745);
#8744 = CARTESIAN_POINT('',(6.28318530718,-0.));
#8745 = VECTOR('',#8746,1.);
#8746 = DIRECTION('',(0.,1.));
#8747 = ( GEOMETRIC_REPRESENTATION_CONTEXT(2) 
PARAMETRIC_REPRESENTATION_CONTEXT() REPRESENTATION_CONTEXT('2D SPACE',''
  ) );
#8748 = ORIENTED_EDGE('',*,*,#1813,.T.);
#8749 = ORIENTED_EDGE('',*,*,#8538,.T.);
#8750 = ADVANCED_FACE('',(#8751),#1802,.T.);
#8751 = FACE_BOUND('',#8752,.T.);
#8752 = EDGE_LOOP('',(#8753,#8878,#8902,#8927,#8928));
#8753 = ORIENTED_EDGE('',*,*,#8754,.F.);
#8754 = EDGE_CURVE('',#8755,#8565,#8757,.T.);
#8755 = VERTEX_POINT('',#8756);
#8756 = CARTESIAN_POINT('',(-5.405599344647,10.713519296905,0.));
#8757 = SURFACE_CURVE('',#8758,(#8796,#8837),.PCURVE_S1.);
#8758 = B_SPLINE_CURVE_WITH_KNOTS('',8,(#8759,#8760,#8761,#8762,#8763,
    #8764,#8765,#8766,#8767,#8768,#8769,#8770,#8771,#8772,#8773,#8774,
    #8775,#8776,#8777,#8778,#8779,#8780,#8781,#8782,#8783,#8784,#8785,
    #8786,#8787,#8788,#8789,#8790,#8791,#8792,#8793,#8794,#8795),
  .UNSPECIFIED.,.F.,.F.,(9,7,7,7,7,9),(0.,0.144554744044,0.399009101524,
    0.642941783281,0.798420619389,1.),.UNSPECIFIED.);
#8759 = CARTESIAN_POINT('',(-5.405591266884,10.713523372606,
    -6.000000000503E-07));
#8760 = CARTESIAN_POINT('',(-6.227131727841,10.29900876455,
    6.102176489254E-02));
#8761 = CARTESIAN_POINT('',(-7.012669668287,9.812240301862,
    0.122060730987));
#8762 = CARTESIAN_POINT('',(-7.754443398262,9.257224404584,
    0.183104559829));
#8763 = CARTESIAN_POINT('',(-8.445448504183,8.63865990143,0.244145189956
    ));
#8764 = CARTESIAN_POINT('',(-9.079437848844,7.961938029783,
    0.305178236904));
#8765 = CARTESIAN_POINT('',(-9.650921571417,7.233142435704,
    0.366202993201));
#8766 = CARTESIAN_POINT('',(-10.15516708745,6.459049173921,
    0.427222428368));
#8767 = CARTESIAN_POINT('',(-11.35044926903,4.217929687726,
    0.595655771772));
#8768 = CARTESIAN_POINT('',(-11.89392035367,2.667870945868,
    0.703313039566));
#8769 = CARTESIAN_POINT('',(-12.19314559472,1.041088455688,
    0.810817259249));
#8770 = CARTESIAN_POINT('',(-12.23775964408,-0.617345891585,
    0.918247860605));
#8771 = CARTESIAN_POINT('',(-12.02645890468,-2.262827131472,
    1.025678233681));
#8772 = CARTESIAN_POINT('',(-11.56506649764,-3.851133820158,
    1.133180162416));
#8773 = CARTESIAN_POINT('',(-10.86847638642,-5.338545851312,
    1.240832713786));
#8774 = CARTESIAN_POINT('',(-9.101332980035,-7.973523866664,
    1.451230290742));
#8775 = CARTESIAN_POINT('',(-8.044118741374,-9.137556323858,
    1.554390983396));
#8776 = CARTESIAN_POINT('',(-6.818228849492,-10.13855378403,
    1.657427347815));
#8777 = CARTESIAN_POINT('',(-5.453796771936,-10.94949188794,
    1.760405405004));
#8778 = CARTESIAN_POINT('',(-3.98445200061,-11.55008566441,
    1.863390104011));
#8779 = CARTESIAN_POINT('',(-2.446683249726,-11.92551208485,
    1.966442269013));
#8780 = CARTESIAN_POINT('',(-0.880508552599,-12.06793736725,
    2.069614153586));
#8781 = CARTESIAN_POINT('',(1.657649271282,-11.92608266554,2.23819412784
    ));
#8782 = CARTESIAN_POINT('',(2.640315081338,-11.77775498098,
    2.303806858125));
#8783 = CARTESIAN_POINT('',(3.607202339554,-11.53695559888,
    2.369397026885));
#8784 = CARTESIAN_POINT('',(4.548322374072,-11.20574124901,
    2.434974657985));
#8785 = CARTESIAN_POINT('',(5.454125060445,-10.78732745098,
    2.500556154696));
#8786 = CARTESIAN_POINT('',(6.315455992052,-10.28603049928,
    2.566156060151));
#8787 = CARTESIAN_POINT('',(7.123591708787,-9.707389811145,
    2.631777308085));
#8788 = CARTESIAN_POINT('',(8.838837020021,-8.217088899124,
    2.782459253756));
#8789 = CARTESIAN_POINT('',(9.705138885685,-7.256781395809,2.86759310552
    ));
#8790 = CARTESIAN_POINT('',(10.451072268074,-6.192890354453,
    2.952690082867));
#8791 = CARTESIAN_POINT('',(11.062816727026,-5.043323322012,
    3.037766975946));
#8792 = CARTESIAN_POINT('',(11.529447570237,-3.827500905753,
    3.122850612196));
#8793 = CARTESIAN_POINT('',(11.843351068085,-2.566427144187,
    3.207960726318));
#8794 = CARTESIAN_POINT('',(12.,-1.282501737598,3.293095429198));
#8795 = CARTESIAN_POINT('',(12.,-8.881784197001E-15,3.378143376277));
#8796 = PCURVE('',#1802,#8797);
#8797 = DEFINITIONAL_REPRESENTATION('',(#8798),#8836);
#8798 = B_SPLINE_CURVE_WITH_KNOTS('',8,(#8799,#8800,#8801,#8802,#8803,
    #8804,#8805,#8806,#8807,#8808,#8809,#8810,#8811,#8812,#8813,#8814,
    #8815,#8816,#8817,#8818,#8819,#8820,#8821,#8822,#8823,#8824,#8825,
    #8826,#8827,#8828,#8829,#8830,#8831,#8832,#8833,#8834,#8835),
  .UNSPECIFIED.,.F.,.F.,(9,7,7,7,7,9),(0.,0.144554744044,0.399009101524,
    0.642941783281,0.798420619389,1.),.UNSPECIFIED.);
#8799 = CARTESIAN_POINT('',(2.038083485881,-6.E-07));
#8800 = CARTESIAN_POINT('',(2.114766051681,6.102176489254E-02));
#8801 = CARTESIAN_POINT('',(2.191469334868,0.122060730987));
#8802 = CARTESIAN_POINT('',(2.268178787944,0.183104559829));
#8803 = CARTESIAN_POINT('',(2.344884427367,0.244145189956));
#8804 = CARTESIAN_POINT('',(2.421580833546,0.305178236904));
#8805 = CARTESIAN_POINT('',(2.498267150846,0.366202993201));
#8806 = CARTESIAN_POINT('',(2.574947087584,0.427222428368));
#8807 = CARTESIAN_POINT('',(2.786609096144,0.595655771772));
#8808 = CARTESIAN_POINT('',(2.921897369432,0.703313039566));
#8809 = CARTESIAN_POINT('',(3.056993412879,0.810817259249));
#8810 = CARTESIAN_POINT('',(3.191995496008,0.918247860605));
#8811 = CARTESIAN_POINT('',(3.326995094828,1.025678233681));
#8812 = CARTESIAN_POINT('',(3.462083177906,1.133180162416));
#8813 = CARTESIAN_POINT('',(3.597360804892,1.240832713786));
#8814 = CARTESIAN_POINT('',(3.861750891277,1.451230290742));
#8815 = CARTESIAN_POINT('',(3.991385642275,1.554390983396));
#8816 = CARTESIAN_POINT('',(4.12086556439,1.657427347815));
#8817 = CARTESIAN_POINT('',(4.250273885141,1.760405405004));
#8818 = CARTESIAN_POINT('',(4.37969073135,1.863390104011));
#8819 = CARTESIAN_POINT('',(4.509191026991,1.966442269013));
#8820 = CARTESIAN_POINT('',(4.638840678246,2.069614153586));
#8821 = CARTESIAN_POINT('',(4.850683909973,2.23819412784));
#8822 = CARTESIAN_POINT('',(4.933134892291,2.303806858125));
#8823 = CARTESIAN_POINT('',(5.015557526315,2.369397026885));
#8824 = CARTESIAN_POINT('',(5.097964654326,2.434974657985));
#8825 = CARTESIAN_POINT('',(5.180377100335,2.500556154696));
#8826 = CARTESIAN_POINT('',(5.262813068133,2.566156060151));
#8827 = CARTESIAN_POINT('',(5.345275819106,2.631777308085));
#8828 = CARTESIAN_POINT('',(5.53462894465,2.782459253756));
#8829 = CARTESIAN_POINT('',(5.641610985402,2.86759310552));
#8830 = CARTESIAN_POINT('',(5.748545186802,2.952690082867));
#8831 = CARTESIAN_POINT('',(5.855452173431,3.037766975946));
#8832 = CARTESIAN_POINT('',(5.962365993792,3.122850612196));
#8833 = CARTESIAN_POINT('',(6.069316516661,3.207960726318));
#8834 = CARTESIAN_POINT('',(6.17631016238,3.293095429198));
#8835 = CARTESIAN_POINT('',(6.28318530718,3.378143376277));
#8836 = ( GEOMETRIC_REPRESENTATION_CONTEXT(2) 
PARAMETRIC_REPRESENTATION_CONTEXT() REPRESENTATION_CONTEXT('2D SPACE',''
  ) );
#8837 = PCURVE('',#5021,#8838);
#8838 = DEFINITIONAL_REPRESENTATION('',(#8839),#8877);
#8839 = B_SPLINE_CURVE_WITH_KNOTS('',8,(#8840,#8841,#8842,#8843,#8844,
    #8845,#8846,#8847,#8848,#8849,#8850,#8851,#8852,#8853,#8854,#8855,
    #8856,#8857,#8858,#8859,#8860,#8861,#8862,#8863,#8864,#8865,#8866,
    #8867,#8868,#8869,#8870,#8871,#8872,#8873,#8874,#8875,#8876),
  .UNSPECIFIED.,.F.,.F.,(9,7,7,7,7,9),(0.,0.144554744044,0.399009101524,
    0.642941783281,0.798420619389,1.),.UNSPECIFIED.);
#8840 = CARTESIAN_POINT('',(1.035774771264,2.593244765393));
#8841 = CARTESIAN_POINT('',(1.035776782406,2.691243962835));
#8842 = CARTESIAN_POINT('',(1.03577899376,2.789269738259));
#8843 = CARTESIAN_POINT('',(1.035780732349,2.88730351918));
#8844 = CARTESIAN_POINT('',(1.035781541315,2.985332548621));
#8845 = CARTESIAN_POINT('',(1.035781179917,3.083349885113));
#8846 = CARTESIAN_POINT('',(1.035779623528,3.18135440269));
#8847 = CARTESIAN_POINT('',(1.03577706364,3.279350790895));
#8848 = CARTESIAN_POINT('',(1.035768352857,3.549853146148));
#8849 = CARTESIAN_POINT('',(1.035761101079,3.722750397709));
#8850 = CARTESIAN_POINT('',(1.03575418985,3.895401717495));
#8851 = CARTESIAN_POINT('',(1.035752491264,4.067932646608));
#8852 = CARTESIAN_POINT('',(1.035757347643,4.240460490476));
#8853 = CARTESIAN_POINT('',(1.035765636425,4.413101826949));
#8854 = CARTESIAN_POINT('',(1.035772625201,4.585985597888));
#8855 = CARTESIAN_POINT('',(1.035781150091,4.923874066532));
#8856 = CARTESIAN_POINT('',(1.035782855122,5.089546242639));
#8857 = CARTESIAN_POINT('',(1.035780694976,5.255020354507));
#8858 = CARTESIAN_POINT('',(1.035774726571,5.420402406219));
#8859 = CARTESIAN_POINT('',(1.035769462146,5.585794832513));
#8860 = CARTESIAN_POINT('',(1.035768398654,5.751293864798));
#8861 = CARTESIAN_POINT('',(1.035769423593,5.916984296845));
#8862 = CARTESIAN_POINT('',(1.035771095913,6.187717830378));
#8863 = CARTESIAN_POINT('',(1.03577174112,6.293089579247));
#8864 = CARTESIAN_POINT('',(1.035771829137,6.398425326096));
#8865 = CARTESIAN_POINT('',(1.035770712867,6.503741437321));
#8866 = CARTESIAN_POINT('',(1.035768103792,6.609064375731));
#8867 = CARTESIAN_POINT('',(1.035764679172,6.714417216257));
#8868 = CARTESIAN_POINT('',(1.035762052588,6.819804001164));
#8869 = CARTESIAN_POINT('',(1.0357603662,7.061795247103));
#8870 = CARTESIAN_POINT('',(1.035762569318,7.19851666745));
#8871 = CARTESIAN_POINT('',(1.035770601238,7.335176451159));
#8872 = CARTESIAN_POINT('',(1.035784878571,7.471801389911));
#8873 = CARTESIAN_POINT('',(1.035803134331,7.608435507946));
#8874 = CARTESIAN_POINT('',(1.035806308791,7.745118403519));
#8875 = CARTESIAN_POINT('',(1.035773306494,7.881855791984));
#8876 = CARTESIAN_POINT('',(1.035770917295,8.0184411567));
#8877 = ( GEOMETRIC_REPRESENTATION_CONTEXT(2) 
PARAMETRIC_REPRESENTATION_CONTEXT() REPRESENTATION_CONTEXT('2D SPACE',''
  ) );
#8878 = ORIENTED_EDGE('',*,*,#8879,.T.);
#8879 = EDGE_CURVE('',#8755,#8880,#8882,.T.);
#8880 = VERTEX_POINT('',#8881);
#8881 = CARTESIAN_POINT('',(12.,-2.939152317954E-15,0.));
#8882 = SURFACE_CURVE('',#8883,(#8888,#8895),.PCURVE_S1.);
#8883 = CIRCLE('',#8884,12.);
#8884 = AXIS2_PLACEMENT_3D('',#8885,#8886,#8887);
#8885 = CARTESIAN_POINT('',(0.,0.,0.));
#8886 = DIRECTION('',(0.,0.,1.));
#8887 = DIRECTION('',(1.,0.,0.));
#8888 = PCURVE('',#1802,#8889);
#8889 = DEFINITIONAL_REPRESENTATION('',(#8890),#8894);
#8890 = LINE('',#8891,#8892);
#8891 = CARTESIAN_POINT('',(0.,0.));
#8892 = VECTOR('',#8893,1.);
#8893 = DIRECTION('',(1.,0.));
#8894 = ( GEOMETRIC_REPRESENTATION_CONTEXT(2) 
PARAMETRIC_REPRESENTATION_CONTEXT() REPRESENTATION_CONTEXT('2D SPACE',''
  ) );
#8895 = PCURVE('',#5407,#8896);
#8896 = DEFINITIONAL_REPRESENTATION('',(#8897),#8901);
#8897 = CIRCLE('',#8898,12.);
#8898 = AXIS2_PLACEMENT_2D('',#8899,#8900);
#8899 = CARTESIAN_POINT('',(0.,0.));
#8900 = DIRECTION('',(1.,0.));
#8901 = ( GEOMETRIC_REPRESENTATION_CONTEXT(2) 
PARAMETRIC_REPRESENTATION_CONTEXT() REPRESENTATION_CONTEXT('2D SPACE',''
  ) );
#8902 = ORIENTED_EDGE('',*,*,#8903,.F.);
#8903 = EDGE_CURVE('',#1763,#8880,#8904,.T.);
#8904 = SURFACE_CURVE('',#8905,(#8910,#8920),.PCURVE_S1.);
#8905 = ELLIPSE('',#8906,181.35318772418,12.);
#8906 = AXIS2_PLACEMENT_3D('',#8907,#8908,#8909);
#8907 = CARTESIAN_POINT('',(0.,0.,7.719184564662E-11));
#8908 = DIRECTION('',(4.25721646689E-13,0.997808415267,
    6.616922564521E-02));
#8909 = DIRECTION('',(-2.823154352159E-14,-6.616922564521E-02,
    0.997808415267));
#8910 = PCURVE('',#1802,#8911);
#8911 = DEFINITIONAL_REPRESENTATION('',(#8912),#8919);
#8912 = B_SPLINE_CURVE_WITH_KNOTS('',5,(#8913,#8914,#8915,#8916,#8917,
    #8918),.UNSPECIFIED.,.F.,.F.,(6,6),(1.558313976687,1.570796330097),
  .PIECEWISE_BEZIER_KNOTS.);
#8913 = CARTESIAN_POINT('',(6.270702957071,2.258694206255));
#8914 = CARTESIAN_POINT('',(6.273199427753,1.806978707451));
#8915 = CARTESIAN_POINT('',(6.275695898435,1.355245612386));
#8916 = CARTESIAN_POINT('',(6.278192369117,0.903500786178));
#8917 = CARTESIAN_POINT('',(6.280688839799,0.4517500944));
#8918 = CARTESIAN_POINT('',(6.283185310481,-5.973729868436E-07));
#8919 = ( GEOMETRIC_REPRESENTATION_CONTEXT(2) 
PARAMETRIC_REPRESENTATION_CONTEXT() REPRESENTATION_CONTEXT('2D SPACE',''
  ) );
#8920 = PCURVE('',#1777,#8921);
#8921 = DEFINITIONAL_REPRESENTATION('',(#8922),#8926);
#8922 = ELLIPSE('',#8923,181.35318772418,12.);
#8923 = AXIS2_PLACEMENT_2D('',#8924,#8925);
#8924 = CARTESIAN_POINT('',(7.702378922522E-11,-11.40830093544));
#8925 = DIRECTION('',(1.,-2.823154352159E-14));
#8926 = ( GEOMETRIC_REPRESENTATION_CONTEXT(2) 
PARAMETRIC_REPRESENTATION_CONTEXT() REPRESENTATION_CONTEXT('2D SPACE',''
  ) );
#8927 = ORIENTED_EDGE('',*,*,#1788,.T.);
#8928 = ORIENTED_EDGE('',*,*,#8728,.T.);
#8929 = ADVANCED_FACE('',(#8930),#1777,.T.);
#8930 = FACE_BOUND('',#8931,.T.);
#8931 = EDGE_LOOP('',(#8932,#8933,#8934,#8935));
#8932 = ORIENTED_EDGE('',*,*,#5438,.T.);
#8933 = ORIENTED_EDGE('',*,*,#1762,.T.);
#8934 = ORIENTED_EDGE('',*,*,#8903,.T.);
#8935 = ORIENTED_EDGE('',*,*,#8936,.T.);
#8936 = EDGE_CURVE('',#8880,#5354,#8937,.T.);
#8937 = SURFACE_CURVE('',#8938,(#8942,#8948),.PCURVE_S1.);
#8938 = LINE('',#8939,#8940);
#8939 = CARTESIAN_POINT('',(5.704150467721,2.685229229866E-12,0.));
#8940 = VECTOR('',#8941,1.);
#8941 = DIRECTION('',(-1.,4.266567010012E-13,0.));
#8942 = PCURVE('',#1777,#8943);
#8943 = DEFINITIONAL_REPRESENTATION('',(#8944),#8947);
#8944 = B_SPLINE_CURVE_WITH_KNOTS('',1,(#8945,#8946),.UNSPECIFIED.,.F.,
  .F.,(2,2),(-6.295849532279,-3.545849532279),.PIECEWISE_BEZIER_KNOTS.);
#8945 = CARTESIAN_POINT('',(1.178060292033E-15,0.591699064559));
#8946 = CARTESIAN_POINT('',(-7.645868439234E-14,-2.158300935441));
#8947 = ( GEOMETRIC_REPRESENTATION_CONTEXT(2) 
PARAMETRIC_REPRESENTATION_CONTEXT() REPRESENTATION_CONTEXT('2D SPACE',''
  ) );
#8948 = PCURVE('',#5407,#8949);
#8949 = DEFINITIONAL_REPRESENTATION('',(#8950),#8953);
#8950 = B_SPLINE_CURVE_WITH_KNOTS('',1,(#8951,#8952),.UNSPECIFIED.,.F.,
  .F.,(2,2),(-6.295849532279,-3.545849532279),.PIECEWISE_BEZIER_KNOTS.);
#8951 = CARTESIAN_POINT('',(12.,-9.371615758811E-16));
#8952 = CARTESIAN_POINT('',(9.25,1.172368766177E-12));
#8953 = ( GEOMETRIC_REPRESENTATION_CONTEXT(2) 
PARAMETRIC_REPRESENTATION_CONTEXT() REPRESENTATION_CONTEXT('2D SPACE',''
  ) );
#8954 = ADVANCED_FACE('',(#8955),#5021,.F.);
#8955 = FACE_BOUND('',#8956,.F.);
#8956 = EDGE_LOOP('',(#8957,#8958,#8959,#8960,#8961,#8962,#8963,#8964,
    #8965,#8966,#8967,#8968,#8969,#8970,#8971,#8972,#8973,#8974,#8975,
    #9047));
#8957 = ORIENTED_EDGE('',*,*,#5511,.F.);
#8958 = ORIENTED_EDGE('',*,*,#5535,.F.);
#8959 = ORIENTED_EDGE('',*,*,#5582,.F.);
#8960 = ORIENTED_EDGE('',*,*,#5794,.F.);
#8961 = ORIENTED_EDGE('',*,*,#6029,.F.);
#8962 = ORIENTED_EDGE('',*,*,#6243,.F.);
#8963 = ORIENTED_EDGE('',*,*,#6457,.F.);
#8964 = ORIENTED_EDGE('',*,*,#6671,.F.);
#8965 = ORIENTED_EDGE('',*,*,#6885,.F.);
#8966 = ORIENTED_EDGE('',*,*,#7099,.F.);
#8967 = ORIENTED_EDGE('',*,*,#7313,.F.);
#8968 = ORIENTED_EDGE('',*,*,#7503,.F.);
#8969 = ORIENTED_EDGE('',*,*,#7717,.F.);
#8970 = ORIENTED_EDGE('',*,*,#7931,.F.);
#8971 = ORIENTED_EDGE('',*,*,#8157,.F.);
#8972 = ORIENTED_EDGE('',*,*,#8371,.F.);
#8973 = ORIENTED_EDGE('',*,*,#8564,.F.);
#8974 = ORIENTED_EDGE('',*,*,#8754,.F.);
#8975 = ORIENTED_EDGE('',*,*,#8976,.F.);
#8976 = EDGE_CURVE('',#4846,#8755,#8977,.T.);
#8977 = SURFACE_CURVE('',#8978,(#8999,#9023),.PCURVE_S1.);
#8978 = B_SPLINE_CURVE_WITH_KNOTS('',7,(#8979,#8980,#8981,#8982,#8983,
    #8984,#8985,#8986,#8987,#8988,#8989,#8990,#8991,#8992,#8993,#8994,
    #8995,#8996,#8997,#8998),.UNSPECIFIED.,.F.,.F.,(8,6,6,8),(0.,
    0.391718551571,0.659032522049,1.),.UNSPECIFIED.);
#8979 = CARTESIAN_POINT('',(4.099174210046,8.29232329677,0.));
#8980 = CARTESIAN_POINT('',(3.522945733697,8.850370264406,0.));
#8981 = CARTESIAN_POINT('',(2.886362738662,9.349333629084,0.));
#8982 = CARTESIAN_POINT('',(2.198954856098,9.783409782424,0.));
#8983 = CARTESIAN_POINT('',(1.470244640602,10.14879611642,0.));
#8984 = CARTESIAN_POINT('',(0.709471336879,10.443209532806,0.));
#8985 = CARTESIAN_POINT('',(-7.450153019976E-02,10.66568723414,0.));
#8986 = CARTESIAN_POINT('',(-1.418396897883,10.919246719144,0.));
#8987 = CARTESIAN_POINT('',(-1.970464583796,10.98868566422,0.));
#8988 = CARTESIAN_POINT('',(-2.52687853023,11.024765220332,0.));
#8989 = CARTESIAN_POINT('',(-3.085155985199,11.027768999431,0.));
#8990 = CARTESIAN_POINT('',(-3.642949360872,10.998174379442,0.));
#8991 = CARTESIAN_POINT('',(-4.198047006002,10.93662340204,0.));
#8992 = CARTESIAN_POINT('',(-5.450331624874,10.725639789856,0.));
#8993 = CARTESIAN_POINT('',(-6.14454279007,10.556662803615,0.));
#8994 = CARTESIAN_POINT('',(-6.826716149557,10.338604840803,0.));
#8995 = CARTESIAN_POINT('',(-7.492976437299,10.073461601436,0.));
#8996 = CARTESIAN_POINT('',(-8.139832222896,9.76350224119,0.));
#8997 = CARTESIAN_POINT('',(-8.764154694557,9.411209951298,0.));
#8998 = CARTESIAN_POINT('',(-9.363166602379,9.019254590813,0.));
#8999 = PCURVE('',#5021,#9000);
#9000 = DEFINITIONAL_REPRESENTATION('',(#9001),#9022);
#9001 = B_SPLINE_CURVE_WITH_KNOTS('',7,(#9002,#9003,#9004,#9005,#9006,
    #9007,#9008,#9009,#9010,#9011,#9012,#9013,#9014,#9015,#9016,#9017,
    #9018,#9019,#9020,#9021),.UNSPECIFIED.,.F.,.F.,(8,6,6,8),(0.,
    0.391718551571,0.659032522049,1.),.UNSPECIFIED.);
#9002 = CARTESIAN_POINT('',(3.882285676538,1.412671153664));
#9003 = CARTESIAN_POINT('',(3.628763123328,1.517818223363));
#9004 = CARTESIAN_POINT('',(3.381577694055,1.620337006141));
#9005 = CARTESIAN_POINT('',(3.140190234201,1.720451113336));
#9006 = CARTESIAN_POINT('',(2.904137705399,1.818352587536));
#9007 = CARTESIAN_POINT('',(2.673044524403,1.914197199801));
#9008 = CARTESIAN_POINT('',(2.446598831469,2.008114292225));
#9009 = CARTESIAN_POINT('',(2.073020395156,2.163053872113));
#9010 = CARTESIAN_POINT('',(1.923521188158,2.225057837209));
#9011 = CARTESIAN_POINT('',(1.775960469581,2.286257825007));
#9012 = CARTESIAN_POINT('',(1.630252725508,2.346689301928));
#9013 = CARTESIAN_POINT('',(1.486320073423,2.406384569314));
#9014 = CARTESIAN_POINT('',(1.344092752326,2.465372560152));
#9015 = CARTESIAN_POINT('',(1.024188947271,2.598050885074));
#9016 = CARTESIAN_POINT('',(0.847538696004,2.671315594855));
#9017 = CARTESIAN_POINT('',(0.673424261967,2.743528588534));
#9018 = CARTESIAN_POINT('',(0.501719385859,2.814742231457));
#9019 = CARTESIAN_POINT('',(0.332310378555,2.885003675555));
#9020 = CARTESIAN_POINT('',(0.165098581215,2.954353839033));
#9021 = CARTESIAN_POINT('',(0.,3.022827557871));
#9022 = ( GEOMETRIC_REPRESENTATION_CONTEXT(2) 
PARAMETRIC_REPRESENTATION_CONTEXT() REPRESENTATION_CONTEXT('2D SPACE',''
  ) );
#9023 = PCURVE('',#5407,#9024);
#9024 = DEFINITIONAL_REPRESENTATION('',(#9025),#9046);
#9025 = B_SPLINE_CURVE_WITH_KNOTS('',7,(#9026,#9027,#9028,#9029,#9030,
    #9031,#9032,#9033,#9034,#9035,#9036,#9037,#9038,#9039,#9040,#9041,
    #9042,#9043,#9044,#9045),.UNSPECIFIED.,.F.,.F.,(8,6,6,8),(0.,
    0.391718551571,0.659032522049,1.),.UNSPECIFIED.);
#9026 = CARTESIAN_POINT('',(4.099174210046,8.29232329677));
#9027 = CARTESIAN_POINT('',(3.522945733697,8.850370264406));
#9028 = CARTESIAN_POINT('',(2.886362738662,9.349333629084));
#9029 = CARTESIAN_POINT('',(2.198954856098,9.783409782424));
#9030 = CARTESIAN_POINT('',(1.470244640602,10.14879611642));
#9031 = CARTESIAN_POINT('',(0.709471336879,10.443209532806));
#9032 = CARTESIAN_POINT('',(-7.450153019976E-02,10.66568723414));
#9033 = CARTESIAN_POINT('',(-1.418396897883,10.919246719144));
#9034 = CARTESIAN_POINT('',(-1.970464583796,10.98868566422));
#9035 = CARTESIAN_POINT('',(-2.52687853023,11.024765220332));
#9036 = CARTESIAN_POINT('',(-3.085155985199,11.027768999431));
#9037 = CARTESIAN_POINT('',(-3.642949360872,10.998174379442));
#9038 = CARTESIAN_POINT('',(-4.198047006002,10.93662340204));
#9039 = CARTESIAN_POINT('',(-5.450331624874,10.725639789856));
#9040 = CARTESIAN_POINT('',(-6.14454279007,10.556662803615));
#9041 = CARTESIAN_POINT('',(-6.826716149557,10.338604840803));
#9042 = CARTESIAN_POINT('',(-7.492976437299,10.073461601436));
#9043 = CARTESIAN_POINT('',(-8.139832222896,9.76350224119));
#9044 = CARTESIAN_POINT('',(-8.764154694557,9.411209951298));
#9045 = CARTESIAN_POINT('',(-9.363166602379,9.019254590813));
#9046 = ( GEOMETRIC_REPRESENTATION_CONTEXT(2) 
PARAMETRIC_REPRESENTATION_CONTEXT() REPRESENTATION_CONTEXT('2D SPACE',''
  ) );
#9047 = ORIENTED_EDGE('',*,*,#4845,.T.);
#9048 = ADVANCED_FACE('',(#9049),#5407,.F.);
#9049 = FACE_BOUND('',#9050,.F.);
#9050 = EDGE_LOOP('',(#9051,#9052,#9053,#9054));
#9051 = ORIENTED_EDGE('',*,*,#8879,.T.);
#9052 = ORIENTED_EDGE('',*,*,#8936,.T.);
#9053 = ORIENTED_EDGE('',*,*,#5353,.T.);
#9054 = ORIENTED_EDGE('',*,*,#8976,.T.);
#9055 = ( GEOMETRIC_REPRESENTATION_CONTEXT(3) 
GLOBAL_UNCERTAINTY_ASSIGNED_CONTEXT((#9059)) 
GLOBAL_UNIT_ASSIGNED_CONTEXT((#9056,#9057,#9058)) REPRESENTATION_CONTEXT
('Context #1','3D Context with UNIT and UNCERTAINTY') );
#9056 = ( LENGTH_UNIT() NAMED_UNIT(*) SI_UNIT(.MILLI.,.METRE.) );
#9057 = ( NAMED_UNIT(*) PLANE_ANGLE_UNIT() SI_UNIT($,.RADIAN.) );
#9058 = ( NAMED_UNIT(*) SI_UNIT($,.STERADIAN.) SOLID_ANGLE_UNIT() );
#9059 = UNCERTAINTY_MEASURE_WITH_UNIT(LENGTH_MEASURE(1.E-04),#9056,
  'distance_accuracy_value','confusion accuracy');
#9060 = PRODUCT_RELATED_PRODUCT_CATEGORY('part',$,(#7));
ENDSEC;
END-ISO-10303-21;
