ISO-10303-21;
HEADER;
FILE_DESCRIPTION(('Open CASCADE Model'),'2;1');
FILE_NAME('Open CASCADE Shape Model','2026-08-27T15:09:03',('Author'),(
    'Open CASCADE'),'Open CASCADE STEP processor 7.9','build123d',
  'Unknown');
FILE_SCHEMA(('AUTOMOTIVE_DESIGN { 1 0 10303 214 1 1 1 1 }'));
ENDSEC;
DATA;
#1 = APPLICATION_PROTOCOL_DEFINITION('international standard',
  'automotive_design',2000,#2);
#2 = APPLICATION_CONTEXT(
  'core data for automotive mechanical design processes');
#3 = SHAPE_DEFINITION_REPRESENTATION(#4,#10);
#4 = PRODUCT_DEFINITION_SHAPE('','',#5);
#5 = PRODUCT_DEFINITION('design','',#6,#9);
#6 = PRODUCT_DEFINITION_FORMATION('','',#7);
#7 = PRODUCT('COMPOUND','COMPOUND','',(#8));
#8 = PRODUCT_CONTEXT('',#2,'mechanical');
#9 = PRODUCT_DEFINITION_CONTEXT('part definition',#2,'design');
#10 = ADVANCED_BREP_SHAPE_REPRESENTATION('',(#11,#15),#10282);
#11 = AXIS2_PLACEMENT_3D('',#12,#13,#14);
#12 = CARTESIAN_POINT('',(0.,0.,0.));
#13 = DIRECTION('',(0.,0.,1.));
#14 = DIRECTION('',(1.,0.,-0.));
#15 = MANIFOLD_SOLID_BREP('',#16);
#16 = CLOSED_SHELL('',(#17,#441,#515,#564,#612,#661,#709,#758,#806,#855,
    #882,#917,#1407,#1862,#1938,#1988,#2038,#2087,#2136,#2186,#2236,
    #2263,#2313,#2363,#2413,#2463,#2513,#2563,#2613,#2663,#2839,#2993,
    #3161,#3333,#3501,#3673,#3841,#4013,#4159,#4424,#4972,#5261,#5969,
    #6520,#7228,#7807,#8515,#9066,#9653,#9771,#9820,#9869,#9965,#10061,
    #10110,#10159,#10233,#10241,#10246,#10253,#10258,#10265,#10270,
    #10277));
#17 = ADVANCED_FACE('',(#18),#33,.T.);
#18 = FACE_BOUND('',#19,.F.);
#19 = EDGE_LOOP('',(#20,#66,#89,#116,#117,#156,#197,#238,#279,#320,#361,
    #402));
#20 = ORIENTED_EDGE('',*,*,#21,.F.);
#21 = EDGE_CURVE('',#22,#24,#26,.T.);
#22 = VERTEX_POINT('',#23);
#23 = CARTESIAN_POINT('',(80.,0.,210.));
#24 = VERTEX_POINT('',#25);
#25 = CARTESIAN_POINT('',(62.469504758957,49.975603799961,210.));
#26 = SURFACE_CURVE('',#27,(#32,#43),.PCURVE_S1.);
#27 = CIRCLE('',#28,80.);
#28 = AXIS2_PLACEMENT_3D('',#29,#30,#31);
#29 = CARTESIAN_POINT('',(0.,0.,210.));
#30 = DIRECTION('',(0.,0.,1.));
#31 = DIRECTION('',(1.,0.,0.));
#32 = PCURVE('',#33,#38);
#33 = CYLINDRICAL_SURFACE('',#34,80.);
#34 = AXIS2_PLACEMENT_3D('',#35,#36,#37);
#35 = CARTESIAN_POINT('',(0.,0.,210.));
#36 = DIRECTION('',(-0.,-0.,-1.));
#37 = DIRECTION('',(1.,0.,0.));
#38 = DEFINITIONAL_REPRESENTATION('',(#39),#42);
#39 = B_SPLINE_CURVE_WITH_KNOTS('',1,(#40,#41),.UNSPECIFIED.,.F.,.F.,(2,
    2),(0.,0.674740942153),.PIECEWISE_BEZIER_KNOTS.);
#40 = CARTESIAN_POINT('',(0.,0.));
#41 = CARTESIAN_POINT('',(-0.674740942153,0.));
#42 = ( GEOMETRIC_REPRESENTATION_CONTEXT(2) 
PARAMETRIC_REPRESENTATION_CONTEXT() REPRESENTATION_CONTEXT('2D SPACE',''
  ) );
#43 = PCURVE('',#44,#61);
#44 = B_SPLINE_SURFACE_WITH_KNOTS('',7,1,(
    (#45,#46)
    ,(#47,#48)
    ,(#49,#50)
    ,(#51,#52)
    ,(#53,#54)
    ,(#55,#56)
    ,(#57,#58)
    ,(#59,#60
    )),.UNSPECIFIED.,.F.,.F.,.F.,(8,8),(2,2),(-1.935461568792E-09,
    79.999999987937),(0.,1.),.PIECEWISE_BEZIER_KNOTS.);
#45 = CARTESIAN_POINT('',(100.,-1.934722604346E-09,0.));
#46 = CARTESIAN_POINT('',(80.,3.552713678801E-15,210.));
#47 = CARTESIAN_POINT('',(100.,11.42857142519,0.));
#48 = CARTESIAN_POINT('',(80.,7.71132505318,209.99999999999));
#49 = CARTESIAN_POINT('',(100.,22.857142852314,0.));
#50 = CARTESIAN_POINT('',(79.132808729885,15.422650059107,210.));
#51 = CARTESIAN_POINT('',(100.,34.285714279439,0.));
#52 = CARTESIAN_POINT('',(77.398427294796,23.016949489166,
    209.99999999999));
#53 = CARTESIAN_POINT('',(100.,45.714285706564,0.));
#54 = CARTESIAN_POINT('',(74.816592132278,30.377196269684,210.));
#55 = CARTESIAN_POINT('',(100.,57.142857133688,0.));
#56 = CARTESIAN_POINT('',(71.426795255507,37.390807317496,
    209.99999999999));
#57 = CARTESIAN_POINT('',(100.,68.571428560813,0.));
#58 = CARTESIAN_POINT('',(67.286731329337,43.954070586118,210.));
#59 = CARTESIAN_POINT('',(100.,79.999999987937,0.));
#60 = CARTESIAN_POINT('',(62.469504758957,49.975603799961,210.));
#61 = DEFINITIONAL_REPRESENTATION('',(#62),#65);
#62 = B_SPLINE_CURVE_WITH_KNOTS('',1,(#63,#64),.UNSPECIFIED.,.F.,.F.,(2,
    2),(0.,0.674740942153),.PIECEWISE_BEZIER_KNOTS.);
#63 = CARTESIAN_POINT('',(-1.935461568792E-09,1.));
#64 = CARTESIAN_POINT('',(79.999999987937,1.));
#65 = ( GEOMETRIC_REPRESENTATION_CONTEXT(2) 
PARAMETRIC_REPRESENTATION_CONTEXT() REPRESENTATION_CONTEXT('2D SPACE',''
  ) );
#66 = ORIENTED_EDGE('',*,*,#67,.T.);
#67 = EDGE_CURVE('',#22,#68,#70,.T.);
#68 = VERTEX_POINT('',#69);
#69 = CARTESIAN_POINT('',(80.,0.,240.));
#70 = SEAM_CURVE('',#71,(#75,#82),.PCURVE_S1.);
#71 = LINE('',#72,#73);
#72 = CARTESIAN_POINT('',(80.,0.,210.));
#73 = VECTOR('',#74,1.);
#74 = DIRECTION('',(0.,0.,1.));
#75 = PCURVE('',#33,#76);
#76 = DEFINITIONAL_REPRESENTATION('',(#77),#81);
#77 = LINE('',#78,#79);
#78 = CARTESIAN_POINT('',(-6.28318530718,0.));
#79 = VECTOR('',#80,1.);
#80 = DIRECTION('',(-0.,-1.));
#81 = ( GEOMETRIC_REPRESENTATION_CONTEXT(2) 
PARAMETRIC_REPRESENTATION_CONTEXT() REPRESENTATION_CONTEXT('2D SPACE',''
  ) );
#82 = PCURVE('',#33,#83);
#83 = DEFINITIONAL_REPRESENTATION('',(#84),#88);
#84 = LINE('',#85,#86);
#85 = CARTESIAN_POINT('',(-0.,0.));
#86 = VECTOR('',#87,1.);
#87 = DIRECTION('',(-0.,-1.));
#88 = ( GEOMETRIC_REPRESENTATION_CONTEXT(2) 
PARAMETRIC_REPRESENTATION_CONTEXT() REPRESENTATION_CONTEXT('2D SPACE',''
  ) );
#89 = ORIENTED_EDGE('',*,*,#90,.T.);
#90 = EDGE_CURVE('',#68,#68,#91,.T.);
#91 = SURFACE_CURVE('',#92,(#97,#104),.PCURVE_S1.);
#92 = CIRCLE('',#93,80.);
#93 = AXIS2_PLACEMENT_3D('',#94,#95,#96);
#94 = CARTESIAN_POINT('',(0.,0.,240.));
#95 = DIRECTION('',(0.,0.,1.));
#96 = DIRECTION('',(1.,0.,0.));
#97 = PCURVE('',#33,#98);
#98 = DEFINITIONAL_REPRESENTATION('',(#99),#103);
#99 = LINE('',#100,#101);
#100 = CARTESIAN_POINT('',(-0.,-30.));
#101 = VECTOR('',#102,1.);
#102 = DIRECTION('',(-1.,0.));
#103 = ( GEOMETRIC_REPRESENTATION_CONTEXT(2) 
PARAMETRIC_REPRESENTATION_CONTEXT() REPRESENTATION_CONTEXT('2D SPACE',''
  ) );
#104 = PCURVE('',#105,#110);
#105 = PLANE('',#106);
#106 = AXIS2_PLACEMENT_3D('',#107,#108,#109);
#107 = CARTESIAN_POINT('',(-4.375808424126E-15,1.1100836264E-15,240.));
#108 = DIRECTION('',(0.,0.,1.));
#109 = DIRECTION('',(1.,0.,0.));
#110 = DEFINITIONAL_REPRESENTATION('',(#111),#115);
#111 = CIRCLE('',#112,80.);
#112 = AXIS2_PLACEMENT_2D('',#113,#114);
#113 = CARTESIAN_POINT('',(4.375808424126E-15,-1.1100836264E-15));
#114 = DIRECTION('',(1.,0.));
#115 = ( GEOMETRIC_REPRESENTATION_CONTEXT(2) 
PARAMETRIC_REPRESENTATION_CONTEXT() REPRESENTATION_CONTEXT('2D SPACE',''
  ) );
#116 = ORIENTED_EDGE('',*,*,#67,.F.);
#117 = ORIENTED_EDGE('',*,*,#118,.F.);
#118 = EDGE_CURVE('',#119,#22,#121,.T.);
#119 = VERTEX_POINT('',#120);
#120 = CARTESIAN_POINT('',(62.46950475499,-49.97560380492,210.));
#121 = SURFACE_CURVE('',#122,(#127,#133),.PCURVE_S1.);
#122 = CIRCLE('',#123,80.);
#123 = AXIS2_PLACEMENT_3D('',#124,#125,#126);
#124 = CARTESIAN_POINT('',(0.,0.,210.));
#125 = DIRECTION('',(0.,0.,1.));
#126 = DIRECTION('',(1.,0.,0.));
#127 = PCURVE('',#33,#128);
#128 = DEFINITIONAL_REPRESENTATION('',(#129),#132);
#129 = B_SPLINE_CURVE_WITH_KNOTS('',1,(#130,#131),.UNSPECIFIED.,.F.,.F.,
  (2,2),(5.608444364947,6.28318530718),.PIECEWISE_BEZIER_KNOTS.);
#130 = CARTESIAN_POINT('',(-5.608444364947,0.));
#131 = CARTESIAN_POINT('',(-6.28318530718,0.));
#132 = ( GEOMETRIC_REPRESENTATION_CONTEXT(2) 
PARAMETRIC_REPRESENTATION_CONTEXT() REPRESENTATION_CONTEXT('2D SPACE',''
  ) );
#133 = PCURVE('',#134,#151);
#134 = B_SPLINE_SURFACE_WITH_KNOTS('',7,1,(
    (#135,#136)
    ,(#137,#138)
    ,(#139,#140)
    ,(#141,#142)
    ,(#143,#144)
    ,(#145,#146)
    ,(#147,#148)
    ,(#149,#150
    )),.UNSPECIFIED.,.F.,.F.,.F.,(8,8),(2,2),(-80.,-1.935461568792E-09),
  (0.,1.),.PIECEWISE_BEZIER_KNOTS.);
#135 = CARTESIAN_POINT('',(100.,-79.99999999999,0.));
#136 = CARTESIAN_POINT('',(62.46950475499,-49.97560380492,210.));
#137 = CARTESIAN_POINT('',(100.,-68.5714285717,0.));
#138 = CARTESIAN_POINT('',(67.286731326415,-43.95407059075,
    209.99999999999));
#139 = CARTESIAN_POINT('',(100.,-57.1428571434,0.));
#140 = CARTESIAN_POINT('',(71.426795253513,-37.39080732162,210.));
#141 = CARTESIAN_POINT('',(100.,-45.71428571511,0.));
#142 = CARTESIAN_POINT('',(74.816592131063,-30.37719627314,
    209.99999999999));
#143 = CARTESIAN_POINT('',(100.,-34.28571428682,0.));
#144 = CARTESIAN_POINT('',(77.398427294184,-23.01694949184,210.));
#145 = CARTESIAN_POINT('',(100.,-22.85714285852,0.));
#146 = CARTESIAN_POINT('',(79.13280872968,-15.42265006092,
    209.99999999999));
#147 = CARTESIAN_POINT('',(100.,-11.42857143023,0.));
#148 = CARTESIAN_POINT('',(80.,-7.711325054087,210.));
#149 = CARTESIAN_POINT('',(100.,-1.934722604346E-09,0.));
#150 = CARTESIAN_POINT('',(80.,-2.84217094304E-14,210.));
#151 = DEFINITIONAL_REPRESENTATION('',(#152),#155);
#152 = B_SPLINE_CURVE_WITH_KNOTS('',1,(#153,#154),.UNSPECIFIED.,.F.,.F.,
  (2,2),(5.608444364947,6.28318530718),.PIECEWISE_BEZIER_KNOTS.);
#153 = CARTESIAN_POINT('',(-80.,1.));
#154 = CARTESIAN_POINT('',(-1.935461568792E-09,1.));
#155 = ( GEOMETRIC_REPRESENTATION_CONTEXT(2) 
PARAMETRIC_REPRESENTATION_CONTEXT() REPRESENTATION_CONTEXT('2D SPACE',''
  ) );
#156 = ORIENTED_EDGE('',*,*,#157,.F.);
#157 = EDGE_CURVE('',#158,#119,#160,.T.);
#158 = VERTEX_POINT('',#159);
#159 = CARTESIAN_POINT('',(49.975603801017,-62.46950475811,210.));
#160 = SURFACE_CURVE('',#161,(#166,#172),.PCURVE_S1.);
#161 = CIRCLE('',#162,80.);
#162 = AXIS2_PLACEMENT_3D('',#163,#164,#165);
#163 = CARTESIAN_POINT('',(0.,0.,210.));
#164 = DIRECTION('',(0.,0.,1.));
#165 = DIRECTION('',(1.,0.,0.));
#166 = PCURVE('',#33,#167);
#167 = DEFINITIONAL_REPRESENTATION('',(#168),#171);
#168 = B_SPLINE_CURVE_WITH_KNOTS('',1,(#169,#170),.UNSPECIFIED.,.F.,.F.,
  (2,2),(5.387129922555,5.608444364947),.PIECEWISE_BEZIER_KNOTS.);
#169 = CARTESIAN_POINT('',(-5.387129922555,0.));
#170 = CARTESIAN_POINT('',(-5.608444364947,0.));
#171 = ( GEOMETRIC_REPRESENTATION_CONTEXT(2) 
PARAMETRIC_REPRESENTATION_CONTEXT() REPRESENTATION_CONTEXT('2D SPACE',''
  ) );
#172 = PCURVE('',#173,#192);
#173 = B_SPLINE_SURFACE_WITH_KNOTS('',8,1,(
    (#174,#175)
    ,(#176,#177)
    ,(#178,#179)
    ,(#180,#181)
    ,(#182,#183)
    ,(#184,#185)
    ,(#186,#187)
    ,(#188,#189)
    ,(#190,#191
    )),.UNSPECIFIED.,.F.,.F.,.F.,(9,9),(2,2),(4.712388980385,
    6.28318530718),(0.,1.),.PIECEWISE_BEZIER_KNOTS.);
#174 = CARTESIAN_POINT('',(79.999999987937,-99.99999999999,0.));
#175 = CARTESIAN_POINT('',(49.975603801017,-62.46950475811,210.));
#176 = CARTESIAN_POINT('',(83.926990804923,-99.99999999999,0.));
#177 = CARTESIAN_POINT('',(51.703779252524,-61.08696439705,210.));
#178 = CARTESIAN_POINT('',(87.853982858024,-99.11878422078,0.));
#179 = CARTESIAN_POINT('',(53.388243899473,-59.64978551383,210.));
#180 = CARTESIAN_POINT('',(91.550264674634,-97.35636131742,0.));
#181 = CARTESIAN_POINT('',(55.026982121728,-58.15958017234,210.));
#182 = CARTESIAN_POINT('',(94.785175103539,-94.7851751156,0.));
#183 = CARTESIAN_POINT('',(56.618050077302,-56.61805008083,210.));
#184 = CARTESIAN_POINT('',(97.356361305362,-91.55026468669,0.));
#185 = CARTESIAN_POINT('',(58.159580168906,-55.02698212536,210.));
#186 = CARTESIAN_POINT('',(99.118784208715,-87.85398287008,0.));
#187 = CARTESIAN_POINT('',(59.649785510498,-53.38824390319,210.));
#188 = CARTESIAN_POINT('',(99.999999987936,-83.92699081698,0.));
#189 = CARTESIAN_POINT('',(61.086964393828,-51.70377925634,210.));
#190 = CARTESIAN_POINT('',(99.999999987937,-79.99999999999,0.));
#191 = CARTESIAN_POINT('',(62.46950475499,-49.97560380492,210.));
#192 = DEFINITIONAL_REPRESENTATION('',(#193),#196);
#193 = B_SPLINE_CURVE_WITH_KNOTS('',1,(#194,#195),.UNSPECIFIED.,.F.,.F.,
  (2,2),(5.387129922555,5.608444364947),.PIECEWISE_BEZIER_KNOTS.);
#194 = CARTESIAN_POINT('',(4.712388980385,1.));
#195 = CARTESIAN_POINT('',(6.28318530718,1.));
#196 = ( GEOMETRIC_REPRESENTATION_CONTEXT(2) 
PARAMETRIC_REPRESENTATION_CONTEXT() REPRESENTATION_CONTEXT('2D SPACE',''
  ) );
#197 = ORIENTED_EDGE('',*,*,#198,.F.);
#198 = EDGE_CURVE('',#199,#158,#201,.T.);
#199 = VERTEX_POINT('',#200);
#200 = CARTESIAN_POINT('',(-49.97560380427,-62.4695047555,210.));
#201 = SURFACE_CURVE('',#202,(#207,#213),.PCURVE_S1.);
#202 = CIRCLE('',#203,80.);
#203 = AXIS2_PLACEMENT_3D('',#204,#205,#206);
#204 = CARTESIAN_POINT('',(0.,0.,210.));
#205 = DIRECTION('',(0.,0.,1.));
#206 = DIRECTION('',(1.,0.,0.));
#207 = PCURVE('',#33,#208);
#208 = DEFINITIONAL_REPRESENTATION('',(#209),#212);
#209 = B_SPLINE_CURVE_WITH_KNOTS('',1,(#210,#211),.UNSPECIFIED.,.F.,.F.,
  (2,2),(4.037648038162,5.387129922555),.PIECEWISE_BEZIER_KNOTS.);
#210 = CARTESIAN_POINT('',(-4.037648038162,0.));
#211 = CARTESIAN_POINT('',(-5.387129922555,0.));
#212 = ( GEOMETRIC_REPRESENTATION_CONTEXT(2) 
PARAMETRIC_REPRESENTATION_CONTEXT() REPRESENTATION_CONTEXT('2D SPACE',''
  ) );
#213 = PCURVE('',#214,#233);
#214 = B_SPLINE_SURFACE_WITH_KNOTS('',8,1,(
    (#215,#216)
    ,(#217,#218)
    ,(#219,#220)
    ,(#221,#222)
    ,(#223,#224)
    ,(#225,#226)
    ,(#227,#228)
    ,(#229,#230)
    ,(#231,#232
    )),.UNSPECIFIED.,.F.,.F.,.F.,(9,9),(2,2),(-80.,79.999999987937),(0.,
    1.),.PIECEWISE_BEZIER_KNOTS.);
#215 = CARTESIAN_POINT('',(-80.,-99.99999999999,0.));
#216 = CARTESIAN_POINT('',(-49.97560380427,-62.4695047555,210.));
#217 = CARTESIAN_POINT('',(-60.0000000015,-99.99999999999,0.));
#218 = CARTESIAN_POINT('',(-39.43792067996,-70.89965125493,210.));
#219 = CARTESIAN_POINT('',(-40.00000000301,-99.99999999999,0.));
#220 = CARTESIAN_POINT('',(-27.27504586433,-77.29831034161,
    209.99999999999));
#221 = CARTESIAN_POINT('',(-20.00000000452,-99.99999999999,0.));
#222 = CARTESIAN_POINT('',(-13.94390215356,-81.29995376257,210.));
#223 = CARTESIAN_POINT('',(-6.031628974057E-09,-99.99999999999,0.));
#224 = CARTESIAN_POINT('',(-2.15538520365E-09,-82.66237670619,
    209.99999999999));
#225 = CARTESIAN_POINT('',(19.99999999246,-99.99999999999,0.));
#226 = CARTESIAN_POINT('',(13.943902149328,-81.2999537633,210.));
#227 = CARTESIAN_POINT('',(39.999999990953,-99.99999999999,0.));
#228 = CARTESIAN_POINT('',(27.275045860299,-77.29831034303,
    209.99999999999));
#229 = CARTESIAN_POINT('',(59.999999989445,-99.99999999999,0.));
#230 = CARTESIAN_POINT('',(39.437920676263,-70.89965125699,210.));
#231 = CARTESIAN_POINT('',(79.999999987937,-99.99999999999,0.));
#232 = CARTESIAN_POINT('',(49.975603801017,-62.46950475811,210.));
#233 = DEFINITIONAL_REPRESENTATION('',(#234),#237);
#234 = B_SPLINE_CURVE_WITH_KNOTS('',1,(#235,#236),.UNSPECIFIED.,.F.,.F.,
  (2,2),(4.037648038162,5.387129922555),.PIECEWISE_BEZIER_KNOTS.);
#235 = CARTESIAN_POINT('',(-80.,1.));
#236 = CARTESIAN_POINT('',(79.999999987937,1.));
#237 = ( GEOMETRIC_REPRESENTATION_CONTEXT(2) 
PARAMETRIC_REPRESENTATION_CONTEXT() REPRESENTATION_CONTEXT('2D SPACE',''
  ) );
#238 = ORIENTED_EDGE('',*,*,#239,.F.);
#239 = EDGE_CURVE('',#240,#199,#242,.T.);
#240 = VERTEX_POINT('',#241);
#241 = CARTESIAN_POINT('',(-62.4695047556,-49.97560380415,210.));
#242 = SURFACE_CURVE('',#243,(#248,#254),.PCURVE_S1.);
#243 = CIRCLE('',#244,80.);
#244 = AXIS2_PLACEMENT_3D('',#245,#246,#247);
#245 = CARTESIAN_POINT('',(0.,0.,210.));
#246 = DIRECTION('',(0.,0.,1.));
#247 = DIRECTION('',(1.,0.,0.));
#248 = PCURVE('',#33,#249);
#249 = DEFINITIONAL_REPRESENTATION('',(#250),#253);
#250 = B_SPLINE_CURVE_WITH_KNOTS('',1,(#251,#252),.UNSPECIFIED.,.F.,.F.,
  (2,2),(3.81633359581,4.037648038162),.PIECEWISE_BEZIER_KNOTS.);
#251 = CARTESIAN_POINT('',(-3.81633359581,0.));
#252 = CARTESIAN_POINT('',(-4.037648038162,0.));
#253 = ( GEOMETRIC_REPRESENTATION_CONTEXT(2) 
PARAMETRIC_REPRESENTATION_CONTEXT() REPRESENTATION_CONTEXT('2D SPACE',''
  ) );
#254 = PCURVE('',#255,#274);
#255 = B_SPLINE_SURFACE_WITH_KNOTS('',8,1,(
    (#256,#257)
    ,(#258,#259)
    ,(#260,#261)
    ,(#262,#263)
    ,(#264,#265)
    ,(#266,#267)
    ,(#268,#269)
    ,(#270,#271)
    ,(#272,#273
    )),.UNSPECIFIED.,.F.,.F.,.F.,(9,9),(2,2),(3.14159265359,
    4.712388980385),(0.,1.),.PIECEWISE_BEZIER_KNOTS.);
#256 = CARTESIAN_POINT('',(-100.,-80.,0.));
#257 = CARTESIAN_POINT('',(-62.4695047556,-49.97560380415,210.));
#258 = CARTESIAN_POINT('',(-99.99999999999,-83.92699081698,0.));
#259 = CARTESIAN_POINT('',(-61.08696439471,-51.70377925527,210.));
#260 = CARTESIAN_POINT('',(-99.11878422078,-87.85398287008,0.));
#261 = CARTESIAN_POINT('',(-59.64978551167,-53.38824390186,210.));
#262 = CARTESIAN_POINT('',(-97.35636131742,-91.55026468669,0.));
#263 = CARTESIAN_POINT('',(-58.15958017038,-55.02698212376,210.));
#264 = CARTESIAN_POINT('',(-94.7851751156,-94.7851751156,0.));
#265 = CARTESIAN_POINT('',(-56.6180500791,-56.61805007899,210.));
#266 = CARTESIAN_POINT('',(-91.55026468669,-97.35636131742,0.));
#267 = CARTESIAN_POINT('',(-55.02698212387,-58.15958017028,210.));
#268 = CARTESIAN_POINT('',(-87.85398287008,-99.11878422077,0.));
#269 = CARTESIAN_POINT('',(-53.38824390197,-59.64978551156,210.));
#270 = CARTESIAN_POINT('',(-83.92699081698,-100.,0.));
#271 = CARTESIAN_POINT('',(-51.70377925539,-61.08696439461,210.));
#272 = CARTESIAN_POINT('',(-80.,-100.,0.));
#273 = CARTESIAN_POINT('',(-49.97560380427,-62.4695047555,210.));
#274 = DEFINITIONAL_REPRESENTATION('',(#275),#278);
#275 = B_SPLINE_CURVE_WITH_KNOTS('',1,(#276,#277),.UNSPECIFIED.,.F.,.F.,
  (2,2),(3.81633359581,4.037648038162),.PIECEWISE_BEZIER_KNOTS.);
#276 = CARTESIAN_POINT('',(3.14159265359,1.));
#277 = CARTESIAN_POINT('',(4.712388980385,1.));
#278 = ( GEOMETRIC_REPRESENTATION_CONTEXT(2) 
PARAMETRIC_REPRESENTATION_CONTEXT() REPRESENTATION_CONTEXT('2D SPACE',''
  ) );
#279 = ORIENTED_EDGE('',*,*,#280,.F.);
#280 = EDGE_CURVE('',#281,#240,#283,.T.);
#281 = VERTEX_POINT('',#282);
#282 = CARTESIAN_POINT('',(-62.4695047581,49.975603801031,210.));
#283 = SURFACE_CURVE('',#284,(#289,#295),.PCURVE_S1.);
#284 = CIRCLE('',#285,80.);
#285 = AXIS2_PLACEMENT_3D('',#286,#287,#288);
#286 = CARTESIAN_POINT('',(0.,0.,210.));
#287 = DIRECTION('',(0.,0.,1.));
#288 = DIRECTION('',(1.,0.,0.));
#289 = PCURVE('',#33,#290);
#290 = DEFINITIONAL_REPRESENTATION('',(#291),#294);
#291 = B_SPLINE_CURVE_WITH_KNOTS('',1,(#292,#293),.UNSPECIFIED.,.F.,.F.,
  (2,2),(2.466851711419,3.81633359581),.PIECEWISE_BEZIER_KNOTS.);
#292 = CARTESIAN_POINT('',(-2.466851711419,0.));
#293 = CARTESIAN_POINT('',(-3.81633359581,0.));
#294 = ( GEOMETRIC_REPRESENTATION_CONTEXT(2) 
PARAMETRIC_REPRESENTATION_CONTEXT() REPRESENTATION_CONTEXT('2D SPACE',''
  ) );
#295 = PCURVE('',#296,#315);
#296 = B_SPLINE_SURFACE_WITH_KNOTS('',8,1,(
    (#297,#298)
    ,(#299,#300)
    ,(#301,#302)
    ,(#303,#304)
    ,(#305,#306)
    ,(#307,#308)
    ,(#309,#310)
    ,(#311,#312)
    ,(#313,#314
    )),.UNSPECIFIED.,.F.,.F.,.F.,(9,9),(2,2),(-79.99999998793,
    80.000000000001),(0.,1.),.PIECEWISE_BEZIER_KNOTS.);
#297 = CARTESIAN_POINT('',(-100.,79.999999987938,0.));
#298 = CARTESIAN_POINT('',(-62.4695047581,49.975603801031,210.));
#299 = CARTESIAN_POINT('',(-100.,59.999999989445,0.));
#300 = CARTESIAN_POINT('',(-70.89965125697,39.437920676292,210.));
#301 = CARTESIAN_POINT('',(-100.,39.999999990953,0.));
#302 = CARTESIAN_POINT('',(-77.29831034301,27.275045860348,
    209.99999999999));
#303 = CARTESIAN_POINT('',(-100.,19.999999992461,0.));
#304 = CARTESIAN_POINT('',(-81.29995376328,13.943902149397,
    210.00000000001));
#305 = CARTESIAN_POINT('',(-100.,-6.031585453314E-09,0.));
#306 = CARTESIAN_POINT('',(-82.66237670618,-2.064556525738E-09,
    209.99999999998));
#307 = CARTESIAN_POINT('',(-100.,-20.00000000452,0.));
#308 = CARTESIAN_POINT('',(-81.29995376258,-13.94390215346,210.));
#309 = CARTESIAN_POINT('',(-100.,-40.00000000301,0.));
#310 = CARTESIAN_POINT('',(-77.29831034165,-27.2750458642,
    209.99999999999));
#311 = CARTESIAN_POINT('',(-100.,-60.0000000015,0.));
#312 = CARTESIAN_POINT('',(-70.899651255,-39.43792067983,210.));
#313 = CARTESIAN_POINT('',(-100.,-80.,0.));
#314 = CARTESIAN_POINT('',(-62.4695047556,-49.97560380415,210.));
#315 = DEFINITIONAL_REPRESENTATION('',(#316),#319);
#316 = B_SPLINE_CURVE_WITH_KNOTS('',1,(#317,#318),.UNSPECIFIED.,.F.,.F.,
  (2,2),(2.466851711419,3.81633359581),.PIECEWISE_BEZIER_KNOTS.);
#317 = CARTESIAN_POINT('',(-79.99999998793,1.));
#318 = CARTESIAN_POINT('',(80.000000000001,1.));
#319 = ( GEOMETRIC_REPRESENTATION_CONTEXT(2) 
PARAMETRIC_REPRESENTATION_CONTEXT() REPRESENTATION_CONTEXT('2D SPACE',''
  ) );
#320 = ORIENTED_EDGE('',*,*,#321,.F.);
#321 = EDGE_CURVE('',#322,#281,#324,.T.);
#322 = VERTEX_POINT('',#323);
#323 = CARTESIAN_POINT('',(-49.97560380493,62.469504754979,210.));
#324 = SURFACE_CURVE('',#325,(#330,#336),.PCURVE_S1.);
#325 = CIRCLE('',#326,80.);
#326 = AXIS2_PLACEMENT_3D('',#327,#328,#329);
#327 = CARTESIAN_POINT('',(0.,0.,210.));
#328 = DIRECTION('',(0.,0.,1.));
#329 = DIRECTION('',(1.,0.,0.));
#330 = PCURVE('',#33,#331);
#331 = DEFINITIONAL_REPRESENTATION('',(#332),#335);
#332 = B_SPLINE_CURVE_WITH_KNOTS('',1,(#333,#334),.UNSPECIFIED.,.F.,.F.,
  (2,2),(2.245537269028,2.466851711419),.PIECEWISE_BEZIER_KNOTS.);
#333 = CARTESIAN_POINT('',(-2.245537269028,0.));
#334 = CARTESIAN_POINT('',(-2.466851711419,0.));
#335 = ( GEOMETRIC_REPRESENTATION_CONTEXT(2) 
PARAMETRIC_REPRESENTATION_CONTEXT() REPRESENTATION_CONTEXT('2D SPACE',''
  ) );
#336 = PCURVE('',#337,#356);
#337 = B_SPLINE_SURFACE_WITH_KNOTS('',8,1,(
    (#338,#339)
    ,(#340,#341)
    ,(#342,#343)
    ,(#344,#345)
    ,(#346,#347)
    ,(#348,#349)
    ,(#350,#351)
    ,(#352,#353)
    ,(#354,#355
    )),.UNSPECIFIED.,.F.,.F.,.F.,(9,9),(2,2),(1.570796326795,
    3.14159265359),(0.,1.),.PIECEWISE_BEZIER_KNOTS.);
#338 = CARTESIAN_POINT('',(-80.,99.999999987938,0.));
#339 = CARTESIAN_POINT('',(-49.97560380493,62.469504754979,210.));
#340 = CARTESIAN_POINT('',(-83.92699081698,99.999999987937,0.));
#341 = CARTESIAN_POINT('',(-51.70377925635,61.086964393819,210.));
#342 = CARTESIAN_POINT('',(-87.85398287008,99.118784208715,0.));
#343 = CARTESIAN_POINT('',(-53.3882439032,59.649785510492,210.));
#344 = CARTESIAN_POINT('',(-91.55026468669,97.356361305363,0.));
#345 = CARTESIAN_POINT('',(-55.02698212536,58.159580168903,210.));
#346 = CARTESIAN_POINT('',(-94.7851751156,94.785175103539,0.));
#347 = CARTESIAN_POINT('',(-56.61805008083,56.618050077302,210.));
#348 = CARTESIAN_POINT('',(-97.35636131742,91.550264674636,0.));
#349 = CARTESIAN_POINT('',(-58.15958017234,55.026982121731,210.));
#350 = CARTESIAN_POINT('',(-99.11878422077,87.853982858023,0.));
#351 = CARTESIAN_POINT('',(-59.64978551382,53.38824389948,210.));
#352 = CARTESIAN_POINT('',(-100.,83.926990804924,0.));
#353 = CARTESIAN_POINT('',(-61.08696439704,51.703779252534,210.));
#354 = CARTESIAN_POINT('',(-100.,79.999999987938,0.));
#355 = CARTESIAN_POINT('',(-62.4695047581,49.975603801031,210.));
#356 = DEFINITIONAL_REPRESENTATION('',(#357),#360);
#357 = B_SPLINE_CURVE_WITH_KNOTS('',1,(#358,#359),.UNSPECIFIED.,.F.,.F.,
  (2,2),(2.245537269028,2.466851711419),.PIECEWISE_BEZIER_KNOTS.);
#358 = CARTESIAN_POINT('',(1.570796326795,1.));
#359 = CARTESIAN_POINT('',(3.14159265359,1.));
#360 = ( GEOMETRIC_REPRESENTATION_CONTEXT(2) 
PARAMETRIC_REPRESENTATION_CONTEXT() REPRESENTATION_CONTEXT('2D SPACE',''
  ) );
#361 = ORIENTED_EDGE('',*,*,#362,.F.);
#362 = EDGE_CURVE('',#363,#322,#365,.T.);
#363 = VERTEX_POINT('',#364);
#364 = CARTESIAN_POINT('',(49.975603806271,62.469504753909,210.));
#365 = SURFACE_CURVE('',#366,(#371,#377),.PCURVE_S1.);
#366 = CIRCLE('',#367,80.);
#367 = AXIS2_PLACEMENT_3D('',#368,#369,#370);
#368 = CARTESIAN_POINT('',(0.,0.,210.));
#369 = DIRECTION('',(0.,0.,1.));
#370 = DIRECTION('',(1.,0.,0.));
#371 = PCURVE('',#33,#372);
#372 = DEFINITIONAL_REPRESENTATION('',(#373),#376);
#373 = B_SPLINE_CURVE_WITH_KNOTS('',1,(#374,#375),.UNSPECIFIED.,.F.,.F.,
  (2,2),(0.896055384541,2.245537269028),.PIECEWISE_BEZIER_KNOTS.);
#374 = CARTESIAN_POINT('',(-0.896055384541,0.));
#375 = CARTESIAN_POINT('',(-2.245537269028,0.));
#376 = ( GEOMETRIC_REPRESENTATION_CONTEXT(2) 
PARAMETRIC_REPRESENTATION_CONTEXT() REPRESENTATION_CONTEXT('2D SPACE',''
  ) );
#377 = PCURVE('',#378,#397);
#378 = B_SPLINE_SURFACE_WITH_KNOTS('',8,1,(
    (#379,#380)
    ,(#381,#382)
    ,(#383,#384)
    ,(#385,#386)
    ,(#387,#388)
    ,(#389,#390)
    ,(#391,#392)
    ,(#393,#394)
    ,(#395,#396
    )),.UNSPECIFIED.,.F.,.F.,.F.,(9,9),(2,2),(-80.,80.),(0.,1.),
  .PIECEWISE_BEZIER_KNOTS.);
#379 = CARTESIAN_POINT('',(80.,100.,0.));
#380 = CARTESIAN_POINT('',(49.975603806271,62.469504753909,210.));
#381 = CARTESIAN_POINT('',(60.,100.,0.));
#382 = CARTESIAN_POINT('',(39.437920681486,70.899651254267,210.));
#383 = CARTESIAN_POINT('',(40.,100.,0.));
#384 = CARTESIAN_POINT('',(27.275045865094,77.298310341642,210.));
#385 = CARTESIAN_POINT('',(20.,100.,0.));
#386 = CARTESIAN_POINT('',(13.943902153361,81.299953762971,
    209.99999999999));
#387 = CARTESIAN_POINT('',(-4.440892098501E-16,100.,0.));
#388 = CARTESIAN_POINT('',(8.845333354657E-10,82.662376706573,210.));
#389 = CARTESIAN_POINT('',(-20.,100.,0.));
#390 = CARTESIAN_POINT('',(-13.94390215162,81.299953763269,
    209.99999999999));
#391 = CARTESIAN_POINT('',(-40.,100.,0.));
#392 = CARTESIAN_POINT('',(-27.27504586343,77.298310342226,210.));
#393 = CARTESIAN_POINT('',(-60.,100.,0.));
#394 = CARTESIAN_POINT('',(-39.43792067996,70.899651255111,210.));
#395 = CARTESIAN_POINT('',(-80.,100.,0.));
#396 = CARTESIAN_POINT('',(-49.97560380493,62.469504754979,210.));
#397 = DEFINITIONAL_REPRESENTATION('',(#398),#401);
#398 = B_SPLINE_CURVE_WITH_KNOTS('',1,(#399,#400),.UNSPECIFIED.,.F.,.F.,
  (2,2),(0.896055384541,2.245537269028),.PIECEWISE_BEZIER_KNOTS.);
#399 = CARTESIAN_POINT('',(-80.,1.));
#400 = CARTESIAN_POINT('',(80.,1.));
#401 = ( GEOMETRIC_REPRESENTATION_CONTEXT(2) 
PARAMETRIC_REPRESENTATION_CONTEXT() REPRESENTATION_CONTEXT('2D SPACE',''
  ) );
#402 = ORIENTED_EDGE('',*,*,#403,.F.);
#403 = EDGE_CURVE('',#24,#363,#404,.T.);
#404 = SURFACE_CURVE('',#405,(#410,#416),.PCURVE_S1.);
#405 = CIRCLE('',#406,80.);
#406 = AXIS2_PLACEMENT_3D('',#407,#408,#409);
#407 = CARTESIAN_POINT('',(0.,0.,210.));
#408 = DIRECTION('',(0.,0.,1.));
#409 = DIRECTION('',(1.,0.,0.));
#410 = PCURVE('',#33,#411);
#411 = DEFINITIONAL_REPRESENTATION('',(#412),#415);
#412 = B_SPLINE_CURVE_WITH_KNOTS('',1,(#413,#414),.UNSPECIFIED.,.F.,.F.,
  (2,2),(0.674740942153,0.896055384541),.PIECEWISE_BEZIER_KNOTS.);
#413 = CARTESIAN_POINT('',(-0.674740942153,0.));
#414 = CARTESIAN_POINT('',(-0.896055384541,0.));
#415 = ( GEOMETRIC_REPRESENTATION_CONTEXT(2) 
PARAMETRIC_REPRESENTATION_CONTEXT() REPRESENTATION_CONTEXT('2D SPACE',''
  ) );
#416 = PCURVE('',#417,#436);
#417 = B_SPLINE_SURFACE_WITH_KNOTS('',8,1,(
    (#418,#419)
    ,(#420,#421)
    ,(#422,#423)
    ,(#424,#425)
    ,(#426,#427)
    ,(#428,#429)
    ,(#430,#431)
    ,(#432,#433)
    ,(#434,#435
    )),.UNSPECIFIED.,.F.,.F.,.F.,(9,9),(2,2),(0.,1.570796326795),(0.,1.)
  ,.PIECEWISE_BEZIER_KNOTS.);
#418 = CARTESIAN_POINT('',(100.,79.999999987937,0.));
#419 = CARTESIAN_POINT('',(62.469504758957,49.975603799961,210.));
#420 = CARTESIAN_POINT('',(100.,83.926990804925,0.));
#421 = CARTESIAN_POINT('',(61.086964397961,51.703779251455,210.));
#422 = CARTESIAN_POINT('',(99.118784220777,87.853982858022,0.));
#423 = CARTESIAN_POINT('',(59.649785514797,53.388243898393,210.));
#424 = CARTESIAN_POINT('',(97.356361317427,91.550264674639,0.));
#425 = CARTESIAN_POINT('',(58.159580173369,55.02698212064,210.));
#426 = CARTESIAN_POINT('',(94.7851751156,94.785175103535,0.));
#427 = CARTESIAN_POINT('',(56.618050081928,56.618050076209,210.));
#428 = CARTESIAN_POINT('',(91.550264686699,97.356361305367,0.));
#429 = CARTESIAN_POINT('',(55.026982126514,58.159580167811,210.));
#430 = CARTESIAN_POINT('',(87.853982870086,99.118784208713,0.));
#431 = CARTESIAN_POINT('',(53.388243904418,59.649785509404,210.));
#432 = CARTESIAN_POINT('',(83.926990816987,99.999999987937,0.));
#433 = CARTESIAN_POINT('',(51.703779257625,61.086964392739,210.));
#434 = CARTESIAN_POINT('',(80.,99.999999987937,0.));
#435 = CARTESIAN_POINT('',(49.975603806271,62.469504753909,210.));
#436 = DEFINITIONAL_REPRESENTATION('',(#437),#440);
#437 = B_SPLINE_CURVE_WITH_KNOTS('',1,(#438,#439),.UNSPECIFIED.,.F.,.F.,
  (2,2),(0.674740942153,0.896055384541),.PIECEWISE_BEZIER_KNOTS.);
#438 = CARTESIAN_POINT('',(0.,1.));
#439 = CARTESIAN_POINT('',(1.570796326795,1.));
#440 = ( GEOMETRIC_REPRESENTATION_CONTEXT(2) 
PARAMETRIC_REPRESENTATION_CONTEXT() REPRESENTATION_CONTEXT('2D SPACE',''
  ) );
#441 = ADVANCED_FACE('',(#442),#44,.T.);
#442 = FACE_BOUND('',#443,.T.);
#443 = EDGE_LOOP('',(#444,#474,#494,#495));
#444 = ORIENTED_EDGE('',*,*,#445,.T.);
#445 = EDGE_CURVE('',#446,#448,#450,.T.);
#446 = VERTEX_POINT('',#447);
#447 = CARTESIAN_POINT('',(100.,-1.934722604346E-09,0.));
#448 = VERTEX_POINT('',#449);
#449 = CARTESIAN_POINT('',(100.,79.999999987937,0.));
#450 = SURFACE_CURVE('',#451,(#455,#462),.PCURVE_S1.);
#451 = LINE('',#452,#453);
#452 = CARTESIAN_POINT('',(100.,7.389644451905E-13,0.));
#453 = VECTOR('',#454,1.);
#454 = DIRECTION('',(0.,1.,0.));
#455 = PCURVE('',#44,#456);
#456 = DEFINITIONAL_REPRESENTATION('',(#457),#461);
#457 = LINE('',#458,#459);
#458 = CARTESIAN_POINT('',(0.,0.));
#459 = VECTOR('',#460,1.);
#460 = DIRECTION('',(1.,0.));
#461 = ( GEOMETRIC_REPRESENTATION_CONTEXT(2) 
PARAMETRIC_REPRESENTATION_CONTEXT() REPRESENTATION_CONTEXT('2D SPACE',''
  ) );
#462 = PCURVE('',#463,#468);
#463 = PLANE('',#464);
#464 = AXIS2_PLACEMENT_3D('',#465,#466,#467);
#465 = CARTESIAN_POINT('',(-2.750198653498E-09,-2.972186255083E-09,0.));
#466 = DIRECTION('',(0.,0.,1.));
#467 = DIRECTION('',(1.,0.,0.));
#468 = DEFINITIONAL_REPRESENTATION('',(#469),#473);
#469 = LINE('',#470,#471);
#470 = CARTESIAN_POINT('',(100.00000000275,2.972925219529E-09));
#471 = VECTOR('',#472,1.);
#472 = DIRECTION('',(0.,1.));
#473 = ( GEOMETRIC_REPRESENTATION_CONTEXT(2) 
PARAMETRIC_REPRESENTATION_CONTEXT() REPRESENTATION_CONTEXT('2D SPACE',''
  ) );
#474 = ORIENTED_EDGE('',*,*,#475,.T.);
#475 = EDGE_CURVE('',#448,#24,#476,.T.);
#476 = SURFACE_CURVE('',#477,(#480,#487),.PCURVE_S1.);
#477 = B_SPLINE_CURVE_WITH_KNOTS('',1,(#478,#479),.UNSPECIFIED.,.F.,.F.,
  (2,2),(0.,1.),.PIECEWISE_BEZIER_KNOTS.);
#478 = CARTESIAN_POINT('',(100.,79.999999987937,0.));
#479 = CARTESIAN_POINT('',(62.469504758957,49.975603799961,210.));
#480 = PCURVE('',#44,#481);
#481 = DEFINITIONAL_REPRESENTATION('',(#482),#486);
#482 = LINE('',#483,#484);
#483 = CARTESIAN_POINT('',(79.999999987937,0.));
#484 = VECTOR('',#485,1.);
#485 = DIRECTION('',(0.,1.));
#486 = ( GEOMETRIC_REPRESENTATION_CONTEXT(2) 
PARAMETRIC_REPRESENTATION_CONTEXT() REPRESENTATION_CONTEXT('2D SPACE',''
  ) );
#487 = PCURVE('',#417,#488);
#488 = DEFINITIONAL_REPRESENTATION('',(#489),#493);
#489 = LINE('',#490,#491);
#490 = CARTESIAN_POINT('',(0.,0.));
#491 = VECTOR('',#492,1.);
#492 = DIRECTION('',(0.,1.));
#493 = ( GEOMETRIC_REPRESENTATION_CONTEXT(2) 
PARAMETRIC_REPRESENTATION_CONTEXT() REPRESENTATION_CONTEXT('2D SPACE',''
  ) );
#494 = ORIENTED_EDGE('',*,*,#21,.F.);
#495 = ORIENTED_EDGE('',*,*,#496,.F.);
#496 = EDGE_CURVE('',#446,#22,#497,.T.);
#497 = SURFACE_CURVE('',#498,(#501,#508),.PCURVE_S1.);
#498 = B_SPLINE_CURVE_WITH_KNOTS('',1,(#499,#500),.UNSPECIFIED.,.F.,.F.,
  (2,2),(0.,1.),.PIECEWISE_BEZIER_KNOTS.);
#499 = CARTESIAN_POINT('',(100.,-1.934722604346E-09,0.));
#500 = CARTESIAN_POINT('',(80.,-2.84217094304E-14,210.));
#501 = PCURVE('',#44,#502);
#502 = DEFINITIONAL_REPRESENTATION('',(#503),#507);
#503 = LINE('',#504,#505);
#504 = CARTESIAN_POINT('',(-1.935461568792E-09,0.));
#505 = VECTOR('',#506,1.);
#506 = DIRECTION('',(0.,1.));
#507 = ( GEOMETRIC_REPRESENTATION_CONTEXT(2) 
PARAMETRIC_REPRESENTATION_CONTEXT() REPRESENTATION_CONTEXT('2D SPACE',''
  ) );
#508 = PCURVE('',#134,#509);
#509 = DEFINITIONAL_REPRESENTATION('',(#510),#514);
#510 = LINE('',#511,#512);
#511 = CARTESIAN_POINT('',(-1.935461568792E-09,0.));
#512 = VECTOR('',#513,1.);
#513 = DIRECTION('',(0.,1.));
#514 = ( GEOMETRIC_REPRESENTATION_CONTEXT(2) 
PARAMETRIC_REPRESENTATION_CONTEXT() REPRESENTATION_CONTEXT('2D SPACE',''
  ) );
#515 = ADVANCED_FACE('',(#516),#417,.T.);
#516 = FACE_BOUND('',#517,.T.);
#517 = EDGE_LOOP('',(#518,#542,#562,#563));
#518 = ORIENTED_EDGE('',*,*,#519,.T.);
#519 = EDGE_CURVE('',#448,#520,#522,.T.);
#520 = VERTEX_POINT('',#521);
#521 = CARTESIAN_POINT('',(80.,99.999999993969,0.));
#522 = SURFACE_CURVE('',#523,(#528,#535),.PCURVE_S1.);
#523 = CIRCLE('',#524,20.);
#524 = AXIS2_PLACEMENT_3D('',#525,#526,#527);
#525 = CARTESIAN_POINT('',(80.,79.999999987937,0.));
#526 = DIRECTION('',(0.,0.,1.));
#527 = DIRECTION('',(1.,0.,0.));
#528 = PCURVE('',#417,#529);
#529 = DEFINITIONAL_REPRESENTATION('',(#530),#534);
#530 = LINE('',#531,#532);
#531 = CARTESIAN_POINT('',(0.,0.));
#532 = VECTOR('',#533,1.);
#533 = DIRECTION('',(1.,0.));
#534 = ( GEOMETRIC_REPRESENTATION_CONTEXT(2) 
PARAMETRIC_REPRESENTATION_CONTEXT() REPRESENTATION_CONTEXT('2D SPACE',''
  ) );
#535 = PCURVE('',#463,#536);
#536 = DEFINITIONAL_REPRESENTATION('',(#537),#541);
#537 = CIRCLE('',#538,20.);
#538 = AXIS2_PLACEMENT_2D('',#539,#540);
#539 = CARTESIAN_POINT('',(80.00000000275,79.99999999091));
#540 = DIRECTION('',(1.,0.));
#541 = ( GEOMETRIC_REPRESENTATION_CONTEXT(2) 
PARAMETRIC_REPRESENTATION_CONTEXT() REPRESENTATION_CONTEXT('2D SPACE',''
  ) );
#542 = ORIENTED_EDGE('',*,*,#543,.T.);
#543 = EDGE_CURVE('',#520,#363,#544,.T.);
#544 = SURFACE_CURVE('',#545,(#548,#555),.PCURVE_S1.);
#545 = B_SPLINE_CURVE_WITH_KNOTS('',1,(#546,#547),.UNSPECIFIED.,.F.,.F.,
  (2,2),(0.,1.),.PIECEWISE_BEZIER_KNOTS.);
#546 = CARTESIAN_POINT('',(80.,99.999999987937,0.));
#547 = CARTESIAN_POINT('',(49.975603806271,62.469504753909,210.));
#548 = PCURVE('',#417,#549);
#549 = DEFINITIONAL_REPRESENTATION('',(#550),#554);
#550 = LINE('',#551,#552);
#551 = CARTESIAN_POINT('',(1.570796326795,0.));
#552 = VECTOR('',#553,1.);
#553 = DIRECTION('',(0.,1.));
#554 = ( GEOMETRIC_REPRESENTATION_CONTEXT(2) 
PARAMETRIC_REPRESENTATION_CONTEXT() REPRESENTATION_CONTEXT('2D SPACE',''
  ) );
#555 = PCURVE('',#378,#556);
#556 = DEFINITIONAL_REPRESENTATION('',(#557),#561);
#557 = LINE('',#558,#559);
#558 = CARTESIAN_POINT('',(-80.,0.));
#559 = VECTOR('',#560,1.);
#560 = DIRECTION('',(0.,1.));
#561 = ( GEOMETRIC_REPRESENTATION_CONTEXT(2) 
PARAMETRIC_REPRESENTATION_CONTEXT() REPRESENTATION_CONTEXT('2D SPACE',''
  ) );
#562 = ORIENTED_EDGE('',*,*,#403,.F.);
#563 = ORIENTED_EDGE('',*,*,#475,.F.);
#564 = ADVANCED_FACE('',(#565),#378,.T.);
#565 = FACE_BOUND('',#566,.T.);
#566 = EDGE_LOOP('',(#567,#590,#610,#611));
#567 = ORIENTED_EDGE('',*,*,#568,.F.);
#568 = EDGE_CURVE('',#569,#520,#571,.T.);
#569 = VERTEX_POINT('',#570);
#570 = CARTESIAN_POINT('',(-80.,99.999999993969,0.));
#571 = SURFACE_CURVE('',#572,(#576,#583),.PCURVE_S1.);
#572 = LINE('',#573,#574);
#573 = CARTESIAN_POINT('',(0.,100.,0.));
#574 = VECTOR('',#575,1.);
#575 = DIRECTION('',(1.,0.,0.));
#576 = PCURVE('',#378,#577);
#577 = DEFINITIONAL_REPRESENTATION('',(#578),#582);
#578 = LINE('',#579,#580);
#579 = CARTESIAN_POINT('',(0.,0.));
#580 = VECTOR('',#581,1.);
#581 = DIRECTION('',(-1.,0.));
#582 = ( GEOMETRIC_REPRESENTATION_CONTEXT(2) 
PARAMETRIC_REPRESENTATION_CONTEXT() REPRESENTATION_CONTEXT('2D SPACE',''
  ) );
#583 = PCURVE('',#463,#584);
#584 = DEFINITIONAL_REPRESENTATION('',(#585),#589);
#585 = LINE('',#586,#587);
#586 = CARTESIAN_POINT('',(2.750198653498E-09,100.00000000297));
#587 = VECTOR('',#588,1.);
#588 = DIRECTION('',(1.,0.));
#589 = ( GEOMETRIC_REPRESENTATION_CONTEXT(2) 
PARAMETRIC_REPRESENTATION_CONTEXT() REPRESENTATION_CONTEXT('2D SPACE',''
  ) );
#590 = ORIENTED_EDGE('',*,*,#591,.T.);
#591 = EDGE_CURVE('',#569,#322,#592,.T.);
#592 = SURFACE_CURVE('',#593,(#596,#603),.PCURVE_S1.);
#593 = B_SPLINE_CURVE_WITH_KNOTS('',1,(#594,#595),.UNSPECIFIED.,.F.,.F.,
  (2,2),(0.,1.),.PIECEWISE_BEZIER_KNOTS.);
#594 = CARTESIAN_POINT('',(-80.,100.,0.));
#595 = CARTESIAN_POINT('',(-49.97560380493,62.469504754979,210.));
#596 = PCURVE('',#378,#597);
#597 = DEFINITIONAL_REPRESENTATION('',(#598),#602);
#598 = LINE('',#599,#600);
#599 = CARTESIAN_POINT('',(80.,0.));
#600 = VECTOR('',#601,1.);
#601 = DIRECTION('',(0.,1.));
#602 = ( GEOMETRIC_REPRESENTATION_CONTEXT(2) 
PARAMETRIC_REPRESENTATION_CONTEXT() REPRESENTATION_CONTEXT('2D SPACE',''
  ) );
#603 = PCURVE('',#337,#604);
#604 = DEFINITIONAL_REPRESENTATION('',(#605),#609);
#605 = LINE('',#606,#607);
#606 = CARTESIAN_POINT('',(1.570796326795,0.));
#607 = VECTOR('',#608,1.);
#608 = DIRECTION('',(0.,1.));
#609 = ( GEOMETRIC_REPRESENTATION_CONTEXT(2) 
PARAMETRIC_REPRESENTATION_CONTEXT() REPRESENTATION_CONTEXT('2D SPACE',''
  ) );
#610 = ORIENTED_EDGE('',*,*,#362,.F.);
#611 = ORIENTED_EDGE('',*,*,#543,.F.);
#612 = ADVANCED_FACE('',(#613),#337,.T.);
#613 = FACE_BOUND('',#614,.T.);
#614 = EDGE_LOOP('',(#615,#639,#659,#660));
#615 = ORIENTED_EDGE('',*,*,#616,.T.);
#616 = EDGE_CURVE('',#569,#617,#619,.T.);
#617 = VERTEX_POINT('',#618);
#618 = CARTESIAN_POINT('',(-100.,79.999999987938,0.));
#619 = SURFACE_CURVE('',#620,(#625,#632),.PCURVE_S1.);
#620 = CIRCLE('',#621,20.);
#621 = AXIS2_PLACEMENT_3D('',#622,#623,#624);
#622 = CARTESIAN_POINT('',(-80.,79.999999987938,0.));
#623 = DIRECTION('',(0.,0.,1.));
#624 = DIRECTION('',(1.,0.,0.));
#625 = PCURVE('',#337,#626);
#626 = DEFINITIONAL_REPRESENTATION('',(#627),#631);
#627 = LINE('',#628,#629);
#628 = CARTESIAN_POINT('',(0.,0.));
#629 = VECTOR('',#630,1.);
#630 = DIRECTION('',(1.,0.));
#631 = ( GEOMETRIC_REPRESENTATION_CONTEXT(2) 
PARAMETRIC_REPRESENTATION_CONTEXT() REPRESENTATION_CONTEXT('2D SPACE',''
  ) );
#632 = PCURVE('',#463,#633);
#633 = DEFINITIONAL_REPRESENTATION('',(#634),#638);
#634 = CIRCLE('',#635,20.);
#635 = AXIS2_PLACEMENT_2D('',#636,#637);
#636 = CARTESIAN_POINT('',(-79.99999999725,79.99999999091));
#637 = DIRECTION('',(1.,0.));
#638 = ( GEOMETRIC_REPRESENTATION_CONTEXT(2) 
PARAMETRIC_REPRESENTATION_CONTEXT() REPRESENTATION_CONTEXT('2D SPACE',''
  ) );
#639 = ORIENTED_EDGE('',*,*,#640,.T.);
#640 = EDGE_CURVE('',#617,#281,#641,.T.);
#641 = SURFACE_CURVE('',#642,(#645,#652),.PCURVE_S1.);
#642 = B_SPLINE_CURVE_WITH_KNOTS('',1,(#643,#644),.UNSPECIFIED.,.F.,.F.,
  (2,2),(0.,1.),.PIECEWISE_BEZIER_KNOTS.);
#643 = CARTESIAN_POINT('',(-100.,79.999999987938,0.));
#644 = CARTESIAN_POINT('',(-62.4695047581,49.975603801031,210.));
#645 = PCURVE('',#337,#646);
#646 = DEFINITIONAL_REPRESENTATION('',(#647),#651);
#647 = LINE('',#648,#649);
#648 = CARTESIAN_POINT('',(3.14159265359,0.));
#649 = VECTOR('',#650,1.);
#650 = DIRECTION('',(0.,1.));
#651 = ( GEOMETRIC_REPRESENTATION_CONTEXT(2) 
PARAMETRIC_REPRESENTATION_CONTEXT() REPRESENTATION_CONTEXT('2D SPACE',''
  ) );
#652 = PCURVE('',#296,#653);
#653 = DEFINITIONAL_REPRESENTATION('',(#654),#658);
#654 = LINE('',#655,#656);
#655 = CARTESIAN_POINT('',(-79.99999998793,0.));
#656 = VECTOR('',#657,1.);
#657 = DIRECTION('',(0.,1.));
#658 = ( GEOMETRIC_REPRESENTATION_CONTEXT(2) 
PARAMETRIC_REPRESENTATION_CONTEXT() REPRESENTATION_CONTEXT('2D SPACE',''
  ) );
#659 = ORIENTED_EDGE('',*,*,#321,.F.);
#660 = ORIENTED_EDGE('',*,*,#591,.F.);
#661 = ADVANCED_FACE('',(#662),#296,.T.);
#662 = FACE_BOUND('',#663,.T.);
#663 = EDGE_LOOP('',(#664,#687,#707,#708));
#664 = ORIENTED_EDGE('',*,*,#665,.F.);
#665 = EDGE_CURVE('',#666,#617,#668,.T.);
#666 = VERTEX_POINT('',#667);
#667 = CARTESIAN_POINT('',(-100.,-80.,0.));
#668 = SURFACE_CURVE('',#669,(#673,#680),.PCURVE_S1.);
#669 = LINE('',#670,#671);
#670 = CARTESIAN_POINT('',(-100.,7.389644451905E-13,0.));
#671 = VECTOR('',#672,1.);
#672 = DIRECTION('',(0.,1.,0.));
#673 = PCURVE('',#296,#674);
#674 = DEFINITIONAL_REPRESENTATION('',(#675),#679);
#675 = LINE('',#676,#677);
#676 = CARTESIAN_POINT('',(0.,0.));
#677 = VECTOR('',#678,1.);
#678 = DIRECTION('',(-1.,0.));
#679 = ( GEOMETRIC_REPRESENTATION_CONTEXT(2) 
PARAMETRIC_REPRESENTATION_CONTEXT() REPRESENTATION_CONTEXT('2D SPACE',''
  ) );
#680 = PCURVE('',#463,#681);
#681 = DEFINITIONAL_REPRESENTATION('',(#682),#686);
#682 = LINE('',#683,#684);
#683 = CARTESIAN_POINT('',(-99.99999999725,2.972925219529E-09));
#684 = VECTOR('',#685,1.);
#685 = DIRECTION('',(0.,1.));
#686 = ( GEOMETRIC_REPRESENTATION_CONTEXT(2) 
PARAMETRIC_REPRESENTATION_CONTEXT() REPRESENTATION_CONTEXT('2D SPACE',''
  ) );
#687 = ORIENTED_EDGE('',*,*,#688,.T.);
#688 = EDGE_CURVE('',#666,#240,#689,.T.);
#689 = SURFACE_CURVE('',#690,(#693,#700),.PCURVE_S1.);
#690 = B_SPLINE_CURVE_WITH_KNOTS('',1,(#691,#692),.UNSPECIFIED.,.F.,.F.,
  (2,2),(0.,1.),.PIECEWISE_BEZIER_KNOTS.);
#691 = CARTESIAN_POINT('',(-100.,-80.,0.));
#692 = CARTESIAN_POINT('',(-62.4695047556,-49.97560380415,210.));
#693 = PCURVE('',#296,#694);
#694 = DEFINITIONAL_REPRESENTATION('',(#695),#699);
#695 = LINE('',#696,#697);
#696 = CARTESIAN_POINT('',(80.000000000001,0.));
#697 = VECTOR('',#698,1.);
#698 = DIRECTION('',(0.,1.));
#699 = ( GEOMETRIC_REPRESENTATION_CONTEXT(2) 
PARAMETRIC_REPRESENTATION_CONTEXT() REPRESENTATION_CONTEXT('2D SPACE',''
  ) );
#700 = PCURVE('',#255,#701);
#701 = DEFINITIONAL_REPRESENTATION('',(#702),#706);
#702 = LINE('',#703,#704);
#703 = CARTESIAN_POINT('',(3.14159265359,0.));
#704 = VECTOR('',#705,1.);
#705 = DIRECTION('',(0.,1.));
#706 = ( GEOMETRIC_REPRESENTATION_CONTEXT(2) 
PARAMETRIC_REPRESENTATION_CONTEXT() REPRESENTATION_CONTEXT('2D SPACE',''
  ) );
#707 = ORIENTED_EDGE('',*,*,#280,.F.);
#708 = ORIENTED_EDGE('',*,*,#640,.F.);
#709 = ADVANCED_FACE('',(#710),#255,.T.);
#710 = FACE_BOUND('',#711,.T.);
#711 = EDGE_LOOP('',(#712,#736,#756,#757));
#712 = ORIENTED_EDGE('',*,*,#713,.T.);
#713 = EDGE_CURVE('',#666,#714,#716,.T.);
#714 = VERTEX_POINT('',#715);
#715 = CARTESIAN_POINT('',(-80.,-100.,0.));
#716 = SURFACE_CURVE('',#717,(#722,#729),.PCURVE_S1.);
#717 = CIRCLE('',#718,20.);
#718 = AXIS2_PLACEMENT_3D('',#719,#720,#721);
#719 = CARTESIAN_POINT('',(-80.,-80.,0.));
#720 = DIRECTION('',(0.,0.,1.));
#721 = DIRECTION('',(1.,0.,0.));
#722 = PCURVE('',#255,#723);
#723 = DEFINITIONAL_REPRESENTATION('',(#724),#728);
#724 = LINE('',#725,#726);
#725 = CARTESIAN_POINT('',(0.,0.));
#726 = VECTOR('',#727,1.);
#727 = DIRECTION('',(1.,0.));
#728 = ( GEOMETRIC_REPRESENTATION_CONTEXT(2) 
PARAMETRIC_REPRESENTATION_CONTEXT() REPRESENTATION_CONTEXT('2D SPACE',''
  ) );
#729 = PCURVE('',#463,#730);
#730 = DEFINITIONAL_REPRESENTATION('',(#731),#735);
#731 = CIRCLE('',#732,20.);
#732 = AXIS2_PLACEMENT_2D('',#733,#734);
#733 = CARTESIAN_POINT('',(-79.99999999725,-79.99999999702));
#734 = DIRECTION('',(1.,0.));
#735 = ( GEOMETRIC_REPRESENTATION_CONTEXT(2) 
PARAMETRIC_REPRESENTATION_CONTEXT() REPRESENTATION_CONTEXT('2D SPACE',''
  ) );
#736 = ORIENTED_EDGE('',*,*,#737,.T.);
#737 = EDGE_CURVE('',#714,#199,#738,.T.);
#738 = SURFACE_CURVE('',#739,(#742,#749),.PCURVE_S1.);
#739 = B_SPLINE_CURVE_WITH_KNOTS('',1,(#740,#741),.UNSPECIFIED.,.F.,.F.,
  (2,2),(0.,1.),.PIECEWISE_BEZIER_KNOTS.);
#740 = CARTESIAN_POINT('',(-80.,-100.,0.));
#741 = CARTESIAN_POINT('',(-49.97560380427,-62.4695047555,210.));
#742 = PCURVE('',#255,#743);
#743 = DEFINITIONAL_REPRESENTATION('',(#744),#748);
#744 = LINE('',#745,#746);
#745 = CARTESIAN_POINT('',(4.712388980385,0.));
#746 = VECTOR('',#747,1.);
#747 = DIRECTION('',(0.,1.));
#748 = ( GEOMETRIC_REPRESENTATION_CONTEXT(2) 
PARAMETRIC_REPRESENTATION_CONTEXT() REPRESENTATION_CONTEXT('2D SPACE',''
  ) );
#749 = PCURVE('',#214,#750);
#750 = DEFINITIONAL_REPRESENTATION('',(#751),#755);
#751 = LINE('',#752,#753);
#752 = CARTESIAN_POINT('',(-80.,0.));
#753 = VECTOR('',#754,1.);
#754 = DIRECTION('',(0.,1.));
#755 = ( GEOMETRIC_REPRESENTATION_CONTEXT(2) 
PARAMETRIC_REPRESENTATION_CONTEXT() REPRESENTATION_CONTEXT('2D SPACE',''
  ) );
#756 = ORIENTED_EDGE('',*,*,#239,.F.);
#757 = ORIENTED_EDGE('',*,*,#688,.F.);
#758 = ADVANCED_FACE('',(#759),#214,.T.);
#759 = FACE_BOUND('',#760,.T.);
#760 = EDGE_LOOP('',(#761,#784,#804,#805));
#761 = ORIENTED_EDGE('',*,*,#762,.T.);
#762 = EDGE_CURVE('',#714,#763,#765,.T.);
#763 = VERTEX_POINT('',#764);
#764 = CARTESIAN_POINT('',(79.999999987937,-99.99999999999,0.));
#765 = SURFACE_CURVE('',#766,(#770,#777),.PCURVE_S1.);
#766 = LINE('',#767,#768);
#767 = CARTESIAN_POINT('',(0.,-99.99999999999,0.));
#768 = VECTOR('',#769,1.);
#769 = DIRECTION('',(1.,0.,0.));
#770 = PCURVE('',#214,#771);
#771 = DEFINITIONAL_REPRESENTATION('',(#772),#776);
#772 = LINE('',#773,#774);
#773 = CARTESIAN_POINT('',(0.,0.));
#774 = VECTOR('',#775,1.);
#775 = DIRECTION('',(1.,0.));
#776 = ( GEOMETRIC_REPRESENTATION_CONTEXT(2) 
PARAMETRIC_REPRESENTATION_CONTEXT() REPRESENTATION_CONTEXT('2D SPACE',''
  ) );
#777 = PCURVE('',#463,#778);
#778 = DEFINITIONAL_REPRESENTATION('',(#779),#783);
#779 = LINE('',#780,#781);
#780 = CARTESIAN_POINT('',(2.750198653498E-09,-99.99999999702));
#781 = VECTOR('',#782,1.);
#782 = DIRECTION('',(1.,0.));
#783 = ( GEOMETRIC_REPRESENTATION_CONTEXT(2) 
PARAMETRIC_REPRESENTATION_CONTEXT() REPRESENTATION_CONTEXT('2D SPACE',''
  ) );
#784 = ORIENTED_EDGE('',*,*,#785,.T.);
#785 = EDGE_CURVE('',#763,#158,#786,.T.);
#786 = SURFACE_CURVE('',#787,(#790,#797),.PCURVE_S1.);
#787 = B_SPLINE_CURVE_WITH_KNOTS('',1,(#788,#789),.UNSPECIFIED.,.F.,.F.,
  (2,2),(0.,1.),.PIECEWISE_BEZIER_KNOTS.);
#788 = CARTESIAN_POINT('',(79.999999987937,-99.99999999999,0.));
#789 = CARTESIAN_POINT('',(49.975603801017,-62.46950475811,210.));
#790 = PCURVE('',#214,#791);
#791 = DEFINITIONAL_REPRESENTATION('',(#792),#796);
#792 = LINE('',#793,#794);
#793 = CARTESIAN_POINT('',(79.999999987937,0.));
#794 = VECTOR('',#795,1.);
#795 = DIRECTION('',(0.,1.));
#796 = ( GEOMETRIC_REPRESENTATION_CONTEXT(2) 
PARAMETRIC_REPRESENTATION_CONTEXT() REPRESENTATION_CONTEXT('2D SPACE',''
  ) );
#797 = PCURVE('',#173,#798);
#798 = DEFINITIONAL_REPRESENTATION('',(#799),#803);
#799 = LINE('',#800,#801);
#800 = CARTESIAN_POINT('',(4.712388980385,0.));
#801 = VECTOR('',#802,1.);
#802 = DIRECTION('',(0.,1.));
#803 = ( GEOMETRIC_REPRESENTATION_CONTEXT(2) 
PARAMETRIC_REPRESENTATION_CONTEXT() REPRESENTATION_CONTEXT('2D SPACE',''
  ) );
#804 = ORIENTED_EDGE('',*,*,#198,.F.);
#805 = ORIENTED_EDGE('',*,*,#737,.F.);
#806 = ADVANCED_FACE('',(#807),#173,.T.);
#807 = FACE_BOUND('',#808,.T.);
#808 = EDGE_LOOP('',(#809,#833,#853,#854));
#809 = ORIENTED_EDGE('',*,*,#810,.T.);
#810 = EDGE_CURVE('',#763,#811,#813,.T.);
#811 = VERTEX_POINT('',#812);
#812 = CARTESIAN_POINT('',(99.999999993968,-79.99999999999,0.));
#813 = SURFACE_CURVE('',#814,(#819,#826),.PCURVE_S1.);
#814 = CIRCLE('',#815,20.);
#815 = AXIS2_PLACEMENT_3D('',#816,#817,#818);
#816 = CARTESIAN_POINT('',(79.999999987937,-79.99999999999,0.));
#817 = DIRECTION('',(0.,0.,1.));
#818 = DIRECTION('',(1.,0.,0.));
#819 = PCURVE('',#173,#820);
#820 = DEFINITIONAL_REPRESENTATION('',(#821),#825);
#821 = LINE('',#822,#823);
#822 = CARTESIAN_POINT('',(0.,0.));
#823 = VECTOR('',#824,1.);
#824 = DIRECTION('',(1.,0.));
#825 = ( GEOMETRIC_REPRESENTATION_CONTEXT(2) 
PARAMETRIC_REPRESENTATION_CONTEXT() REPRESENTATION_CONTEXT('2D SPACE',''
  ) );
#826 = PCURVE('',#463,#827);
#827 = DEFINITIONAL_REPRESENTATION('',(#828),#832);
#828 = CIRCLE('',#829,20.);
#829 = AXIS2_PLACEMENT_2D('',#830,#831);
#830 = CARTESIAN_POINT('',(79.999999990687,-79.99999999702));
#831 = DIRECTION('',(1.,0.));
#832 = ( GEOMETRIC_REPRESENTATION_CONTEXT(2) 
PARAMETRIC_REPRESENTATION_CONTEXT() REPRESENTATION_CONTEXT('2D SPACE',''
  ) );
#833 = ORIENTED_EDGE('',*,*,#834,.T.);
#834 = EDGE_CURVE('',#811,#119,#835,.T.);
#835 = SURFACE_CURVE('',#836,(#839,#846),.PCURVE_S1.);
#836 = B_SPLINE_CURVE_WITH_KNOTS('',1,(#837,#838),.UNSPECIFIED.,.F.,.F.,
  (2,2),(0.,1.),.PIECEWISE_BEZIER_KNOTS.);
#837 = CARTESIAN_POINT('',(99.999999987937,-79.99999999999,0.));
#838 = CARTESIAN_POINT('',(62.46950475499,-49.97560380492,210.));
#839 = PCURVE('',#173,#840);
#840 = DEFINITIONAL_REPRESENTATION('',(#841),#845);
#841 = LINE('',#842,#843);
#842 = CARTESIAN_POINT('',(6.28318530718,0.));
#843 = VECTOR('',#844,1.);
#844 = DIRECTION('',(0.,1.));
#845 = ( GEOMETRIC_REPRESENTATION_CONTEXT(2) 
PARAMETRIC_REPRESENTATION_CONTEXT() REPRESENTATION_CONTEXT('2D SPACE',''
  ) );
#846 = PCURVE('',#134,#847);
#847 = DEFINITIONAL_REPRESENTATION('',(#848),#852);
#848 = LINE('',#849,#850);
#849 = CARTESIAN_POINT('',(-80.,0.));
#850 = VECTOR('',#851,1.);
#851 = DIRECTION('',(0.,1.));
#852 = ( GEOMETRIC_REPRESENTATION_CONTEXT(2) 
PARAMETRIC_REPRESENTATION_CONTEXT() REPRESENTATION_CONTEXT('2D SPACE',''
  ) );
#853 = ORIENTED_EDGE('',*,*,#157,.F.);
#854 = ORIENTED_EDGE('',*,*,#785,.F.);
#855 = ADVANCED_FACE('',(#856),#134,.T.);
#856 = FACE_BOUND('',#857,.T.);
#857 = EDGE_LOOP('',(#858,#879,#880,#881));
#858 = ORIENTED_EDGE('',*,*,#859,.T.);
#859 = EDGE_CURVE('',#811,#446,#860,.T.);
#860 = SURFACE_CURVE('',#861,(#865,#872),.PCURVE_S1.);
#861 = LINE('',#862,#863);
#862 = CARTESIAN_POINT('',(100.,7.389644451905E-13,0.));
#863 = VECTOR('',#864,1.);
#864 = DIRECTION('',(0.,1.,0.));
#865 = PCURVE('',#134,#866);
#866 = DEFINITIONAL_REPRESENTATION('',(#867),#871);
#867 = LINE('',#868,#869);
#868 = CARTESIAN_POINT('',(0.,0.));
#869 = VECTOR('',#870,1.);
#870 = DIRECTION('',(1.,0.));
#871 = ( GEOMETRIC_REPRESENTATION_CONTEXT(2) 
PARAMETRIC_REPRESENTATION_CONTEXT() REPRESENTATION_CONTEXT('2D SPACE',''
  ) );
#872 = PCURVE('',#463,#873);
#873 = DEFINITIONAL_REPRESENTATION('',(#874),#878);
#874 = LINE('',#875,#876);
#875 = CARTESIAN_POINT('',(100.00000000275,2.972925219529E-09));
#876 = VECTOR('',#877,1.);
#877 = DIRECTION('',(0.,1.));
#878 = ( GEOMETRIC_REPRESENTATION_CONTEXT(2) 
PARAMETRIC_REPRESENTATION_CONTEXT() REPRESENTATION_CONTEXT('2D SPACE',''
  ) );
#879 = ORIENTED_EDGE('',*,*,#496,.T.);
#880 = ORIENTED_EDGE('',*,*,#118,.F.);
#881 = ORIENTED_EDGE('',*,*,#834,.F.);
#882 = ADVANCED_FACE('',(#883,#886),#105,.T.);
#883 = FACE_BOUND('',#884,.T.);
#884 = EDGE_LOOP('',(#885));
#885 = ORIENTED_EDGE('',*,*,#90,.T.);
#886 = FACE_BOUND('',#887,.T.);
#887 = EDGE_LOOP('',(#888));
#888 = ORIENTED_EDGE('',*,*,#889,.F.);
#889 = EDGE_CURVE('',#890,#890,#892,.T.);
#890 = VERTEX_POINT('',#891);
#891 = CARTESIAN_POINT('',(78.5,-1.922695474661E-14,240.));
#892 = SURFACE_CURVE('',#893,(#898,#905),.PCURVE_S1.);
#893 = CIRCLE('',#894,78.5);
#894 = AXIS2_PLACEMENT_3D('',#895,#896,#897);
#895 = CARTESIAN_POINT('',(0.,0.,240.));
#896 = DIRECTION('',(0.,0.,1.));
#897 = DIRECTION('',(1.,0.,0.));
#898 = PCURVE('',#105,#899);
#899 = DEFINITIONAL_REPRESENTATION('',(#900),#904);
#900 = CIRCLE('',#901,78.5);
#901 = AXIS2_PLACEMENT_2D('',#902,#903);
#902 = CARTESIAN_POINT('',(4.375808424126E-15,-1.1100836264E-15));
#903 = DIRECTION('',(1.,0.));
#904 = ( GEOMETRIC_REPRESENTATION_CONTEXT(2) 
PARAMETRIC_REPRESENTATION_CONTEXT() REPRESENTATION_CONTEXT('2D SPACE',''
  ) );
#905 = PCURVE('',#906,#911);
#906 = CYLINDRICAL_SURFACE('',#907,78.5);
#907 = AXIS2_PLACEMENT_3D('',#908,#909,#910);
#908 = CARTESIAN_POINT('',(0.,0.,210.));
#909 = DIRECTION('',(-0.,-0.,-1.));
#910 = DIRECTION('',(1.,0.,0.));
#911 = DEFINITIONAL_REPRESENTATION('',(#912),#916);
#912 = LINE('',#913,#914);
#913 = CARTESIAN_POINT('',(-0.,-30.));
#914 = VECTOR('',#915,1.);
#915 = DIRECTION('',(-1.,0.));
#916 = ( GEOMETRIC_REPRESENTATION_CONTEXT(2) 
PARAMETRIC_REPRESENTATION_CONTEXT() REPRESENTATION_CONTEXT('2D SPACE',''
  ) );
#917 = ADVANCED_FACE('',(#918,#1148,#1179,#1210,#1241,#1272,#1303,#1314,
    #1345,#1376),#463,.T.);
#918 = FACE_BOUND('',#919,.T.);
#919 = EDGE_LOOP('',(#920,#950,#979,#1007,#1036,#1064,#1093,#1121));
#920 = ORIENTED_EDGE('',*,*,#921,.F.);
#921 = EDGE_CURVE('',#922,#924,#926,.T.);
#922 = VERTEX_POINT('',#923);
#923 = CARTESIAN_POINT('',(-125.,-105.,0.));
#924 = VERTEX_POINT('',#925);
#925 = CARTESIAN_POINT('',(-125.,104.99999998051,0.));
#926 = SURFACE_CURVE('',#927,(#931,#938),.PCURVE_S1.);
#927 = LINE('',#928,#929);
#928 = CARTESIAN_POINT('',(-125.,1.520561454527E-12,0.));
#929 = VECTOR('',#930,1.);
#930 = DIRECTION('',(0.,1.,0.));
#931 = PCURVE('',#463,#932);
#932 = DEFINITIONAL_REPRESENTATION('',(#933),#937);
#933 = LINE('',#934,#935);
#934 = CARTESIAN_POINT('',(-124.9999999972,2.973706816538E-09));
#935 = VECTOR('',#936,1.);
#936 = DIRECTION('',(0.,1.));
#937 = ( GEOMETRIC_REPRESENTATION_CONTEXT(2) 
PARAMETRIC_REPRESENTATION_CONTEXT() REPRESENTATION_CONTEXT('2D SPACE',''
  ) );
#938 = PCURVE('',#939,#944);
#939 = PLANE('',#940);
#940 = AXIS2_PLACEMENT_3D('',#941,#942,#943);
#941 = CARTESIAN_POINT('',(-125.,-105.,0.));
#942 = DIRECTION('',(1.,-0.,0.));
#943 = DIRECTION('',(0.,1.,0.));
#944 = DEFINITIONAL_REPRESENTATION('',(#945),#949);
#945 = LINE('',#946,#947);
#946 = CARTESIAN_POINT('',(105.,0.));
#947 = VECTOR('',#948,1.);
#948 = DIRECTION('',(1.,0.));
#949 = ( GEOMETRIC_REPRESENTATION_CONTEXT(2) 
PARAMETRIC_REPRESENTATION_CONTEXT() REPRESENTATION_CONTEXT('2D SPACE',''
  ) );
#950 = ORIENTED_EDGE('',*,*,#951,.T.);
#951 = EDGE_CURVE('',#922,#952,#954,.T.);
#952 = VERTEX_POINT('',#953);
#953 = CARTESIAN_POINT('',(-105.,-125.,0.));
#954 = SURFACE_CURVE('',#955,(#960,#967),.PCURVE_S1.);
#955 = CIRCLE('',#956,20.);
#956 = AXIS2_PLACEMENT_3D('',#957,#958,#959);
#957 = CARTESIAN_POINT('',(-105.,-105.,0.));
#958 = DIRECTION('',(0.,0.,1.));
#959 = DIRECTION('',(1.,0.,0.));
#960 = PCURVE('',#463,#961);
#961 = DEFINITIONAL_REPRESENTATION('',(#962),#966);
#962 = CIRCLE('',#963,20.);
#963 = AXIS2_PLACEMENT_2D('',#964,#965);
#964 = CARTESIAN_POINT('',(-104.9999999972,-104.999999997));
#965 = DIRECTION('',(1.,0.));
#966 = ( GEOMETRIC_REPRESENTATION_CONTEXT(2) 
PARAMETRIC_REPRESENTATION_CONTEXT() REPRESENTATION_CONTEXT('2D SPACE',''
  ) );
#967 = PCURVE('',#968,#973);
#968 = CYLINDRICAL_SURFACE('',#969,20.);
#969 = AXIS2_PLACEMENT_3D('',#970,#971,#972);
#970 = CARTESIAN_POINT('',(-105.,-105.,0.));
#971 = DIRECTION('',(0.,0.,1.));
#972 = DIRECTION('',(1.,0.,0.));
#973 = DEFINITIONAL_REPRESENTATION('',(#974),#978);
#974 = LINE('',#975,#976);
#975 = CARTESIAN_POINT('',(0.,0.));
#976 = VECTOR('',#977,1.);
#977 = DIRECTION('',(1.,0.));
#978 = ( GEOMETRIC_REPRESENTATION_CONTEXT(2) 
PARAMETRIC_REPRESENTATION_CONTEXT() REPRESENTATION_CONTEXT('2D SPACE',''
  ) );
#979 = ORIENTED_EDGE('',*,*,#980,.T.);
#980 = EDGE_CURVE('',#952,#981,#983,.T.);
#981 = VERTEX_POINT('',#982);
#982 = CARTESIAN_POINT('',(104.99999998051,-124.9999999999,0.));
#983 = SURFACE_CURVE('',#984,(#988,#995),.PCURVE_S1.);
#984 = LINE('',#985,#986);
#985 = CARTESIAN_POINT('',(0.,-124.9999999999,0.));
#986 = VECTOR('',#987,1.);
#987 = DIRECTION('',(1.,0.,0.));
#988 = PCURVE('',#463,#989);
#989 = DEFINITIONAL_REPRESENTATION('',(#990),#994);
#990 = LINE('',#991,#992);
#991 = CARTESIAN_POINT('',(2.750198653498E-09,-124.999999997));
#992 = VECTOR('',#993,1.);
#993 = DIRECTION('',(1.,0.));
#994 = ( GEOMETRIC_REPRESENTATION_CONTEXT(2) 
PARAMETRIC_REPRESENTATION_CONTEXT() REPRESENTATION_CONTEXT('2D SPACE',''
  ) );
#995 = PCURVE('',#996,#1001);
#996 = PLANE('',#997);
#997 = AXIS2_PLACEMENT_3D('',#998,#999,#1000);
#998 = CARTESIAN_POINT('',(-105.,-124.9999999999,0.));
#999 = DIRECTION('',(0.,-1.,0.));
#1000 = DIRECTION('',(1.,0.,0.));
#1001 = DEFINITIONAL_REPRESENTATION('',(#1002),#1006);
#1002 = LINE('',#1003,#1004);
#1003 = CARTESIAN_POINT('',(105.,0.));
#1004 = VECTOR('',#1005,1.);
#1005 = DIRECTION('',(1.,0.));
#1006 = ( GEOMETRIC_REPRESENTATION_CONTEXT(2) 
PARAMETRIC_REPRESENTATION_CONTEXT() REPRESENTATION_CONTEXT('2D SPACE',''
  ) );
#1007 = ORIENTED_EDGE('',*,*,#1008,.T.);
#1008 = EDGE_CURVE('',#981,#1009,#1011,.T.);
#1009 = VERTEX_POINT('',#1010);
#1010 = CARTESIAN_POINT('',(124.99999999025,-104.9999999999,0.));
#1011 = SURFACE_CURVE('',#1012,(#1017,#1024),.PCURVE_S1.);
#1012 = CIRCLE('',#1013,20.);
#1013 = AXIS2_PLACEMENT_3D('',#1014,#1015,#1016);
#1014 = CARTESIAN_POINT('',(104.99999998051,-104.9999999999,0.));
#1015 = DIRECTION('',(0.,0.,1.));
#1016 = DIRECTION('',(1.,0.,0.));
#1017 = PCURVE('',#463,#1018);
#1018 = DEFINITIONAL_REPRESENTATION('',(#1019),#1023);
#1019 = CIRCLE('',#1020,20.);
#1020 = AXIS2_PLACEMENT_2D('',#1021,#1022);
#1021 = CARTESIAN_POINT('',(104.99999998326,-104.999999997));
#1022 = DIRECTION('',(1.,0.));
#1023 = ( GEOMETRIC_REPRESENTATION_CONTEXT(2) 
PARAMETRIC_REPRESENTATION_CONTEXT() REPRESENTATION_CONTEXT('2D SPACE',''
  ) );
#1024 = PCURVE('',#1025,#1030);
#1025 = CYLINDRICAL_SURFACE('',#1026,20.);
#1026 = AXIS2_PLACEMENT_3D('',#1027,#1028,#1029);
#1027 = CARTESIAN_POINT('',(104.99999998051,-104.9999999999,0.));
#1028 = DIRECTION('',(0.,0.,1.));
#1029 = DIRECTION('',(1.,0.,0.));
#1030 = DEFINITIONAL_REPRESENTATION('',(#1031),#1035);
#1031 = LINE('',#1032,#1033);
#1032 = CARTESIAN_POINT('',(0.,0.));
#1033 = VECTOR('',#1034,1.);
#1034 = DIRECTION('',(1.,0.));
#1035 = ( GEOMETRIC_REPRESENTATION_CONTEXT(2) 
PARAMETRIC_REPRESENTATION_CONTEXT() REPRESENTATION_CONTEXT('2D SPACE',''
  ) );
#1036 = ORIENTED_EDGE('',*,*,#1037,.T.);
#1037 = EDGE_CURVE('',#1009,#1038,#1040,.T.);
#1038 = VERTEX_POINT('',#1039);
#1039 = CARTESIAN_POINT('',(125.,104.99999998051,0.));
#1040 = SURFACE_CURVE('',#1041,(#1045,#1052),.PCURVE_S1.);
#1041 = LINE('',#1042,#1043);
#1042 = CARTESIAN_POINT('',(125.,1.520561454527E-12,0.));
#1043 = VECTOR('',#1044,1.);
#1044 = DIRECTION('',(0.,1.,0.));
#1045 = PCURVE('',#463,#1046);
#1046 = DEFINITIONAL_REPRESENTATION('',(#1047),#1051);
#1047 = LINE('',#1048,#1049);
#1048 = CARTESIAN_POINT('',(125.00000000275,2.973706816538E-09));
#1049 = VECTOR('',#1050,1.);
#1050 = DIRECTION('',(0.,1.));
#1051 = ( GEOMETRIC_REPRESENTATION_CONTEXT(2) 
PARAMETRIC_REPRESENTATION_CONTEXT() REPRESENTATION_CONTEXT('2D SPACE',''
  ) );
#1052 = PCURVE('',#1053,#1058);
#1053 = PLANE('',#1054);
#1054 = AXIS2_PLACEMENT_3D('',#1055,#1056,#1057);
#1055 = CARTESIAN_POINT('',(125.,-104.9999999999,0.));
#1056 = DIRECTION('',(1.,-0.,0.));
#1057 = DIRECTION('',(0.,1.,0.));
#1058 = DEFINITIONAL_REPRESENTATION('',(#1059),#1063);
#1059 = LINE('',#1060,#1061);
#1060 = CARTESIAN_POINT('',(105.,0.));
#1061 = VECTOR('',#1062,1.);
#1062 = DIRECTION('',(1.,0.));
#1063 = ( GEOMETRIC_REPRESENTATION_CONTEXT(2) 
PARAMETRIC_REPRESENTATION_CONTEXT() REPRESENTATION_CONTEXT('2D SPACE',''
  ) );
#1064 = ORIENTED_EDGE('',*,*,#1065,.T.);
#1065 = EDGE_CURVE('',#1038,#1066,#1068,.T.);
#1066 = VERTEX_POINT('',#1067);
#1067 = CARTESIAN_POINT('',(105.,124.99999999025,0.));
#1068 = SURFACE_CURVE('',#1069,(#1074,#1081),.PCURVE_S1.);
#1069 = CIRCLE('',#1070,20.);
#1070 = AXIS2_PLACEMENT_3D('',#1071,#1072,#1073);
#1071 = CARTESIAN_POINT('',(105.,104.99999998051,0.));
#1072 = DIRECTION('',(0.,0.,1.));
#1073 = DIRECTION('',(1.,0.,0.));
#1074 = PCURVE('',#463,#1075);
#1075 = DEFINITIONAL_REPRESENTATION('',(#1076),#1080);
#1076 = CIRCLE('',#1077,20.);
#1077 = AXIS2_PLACEMENT_2D('',#1078,#1079);
#1078 = CARTESIAN_POINT('',(105.00000000275,104.99999998348));
#1079 = DIRECTION('',(1.,0.));
#1080 = ( GEOMETRIC_REPRESENTATION_CONTEXT(2) 
PARAMETRIC_REPRESENTATION_CONTEXT() REPRESENTATION_CONTEXT('2D SPACE',''
  ) );
#1081 = PCURVE('',#1082,#1087);
#1082 = CYLINDRICAL_SURFACE('',#1083,20.);
#1083 = AXIS2_PLACEMENT_3D('',#1084,#1085,#1086);
#1084 = CARTESIAN_POINT('',(105.,104.99999998051,0.));
#1085 = DIRECTION('',(0.,0.,1.));
#1086 = DIRECTION('',(1.,0.,0.));
#1087 = DEFINITIONAL_REPRESENTATION('',(#1088),#1092);
#1088 = LINE('',#1089,#1090);
#1089 = CARTESIAN_POINT('',(0.,0.));
#1090 = VECTOR('',#1091,1.);
#1091 = DIRECTION('',(1.,0.));
#1092 = ( GEOMETRIC_REPRESENTATION_CONTEXT(2) 
PARAMETRIC_REPRESENTATION_CONTEXT() REPRESENTATION_CONTEXT('2D SPACE',''
  ) );
#1093 = ORIENTED_EDGE('',*,*,#1094,.F.);
#1094 = EDGE_CURVE('',#1095,#1066,#1097,.T.);
#1095 = VERTEX_POINT('',#1096);
#1096 = CARTESIAN_POINT('',(-105.,124.99999999025,0.));
#1097 = SURFACE_CURVE('',#1098,(#1102,#1109),.PCURVE_S1.);
#1098 = LINE('',#1099,#1100);
#1099 = CARTESIAN_POINT('',(0.,125.,0.));
#1100 = VECTOR('',#1101,1.);
#1101 = DIRECTION('',(1.,0.,0.));
#1102 = PCURVE('',#463,#1103);
#1103 = DEFINITIONAL_REPRESENTATION('',(#1104),#1108);
#1104 = LINE('',#1105,#1106);
#1105 = CARTESIAN_POINT('',(2.750198653498E-09,125.00000000297));
#1106 = VECTOR('',#1107,1.);
#1107 = DIRECTION('',(1.,0.));
#1108 = ( GEOMETRIC_REPRESENTATION_CONTEXT(2) 
PARAMETRIC_REPRESENTATION_CONTEXT() REPRESENTATION_CONTEXT('2D SPACE',''
  ) );
#1109 = PCURVE('',#1110,#1115);
#1110 = PLANE('',#1111);
#1111 = AXIS2_PLACEMENT_3D('',#1112,#1113,#1114);
#1112 = CARTESIAN_POINT('',(-105.,125.,0.));
#1113 = DIRECTION('',(0.,-1.,0.));
#1114 = DIRECTION('',(1.,0.,0.));
#1115 = DEFINITIONAL_REPRESENTATION('',(#1116),#1120);
#1116 = LINE('',#1117,#1118);
#1117 = CARTESIAN_POINT('',(105.,0.));
#1118 = VECTOR('',#1119,1.);
#1119 = DIRECTION('',(1.,0.));
#1120 = ( GEOMETRIC_REPRESENTATION_CONTEXT(2) 
PARAMETRIC_REPRESENTATION_CONTEXT() REPRESENTATION_CONTEXT('2D SPACE',''
  ) );
#1121 = ORIENTED_EDGE('',*,*,#1122,.T.);
#1122 = EDGE_CURVE('',#1095,#924,#1123,.T.);
#1123 = SURFACE_CURVE('',#1124,(#1129,#1136),.PCURVE_S1.);
#1124 = CIRCLE('',#1125,20.);
#1125 = AXIS2_PLACEMENT_3D('',#1126,#1127,#1128);
#1126 = CARTESIAN_POINT('',(-105.,104.99999998051,0.));
#1127 = DIRECTION('',(0.,0.,1.));
#1128 = DIRECTION('',(1.,0.,0.));
#1129 = PCURVE('',#463,#1130);
#1130 = DEFINITIONAL_REPRESENTATION('',(#1131),#1135);
#1131 = CIRCLE('',#1132,20.);
#1132 = AXIS2_PLACEMENT_2D('',#1133,#1134);
#1133 = CARTESIAN_POINT('',(-104.9999999972,104.99999998348));
#1134 = DIRECTION('',(1.,0.));
#1135 = ( GEOMETRIC_REPRESENTATION_CONTEXT(2) 
PARAMETRIC_REPRESENTATION_CONTEXT() REPRESENTATION_CONTEXT('2D SPACE',''
  ) );
#1136 = PCURVE('',#1137,#1142);
#1137 = CYLINDRICAL_SURFACE('',#1138,20.);
#1138 = AXIS2_PLACEMENT_3D('',#1139,#1140,#1141);
#1139 = CARTESIAN_POINT('',(-105.,104.99999998051,0.));
#1140 = DIRECTION('',(0.,0.,1.));
#1141 = DIRECTION('',(1.,0.,0.));
#1142 = DEFINITIONAL_REPRESENTATION('',(#1143),#1147);
#1143 = LINE('',#1144,#1145);
#1144 = CARTESIAN_POINT('',(0.,0.));
#1145 = VECTOR('',#1146,1.);
#1146 = DIRECTION('',(1.,0.));
#1147 = ( GEOMETRIC_REPRESENTATION_CONTEXT(2) 
PARAMETRIC_REPRESENTATION_CONTEXT() REPRESENTATION_CONTEXT('2D SPACE',''
  ) );
#1148 = FACE_BOUND('',#1149,.T.);
#1149 = EDGE_LOOP('',(#1150));
#1150 = ORIENTED_EDGE('',*,*,#1151,.F.);
#1151 = EDGE_CURVE('',#1152,#1152,#1154,.T.);
#1152 = VERTEX_POINT('',#1153);
#1153 = CARTESIAN_POINT('',(-108.,-112.5,0.));
#1154 = SURFACE_CURVE('',#1155,(#1160,#1167),.PCURVE_S1.);
#1155 = CIRCLE('',#1156,4.5);
#1156 = AXIS2_PLACEMENT_3D('',#1157,#1158,#1159);
#1157 = CARTESIAN_POINT('',(-112.5,-112.5,0.));
#1158 = DIRECTION('',(0.,0.,1.));
#1159 = DIRECTION('',(1.,0.,0.));
#1160 = PCURVE('',#463,#1161);
#1161 = DEFINITIONAL_REPRESENTATION('',(#1162),#1166);
#1162 = CIRCLE('',#1163,4.5);
#1163 = AXIS2_PLACEMENT_2D('',#1164,#1165);
#1164 = CARTESIAN_POINT('',(-112.4999999972,-112.499999997));
#1165 = DIRECTION('',(1.,0.));
#1166 = ( GEOMETRIC_REPRESENTATION_CONTEXT(2) 
PARAMETRIC_REPRESENTATION_CONTEXT() REPRESENTATION_CONTEXT('2D SPACE',''
  ) );
#1167 = PCURVE('',#1168,#1173);
#1168 = CYLINDRICAL_SURFACE('',#1169,4.5);
#1169 = AXIS2_PLACEMENT_3D('',#1170,#1171,#1172);
#1170 = CARTESIAN_POINT('',(-112.5,-112.5,-4.));
#1171 = DIRECTION('',(-0.,-0.,-1.));
#1172 = DIRECTION('',(1.,0.,0.));
#1173 = DEFINITIONAL_REPRESENTATION('',(#1174),#1178);
#1174 = LINE('',#1175,#1176);
#1175 = CARTESIAN_POINT('',(-0.,-4.));
#1176 = VECTOR('',#1177,1.);
#1177 = DIRECTION('',(-1.,0.));
#1178 = ( GEOMETRIC_REPRESENTATION_CONTEXT(2) 
PARAMETRIC_REPRESENTATION_CONTEXT() REPRESENTATION_CONTEXT('2D SPACE',''
  ) );
#1179 = FACE_BOUND('',#1180,.T.);
#1180 = EDGE_LOOP('',(#1181));
#1181 = ORIENTED_EDGE('',*,*,#1182,.F.);
#1182 = EDGE_CURVE('',#1183,#1183,#1185,.T.);
#1183 = VERTEX_POINT('',#1184);
#1184 = CARTESIAN_POINT('',(4.5,-112.5,0.));
#1185 = SURFACE_CURVE('',#1186,(#1191,#1198),.PCURVE_S1.);
#1186 = CIRCLE('',#1187,4.5);
#1187 = AXIS2_PLACEMENT_3D('',#1188,#1189,#1190);
#1188 = CARTESIAN_POINT('',(0.,-112.5,0.));
#1189 = DIRECTION('',(0.,0.,1.));
#1190 = DIRECTION('',(1.,0.,0.));
#1191 = PCURVE('',#463,#1192);
#1192 = DEFINITIONAL_REPRESENTATION('',(#1193),#1197);
#1193 = CIRCLE('',#1194,4.5);
#1194 = AXIS2_PLACEMENT_2D('',#1195,#1196);
#1195 = CARTESIAN_POINT('',(2.750198653498E-09,-112.499999997));
#1196 = DIRECTION('',(1.,0.));
#1197 = ( GEOMETRIC_REPRESENTATION_CONTEXT(2) 
PARAMETRIC_REPRESENTATION_CONTEXT() REPRESENTATION_CONTEXT('2D SPACE',''
  ) );
#1198 = PCURVE('',#1199,#1204);
#1199 = CYLINDRICAL_SURFACE('',#1200,4.5);
#1200 = AXIS2_PLACEMENT_3D('',#1201,#1202,#1203);
#1201 = CARTESIAN_POINT('',(0.,-112.5,-4.));
#1202 = DIRECTION('',(-0.,-0.,-1.));
#1203 = DIRECTION('',(1.,0.,0.));
#1204 = DEFINITIONAL_REPRESENTATION('',(#1205),#1209);
#1205 = LINE('',#1206,#1207);
#1206 = CARTESIAN_POINT('',(-0.,-4.));
#1207 = VECTOR('',#1208,1.);
#1208 = DIRECTION('',(-1.,0.));
#1209 = ( GEOMETRIC_REPRESENTATION_CONTEXT(2) 
PARAMETRIC_REPRESENTATION_CONTEXT() REPRESENTATION_CONTEXT('2D SPACE',''
  ) );
#1210 = FACE_BOUND('',#1211,.T.);
#1211 = EDGE_LOOP('',(#1212));
#1212 = ORIENTED_EDGE('',*,*,#1213,.F.);
#1213 = EDGE_CURVE('',#1214,#1214,#1216,.T.);
#1214 = VERTEX_POINT('',#1215);
#1215 = CARTESIAN_POINT('',(117.,-112.5,0.));
#1216 = SURFACE_CURVE('',#1217,(#1222,#1229),.PCURVE_S1.);
#1217 = CIRCLE('',#1218,4.5);
#1218 = AXIS2_PLACEMENT_3D('',#1219,#1220,#1221);
#1219 = CARTESIAN_POINT('',(112.5,-112.5,0.));
#1220 = DIRECTION('',(0.,0.,1.));
#1221 = DIRECTION('',(1.,0.,0.));
#1222 = PCURVE('',#463,#1223);
#1223 = DEFINITIONAL_REPRESENTATION('',(#1224),#1228);
#1224 = CIRCLE('',#1225,4.5);
#1225 = AXIS2_PLACEMENT_2D('',#1226,#1227);
#1226 = CARTESIAN_POINT('',(112.50000000275,-112.499999997));
#1227 = DIRECTION('',(1.,0.));
#1228 = ( GEOMETRIC_REPRESENTATION_CONTEXT(2) 
PARAMETRIC_REPRESENTATION_CONTEXT() REPRESENTATION_CONTEXT('2D SPACE',''
  ) );
#1229 = PCURVE('',#1230,#1235);
#1230 = CYLINDRICAL_SURFACE('',#1231,4.5);
#1231 = AXIS2_PLACEMENT_3D('',#1232,#1233,#1234);
#1232 = CARTESIAN_POINT('',(112.5,-112.5,-4.));
#1233 = DIRECTION('',(-0.,-0.,-1.));
#1234 = DIRECTION('',(1.,0.,0.));
#1235 = DEFINITIONAL_REPRESENTATION('',(#1236),#1240);
#1236 = LINE('',#1237,#1238);
#1237 = CARTESIAN_POINT('',(-0.,-4.));
#1238 = VECTOR('',#1239,1.);
#1239 = DIRECTION('',(-1.,0.));
#1240 = ( GEOMETRIC_REPRESENTATION_CONTEXT(2) 
PARAMETRIC_REPRESENTATION_CONTEXT() REPRESENTATION_CONTEXT('2D SPACE',''
  ) );
#1241 = FACE_BOUND('',#1242,.T.);
#1242 = EDGE_LOOP('',(#1243));
#1243 = ORIENTED_EDGE('',*,*,#1244,.F.);
#1244 = EDGE_CURVE('',#1245,#1245,#1247,.T.);
#1245 = VERTEX_POINT('',#1246);
#1246 = CARTESIAN_POINT('',(-108.,0.,0.));
#1247 = SURFACE_CURVE('',#1248,(#1253,#1260),.PCURVE_S1.);
#1248 = CIRCLE('',#1249,4.5);
#1249 = AXIS2_PLACEMENT_3D('',#1250,#1251,#1252);
#1250 = CARTESIAN_POINT('',(-112.5,0.,0.));
#1251 = DIRECTION('',(0.,0.,1.));
#1252 = DIRECTION('',(1.,0.,0.));
#1253 = PCURVE('',#463,#1254);
#1254 = DEFINITIONAL_REPRESENTATION('',(#1255),#1259);
#1255 = CIRCLE('',#1256,4.5);
#1256 = AXIS2_PLACEMENT_2D('',#1257,#1258);
#1257 = CARTESIAN_POINT('',(-112.4999999972,2.972186255083E-09));
#1258 = DIRECTION('',(1.,0.));
#1259 = ( GEOMETRIC_REPRESENTATION_CONTEXT(2) 
PARAMETRIC_REPRESENTATION_CONTEXT() REPRESENTATION_CONTEXT('2D SPACE',''
  ) );
#1260 = PCURVE('',#1261,#1266);
#1261 = CYLINDRICAL_SURFACE('',#1262,4.5);
#1262 = AXIS2_PLACEMENT_3D('',#1263,#1264,#1265);
#1263 = CARTESIAN_POINT('',(-112.5,0.,-4.));
#1264 = DIRECTION('',(-0.,-0.,-1.));
#1265 = DIRECTION('',(1.,0.,0.));
#1266 = DEFINITIONAL_REPRESENTATION('',(#1267),#1271);
#1267 = LINE('',#1268,#1269);
#1268 = CARTESIAN_POINT('',(-0.,-4.));
#1269 = VECTOR('',#1270,1.);
#1270 = DIRECTION('',(-1.,0.));
#1271 = ( GEOMETRIC_REPRESENTATION_CONTEXT(2) 
PARAMETRIC_REPRESENTATION_CONTEXT() REPRESENTATION_CONTEXT('2D SPACE',''
  ) );
#1272 = FACE_BOUND('',#1273,.T.);
#1273 = EDGE_LOOP('',(#1274));
#1274 = ORIENTED_EDGE('',*,*,#1275,.F.);
#1275 = EDGE_CURVE('',#1276,#1276,#1278,.T.);
#1276 = VERTEX_POINT('',#1277);
#1277 = CARTESIAN_POINT('',(-108.,112.5,0.));
#1278 = SURFACE_CURVE('',#1279,(#1284,#1291),.PCURVE_S1.);
#1279 = CIRCLE('',#1280,4.5);
#1280 = AXIS2_PLACEMENT_3D('',#1281,#1282,#1283);
#1281 = CARTESIAN_POINT('',(-112.5,112.5,0.));
#1282 = DIRECTION('',(0.,0.,1.));
#1283 = DIRECTION('',(1.,0.,0.));
#1284 = PCURVE('',#463,#1285);
#1285 = DEFINITIONAL_REPRESENTATION('',(#1286),#1290);
#1286 = CIRCLE('',#1287,4.5);
#1287 = AXIS2_PLACEMENT_2D('',#1288,#1289);
#1288 = CARTESIAN_POINT('',(-112.4999999972,112.50000000297));
#1289 = DIRECTION('',(1.,0.));
#1290 = ( GEOMETRIC_REPRESENTATION_CONTEXT(2) 
PARAMETRIC_REPRESENTATION_CONTEXT() REPRESENTATION_CONTEXT('2D SPACE',''
  ) );
#1291 = PCURVE('',#1292,#1297);
#1292 = CYLINDRICAL_SURFACE('',#1293,4.5);
#1293 = AXIS2_PLACEMENT_3D('',#1294,#1295,#1296);
#1294 = CARTESIAN_POINT('',(-112.5,112.5,-4.));
#1295 = DIRECTION('',(-0.,-0.,-1.));
#1296 = DIRECTION('',(1.,0.,0.));
#1297 = DEFINITIONAL_REPRESENTATION('',(#1298),#1302);
#1298 = LINE('',#1299,#1300);
#1299 = CARTESIAN_POINT('',(-0.,-4.));
#1300 = VECTOR('',#1301,1.);
#1301 = DIRECTION('',(-1.,0.));
#1302 = ( GEOMETRIC_REPRESENTATION_CONTEXT(2) 
PARAMETRIC_REPRESENTATION_CONTEXT() REPRESENTATION_CONTEXT('2D SPACE',''
  ) );
#1303 = FACE_BOUND('',#1304,.T.);
#1304 = EDGE_LOOP('',(#1305,#1306,#1307,#1308,#1309,#1310,#1311,#1312,
    #1313));
#1305 = ORIENTED_EDGE('',*,*,#445,.F.);
#1306 = ORIENTED_EDGE('',*,*,#859,.F.);
#1307 = ORIENTED_EDGE('',*,*,#810,.F.);
#1308 = ORIENTED_EDGE('',*,*,#762,.F.);
#1309 = ORIENTED_EDGE('',*,*,#713,.F.);
#1310 = ORIENTED_EDGE('',*,*,#665,.T.);
#1311 = ORIENTED_EDGE('',*,*,#616,.F.);
#1312 = ORIENTED_EDGE('',*,*,#568,.T.);
#1313 = ORIENTED_EDGE('',*,*,#519,.F.);
#1314 = FACE_BOUND('',#1315,.T.);
#1315 = EDGE_LOOP('',(#1316));
#1316 = ORIENTED_EDGE('',*,*,#1317,.F.);
#1317 = EDGE_CURVE('',#1318,#1318,#1320,.T.);
#1318 = VERTEX_POINT('',#1319);
#1319 = CARTESIAN_POINT('',(117.,0.,0.));
#1320 = SURFACE_CURVE('',#1321,(#1326,#1333),.PCURVE_S1.);
#1321 = CIRCLE('',#1322,4.5);
#1322 = AXIS2_PLACEMENT_3D('',#1323,#1324,#1325);
#1323 = CARTESIAN_POINT('',(112.5,0.,0.));
#1324 = DIRECTION('',(0.,0.,1.));
#1325 = DIRECTION('',(1.,0.,0.));
#1326 = PCURVE('',#463,#1327);
#1327 = DEFINITIONAL_REPRESENTATION('',(#1328),#1332);
#1328 = CIRCLE('',#1329,4.5);
#1329 = AXIS2_PLACEMENT_2D('',#1330,#1331);
#1330 = CARTESIAN_POINT('',(112.50000000275,2.972186255083E-09));
#1331 = DIRECTION('',(1.,0.));
#1332 = ( GEOMETRIC_REPRESENTATION_CONTEXT(2) 
PARAMETRIC_REPRESENTATION_CONTEXT() REPRESENTATION_CONTEXT('2D SPACE',''
  ) );
#1333 = PCURVE('',#1334,#1339);
#1334 = CYLINDRICAL_SURFACE('',#1335,4.5);
#1335 = AXIS2_PLACEMENT_3D('',#1336,#1337,#1338);
#1336 = CARTESIAN_POINT('',(112.5,0.,-4.));
#1337 = DIRECTION('',(-0.,-0.,-1.));
#1338 = DIRECTION('',(1.,0.,0.));
#1339 = DEFINITIONAL_REPRESENTATION('',(#1340),#1344);
#1340 = LINE('',#1341,#1342);
#1341 = CARTESIAN_POINT('',(-0.,-4.));
#1342 = VECTOR('',#1343,1.);
#1343 = DIRECTION('',(-1.,0.));
#1344 = ( GEOMETRIC_REPRESENTATION_CONTEXT(2) 
PARAMETRIC_REPRESENTATION_CONTEXT() REPRESENTATION_CONTEXT('2D SPACE',''
  ) );
#1345 = FACE_BOUND('',#1346,.T.);
#1346 = EDGE_LOOP('',(#1347));
#1347 = ORIENTED_EDGE('',*,*,#1348,.F.);
#1348 = EDGE_CURVE('',#1349,#1349,#1351,.T.);
#1349 = VERTEX_POINT('',#1350);
#1350 = CARTESIAN_POINT('',(4.5,112.5,0.));
#1351 = SURFACE_CURVE('',#1352,(#1357,#1364),.PCURVE_S1.);
#1352 = CIRCLE('',#1353,4.5);
#1353 = AXIS2_PLACEMENT_3D('',#1354,#1355,#1356);
#1354 = CARTESIAN_POINT('',(0.,112.5,0.));
#1355 = DIRECTION('',(0.,0.,1.));
#1356 = DIRECTION('',(1.,0.,0.));
#1357 = PCURVE('',#463,#1358);
#1358 = DEFINITIONAL_REPRESENTATION('',(#1359),#1363);
#1359 = CIRCLE('',#1360,4.5);
#1360 = AXIS2_PLACEMENT_2D('',#1361,#1362);
#1361 = CARTESIAN_POINT('',(2.750198653498E-09,112.50000000297));
#1362 = DIRECTION('',(1.,0.));
#1363 = ( GEOMETRIC_REPRESENTATION_CONTEXT(2) 
PARAMETRIC_REPRESENTATION_CONTEXT() REPRESENTATION_CONTEXT('2D SPACE',''
  ) );
#1364 = PCURVE('',#1365,#1370);
#1365 = CYLINDRICAL_SURFACE('',#1366,4.5);
#1366 = AXIS2_PLACEMENT_3D('',#1367,#1368,#1369);
#1367 = CARTESIAN_POINT('',(0.,112.5,-4.));
#1368 = DIRECTION('',(-0.,-0.,-1.));
#1369 = DIRECTION('',(1.,0.,0.));
#1370 = DEFINITIONAL_REPRESENTATION('',(#1371),#1375);
#1371 = LINE('',#1372,#1373);
#1372 = CARTESIAN_POINT('',(-0.,-4.));
#1373 = VECTOR('',#1374,1.);
#1374 = DIRECTION('',(-1.,0.));
#1375 = ( GEOMETRIC_REPRESENTATION_CONTEXT(2) 
PARAMETRIC_REPRESENTATION_CONTEXT() REPRESENTATION_CONTEXT('2D SPACE',''
  ) );
#1376 = FACE_BOUND('',#1377,.T.);
#1377 = EDGE_LOOP('',(#1378));
#1378 = ORIENTED_EDGE('',*,*,#1379,.F.);
#1379 = EDGE_CURVE('',#1380,#1380,#1382,.T.);
#1380 = VERTEX_POINT('',#1381);
#1381 = CARTESIAN_POINT('',(117.,112.5,0.));
#1382 = SURFACE_CURVE('',#1383,(#1388,#1395),.PCURVE_S1.);
#1383 = CIRCLE('',#1384,4.5);
#1384 = AXIS2_PLACEMENT_3D('',#1385,#1386,#1387);
#1385 = CARTESIAN_POINT('',(112.5,112.5,0.));
#1386 = DIRECTION('',(0.,0.,1.));
#1387 = DIRECTION('',(1.,0.,0.));
#1388 = PCURVE('',#463,#1389);
#1389 = DEFINITIONAL_REPRESENTATION('',(#1390),#1394);
#1390 = CIRCLE('',#1391,4.5);
#1391 = AXIS2_PLACEMENT_2D('',#1392,#1393);
#1392 = CARTESIAN_POINT('',(112.50000000275,112.50000000297));
#1393 = DIRECTION('',(1.,0.));
#1394 = ( GEOMETRIC_REPRESENTATION_CONTEXT(2) 
PARAMETRIC_REPRESENTATION_CONTEXT() REPRESENTATION_CONTEXT('2D SPACE',''
  ) );
#1395 = PCURVE('',#1396,#1401);
#1396 = CYLINDRICAL_SURFACE('',#1397,4.5);
#1397 = AXIS2_PLACEMENT_3D('',#1398,#1399,#1400);
#1398 = CARTESIAN_POINT('',(112.5,112.5,-4.));
#1399 = DIRECTION('',(-0.,-0.,-1.));
#1400 = DIRECTION('',(1.,0.,0.));
#1401 = DEFINITIONAL_REPRESENTATION('',(#1402),#1406);
#1402 = LINE('',#1403,#1404);
#1403 = CARTESIAN_POINT('',(-0.,-4.));
#1404 = VECTOR('',#1405,1.);
#1405 = DIRECTION('',(-1.,0.));
#1406 = ( GEOMETRIC_REPRESENTATION_CONTEXT(2) 
PARAMETRIC_REPRESENTATION_CONTEXT() REPRESENTATION_CONTEXT('2D SPACE',''
  ) );
#1407 = ADVANCED_FACE('',(#1408),#906,.F.);
#1408 = FACE_BOUND('',#1409,.T.);
#1409 = EDGE_LOOP('',(#1410,#1458,#1479,#1480,#1481,#1527,#1570,#1625,
    #1668,#1723,#1766,#1821));
#1410 = ORIENTED_EDGE('',*,*,#1411,.F.);
#1411 = EDGE_CURVE('',#1412,#1414,#1416,.T.);
#1412 = VERTEX_POINT('',#1413);
#1413 = CARTESIAN_POINT('',(78.5,0.,210.));
#1414 = VERTEX_POINT('',#1415);
#1415 = CARTESIAN_POINT('',(61.298201544726,49.038561228712,210.));
#1416 = SURFACE_CURVE('',#1417,(#1422,#1429),.PCURVE_S1.);
#1417 = CIRCLE('',#1418,78.5);
#1418 = AXIS2_PLACEMENT_3D('',#1419,#1420,#1421);
#1419 = CARTESIAN_POINT('',(0.,0.,210.));
#1420 = DIRECTION('',(0.,0.,1.));
#1421 = DIRECTION('',(1.,0.,0.));
#1422 = PCURVE('',#906,#1423);
#1423 = DEFINITIONAL_REPRESENTATION('',(#1424),#1428);
#1424 = LINE('',#1425,#1426);
#1425 = CARTESIAN_POINT('',(-0.,0.));
#1426 = VECTOR('',#1427,1.);
#1427 = DIRECTION('',(-1.,0.));
#1428 = ( GEOMETRIC_REPRESENTATION_CONTEXT(2) 
PARAMETRIC_REPRESENTATION_CONTEXT() REPRESENTATION_CONTEXT('2D SPACE',''
  ) );
#1429 = PCURVE('',#1430,#1452);
#1430 = ( BOUNDED_SURFACE() B_SPLINE_SURFACE(2,6,(
    (#1431,#1432,#1433,#1434,#1435,#1436,#1437)
    ,(#1438,#1439,#1440,#1441,#1442,#1443,#1444)
    ,(#1445,#1446,#1447,#1448,#1449,#1450,#1451
)),.UNSPECIFIED.,.F.,.F.,.F.) B_SPLINE_SURFACE_WITH_KNOTS((3,3),(7,7),(
    0.,1.),(0.,0.674740942153),.PIECEWISE_BEZIER_KNOTS.) 
GEOMETRIC_REPRESENTATION_ITEM() RATIONAL_B_SPLINE_SURFACE((
    (1.,1.,1.,1.,1.,1.,1.)
    ,(0.998873233347,0.998873233347,0.998638785089,0.998179185943
      ,0.997311868745,0.995794367232,0.993678887481)
,(1.,1.,1.,1.,1.,1.,1.))) REPRESENTATION_ITEM('') SURFACE() );
#1431 = CARTESIAN_POINT('',(78.5,3.552713678801E-15,210.));
#1432 = CARTESIAN_POINT('',(78.5,8.827860659838,210.));
#1433 = CARTESIAN_POINT('',(77.308698088401,17.655715280319,210.));
#1434 = CARTESIAN_POINT('',(74.926081702456,26.282650310189,210.));
#1435 = CARTESIAN_POINT('',(71.397388934953,34.507563452876,210.));
#1436 = CARTESIAN_POINT('',(66.812922378943,42.145160184947,210.));
#1437 = CARTESIAN_POINT('',(61.298201544726,49.038561228712,210.));
#1438 = CARTESIAN_POINT('',(78.5,-2.13162820728E-14,209.9287326677));
#1439 = CARTESIAN_POINT('',(78.5,8.827860645459,209.9287326677));
#1440 = CARTESIAN_POINT('',(77.308237080918,17.659877326661,
    209.92134573569));
#1441 = CARTESIAN_POINT('',(74.924293375316,26.291470968873,
    209.90658332955));
#1442 = CARTESIAN_POINT('',(71.388870006104,34.525406203264,
    209.88521099148));
#1443 = CARTESIAN_POINT('',(66.801206818508,42.159804635493,
    209.85910577684));
#1444 = CARTESIAN_POINT('',(61.298201544726,49.038561228712,
    209.83053907918));
#1445 = CARTESIAN_POINT('',(78.506756791109,-5.329070518201E-14,
    209.85778636105));
#1446 = CARTESIAN_POINT('',(78.506756791109,8.828620478411,
    209.85778636105));
#1447 = CARTESIAN_POINT('',(77.316771651617,17.657233955032,
    209.84311380369));
#1448 = CARTESIAN_POINT('',(74.936635978506,26.285632337999,
    209.81382449205));
#1449 = CARTESIAN_POINT('',(71.412694382553,34.513289169676,
    209.77155006252));
#1450 = CARTESIAN_POINT('',(66.83525166963,42.157578906248,
    209.72045792758));
#1451 = CARTESIAN_POINT('',(61.327723700101,49.062178953008,
    209.66534934243));
#1452 = DEFINITIONAL_REPRESENTATION('',(#1453),#1457);
#1453 = LINE('',#1454,#1455);
#1454 = CARTESIAN_POINT('',(0.,0.));
#1455 = VECTOR('',#1456,1.);
#1456 = DIRECTION('',(0.,1.));
#1457 = ( GEOMETRIC_REPRESENTATION_CONTEXT(2) 
PARAMETRIC_REPRESENTATION_CONTEXT() REPRESENTATION_CONTEXT('2D SPACE',''
  ) );
#1458 = ORIENTED_EDGE('',*,*,#1459,.T.);
#1459 = EDGE_CURVE('',#1412,#890,#1460,.T.);
#1460 = SEAM_CURVE('',#1461,(#1465,#1472),.PCURVE_S1.);
#1461 = LINE('',#1462,#1463);
#1462 = CARTESIAN_POINT('',(78.5,-1.922695474661E-14,210.));
#1463 = VECTOR('',#1464,1.);
#1464 = DIRECTION('',(0.,0.,1.));
#1465 = PCURVE('',#906,#1466);
#1466 = DEFINITIONAL_REPRESENTATION('',(#1467),#1471);
#1467 = LINE('',#1468,#1469);
#1468 = CARTESIAN_POINT('',(-0.,0.));
#1469 = VECTOR('',#1470,1.);
#1470 = DIRECTION('',(-0.,-1.));
#1471 = ( GEOMETRIC_REPRESENTATION_CONTEXT(2) 
PARAMETRIC_REPRESENTATION_CONTEXT() REPRESENTATION_CONTEXT('2D SPACE',''
  ) );
#1472 = PCURVE('',#906,#1473);
#1473 = DEFINITIONAL_REPRESENTATION('',(#1474),#1478);
#1474 = LINE('',#1475,#1476);
#1475 = CARTESIAN_POINT('',(-6.28318530718,0.));
#1476 = VECTOR('',#1477,1.);
#1477 = DIRECTION('',(-0.,-1.));
#1478 = ( GEOMETRIC_REPRESENTATION_CONTEXT(2) 
PARAMETRIC_REPRESENTATION_CONTEXT() REPRESENTATION_CONTEXT('2D SPACE',''
  ) );
#1479 = ORIENTED_EDGE('',*,*,#889,.T.);
#1480 = ORIENTED_EDGE('',*,*,#1459,.F.);
#1481 = ORIENTED_EDGE('',*,*,#1482,.F.);
#1482 = EDGE_CURVE('',#1483,#1412,#1485,.T.);
#1483 = VERTEX_POINT('',#1484);
#1484 = CARTESIAN_POINT('',(61.298201540834,-49.03856123357,210.));
#1485 = SURFACE_CURVE('',#1486,(#1491,#1498),.PCURVE_S1.);
#1486 = CIRCLE('',#1487,78.5);
#1487 = AXIS2_PLACEMENT_3D('',#1488,#1489,#1490);
#1488 = CARTESIAN_POINT('',(0.,0.,210.));
#1489 = DIRECTION('',(0.,0.,1.));
#1490 = DIRECTION('',(1.,0.,0.));
#1491 = PCURVE('',#906,#1492);
#1492 = DEFINITIONAL_REPRESENTATION('',(#1493),#1497);
#1493 = LINE('',#1494,#1495);
#1494 = CARTESIAN_POINT('',(-0.,0.));
#1495 = VECTOR('',#1496,1.);
#1496 = DIRECTION('',(-1.,0.));
#1497 = ( GEOMETRIC_REPRESENTATION_CONTEXT(2) 
PARAMETRIC_REPRESENTATION_CONTEXT() REPRESENTATION_CONTEXT('2D SPACE',''
  ) );
#1498 = PCURVE('',#1499,#1521);
#1499 = ( BOUNDED_SURFACE() B_SPLINE_SURFACE(2,6,(
    (#1500,#1501,#1502,#1503,#1504,#1505,#1506)
    ,(#1507,#1508,#1509,#1510,#1511,#1512,#1513)
    ,(#1514,#1515,#1516,#1517,#1518,#1519,#1520
)),.UNSPECIFIED.,.F.,.F.,.F.) B_SPLINE_SURFACE_WITH_KNOTS((3,3),(7,7),(
    0.,1.),(5.608444364947,6.28318530718),.PIECEWISE_BEZIER_KNOTS.) 
GEOMETRIC_REPRESENTATION_ITEM() RATIONAL_B_SPLINE_SURFACE((
    (1.,1.,1.,1.,1.,1.,1.)
    ,(0.993678887479,0.995794367231,0.997311868745,0.998179185943
      ,0.998638785089,0.998873233347,0.998873233347)
,(1.,1.,1.,1.,1.,1.,1.))) REPRESENTATION_ITEM('') SURFACE() );
#1500 = CARTESIAN_POINT('',(61.298201540834,-49.03856123357,210.));
#1501 = CARTESIAN_POINT('',(66.812922376246,-42.14516018944,210.));
#1502 = CARTESIAN_POINT('',(71.397388933293,-34.50756345674,210.));
#1503 = CARTESIAN_POINT('',(74.926081701615,-26.28265031323,210.));
#1504 = CARTESIAN_POINT('',(77.308698088121,-17.65571528239,210.));
#1505 = CARTESIAN_POINT('',(78.5,-8.827860660877,210.));
#1506 = CARTESIAN_POINT('',(78.5,-1.42108547152E-14,210.));
#1507 = CARTESIAN_POINT('',(61.298201540834,-49.03856123357,
    209.83053907915));
#1508 = CARTESIAN_POINT('',(66.801206815805,-42.15980463999,
    209.85910577682));
#1509 = CARTESIAN_POINT('',(71.388870004437,-34.52540620714,
    209.88521099147));
#1510 = CARTESIAN_POINT('',(74.924293374477,-26.29147097191,
    209.90658332954));
#1511 = CARTESIAN_POINT('',(77.308237080636,-17.65987732874,
    209.92134573569));
#1512 = CARTESIAN_POINT('',(78.5,-8.827860646498,209.9287326677));
#1513 = CARTESIAN_POINT('',(78.5,-3.907985046681E-14,209.9287326677));
#1514 = CARTESIAN_POINT('',(61.327723696216,-49.06217895788,
    209.66534934238));
#1515 = CARTESIAN_POINT('',(66.835251666939,-42.15757891074,
    209.72045792754));
#1516 = CARTESIAN_POINT('',(71.412694380895,-34.51328917354,
    209.7715500625));
#1517 = CARTESIAN_POINT('',(74.936635977667,-26.28563234104,
    209.81382449203));
#1518 = CARTESIAN_POINT('',(77.316771651338,-17.6572339571,
    209.84311380368));
#1519 = CARTESIAN_POINT('',(78.506756791109,-8.82862047945,
    209.85778636105));
#1520 = CARTESIAN_POINT('',(78.506756791109,-5.684341886081E-14,
    209.85778636105));
#1521 = DEFINITIONAL_REPRESENTATION('',(#1522),#1526);
#1522 = LINE('',#1523,#1524);
#1523 = CARTESIAN_POINT('',(0.,0.));
#1524 = VECTOR('',#1525,1.);
#1525 = DIRECTION('',(0.,1.));
#1526 = ( GEOMETRIC_REPRESENTATION_CONTEXT(2) 
PARAMETRIC_REPRESENTATION_CONTEXT() REPRESENTATION_CONTEXT('2D SPACE',''
  ) );
#1527 = ORIENTED_EDGE('',*,*,#1528,.F.);
#1528 = EDGE_CURVE('',#1529,#1483,#1531,.T.);
#1529 = VERTEX_POINT('',#1530);
#1530 = CARTESIAN_POINT('',(49.038561229748,-61.29820154389,210.));
#1531 = SURFACE_CURVE('',#1532,(#1537,#1544),.PCURVE_S1.);
#1532 = CIRCLE('',#1533,78.5);
#1533 = AXIS2_PLACEMENT_3D('',#1534,#1535,#1536);
#1534 = CARTESIAN_POINT('',(0.,0.,210.));
#1535 = DIRECTION('',(0.,0.,1.));
#1536 = DIRECTION('',(1.,0.,0.));
#1537 = PCURVE('',#906,#1538);
#1538 = DEFINITIONAL_REPRESENTATION('',(#1539),#1543);
#1539 = LINE('',#1540,#1541);
#1540 = CARTESIAN_POINT('',(-0.,0.));
#1541 = VECTOR('',#1542,1.);
#1542 = DIRECTION('',(-1.,0.));
#1543 = ( GEOMETRIC_REPRESENTATION_CONTEXT(2) 
PARAMETRIC_REPRESENTATION_CONTEXT() REPRESENTATION_CONTEXT('2D SPACE',''
  ) );
#1544 = PCURVE('',#1545,#1564);
#1545 = ( BOUNDED_SURFACE() B_SPLINE_SURFACE(2,5,(
    (#1546,#1547,#1548,#1549,#1550,#1551)
    ,(#1552,#1553,#1554,#1555,#1556,#1557)
    ,(#1558,#1559,#1560,#1561,#1562,#1563
)),.UNSPECIFIED.,.F.,.F.,.F.) B_SPLINE_SURFACE_WITH_KNOTS((3,3),(6,6),(
    0.,1.),(5.387129922555,5.608444364947),.PIECEWISE_BEZIER_KNOTS.) 
GEOMETRIC_REPRESENTATION_ITEM() RATIONAL_B_SPLINE_SURFACE((
    (1.,1.,1.,1.,1.,1.)
    ,(0.993678887481,0.992681991134,0.99202321614,0.99202321614
      ,0.992681991135,0.993678887482)
,(1.,1.,1.,1.,1.,1.))) REPRESENTATION_ITEM('') SURFACE() );
#1546 = CARTESIAN_POINT('',(49.038561229748,-61.29820154389,210.));
#1547 = CARTESIAN_POINT('',(51.751796688614,-59.12761317704,210.));
#1548 = CARTESIAN_POINT('',(54.344936711957,-56.80690547052,210.));
#1549 = CARTESIAN_POINT('',(56.806905467129,-54.3449367155,210.));
#1550 = CARTESIAN_POINT('',(59.127613173809,-51.7517966923,210.));
#1551 = CARTESIAN_POINT('',(61.298201540834,-49.03856123357,210.));
#1552 = CARTESIAN_POINT('',(49.038561229748,-61.29820154389,
    209.83053907918));
#1553 = CARTESIAN_POINT('',(51.7545214815,-59.12543334273,
    209.81703513318));
#1554 = CARTESIAN_POINT('',(54.346922552793,-56.80481562706,
    209.80949440768));
#1555 = CARTESIAN_POINT('',(56.804815623673,-54.34692255634,
    209.80949440768));
#1556 = CARTESIAN_POINT('',(59.1254333395,-51.75452148519,
    209.81703513318));
#1557 = CARTESIAN_POINT('',(61.298201540834,-49.03856123357,
    209.83053907918));
#1558 = CARTESIAN_POINT('',(49.062178954045,-61.32772369927,
    209.66534934243));
#1559 = CARTESIAN_POINT('',(51.780434143111,-59.16073103055,
    209.63938003349));
#1560 = CARTESIAN_POINT('',(54.377788609705,-56.84155884158,
    209.6250474653));
#1561 = CARTESIAN_POINT('',(56.84155883819,-54.37778861325,
    209.6250474653));
#1562 = CARTESIAN_POINT('',(59.160731027315,-51.7804341468,
    209.6393800335));
#1563 = CARTESIAN_POINT('',(61.327723696205,-49.06217895787,
    209.66534934244));
#1564 = DEFINITIONAL_REPRESENTATION('',(#1565),#1569);
#1565 = LINE('',#1566,#1567);
#1566 = CARTESIAN_POINT('',(0.,0.));
#1567 = VECTOR('',#1568,1.);
#1568 = DIRECTION('',(0.,1.));
#1569 = ( GEOMETRIC_REPRESENTATION_CONTEXT(2) 
PARAMETRIC_REPRESENTATION_CONTEXT() REPRESENTATION_CONTEXT('2D SPACE',''
  ) );
#1570 = ORIENTED_EDGE('',*,*,#1571,.F.);
#1571 = EDGE_CURVE('',#1572,#1529,#1574,.T.);
#1572 = VERTEX_POINT('',#1573);
#1573 = CARTESIAN_POINT('',(-49.03856123294,-61.29820154134,210.));
#1574 = SURFACE_CURVE('',#1575,(#1580,#1587),.PCURVE_S1.);
#1575 = CIRCLE('',#1576,78.5);
#1576 = AXIS2_PLACEMENT_3D('',#1577,#1578,#1579);
#1577 = CARTESIAN_POINT('',(0.,0.,210.));
#1578 = DIRECTION('',(0.,0.,1.));
#1579 = DIRECTION('',(1.,0.,0.));
#1580 = PCURVE('',#906,#1581);
#1581 = DEFINITIONAL_REPRESENTATION('',(#1582),#1586);
#1582 = LINE('',#1583,#1584);
#1583 = CARTESIAN_POINT('',(-0.,0.));
#1584 = VECTOR('',#1585,1.);
#1585 = DIRECTION('',(-1.,0.));
#1586 = ( GEOMETRIC_REPRESENTATION_CONTEXT(2) 
PARAMETRIC_REPRESENTATION_CONTEXT() REPRESENTATION_CONTEXT('2D SPACE',''
  ) );
#1587 = PCURVE('',#1588,#1619);
#1588 = ( BOUNDED_SURFACE() B_SPLINE_SURFACE(2,9,(
    (#1589,#1590,#1591,#1592,#1593,#1594,#1595,#1596,#1597,#1598)
    ,(#1599,#1600,#1601,#1602,#1603,#1604,#1605,#1606,#1607,#1608)
    ,(#1609,#1610,#1611,#1612,#1613,#1614,#1615,#1616,#1617,#1618
)),.UNSPECIFIED.,.F.,.F.,.F.) B_SPLINE_SURFACE_WITH_KNOTS((3,3),(10,10),
  (0.,1.),(4.037648038162,5.387129922555),.PIECEWISE_BEZIER_KNOTS.) 
GEOMETRIC_REPRESENTATION_ITEM() RATIONAL_B_SPLINE_SURFACE((
    (1.,1.,1.,1.,1.,1.,1.,1.,1.,1.)
    ,(0.993678887479,0.996499527148,0.998320992256,0.999064799305
      ,0.99911405509,0.99911405509,0.999064799305,0.998320992256
      ,0.99649952715,0.993678887481)
,(1.,1.,1.,1.,1.,1.,1.,1.,1.,1.))) REPRESENTATION_ITEM('') SURFACE() );
#1589 = CARTESIAN_POINT('',(-49.03856123294,-61.29820154134,210.));
#1590 = CARTESIAN_POINT('',(-39.84735984118,-68.65116265473,210.));
#1591 = CARTESIAN_POINT('',(-29.41582247484,-74.45370386075,210.));
#1592 = CARTESIAN_POINT('',(-18.04284391371,-78.46670876058,210.));
#1593 = CARTESIAN_POINT('',(-6.081099545319,-80.5182893592,210.));
#1594 = CARTESIAN_POINT('',(6.081099541121,-80.51828935952,210.));
#1595 = CARTESIAN_POINT('',(18.042843909624,-78.46670876152,210.));
#1596 = CARTESIAN_POINT('',(29.415822470964,-74.45370386228,210.));
#1597 = CARTESIAN_POINT('',(39.847359837601,-68.65116265681,210.));
#1598 = CARTESIAN_POINT('',(49.038561229748,-61.29820154389,210.));
#1599 = CARTESIAN_POINT('',(-49.03856123294,-61.29820154134,
    209.83053907915));
#1600 = CARTESIAN_POINT('',(-39.87337601017,-68.63034971953,
    209.86860105624));
#1601 = CARTESIAN_POINT('',(-29.44859843918,-74.43907214956,
    209.90256086489));
#1602 = CARTESIAN_POINT('',(-18.05698474473,-78.47015446499,
    209.92818631137));
#1603 = CARTESIAN_POINT('',(-6.073449762624,-80.51815850856,
    209.94162779119));
#1604 = CARTESIAN_POINT('',(6.073449758425,-80.51815850887,
    209.94162779119));
#1605 = CARTESIAN_POINT('',(18.056984740627,-78.47015446593,
    209.92818631139));
#1606 = CARTESIAN_POINT('',(29.448598435297,-74.4390721511,
    209.9025608649));
#1607 = CARTESIAN_POINT('',(39.873376006593,-68.63034972161,
    209.86860105626));
#1608 = CARTESIAN_POINT('',(49.038561229748,-61.29820154389,
    209.83053907918));
#1609 = CARTESIAN_POINT('',(-49.06217895725,-61.32772369672,
    209.66534934238));
#1610 = CARTESIAN_POINT('',(-39.85604559752,-68.67109429503,
    209.73882745592));
#1611 = CARTESIAN_POINT('',(-29.41709811133,-74.46437984582,
    209.80558656832));
#1612 = CARTESIAN_POINT('',(-18.04305039397,-78.47204419327,
    209.85667773489));
#1613 = CARTESIAN_POINT('',(-6.082096382799,-80.52375171926,
    209.88346465863));
#1614 = CARTESIAN_POINT('',(6.0820963786,-80.52375171958,209.88346465864
    ));
#1615 = CARTESIAN_POINT('',(18.043050389884,-78.47204419421,
    209.85667773491));
#1616 = CARTESIAN_POINT('',(29.417098107451,-74.46437984735,
    209.80558656836));
#1617 = CARTESIAN_POINT('',(39.856045593939,-68.6710942971,
    209.73882745596));
#1618 = CARTESIAN_POINT('',(49.062178954045,-61.32772369927,
    209.66534934243));
#1619 = DEFINITIONAL_REPRESENTATION('',(#1620),#1624);
#1620 = LINE('',#1621,#1622);
#1621 = CARTESIAN_POINT('',(0.,0.));
#1622 = VECTOR('',#1623,1.);
#1623 = DIRECTION('',(0.,1.));
#1624 = ( GEOMETRIC_REPRESENTATION_CONTEXT(2) 
PARAMETRIC_REPRESENTATION_CONTEXT() REPRESENTATION_CONTEXT('2D SPACE',''
  ) );
#1625 = ORIENTED_EDGE('',*,*,#1626,.F.);
#1626 = EDGE_CURVE('',#1627,#1572,#1629,.T.);
#1627 = VERTEX_POINT('',#1628);
#1628 = CARTESIAN_POINT('',(-61.29820154143,-49.03856123282,210.));
#1629 = SURFACE_CURVE('',#1630,(#1635,#1642),.PCURVE_S1.);
#1630 = CIRCLE('',#1631,78.5);
#1631 = AXIS2_PLACEMENT_3D('',#1632,#1633,#1634);
#1632 = CARTESIAN_POINT('',(0.,0.,210.));
#1633 = DIRECTION('',(0.,0.,1.));
#1634 = DIRECTION('',(1.,0.,0.));
#1635 = PCURVE('',#906,#1636);
#1636 = DEFINITIONAL_REPRESENTATION('',(#1637),#1641);
#1637 = LINE('',#1638,#1639);
#1638 = CARTESIAN_POINT('',(-0.,0.));
#1639 = VECTOR('',#1640,1.);
#1640 = DIRECTION('',(-1.,0.));
#1641 = ( GEOMETRIC_REPRESENTATION_CONTEXT(2) 
PARAMETRIC_REPRESENTATION_CONTEXT() REPRESENTATION_CONTEXT('2D SPACE',''
  ) );
#1642 = PCURVE('',#1643,#1662);
#1643 = ( BOUNDED_SURFACE() B_SPLINE_SURFACE(2,5,(
    (#1644,#1645,#1646,#1647,#1648,#1649)
    ,(#1650,#1651,#1652,#1653,#1654,#1655)
    ,(#1656,#1657,#1658,#1659,#1660,#1661
)),.UNSPECIFIED.,.F.,.F.,.F.) B_SPLINE_SURFACE_WITH_KNOTS((3,3),(6,6),(
    0.,1.),(3.81633359581,4.037648038162),.PIECEWISE_BEZIER_KNOTS.) 
GEOMETRIC_REPRESENTATION_ITEM() RATIONAL_B_SPLINE_SURFACE((
    (1.,1.,1.,1.,1.,1.)
    ,(0.993678887479,0.992681991132,0.992023216138,0.992023216138
      ,0.992681991132,0.993678887479)
,(1.,1.,1.,1.,1.,1.))) REPRESENTATION_ITEM('') SURFACE() );
#1644 = CARTESIAN_POINT('',(-61.29820154143,-49.03856123282,210.));
#1645 = CARTESIAN_POINT('',(-59.12761317483,-51.75179669109,210.));
#1646 = CARTESIAN_POINT('',(-56.80690546863,-54.34493671387,210.));
#1647 = CARTESIAN_POINT('',(-54.34493671398,-56.80690546852,210.));
#1648 = CARTESIAN_POINT('',(-51.7517966912,-59.12761317473,210.));
#1649 = CARTESIAN_POINT('',(-49.03856123294,-61.29820154134,210.));
#1650 = CARTESIAN_POINT('',(-61.29820154143,-49.03856123282,
    209.83053907915));
#1651 = CARTESIAN_POINT('',(-59.12543334052,-51.75452148397,
    209.81703513315));
#1652 = CARTESIAN_POINT('',(-56.80481562517,-54.34692255471,
    209.80949440765));
#1653 = CARTESIAN_POINT('',(-54.34692255482,-56.80481562507,
    209.80949440765));
#1654 = CARTESIAN_POINT('',(-51.75452148409,-59.12543334042,
    209.81703513315));
#1655 = CARTESIAN_POINT('',(-49.03856123294,-61.29820154134,
    209.83053907915));
#1656 = CARTESIAN_POINT('',(-61.32772369681,-49.06217895713,
    209.66534934238));
#1657 = CARTESIAN_POINT('',(-59.16073102835,-51.7804341456,
    209.63938003344));
#1658 = CARTESIAN_POINT('',(-56.8415588397,-54.37778861163,
    209.62504746524));
#1659 = CARTESIAN_POINT('',(-54.37778861174,-56.84155883959,
    209.62504746524));
#1660 = CARTESIAN_POINT('',(-51.78043414571,-59.16073102825,
    209.63938003344));
#1661 = CARTESIAN_POINT('',(-49.06217895725,-61.32772369672,
    209.66534934238));
#1662 = DEFINITIONAL_REPRESENTATION('',(#1663),#1667);
#1663 = LINE('',#1664,#1665);
#1664 = CARTESIAN_POINT('',(0.,0.));
#1665 = VECTOR('',#1666,1.);
#1666 = DIRECTION('',(0.,1.));
#1667 = ( GEOMETRIC_REPRESENTATION_CONTEXT(2) 
PARAMETRIC_REPRESENTATION_CONTEXT() REPRESENTATION_CONTEXT('2D SPACE',''
  ) );
#1668 = ORIENTED_EDGE('',*,*,#1669,.F.);
#1669 = EDGE_CURVE('',#1670,#1627,#1672,.T.);
#1670 = VERTEX_POINT('',#1671);
#1671 = CARTESIAN_POINT('',(-61.29820154388,49.038561229762,210.));
#1672 = SURFACE_CURVE('',#1673,(#1678,#1685),.PCURVE_S1.);
#1673 = CIRCLE('',#1674,78.5);
#1674 = AXIS2_PLACEMENT_3D('',#1675,#1676,#1677);
#1675 = CARTESIAN_POINT('',(0.,0.,210.));
#1676 = DIRECTION('',(0.,0.,1.));
#1677 = DIRECTION('',(1.,0.,0.));
#1678 = PCURVE('',#906,#1679);
#1679 = DEFINITIONAL_REPRESENTATION('',(#1680),#1684);
#1680 = LINE('',#1681,#1682);
#1681 = CARTESIAN_POINT('',(-0.,0.));
#1682 = VECTOR('',#1683,1.);
#1683 = DIRECTION('',(-1.,0.));
#1684 = ( GEOMETRIC_REPRESENTATION_CONTEXT(2) 
PARAMETRIC_REPRESENTATION_CONTEXT() REPRESENTATION_CONTEXT('2D SPACE',''
  ) );
#1685 = PCURVE('',#1686,#1717);
#1686 = ( BOUNDED_SURFACE() B_SPLINE_SURFACE(2,9,(
    (#1687,#1688,#1689,#1690,#1691,#1692,#1693,#1694,#1695,#1696)
    ,(#1697,#1698,#1699,#1700,#1701,#1702,#1703,#1704,#1705,#1706)
    ,(#1707,#1708,#1709,#1710,#1711,#1712,#1713,#1714,#1715,#1716
)),.UNSPECIFIED.,.F.,.F.,.F.) B_SPLINE_SURFACE_WITH_KNOTS((3,3),(10,10),
  (0.,1.),(2.466851711419,3.81633359581),.PIECEWISE_BEZIER_KNOTS.) 
GEOMETRIC_REPRESENTATION_ITEM() RATIONAL_B_SPLINE_SURFACE((
    (1.,1.,1.,1.,1.,1.,1.,1.,1.,1.)
    ,(0.993678887481,0.99649952715,0.998320992256,0.999064799305
      ,0.99911405509,0.99911405509,0.999064799305,0.998320992256
      ,0.996499527148,0.993678887479)
,(1.,1.,1.,1.,1.,1.,1.,1.,1.,1.))) REPRESENTATION_ITEM('') SURFACE() );
#1687 = CARTESIAN_POINT('',(-61.29820154388,49.038561229762,210.));
#1688 = CARTESIAN_POINT('',(-68.65116265679,39.847359837629,210.));
#1689 = CARTESIAN_POINT('',(-74.45370386226,29.415822471006,210.));
#1690 = CARTESIAN_POINT('',(-78.4667087615,18.042843909687,210.));
#1691 = CARTESIAN_POINT('',(-80.51828935951,6.0810995412,210.));
#1692 = CARTESIAN_POINT('',(-80.5182893592,-6.081099545225,210.));
#1693 = CARTESIAN_POINT('',(-78.4667087606,-18.0428439136,210.));
#1694 = CARTESIAN_POINT('',(-74.45370386079,-29.41582247472,210.));
#1695 = CARTESIAN_POINT('',(-68.6511626548,-39.84735984105,210.));
#1696 = CARTESIAN_POINT('',(-61.29820154143,-49.03856123282,210.));
#1697 = CARTESIAN_POINT('',(-61.29820154388,49.038561229762,
    209.83053907918));
#1698 = CARTESIAN_POINT('',(-68.6303497216,39.873376006621,
    209.86860105626));
#1699 = CARTESIAN_POINT('',(-74.43907215108,29.448598435336,
    209.9025608649));
#1700 = CARTESIAN_POINT('',(-78.47015446591,18.056984740701,
    209.92818631139));
#1701 = CARTESIAN_POINT('',(-80.51815850886,6.073449758487,
    209.94162779119));
#1702 = CARTESIAN_POINT('',(-80.51815850856,-6.073449762512,
    209.94162779119));
#1703 = CARTESIAN_POINT('',(-78.470154465,-18.05698474463,
    209.92818631137));
#1704 = CARTESIAN_POINT('',(-74.4390721496,-29.44859843906,
    209.90256086489));
#1705 = CARTESIAN_POINT('',(-68.6303497196,-39.87337601005,
    209.86860105624));
#1706 = CARTESIAN_POINT('',(-61.29820154143,-49.03856123282,
    209.83053907915));
#1707 = CARTESIAN_POINT('',(-61.32772369926,49.062178954059,
    209.66534934243));
#1708 = CARTESIAN_POINT('',(-68.67109429708,39.856045593967,
    209.73882745596));
#1709 = CARTESIAN_POINT('',(-74.46437984733,29.417098107494,
    209.80558656835));
#1710 = CARTESIAN_POINT('',(-78.47204419419,18.043050389945,
    209.85667773492));
#1711 = CARTESIAN_POINT('',(-80.52375171956,6.082096378681,
    209.88346465864));
#1712 = CARTESIAN_POINT('',(-80.52375171926,-6.082096382706,
    209.88346465863));
#1713 = CARTESIAN_POINT('',(-78.47204419329,-18.04305039386,
    209.8566777349));
#1714 = CARTESIAN_POINT('',(-74.46437984586,-29.41709811121,
    209.80558656832));
#1715 = CARTESIAN_POINT('',(-68.6710942951,-39.8560455974,
    209.73882745592));
#1716 = CARTESIAN_POINT('',(-61.32772369681,-49.06217895713,
    209.66534934238));
#1717 = DEFINITIONAL_REPRESENTATION('',(#1718),#1722);
#1718 = LINE('',#1719,#1720);
#1719 = CARTESIAN_POINT('',(0.,0.));
#1720 = VECTOR('',#1721,1.);
#1721 = DIRECTION('',(0.,1.));
#1722 = ( GEOMETRIC_REPRESENTATION_CONTEXT(2) 
PARAMETRIC_REPRESENTATION_CONTEXT() REPRESENTATION_CONTEXT('2D SPACE',''
  ) );
#1723 = ORIENTED_EDGE('',*,*,#1724,.F.);
#1724 = EDGE_CURVE('',#1725,#1670,#1727,.T.);
#1725 = VERTEX_POINT('',#1726);
#1726 = CARTESIAN_POINT('',(-49.03856123359,61.298201540823,210.));
#1727 = SURFACE_CURVE('',#1728,(#1733,#1740),.PCURVE_S1.);
#1728 = CIRCLE('',#1729,78.5);
#1729 = AXIS2_PLACEMENT_3D('',#1730,#1731,#1732);
#1730 = CARTESIAN_POINT('',(0.,0.,210.));
#1731 = DIRECTION('',(0.,0.,1.));
#1732 = DIRECTION('',(1.,0.,0.));
#1733 = PCURVE('',#906,#1734);
#1734 = DEFINITIONAL_REPRESENTATION('',(#1735),#1739);
#1735 = LINE('',#1736,#1737);
#1736 = CARTESIAN_POINT('',(-0.,0.));
#1737 = VECTOR('',#1738,1.);
#1738 = DIRECTION('',(-1.,0.));
#1739 = ( GEOMETRIC_REPRESENTATION_CONTEXT(2) 
PARAMETRIC_REPRESENTATION_CONTEXT() REPRESENTATION_CONTEXT('2D SPACE',''
  ) );
#1740 = PCURVE('',#1741,#1760);
#1741 = ( BOUNDED_SURFACE() B_SPLINE_SURFACE(2,5,(
    (#1742,#1743,#1744,#1745,#1746,#1747)
    ,(#1748,#1749,#1750,#1751,#1752,#1753)
    ,(#1754,#1755,#1756,#1757,#1758,#1759
)),.UNSPECIFIED.,.F.,.F.,.F.) B_SPLINE_SURFACE_WITH_KNOTS((3,3),(6,6),(
    0.,1.),(2.245537269028,2.466851711419),.PIECEWISE_BEZIER_KNOTS.) 
GEOMETRIC_REPRESENTATION_ITEM() RATIONAL_B_SPLINE_SURFACE((
    (1.,1.,1.,1.,1.,1.)
    ,(0.993678887482,0.992681991135,0.99202321614,0.99202321614
      ,0.992681991134,0.993678887481)
,(1.,1.,1.,1.,1.,1.))) REPRESENTATION_ITEM('') SURFACE() );
#1742 = CARTESIAN_POINT('',(-49.03856123359,61.298201540823,210.));
#1743 = CARTESIAN_POINT('',(-51.75179669231,59.127613173802,210.));
#1744 = CARTESIAN_POINT('',(-54.3449367155,56.806905467126,210.));
#1745 = CARTESIAN_POINT('',(-56.80690547052,54.344936711959,210.));
#1746 = CARTESIAN_POINT('',(-59.12761317703,51.751796688622,210.));
#1747 = CARTESIAN_POINT('',(-61.29820154388,49.038561229762,210.));
#1748 = CARTESIAN_POINT('',(-49.03856123359,61.298201540823,
    209.83053907918));
#1749 = CARTESIAN_POINT('',(-51.7545214852,59.125433339493,
    209.81703513318));
#1750 = CARTESIAN_POINT('',(-54.34692255634,56.80481562367,
    209.80949440768));
#1751 = CARTESIAN_POINT('',(-56.80481562706,54.346922552795,
    209.80949440768));
#1752 = CARTESIAN_POINT('',(-59.12543334272,51.754521481508,
    209.81703513318));
#1753 = CARTESIAN_POINT('',(-61.29820154388,49.038561229762,
    209.83053907918));
#1754 = CARTESIAN_POINT('',(-49.06217895788,61.327723696194,
    209.66534934244));
#1755 = CARTESIAN_POINT('',(-51.78043414681,59.160731027308,
    209.6393800335));
#1756 = CARTESIAN_POINT('',(-54.37778861325,56.841558838188,
    209.6250474653));
#1757 = CARTESIAN_POINT('',(-56.84155884158,54.377788609707,
    209.6250474653));
#1758 = CARTESIAN_POINT('',(-59.16073103054,51.780434143119,
    209.63938003349));
#1759 = CARTESIAN_POINT('',(-61.32772369926,49.062178954059,
    209.66534934243));
#1760 = DEFINITIONAL_REPRESENTATION('',(#1761),#1765);
#1761 = LINE('',#1762,#1763);
#1762 = CARTESIAN_POINT('',(0.,0.));
#1763 = VECTOR('',#1764,1.);
#1764 = DIRECTION('',(0.,1.));
#1765 = ( GEOMETRIC_REPRESENTATION_CONTEXT(2) 
PARAMETRIC_REPRESENTATION_CONTEXT() REPRESENTATION_CONTEXT('2D SPACE',''
  ) );
#1766 = ORIENTED_EDGE('',*,*,#1767,.F.);
#1767 = EDGE_CURVE('',#1768,#1725,#1770,.T.);
#1768 = VERTEX_POINT('',#1769);
#1769 = CARTESIAN_POINT('',(49.038561234903,61.298201539773,210.));
#1770 = SURFACE_CURVE('',#1771,(#1776,#1783),.PCURVE_S1.);
#1771 = CIRCLE('',#1772,78.5);
#1772 = AXIS2_PLACEMENT_3D('',#1773,#1774,#1775);
#1773 = CARTESIAN_POINT('',(0.,0.,210.));
#1774 = DIRECTION('',(0.,0.,1.));
#1775 = DIRECTION('',(1.,0.,0.));
#1776 = PCURVE('',#906,#1777);
#1777 = DEFINITIONAL_REPRESENTATION('',(#1778),#1782);
#1778 = LINE('',#1779,#1780);
#1779 = CARTESIAN_POINT('',(-0.,0.));
#1780 = VECTOR('',#1781,1.);
#1781 = DIRECTION('',(-1.,0.));
#1782 = ( GEOMETRIC_REPRESENTATION_CONTEXT(2) 
PARAMETRIC_REPRESENTATION_CONTEXT() REPRESENTATION_CONTEXT('2D SPACE',''
  ) );
#1783 = PCURVE('',#1784,#1815);
#1784 = ( BOUNDED_SURFACE() B_SPLINE_SURFACE(2,9,(
    (#1785,#1786,#1787,#1788,#1789,#1790,#1791,#1792,#1793,#1794)
    ,(#1795,#1796,#1797,#1798,#1799,#1800,#1801,#1802,#1803,#1804)
    ,(#1805,#1806,#1807,#1808,#1809,#1810,#1811,#1812,#1813,#1814
)),.UNSPECIFIED.,.F.,.F.,.F.) B_SPLINE_SURFACE_WITH_KNOTS((3,3),(10,10),
  (0.,1.),(0.896055384541,2.245537269028),.PIECEWISE_BEZIER_KNOTS.) 
GEOMETRIC_REPRESENTATION_ITEM() RATIONAL_B_SPLINE_SURFACE((
    (1.,1.,1.,1.,1.,1.,1.,1.,1.,1.)
    ,(0.993678887479,0.996499527149,0.998320992256,0.999064799305
      ,0.99911405509,0.99911405509,0.999064799305,0.998320992256
      ,0.996499527149,0.993678887479)
,(1.,1.,1.,1.,1.,1.,1.,1.,1.,1.))) REPRESENTATION_ITEM('') SURFACE() );
#1785 = CARTESIAN_POINT('',(49.038561234903,61.298201539773,210.));
#1786 = CARTESIAN_POINT('',(39.84735984273,68.651162653974,210.));
#1787 = CARTESIAN_POINT('',(29.415822475763,74.453703860628,210.));
#1788 = CARTESIAN_POINT('',(18.042843913829,78.466708760856,210.));
#1789 = CARTESIAN_POINT('',(6.081099544538,80.518289359586,210.));
#1790 = CARTESIAN_POINT('',(-6.081099542814,80.518289359718,210.));
#1791 = CARTESIAN_POINT('',(-18.04284391215,78.466708761241,210.));
#1792 = CARTESIAN_POINT('',(-29.41582247416,74.453703861258,210.));
#1793 = CARTESIAN_POINT('',(-39.84735984126,68.651162654827,210.));
#1794 = CARTESIAN_POINT('',(-49.03856123359,61.298201540823,210.));
#1795 = CARTESIAN_POINT('',(49.038561234903,61.298201539773,
    209.83053907915));
#1796 = CARTESIAN_POINT('',(39.87337601173,68.630349718773,
    209.86860105624));
#1797 = CARTESIAN_POINT('',(29.448598440111,74.439072149433,
    209.90256086489));
#1798 = CARTESIAN_POINT('',(18.056984744838,78.470154465262,
    209.92818631138));
#1799 = CARTESIAN_POINT('',(6.073449761846,80.518158508939,
    209.9416277912));
#1800 = CARTESIAN_POINT('',(-6.073449760122,80.518158509071,
    209.94162779119));
#1801 = CARTESIAN_POINT('',(-18.05698474315,78.470154465647,
    209.92818631138));
#1802 = CARTESIAN_POINT('',(-29.44859843851,74.439072150064,
    209.90256086489));
#1803 = CARTESIAN_POINT('',(-39.87337601026,68.630349719626,
    209.86860105624));
#1804 = CARTESIAN_POINT('',(-49.03856123359,61.298201540823,
    209.83053907915));
#1805 = CARTESIAN_POINT('',(49.06217895921,61.327723695155,
    209.66534934238));
#1806 = CARTESIAN_POINT('',(39.856045599072,68.671094294275,
    209.73882745592));
#1807 = CARTESIAN_POINT('',(29.417098112251,74.464379845697,
    209.80558656833));
#1808 = CARTESIAN_POINT('',(18.043050394087,78.472044193541,
    209.8566777349));
#1809 = CARTESIAN_POINT('',(6.08209638202,80.523751719647,
    209.88346465864));
#1810 = CARTESIAN_POINT('',(-6.082096380296,80.523751719777,
    209.88346465864));
#1811 = CARTESIAN_POINT('',(-18.0430503924,78.472044193927,
    209.8566777349));
#1812 = CARTESIAN_POINT('',(-29.41709811065,74.464379846327,
    209.80558656833));
#1813 = CARTESIAN_POINT('',(-39.8560455976,68.671094295128,
    209.73882745593));
#1814 = CARTESIAN_POINT('',(-49.06217895789,61.327723696205,
    209.66534934238));
#1815 = DEFINITIONAL_REPRESENTATION('',(#1816),#1820);
#1816 = LINE('',#1817,#1818);
#1817 = CARTESIAN_POINT('',(0.,0.));
#1818 = VECTOR('',#1819,1.);
#1819 = DIRECTION('',(0.,1.));
#1820 = ( GEOMETRIC_REPRESENTATION_CONTEXT(2) 
PARAMETRIC_REPRESENTATION_CONTEXT() REPRESENTATION_CONTEXT('2D SPACE',''
  ) );
#1821 = ORIENTED_EDGE('',*,*,#1822,.F.);
#1822 = EDGE_CURVE('',#1414,#1768,#1823,.T.);
#1823 = SURFACE_CURVE('',#1824,(#1829,#1836),.PCURVE_S1.);
#1824 = CIRCLE('',#1825,78.5);
#1825 = AXIS2_PLACEMENT_3D('',#1826,#1827,#1828);
#1826 = CARTESIAN_POINT('',(0.,0.,210.));
#1827 = DIRECTION('',(0.,0.,1.));
#1828 = DIRECTION('',(1.,0.,0.));
#1829 = PCURVE('',#906,#1830);
#1830 = DEFINITIONAL_REPRESENTATION('',(#1831),#1835);
#1831 = LINE('',#1832,#1833);
#1832 = CARTESIAN_POINT('',(-0.,0.));
#1833 = VECTOR('',#1834,1.);
#1834 = DIRECTION('',(-1.,0.));
#1835 = ( GEOMETRIC_REPRESENTATION_CONTEXT(2) 
PARAMETRIC_REPRESENTATION_CONTEXT() REPRESENTATION_CONTEXT('2D SPACE',''
  ) );
#1836 = PCURVE('',#1837,#1856);
#1837 = ( BOUNDED_SURFACE() B_SPLINE_SURFACE(2,5,(
    (#1838,#1839,#1840,#1841,#1842,#1843)
    ,(#1844,#1845,#1846,#1847,#1848,#1849)
    ,(#1850,#1851,#1852,#1853,#1854,#1855
)),.UNSPECIFIED.,.F.,.F.,.F.) B_SPLINE_SURFACE_WITH_KNOTS((3,3),(6,6),(
    0.,1.),(0.674740942153,0.896055384541),.PIECEWISE_BEZIER_KNOTS.) 
GEOMETRIC_REPRESENTATION_ITEM() RATIONAL_B_SPLINE_SURFACE((
    (1.,1.,1.,1.,1.,1.)
    ,(0.993678887481,0.992681991134,0.99202321614,0.99202321614
      ,0.992681991135,0.993678887482)
,(1.,1.,1.,1.,1.,1.))) REPRESENTATION_ITEM('') SURFACE() );
#1838 = CARTESIAN_POINT('',(61.298201544726,49.038561228712,210.));
#1839 = CARTESIAN_POINT('',(59.127613177963,51.751796687556,210.));
#1840 = CARTESIAN_POINT('',(56.806905471541,54.344936710886,210.));
#1841 = CARTESIAN_POINT('',(54.344936716624,56.806905466052,210.));
#1842 = CARTESIAN_POINT('',(51.751796693529,59.127613172736,210.));
#1843 = CARTESIAN_POINT('',(49.038561234903,61.298201539773,210.));
#1844 = CARTESIAN_POINT('',(61.298201544726,49.038561228712,
    209.83053907918));
#1845 = CARTESIAN_POINT('',(59.125433343655,51.754521480443,
    209.81703513318));
#1846 = CARTESIAN_POINT('',(56.804815628087,54.346922551722,
    209.80949440768));
#1847 = CARTESIAN_POINT('',(54.346922557461,56.804815622597,
    209.80949440768));
#1848 = CARTESIAN_POINT('',(51.754521486415,59.125433338427,
    209.81703513318));
#1849 = CARTESIAN_POINT('',(49.038561234903,61.298201539773,
    209.83053907918));
#1850 = CARTESIAN_POINT('',(61.327723700101,49.062178953008,
    209.66534934243));
#1851 = CARTESIAN_POINT('',(59.160731031473,51.780434142053,
    209.63938003349));
#1852 = CARTESIAN_POINT('',(56.841558842606,54.377788608634,
    209.6250474653));
#1853 = CARTESIAN_POINT('',(54.377788614374,56.841558837113,
    209.6250474653));
#1854 = CARTESIAN_POINT('',(51.780434148027,59.160731026242,
    209.6393800335));
#1855 = CARTESIAN_POINT('',(49.062178959201,61.327723695143,
    209.66534934244));
#1856 = DEFINITIONAL_REPRESENTATION('',(#1857),#1861);
#1857 = LINE('',#1858,#1859);
#1858 = CARTESIAN_POINT('',(0.,0.));
#1859 = VECTOR('',#1860,1.);
#1860 = DIRECTION('',(0.,1.));
#1861 = ( GEOMETRIC_REPRESENTATION_CONTEXT(2) 
PARAMETRIC_REPRESENTATION_CONTEXT() REPRESENTATION_CONTEXT('2D SPACE',''
  ) );
#1862 = ADVANCED_FACE('',(#1863),#939,.F.);
#1863 = FACE_BOUND('',#1864,.F.);
#1864 = EDGE_LOOP('',(#1865,#1888,#1916,#1937));
#1865 = ORIENTED_EDGE('',*,*,#1866,.T.);
#1866 = EDGE_CURVE('',#922,#1867,#1869,.T.);
#1867 = VERTEX_POINT('',#1868);
#1868 = CARTESIAN_POINT('',(-125.,-105.,-4.));
#1869 = SURFACE_CURVE('',#1870,(#1874,#1881),.PCURVE_S1.);
#1870 = LINE('',#1871,#1872);
#1871 = CARTESIAN_POINT('',(-125.,-105.,0.));
#1872 = VECTOR('',#1873,1.);
#1873 = DIRECTION('',(0.,0.,-1.));
#1874 = PCURVE('',#939,#1875);
#1875 = DEFINITIONAL_REPRESENTATION('',(#1876),#1880);
#1876 = LINE('',#1877,#1878);
#1877 = CARTESIAN_POINT('',(0.,0.));
#1878 = VECTOR('',#1879,1.);
#1879 = DIRECTION('',(0.,-1.));
#1880 = ( GEOMETRIC_REPRESENTATION_CONTEXT(2) 
PARAMETRIC_REPRESENTATION_CONTEXT() REPRESENTATION_CONTEXT('2D SPACE',''
  ) );
#1881 = PCURVE('',#968,#1882);
#1882 = DEFINITIONAL_REPRESENTATION('',(#1883),#1887);
#1883 = LINE('',#1884,#1885);
#1884 = CARTESIAN_POINT('',(3.14159265359,0.));
#1885 = VECTOR('',#1886,1.);
#1886 = DIRECTION('',(0.,-1.));
#1887 = ( GEOMETRIC_REPRESENTATION_CONTEXT(2) 
PARAMETRIC_REPRESENTATION_CONTEXT() REPRESENTATION_CONTEXT('2D SPACE',''
  ) );
#1888 = ORIENTED_EDGE('',*,*,#1889,.T.);
#1889 = EDGE_CURVE('',#1867,#1890,#1892,.T.);
#1890 = VERTEX_POINT('',#1891);
#1891 = CARTESIAN_POINT('',(-125.,104.99999998051,-4.));
#1892 = SURFACE_CURVE('',#1893,(#1897,#1904),.PCURVE_S1.);
#1893 = LINE('',#1894,#1895);
#1894 = CARTESIAN_POINT('',(-125.,1.520561454527E-12,-4.));
#1895 = VECTOR('',#1896,1.);
#1896 = DIRECTION('',(0.,1.,0.));
#1897 = PCURVE('',#939,#1898);
#1898 = DEFINITIONAL_REPRESENTATION('',(#1899),#1903);
#1899 = LINE('',#1900,#1901);
#1900 = CARTESIAN_POINT('',(105.,-4.));
#1901 = VECTOR('',#1902,1.);
#1902 = DIRECTION('',(1.,0.));
#1903 = ( GEOMETRIC_REPRESENTATION_CONTEXT(2) 
PARAMETRIC_REPRESENTATION_CONTEXT() REPRESENTATION_CONTEXT('2D SPACE',''
  ) );
#1904 = PCURVE('',#1905,#1910);
#1905 = PLANE('',#1906);
#1906 = AXIS2_PLACEMENT_3D('',#1907,#1908,#1909);
#1907 = CARTESIAN_POINT('',(-2.750198653498E-09,-2.972186255083E-09,-4.)
  );
#1908 = DIRECTION('',(0.,0.,1.));
#1909 = DIRECTION('',(1.,0.,0.));
#1910 = DEFINITIONAL_REPRESENTATION('',(#1911),#1915);
#1911 = LINE('',#1912,#1913);
#1912 = CARTESIAN_POINT('',(-124.9999999972,2.973706816538E-09));
#1913 = VECTOR('',#1914,1.);
#1914 = DIRECTION('',(0.,1.));
#1915 = ( GEOMETRIC_REPRESENTATION_CONTEXT(2) 
PARAMETRIC_REPRESENTATION_CONTEXT() REPRESENTATION_CONTEXT('2D SPACE',''
  ) );
#1916 = ORIENTED_EDGE('',*,*,#1917,.F.);
#1917 = EDGE_CURVE('',#924,#1890,#1918,.T.);
#1918 = SURFACE_CURVE('',#1919,(#1923,#1930),.PCURVE_S1.);
#1919 = LINE('',#1920,#1921);
#1920 = CARTESIAN_POINT('',(-125.,104.99999998051,0.));
#1921 = VECTOR('',#1922,1.);
#1922 = DIRECTION('',(0.,0.,-1.));
#1923 = PCURVE('',#939,#1924);
#1924 = DEFINITIONAL_REPRESENTATION('',(#1925),#1929);
#1925 = LINE('',#1926,#1927);
#1926 = CARTESIAN_POINT('',(209.99999998051,0.));
#1927 = VECTOR('',#1928,1.);
#1928 = DIRECTION('',(0.,-1.));
#1929 = ( GEOMETRIC_REPRESENTATION_CONTEXT(2) 
PARAMETRIC_REPRESENTATION_CONTEXT() REPRESENTATION_CONTEXT('2D SPACE',''
  ) );
#1930 = PCURVE('',#1137,#1931);
#1931 = DEFINITIONAL_REPRESENTATION('',(#1932),#1936);
#1932 = LINE('',#1933,#1934);
#1933 = CARTESIAN_POINT('',(3.14159265359,0.));
#1934 = VECTOR('',#1935,1.);
#1935 = DIRECTION('',(0.,-1.));
#1936 = ( GEOMETRIC_REPRESENTATION_CONTEXT(2) 
PARAMETRIC_REPRESENTATION_CONTEXT() REPRESENTATION_CONTEXT('2D SPACE',''
  ) );
#1937 = ORIENTED_EDGE('',*,*,#921,.F.);
#1938 = ADVANCED_FACE('',(#1939),#968,.T.);
#1939 = FACE_BOUND('',#1940,.T.);
#1940 = EDGE_LOOP('',(#1941,#1942,#1966,#1987));
#1941 = ORIENTED_EDGE('',*,*,#1866,.T.);
#1942 = ORIENTED_EDGE('',*,*,#1943,.T.);
#1943 = EDGE_CURVE('',#1867,#1944,#1946,.T.);
#1944 = VERTEX_POINT('',#1945);
#1945 = CARTESIAN_POINT('',(-105.,-125.,-4.));
#1946 = SURFACE_CURVE('',#1947,(#1952,#1959),.PCURVE_S1.);
#1947 = CIRCLE('',#1948,20.);
#1948 = AXIS2_PLACEMENT_3D('',#1949,#1950,#1951);
#1949 = CARTESIAN_POINT('',(-105.,-105.,-4.));
#1950 = DIRECTION('',(0.,0.,1.));
#1951 = DIRECTION('',(1.,0.,0.));
#1952 = PCURVE('',#968,#1953);
#1953 = DEFINITIONAL_REPRESENTATION('',(#1954),#1958);
#1954 = LINE('',#1955,#1956);
#1955 = CARTESIAN_POINT('',(0.,-4.));
#1956 = VECTOR('',#1957,1.);
#1957 = DIRECTION('',(1.,0.));
#1958 = ( GEOMETRIC_REPRESENTATION_CONTEXT(2) 
PARAMETRIC_REPRESENTATION_CONTEXT() REPRESENTATION_CONTEXT('2D SPACE',''
  ) );
#1959 = PCURVE('',#1905,#1960);
#1960 = DEFINITIONAL_REPRESENTATION('',(#1961),#1965);
#1961 = CIRCLE('',#1962,20.);
#1962 = AXIS2_PLACEMENT_2D('',#1963,#1964);
#1963 = CARTESIAN_POINT('',(-104.9999999972,-104.999999997));
#1964 = DIRECTION('',(1.,0.));
#1965 = ( GEOMETRIC_REPRESENTATION_CONTEXT(2) 
PARAMETRIC_REPRESENTATION_CONTEXT() REPRESENTATION_CONTEXT('2D SPACE',''
  ) );
#1966 = ORIENTED_EDGE('',*,*,#1967,.F.);
#1967 = EDGE_CURVE('',#952,#1944,#1968,.T.);
#1968 = SURFACE_CURVE('',#1969,(#1973,#1980),.PCURVE_S1.);
#1969 = LINE('',#1970,#1971);
#1970 = CARTESIAN_POINT('',(-105.,-125.,0.));
#1971 = VECTOR('',#1972,1.);
#1972 = DIRECTION('',(0.,0.,-1.));
#1973 = PCURVE('',#968,#1974);
#1974 = DEFINITIONAL_REPRESENTATION('',(#1975),#1979);
#1975 = LINE('',#1976,#1977);
#1976 = CARTESIAN_POINT('',(4.712388980385,0.));
#1977 = VECTOR('',#1978,1.);
#1978 = DIRECTION('',(0.,-1.));
#1979 = ( GEOMETRIC_REPRESENTATION_CONTEXT(2) 
PARAMETRIC_REPRESENTATION_CONTEXT() REPRESENTATION_CONTEXT('2D SPACE',''
  ) );
#1980 = PCURVE('',#996,#1981);
#1981 = DEFINITIONAL_REPRESENTATION('',(#1982),#1986);
#1982 = LINE('',#1983,#1984);
#1983 = CARTESIAN_POINT('',(0.,0.));
#1984 = VECTOR('',#1985,1.);
#1985 = DIRECTION('',(0.,-1.));
#1986 = ( GEOMETRIC_REPRESENTATION_CONTEXT(2) 
PARAMETRIC_REPRESENTATION_CONTEXT() REPRESENTATION_CONTEXT('2D SPACE',''
  ) );
#1987 = ORIENTED_EDGE('',*,*,#951,.F.);
#1988 = ADVANCED_FACE('',(#1989),#1137,.T.);
#1989 = FACE_BOUND('',#1990,.T.);
#1990 = EDGE_LOOP('',(#1991,#2014,#2036,#2037));
#1991 = ORIENTED_EDGE('',*,*,#1992,.T.);
#1992 = EDGE_CURVE('',#1095,#1993,#1995,.T.);
#1993 = VERTEX_POINT('',#1994);
#1994 = CARTESIAN_POINT('',(-105.,124.99999999025,-4.));
#1995 = SURFACE_CURVE('',#1996,(#2000,#2007),.PCURVE_S1.);
#1996 = LINE('',#1997,#1998);
#1997 = CARTESIAN_POINT('',(-105.,124.99999999025,0.));
#1998 = VECTOR('',#1999,1.);
#1999 = DIRECTION('',(0.,0.,-1.));
#2000 = PCURVE('',#1137,#2001);
#2001 = DEFINITIONAL_REPRESENTATION('',(#2002),#2006);
#2002 = LINE('',#2003,#2004);
#2003 = CARTESIAN_POINT('',(1.570796326795,0.));
#2004 = VECTOR('',#2005,1.);
#2005 = DIRECTION('',(0.,-1.));
#2006 = ( GEOMETRIC_REPRESENTATION_CONTEXT(2) 
PARAMETRIC_REPRESENTATION_CONTEXT() REPRESENTATION_CONTEXT('2D SPACE',''
  ) );
#2007 = PCURVE('',#1110,#2008);
#2008 = DEFINITIONAL_REPRESENTATION('',(#2009),#2013);
#2009 = LINE('',#2010,#2011);
#2010 = CARTESIAN_POINT('',(0.,0.));
#2011 = VECTOR('',#2012,1.);
#2012 = DIRECTION('',(0.,-1.));
#2013 = ( GEOMETRIC_REPRESENTATION_CONTEXT(2) 
PARAMETRIC_REPRESENTATION_CONTEXT() REPRESENTATION_CONTEXT('2D SPACE',''
  ) );
#2014 = ORIENTED_EDGE('',*,*,#2015,.T.);
#2015 = EDGE_CURVE('',#1993,#1890,#2016,.T.);
#2016 = SURFACE_CURVE('',#2017,(#2022,#2029),.PCURVE_S1.);
#2017 = CIRCLE('',#2018,20.);
#2018 = AXIS2_PLACEMENT_3D('',#2019,#2020,#2021);
#2019 = CARTESIAN_POINT('',(-105.,104.99999998051,-4.));
#2020 = DIRECTION('',(0.,0.,1.));
#2021 = DIRECTION('',(1.,0.,0.));
#2022 = PCURVE('',#1137,#2023);
#2023 = DEFINITIONAL_REPRESENTATION('',(#2024),#2028);
#2024 = LINE('',#2025,#2026);
#2025 = CARTESIAN_POINT('',(0.,-4.));
#2026 = VECTOR('',#2027,1.);
#2027 = DIRECTION('',(1.,0.));
#2028 = ( GEOMETRIC_REPRESENTATION_CONTEXT(2) 
PARAMETRIC_REPRESENTATION_CONTEXT() REPRESENTATION_CONTEXT('2D SPACE',''
  ) );
#2029 = PCURVE('',#1905,#2030);
#2030 = DEFINITIONAL_REPRESENTATION('',(#2031),#2035);
#2031 = CIRCLE('',#2032,20.);
#2032 = AXIS2_PLACEMENT_2D('',#2033,#2034);
#2033 = CARTESIAN_POINT('',(-104.9999999972,104.99999998348));
#2034 = DIRECTION('',(1.,0.));
#2035 = ( GEOMETRIC_REPRESENTATION_CONTEXT(2) 
PARAMETRIC_REPRESENTATION_CONTEXT() REPRESENTATION_CONTEXT('2D SPACE',''
  ) );
#2036 = ORIENTED_EDGE('',*,*,#1917,.F.);
#2037 = ORIENTED_EDGE('',*,*,#1122,.F.);
#2038 = ADVANCED_FACE('',(#2039),#996,.T.);
#2039 = FACE_BOUND('',#2040,.T.);
#2040 = EDGE_LOOP('',(#2041,#2042,#2065,#2086));
#2041 = ORIENTED_EDGE('',*,*,#1967,.T.);
#2042 = ORIENTED_EDGE('',*,*,#2043,.T.);
#2043 = EDGE_CURVE('',#1944,#2044,#2046,.T.);
#2044 = VERTEX_POINT('',#2045);
#2045 = CARTESIAN_POINT('',(104.99999998051,-124.9999999999,-4.));
#2046 = SURFACE_CURVE('',#2047,(#2051,#2058),.PCURVE_S1.);
#2047 = LINE('',#2048,#2049);
#2048 = CARTESIAN_POINT('',(0.,-124.9999999999,-4.));
#2049 = VECTOR('',#2050,1.);
#2050 = DIRECTION('',(1.,0.,0.));
#2051 = PCURVE('',#996,#2052);
#2052 = DEFINITIONAL_REPRESENTATION('',(#2053),#2057);
#2053 = LINE('',#2054,#2055);
#2054 = CARTESIAN_POINT('',(105.,-4.));
#2055 = VECTOR('',#2056,1.);
#2056 = DIRECTION('',(1.,0.));
#2057 = ( GEOMETRIC_REPRESENTATION_CONTEXT(2) 
PARAMETRIC_REPRESENTATION_CONTEXT() REPRESENTATION_CONTEXT('2D SPACE',''
  ) );
#2058 = PCURVE('',#1905,#2059);
#2059 = DEFINITIONAL_REPRESENTATION('',(#2060),#2064);
#2060 = LINE('',#2061,#2062);
#2061 = CARTESIAN_POINT('',(2.750198653498E-09,-124.999999997));
#2062 = VECTOR('',#2063,1.);
#2063 = DIRECTION('',(1.,0.));
#2064 = ( GEOMETRIC_REPRESENTATION_CONTEXT(2) 
PARAMETRIC_REPRESENTATION_CONTEXT() REPRESENTATION_CONTEXT('2D SPACE',''
  ) );
#2065 = ORIENTED_EDGE('',*,*,#2066,.F.);
#2066 = EDGE_CURVE('',#981,#2044,#2067,.T.);
#2067 = SURFACE_CURVE('',#2068,(#2072,#2079),.PCURVE_S1.);
#2068 = LINE('',#2069,#2070);
#2069 = CARTESIAN_POINT('',(104.99999998051,-124.9999999999,0.));
#2070 = VECTOR('',#2071,1.);
#2071 = DIRECTION('',(0.,0.,-1.));
#2072 = PCURVE('',#996,#2073);
#2073 = DEFINITIONAL_REPRESENTATION('',(#2074),#2078);
#2074 = LINE('',#2075,#2076);
#2075 = CARTESIAN_POINT('',(209.99999998051,0.));
#2076 = VECTOR('',#2077,1.);
#2077 = DIRECTION('',(0.,-1.));
#2078 = ( GEOMETRIC_REPRESENTATION_CONTEXT(2) 
PARAMETRIC_REPRESENTATION_CONTEXT() REPRESENTATION_CONTEXT('2D SPACE',''
  ) );
#2079 = PCURVE('',#1025,#2080);
#2080 = DEFINITIONAL_REPRESENTATION('',(#2081),#2085);
#2081 = LINE('',#2082,#2083);
#2082 = CARTESIAN_POINT('',(4.712388980385,0.));
#2083 = VECTOR('',#2084,1.);
#2084 = DIRECTION('',(0.,-1.));
#2085 = ( GEOMETRIC_REPRESENTATION_CONTEXT(2) 
PARAMETRIC_REPRESENTATION_CONTEXT() REPRESENTATION_CONTEXT('2D SPACE',''
  ) );
#2086 = ORIENTED_EDGE('',*,*,#980,.F.);
#2087 = ADVANCED_FACE('',(#2088),#1110,.F.);
#2088 = FACE_BOUND('',#2089,.F.);
#2089 = EDGE_LOOP('',(#2090,#2091,#2114,#2135));
#2090 = ORIENTED_EDGE('',*,*,#1992,.T.);
#2091 = ORIENTED_EDGE('',*,*,#2092,.T.);
#2092 = EDGE_CURVE('',#1993,#2093,#2095,.T.);
#2093 = VERTEX_POINT('',#2094);
#2094 = CARTESIAN_POINT('',(105.,124.99999999025,-4.));
#2095 = SURFACE_CURVE('',#2096,(#2100,#2107),.PCURVE_S1.);
#2096 = LINE('',#2097,#2098);
#2097 = CARTESIAN_POINT('',(0.,125.,-4.));
#2098 = VECTOR('',#2099,1.);
#2099 = DIRECTION('',(1.,0.,0.));
#2100 = PCURVE('',#1110,#2101);
#2101 = DEFINITIONAL_REPRESENTATION('',(#2102),#2106);
#2102 = LINE('',#2103,#2104);
#2103 = CARTESIAN_POINT('',(105.,-4.));
#2104 = VECTOR('',#2105,1.);
#2105 = DIRECTION('',(1.,0.));
#2106 = ( GEOMETRIC_REPRESENTATION_CONTEXT(2) 
PARAMETRIC_REPRESENTATION_CONTEXT() REPRESENTATION_CONTEXT('2D SPACE',''
  ) );
#2107 = PCURVE('',#1905,#2108);
#2108 = DEFINITIONAL_REPRESENTATION('',(#2109),#2113);
#2109 = LINE('',#2110,#2111);
#2110 = CARTESIAN_POINT('',(2.750198653498E-09,125.00000000297));
#2111 = VECTOR('',#2112,1.);
#2112 = DIRECTION('',(1.,0.));
#2113 = ( GEOMETRIC_REPRESENTATION_CONTEXT(2) 
PARAMETRIC_REPRESENTATION_CONTEXT() REPRESENTATION_CONTEXT('2D SPACE',''
  ) );
#2114 = ORIENTED_EDGE('',*,*,#2115,.F.);
#2115 = EDGE_CURVE('',#1066,#2093,#2116,.T.);
#2116 = SURFACE_CURVE('',#2117,(#2121,#2128),.PCURVE_S1.);
#2117 = LINE('',#2118,#2119);
#2118 = CARTESIAN_POINT('',(105.,124.99999999025,0.));
#2119 = VECTOR('',#2120,1.);
#2120 = DIRECTION('',(0.,0.,-1.));
#2121 = PCURVE('',#1110,#2122);
#2122 = DEFINITIONAL_REPRESENTATION('',(#2123),#2127);
#2123 = LINE('',#2124,#2125);
#2124 = CARTESIAN_POINT('',(210.,0.));
#2125 = VECTOR('',#2126,1.);
#2126 = DIRECTION('',(0.,-1.));
#2127 = ( GEOMETRIC_REPRESENTATION_CONTEXT(2) 
PARAMETRIC_REPRESENTATION_CONTEXT() REPRESENTATION_CONTEXT('2D SPACE',''
  ) );
#2128 = PCURVE('',#1082,#2129);
#2129 = DEFINITIONAL_REPRESENTATION('',(#2130),#2134);
#2130 = LINE('',#2131,#2132);
#2131 = CARTESIAN_POINT('',(1.570796326795,0.));
#2132 = VECTOR('',#2133,1.);
#2133 = DIRECTION('',(0.,-1.));
#2134 = ( GEOMETRIC_REPRESENTATION_CONTEXT(2) 
PARAMETRIC_REPRESENTATION_CONTEXT() REPRESENTATION_CONTEXT('2D SPACE',''
  ) );
#2135 = ORIENTED_EDGE('',*,*,#1094,.F.);
#2136 = ADVANCED_FACE('',(#2137),#1025,.T.);
#2137 = FACE_BOUND('',#2138,.T.);
#2138 = EDGE_LOOP('',(#2139,#2140,#2164,#2185));
#2139 = ORIENTED_EDGE('',*,*,#2066,.T.);
#2140 = ORIENTED_EDGE('',*,*,#2141,.T.);
#2141 = EDGE_CURVE('',#2044,#2142,#2144,.T.);
#2142 = VERTEX_POINT('',#2143);
#2143 = CARTESIAN_POINT('',(124.99999999025,-104.9999999999,-4.));
#2144 = SURFACE_CURVE('',#2145,(#2150,#2157),.PCURVE_S1.);
#2145 = CIRCLE('',#2146,20.);
#2146 = AXIS2_PLACEMENT_3D('',#2147,#2148,#2149);
#2147 = CARTESIAN_POINT('',(104.99999998051,-104.9999999999,-4.));
#2148 = DIRECTION('',(0.,0.,1.));
#2149 = DIRECTION('',(1.,0.,0.));
#2150 = PCURVE('',#1025,#2151);
#2151 = DEFINITIONAL_REPRESENTATION('',(#2152),#2156);
#2152 = LINE('',#2153,#2154);
#2153 = CARTESIAN_POINT('',(0.,-4.));
#2154 = VECTOR('',#2155,1.);
#2155 = DIRECTION('',(1.,0.));
#2156 = ( GEOMETRIC_REPRESENTATION_CONTEXT(2) 
PARAMETRIC_REPRESENTATION_CONTEXT() REPRESENTATION_CONTEXT('2D SPACE',''
  ) );
#2157 = PCURVE('',#1905,#2158);
#2158 = DEFINITIONAL_REPRESENTATION('',(#2159),#2163);
#2159 = CIRCLE('',#2160,20.);
#2160 = AXIS2_PLACEMENT_2D('',#2161,#2162);
#2161 = CARTESIAN_POINT('',(104.99999998326,-104.999999997));
#2162 = DIRECTION('',(1.,0.));
#2163 = ( GEOMETRIC_REPRESENTATION_CONTEXT(2) 
PARAMETRIC_REPRESENTATION_CONTEXT() REPRESENTATION_CONTEXT('2D SPACE',''
  ) );
#2164 = ORIENTED_EDGE('',*,*,#2165,.F.);
#2165 = EDGE_CURVE('',#1009,#2142,#2166,.T.);
#2166 = SURFACE_CURVE('',#2167,(#2171,#2178),.PCURVE_S1.);
#2167 = LINE('',#2168,#2169);
#2168 = CARTESIAN_POINT('',(124.99999999025,-104.9999999999,0.));
#2169 = VECTOR('',#2170,1.);
#2170 = DIRECTION('',(0.,0.,-1.));
#2171 = PCURVE('',#1025,#2172);
#2172 = DEFINITIONAL_REPRESENTATION('',(#2173),#2177);
#2173 = LINE('',#2174,#2175);
#2174 = CARTESIAN_POINT('',(6.28318530718,0.));
#2175 = VECTOR('',#2176,1.);
#2176 = DIRECTION('',(0.,-1.));
#2177 = ( GEOMETRIC_REPRESENTATION_CONTEXT(2) 
PARAMETRIC_REPRESENTATION_CONTEXT() REPRESENTATION_CONTEXT('2D SPACE',''
  ) );
#2178 = PCURVE('',#1053,#2179);
#2179 = DEFINITIONAL_REPRESENTATION('',(#2180),#2184);
#2180 = LINE('',#2181,#2182);
#2181 = CARTESIAN_POINT('',(0.,0.));
#2182 = VECTOR('',#2183,1.);
#2183 = DIRECTION('',(0.,-1.));
#2184 = ( GEOMETRIC_REPRESENTATION_CONTEXT(2) 
PARAMETRIC_REPRESENTATION_CONTEXT() REPRESENTATION_CONTEXT('2D SPACE',''
  ) );
#2185 = ORIENTED_EDGE('',*,*,#1008,.F.);
#2186 = ADVANCED_FACE('',(#2187),#1082,.T.);
#2187 = FACE_BOUND('',#2188,.T.);
#2188 = EDGE_LOOP('',(#2189,#2212,#2234,#2235));
#2189 = ORIENTED_EDGE('',*,*,#2190,.T.);
#2190 = EDGE_CURVE('',#1038,#2191,#2193,.T.);
#2191 = VERTEX_POINT('',#2192);
#2192 = CARTESIAN_POINT('',(125.,104.99999998051,-4.));
#2193 = SURFACE_CURVE('',#2194,(#2198,#2205),.PCURVE_S1.);
#2194 = LINE('',#2195,#2196);
#2195 = CARTESIAN_POINT('',(125.,104.99999998051,0.));
#2196 = VECTOR('',#2197,1.);
#2197 = DIRECTION('',(0.,0.,-1.));
#2198 = PCURVE('',#1082,#2199);
#2199 = DEFINITIONAL_REPRESENTATION('',(#2200),#2204);
#2200 = LINE('',#2201,#2202);
#2201 = CARTESIAN_POINT('',(0.,0.));
#2202 = VECTOR('',#2203,1.);
#2203 = DIRECTION('',(0.,-1.));
#2204 = ( GEOMETRIC_REPRESENTATION_CONTEXT(2) 
PARAMETRIC_REPRESENTATION_CONTEXT() REPRESENTATION_CONTEXT('2D SPACE',''
  ) );
#2205 = PCURVE('',#1053,#2206);
#2206 = DEFINITIONAL_REPRESENTATION('',(#2207),#2211);
#2207 = LINE('',#2208,#2209);
#2208 = CARTESIAN_POINT('',(209.99999998051,0.));
#2209 = VECTOR('',#2210,1.);
#2210 = DIRECTION('',(0.,-1.));
#2211 = ( GEOMETRIC_REPRESENTATION_CONTEXT(2) 
PARAMETRIC_REPRESENTATION_CONTEXT() REPRESENTATION_CONTEXT('2D SPACE',''
  ) );
#2212 = ORIENTED_EDGE('',*,*,#2213,.T.);
#2213 = EDGE_CURVE('',#2191,#2093,#2214,.T.);
#2214 = SURFACE_CURVE('',#2215,(#2220,#2227),.PCURVE_S1.);
#2215 = CIRCLE('',#2216,20.);
#2216 = AXIS2_PLACEMENT_3D('',#2217,#2218,#2219);
#2217 = CARTESIAN_POINT('',(105.,104.99999998051,-4.));
#2218 = DIRECTION('',(0.,0.,1.));
#2219 = DIRECTION('',(1.,0.,0.));
#2220 = PCURVE('',#1082,#2221);
#2221 = DEFINITIONAL_REPRESENTATION('',(#2222),#2226);
#2222 = LINE('',#2223,#2224);
#2223 = CARTESIAN_POINT('',(0.,-4.));
#2224 = VECTOR('',#2225,1.);
#2225 = DIRECTION('',(1.,0.));
#2226 = ( GEOMETRIC_REPRESENTATION_CONTEXT(2) 
PARAMETRIC_REPRESENTATION_CONTEXT() REPRESENTATION_CONTEXT('2D SPACE',''
  ) );
#2227 = PCURVE('',#1905,#2228);
#2228 = DEFINITIONAL_REPRESENTATION('',(#2229),#2233);
#2229 = CIRCLE('',#2230,20.);
#2230 = AXIS2_PLACEMENT_2D('',#2231,#2232);
#2231 = CARTESIAN_POINT('',(105.00000000275,104.99999998348));
#2232 = DIRECTION('',(1.,0.));
#2233 = ( GEOMETRIC_REPRESENTATION_CONTEXT(2) 
PARAMETRIC_REPRESENTATION_CONTEXT() REPRESENTATION_CONTEXT('2D SPACE',''
  ) );
#2234 = ORIENTED_EDGE('',*,*,#2115,.F.);
#2235 = ORIENTED_EDGE('',*,*,#1065,.F.);
#2236 = ADVANCED_FACE('',(#2237),#1053,.T.);
#2237 = FACE_BOUND('',#2238,.T.);
#2238 = EDGE_LOOP('',(#2239,#2240,#2261,#2262));
#2239 = ORIENTED_EDGE('',*,*,#2165,.T.);
#2240 = ORIENTED_EDGE('',*,*,#2241,.T.);
#2241 = EDGE_CURVE('',#2142,#2191,#2242,.T.);
#2242 = SURFACE_CURVE('',#2243,(#2247,#2254),.PCURVE_S1.);
#2243 = LINE('',#2244,#2245);
#2244 = CARTESIAN_POINT('',(125.,1.520561454527E-12,-4.));
#2245 = VECTOR('',#2246,1.);
#2246 = DIRECTION('',(0.,1.,0.));
#2247 = PCURVE('',#1053,#2248);
#2248 = DEFINITIONAL_REPRESENTATION('',(#2249),#2253);
#2249 = LINE('',#2250,#2251);
#2250 = CARTESIAN_POINT('',(105.,-4.));
#2251 = VECTOR('',#2252,1.);
#2252 = DIRECTION('',(1.,0.));
#2253 = ( GEOMETRIC_REPRESENTATION_CONTEXT(2) 
PARAMETRIC_REPRESENTATION_CONTEXT() REPRESENTATION_CONTEXT('2D SPACE',''
  ) );
#2254 = PCURVE('',#1905,#2255);
#2255 = DEFINITIONAL_REPRESENTATION('',(#2256),#2260);
#2256 = LINE('',#2257,#2258);
#2257 = CARTESIAN_POINT('',(125.00000000275,2.973706816538E-09));
#2258 = VECTOR('',#2259,1.);
#2259 = DIRECTION('',(0.,1.));
#2260 = ( GEOMETRIC_REPRESENTATION_CONTEXT(2) 
PARAMETRIC_REPRESENTATION_CONTEXT() REPRESENTATION_CONTEXT('2D SPACE',''
  ) );
#2261 = ORIENTED_EDGE('',*,*,#2190,.F.);
#2262 = ORIENTED_EDGE('',*,*,#1037,.F.);
#2263 = ADVANCED_FACE('',(#2264),#1168,.F.);
#2264 = FACE_BOUND('',#2265,.T.);
#2265 = EDGE_LOOP('',(#2266,#2289,#2290,#2291));
#2266 = ORIENTED_EDGE('',*,*,#2267,.T.);
#2267 = EDGE_CURVE('',#2268,#1152,#2270,.T.);
#2268 = VERTEX_POINT('',#2269);
#2269 = CARTESIAN_POINT('',(-108.,-112.5,-4.));
#2270 = SEAM_CURVE('',#2271,(#2275,#2282),.PCURVE_S1.);
#2271 = LINE('',#2272,#2273);
#2272 = CARTESIAN_POINT('',(-108.,-112.5,-4.));
#2273 = VECTOR('',#2274,1.);
#2274 = DIRECTION('',(0.,0.,1.));
#2275 = PCURVE('',#1168,#2276);
#2276 = DEFINITIONAL_REPRESENTATION('',(#2277),#2281);
#2277 = LINE('',#2278,#2279);
#2278 = CARTESIAN_POINT('',(-0.,0.));
#2279 = VECTOR('',#2280,1.);
#2280 = DIRECTION('',(-0.,-1.));
#2281 = ( GEOMETRIC_REPRESENTATION_CONTEXT(2) 
PARAMETRIC_REPRESENTATION_CONTEXT() REPRESENTATION_CONTEXT('2D SPACE',''
  ) );
#2282 = PCURVE('',#1168,#2283);
#2283 = DEFINITIONAL_REPRESENTATION('',(#2284),#2288);
#2284 = LINE('',#2285,#2286);
#2285 = CARTESIAN_POINT('',(-6.28318530718,0.));
#2286 = VECTOR('',#2287,1.);
#2287 = DIRECTION('',(-0.,-1.));
#2288 = ( GEOMETRIC_REPRESENTATION_CONTEXT(2) 
PARAMETRIC_REPRESENTATION_CONTEXT() REPRESENTATION_CONTEXT('2D SPACE',''
  ) );
#2289 = ORIENTED_EDGE('',*,*,#1151,.T.);
#2290 = ORIENTED_EDGE('',*,*,#2267,.F.);
#2291 = ORIENTED_EDGE('',*,*,#2292,.F.);
#2292 = EDGE_CURVE('',#2268,#2268,#2293,.T.);
#2293 = SURFACE_CURVE('',#2294,(#2299,#2306),.PCURVE_S1.);
#2294 = CIRCLE('',#2295,4.5);
#2295 = AXIS2_PLACEMENT_3D('',#2296,#2297,#2298);
#2296 = CARTESIAN_POINT('',(-112.5,-112.5,-4.));
#2297 = DIRECTION('',(0.,0.,1.));
#2298 = DIRECTION('',(1.,0.,0.));
#2299 = PCURVE('',#1168,#2300);
#2300 = DEFINITIONAL_REPRESENTATION('',(#2301),#2305);
#2301 = LINE('',#2302,#2303);
#2302 = CARTESIAN_POINT('',(-0.,0.));
#2303 = VECTOR('',#2304,1.);
#2304 = DIRECTION('',(-1.,0.));
#2305 = ( GEOMETRIC_REPRESENTATION_CONTEXT(2) 
PARAMETRIC_REPRESENTATION_CONTEXT() REPRESENTATION_CONTEXT('2D SPACE',''
  ) );
#2306 = PCURVE('',#1905,#2307);
#2307 = DEFINITIONAL_REPRESENTATION('',(#2308),#2312);
#2308 = CIRCLE('',#2309,4.5);
#2309 = AXIS2_PLACEMENT_2D('',#2310,#2311);
#2310 = CARTESIAN_POINT('',(-112.4999999972,-112.499999997));
#2311 = DIRECTION('',(1.,0.));
#2312 = ( GEOMETRIC_REPRESENTATION_CONTEXT(2) 
PARAMETRIC_REPRESENTATION_CONTEXT() REPRESENTATION_CONTEXT('2D SPACE',''
  ) );
#2313 = ADVANCED_FACE('',(#2314),#1199,.F.);
#2314 = FACE_BOUND('',#2315,.T.);
#2315 = EDGE_LOOP('',(#2316,#2339,#2340,#2341));
#2316 = ORIENTED_EDGE('',*,*,#2317,.T.);
#2317 = EDGE_CURVE('',#2318,#1183,#2320,.T.);
#2318 = VERTEX_POINT('',#2319);
#2319 = CARTESIAN_POINT('',(4.5,-112.5,-4.));
#2320 = SEAM_CURVE('',#2321,(#2325,#2332),.PCURVE_S1.);
#2321 = LINE('',#2322,#2323);
#2322 = CARTESIAN_POINT('',(4.5,-112.5,-4.));
#2323 = VECTOR('',#2324,1.);
#2324 = DIRECTION('',(0.,0.,1.));
#2325 = PCURVE('',#1199,#2326);
#2326 = DEFINITIONAL_REPRESENTATION('',(#2327),#2331);
#2327 = LINE('',#2328,#2329);
#2328 = CARTESIAN_POINT('',(-0.,0.));
#2329 = VECTOR('',#2330,1.);
#2330 = DIRECTION('',(-0.,-1.));
#2331 = ( GEOMETRIC_REPRESENTATION_CONTEXT(2) 
PARAMETRIC_REPRESENTATION_CONTEXT() REPRESENTATION_CONTEXT('2D SPACE',''
  ) );
#2332 = PCURVE('',#1199,#2333);
#2333 = DEFINITIONAL_REPRESENTATION('',(#2334),#2338);
#2334 = LINE('',#2335,#2336);
#2335 = CARTESIAN_POINT('',(-6.28318530718,0.));
#2336 = VECTOR('',#2337,1.);
#2337 = DIRECTION('',(-0.,-1.));
#2338 = ( GEOMETRIC_REPRESENTATION_CONTEXT(2) 
PARAMETRIC_REPRESENTATION_CONTEXT() REPRESENTATION_CONTEXT('2D SPACE',''
  ) );
#2339 = ORIENTED_EDGE('',*,*,#1182,.T.);
#2340 = ORIENTED_EDGE('',*,*,#2317,.F.);
#2341 = ORIENTED_EDGE('',*,*,#2342,.F.);
#2342 = EDGE_CURVE('',#2318,#2318,#2343,.T.);
#2343 = SURFACE_CURVE('',#2344,(#2349,#2356),.PCURVE_S1.);
#2344 = CIRCLE('',#2345,4.5);
#2345 = AXIS2_PLACEMENT_3D('',#2346,#2347,#2348);
#2346 = CARTESIAN_POINT('',(0.,-112.5,-4.));
#2347 = DIRECTION('',(0.,0.,1.));
#2348 = DIRECTION('',(1.,0.,0.));
#2349 = PCURVE('',#1199,#2350);
#2350 = DEFINITIONAL_REPRESENTATION('',(#2351),#2355);
#2351 = LINE('',#2352,#2353);
#2352 = CARTESIAN_POINT('',(-0.,0.));
#2353 = VECTOR('',#2354,1.);
#2354 = DIRECTION('',(-1.,0.));
#2355 = ( GEOMETRIC_REPRESENTATION_CONTEXT(2) 
PARAMETRIC_REPRESENTATION_CONTEXT() REPRESENTATION_CONTEXT('2D SPACE',''
  ) );
#2356 = PCURVE('',#1905,#2357);
#2357 = DEFINITIONAL_REPRESENTATION('',(#2358),#2362);
#2358 = CIRCLE('',#2359,4.5);
#2359 = AXIS2_PLACEMENT_2D('',#2360,#2361);
#2360 = CARTESIAN_POINT('',(2.750198653498E-09,-112.499999997));
#2361 = DIRECTION('',(1.,0.));
#2362 = ( GEOMETRIC_REPRESENTATION_CONTEXT(2) 
PARAMETRIC_REPRESENTATION_CONTEXT() REPRESENTATION_CONTEXT('2D SPACE',''
  ) );
#2363 = ADVANCED_FACE('',(#2364),#1230,.F.);
#2364 = FACE_BOUND('',#2365,.T.);
#2365 = EDGE_LOOP('',(#2366,#2389,#2390,#2391));
#2366 = ORIENTED_EDGE('',*,*,#2367,.T.);
#2367 = EDGE_CURVE('',#2368,#1214,#2370,.T.);
#2368 = VERTEX_POINT('',#2369);
#2369 = CARTESIAN_POINT('',(117.,-112.5,-4.));
#2370 = SEAM_CURVE('',#2371,(#2375,#2382),.PCURVE_S1.);
#2371 = LINE('',#2372,#2373);
#2372 = CARTESIAN_POINT('',(117.,-112.5,-4.));
#2373 = VECTOR('',#2374,1.);
#2374 = DIRECTION('',(0.,0.,1.));
#2375 = PCURVE('',#1230,#2376);
#2376 = DEFINITIONAL_REPRESENTATION('',(#2377),#2381);
#2377 = LINE('',#2378,#2379);
#2378 = CARTESIAN_POINT('',(-0.,0.));
#2379 = VECTOR('',#2380,1.);
#2380 = DIRECTION('',(-0.,-1.));
#2381 = ( GEOMETRIC_REPRESENTATION_CONTEXT(2) 
PARAMETRIC_REPRESENTATION_CONTEXT() REPRESENTATION_CONTEXT('2D SPACE',''
  ) );
#2382 = PCURVE('',#1230,#2383);
#2383 = DEFINITIONAL_REPRESENTATION('',(#2384),#2388);
#2384 = LINE('',#2385,#2386);
#2385 = CARTESIAN_POINT('',(-6.28318530718,0.));
#2386 = VECTOR('',#2387,1.);
#2387 = DIRECTION('',(-0.,-1.));
#2388 = ( GEOMETRIC_REPRESENTATION_CONTEXT(2) 
PARAMETRIC_REPRESENTATION_CONTEXT() REPRESENTATION_CONTEXT('2D SPACE',''
  ) );
#2389 = ORIENTED_EDGE('',*,*,#1213,.T.);
#2390 = ORIENTED_EDGE('',*,*,#2367,.F.);
#2391 = ORIENTED_EDGE('',*,*,#2392,.F.);
#2392 = EDGE_CURVE('',#2368,#2368,#2393,.T.);
#2393 = SURFACE_CURVE('',#2394,(#2399,#2406),.PCURVE_S1.);
#2394 = CIRCLE('',#2395,4.5);
#2395 = AXIS2_PLACEMENT_3D('',#2396,#2397,#2398);
#2396 = CARTESIAN_POINT('',(112.5,-112.5,-4.));
#2397 = DIRECTION('',(0.,0.,1.));
#2398 = DIRECTION('',(1.,0.,0.));
#2399 = PCURVE('',#1230,#2400);
#2400 = DEFINITIONAL_REPRESENTATION('',(#2401),#2405);
#2401 = LINE('',#2402,#2403);
#2402 = CARTESIAN_POINT('',(-0.,0.));
#2403 = VECTOR('',#2404,1.);
#2404 = DIRECTION('',(-1.,0.));
#2405 = ( GEOMETRIC_REPRESENTATION_CONTEXT(2) 
PARAMETRIC_REPRESENTATION_CONTEXT() REPRESENTATION_CONTEXT('2D SPACE',''
  ) );
#2406 = PCURVE('',#1905,#2407);
#2407 = DEFINITIONAL_REPRESENTATION('',(#2408),#2412);
#2408 = CIRCLE('',#2409,4.5);
#2409 = AXIS2_PLACEMENT_2D('',#2410,#2411);
#2410 = CARTESIAN_POINT('',(112.50000000275,-112.499999997));
#2411 = DIRECTION('',(1.,0.));
#2412 = ( GEOMETRIC_REPRESENTATION_CONTEXT(2) 
PARAMETRIC_REPRESENTATION_CONTEXT() REPRESENTATION_CONTEXT('2D SPACE',''
  ) );
#2413 = ADVANCED_FACE('',(#2414),#1261,.F.);
#2414 = FACE_BOUND('',#2415,.T.);
#2415 = EDGE_LOOP('',(#2416,#2439,#2440,#2441));
#2416 = ORIENTED_EDGE('',*,*,#2417,.T.);
#2417 = EDGE_CURVE('',#2418,#1245,#2420,.T.);
#2418 = VERTEX_POINT('',#2419);
#2419 = CARTESIAN_POINT('',(-108.,0.,-4.));
#2420 = SEAM_CURVE('',#2421,(#2425,#2432),.PCURVE_S1.);
#2421 = LINE('',#2422,#2423);
#2422 = CARTESIAN_POINT('',(-108.,0.,-4.));
#2423 = VECTOR('',#2424,1.);
#2424 = DIRECTION('',(0.,0.,1.));
#2425 = PCURVE('',#1261,#2426);
#2426 = DEFINITIONAL_REPRESENTATION('',(#2427),#2431);
#2427 = LINE('',#2428,#2429);
#2428 = CARTESIAN_POINT('',(-0.,0.));
#2429 = VECTOR('',#2430,1.);
#2430 = DIRECTION('',(-0.,-1.));
#2431 = ( GEOMETRIC_REPRESENTATION_CONTEXT(2) 
PARAMETRIC_REPRESENTATION_CONTEXT() REPRESENTATION_CONTEXT('2D SPACE',''
  ) );
#2432 = PCURVE('',#1261,#2433);
#2433 = DEFINITIONAL_REPRESENTATION('',(#2434),#2438);
#2434 = LINE('',#2435,#2436);
#2435 = CARTESIAN_POINT('',(-6.28318530718,0.));
#2436 = VECTOR('',#2437,1.);
#2437 = DIRECTION('',(-0.,-1.));
#2438 = ( GEOMETRIC_REPRESENTATION_CONTEXT(2) 
PARAMETRIC_REPRESENTATION_CONTEXT() REPRESENTATION_CONTEXT('2D SPACE',''
  ) );
#2439 = ORIENTED_EDGE('',*,*,#1244,.T.);
#2440 = ORIENTED_EDGE('',*,*,#2417,.F.);
#2441 = ORIENTED_EDGE('',*,*,#2442,.F.);
#2442 = EDGE_CURVE('',#2418,#2418,#2443,.T.);
#2443 = SURFACE_CURVE('',#2444,(#2449,#2456),.PCURVE_S1.);
#2444 = CIRCLE('',#2445,4.5);
#2445 = AXIS2_PLACEMENT_3D('',#2446,#2447,#2448);
#2446 = CARTESIAN_POINT('',(-112.5,0.,-4.));
#2447 = DIRECTION('',(0.,0.,1.));
#2448 = DIRECTION('',(1.,0.,0.));
#2449 = PCURVE('',#1261,#2450);
#2450 = DEFINITIONAL_REPRESENTATION('',(#2451),#2455);
#2451 = LINE('',#2452,#2453);
#2452 = CARTESIAN_POINT('',(-0.,0.));
#2453 = VECTOR('',#2454,1.);
#2454 = DIRECTION('',(-1.,0.));
#2455 = ( GEOMETRIC_REPRESENTATION_CONTEXT(2) 
PARAMETRIC_REPRESENTATION_CONTEXT() REPRESENTATION_CONTEXT('2D SPACE',''
  ) );
#2456 = PCURVE('',#1905,#2457);
#2457 = DEFINITIONAL_REPRESENTATION('',(#2458),#2462);
#2458 = CIRCLE('',#2459,4.5);
#2459 = AXIS2_PLACEMENT_2D('',#2460,#2461);
#2460 = CARTESIAN_POINT('',(-112.4999999972,2.972186255083E-09));
#2461 = DIRECTION('',(1.,0.));
#2462 = ( GEOMETRIC_REPRESENTATION_CONTEXT(2) 
PARAMETRIC_REPRESENTATION_CONTEXT() REPRESENTATION_CONTEXT('2D SPACE',''
  ) );
#2463 = ADVANCED_FACE('',(#2464),#1292,.F.);
#2464 = FACE_BOUND('',#2465,.T.);
#2465 = EDGE_LOOP('',(#2466,#2489,#2490,#2491));
#2466 = ORIENTED_EDGE('',*,*,#2467,.T.);
#2467 = EDGE_CURVE('',#2468,#1276,#2470,.T.);
#2468 = VERTEX_POINT('',#2469);
#2469 = CARTESIAN_POINT('',(-108.,112.5,-4.));
#2470 = SEAM_CURVE('',#2471,(#2475,#2482),.PCURVE_S1.);
#2471 = LINE('',#2472,#2473);
#2472 = CARTESIAN_POINT('',(-108.,112.5,-4.));
#2473 = VECTOR('',#2474,1.);
#2474 = DIRECTION('',(0.,0.,1.));
#2475 = PCURVE('',#1292,#2476);
#2476 = DEFINITIONAL_REPRESENTATION('',(#2477),#2481);
#2477 = LINE('',#2478,#2479);
#2478 = CARTESIAN_POINT('',(-0.,0.));
#2479 = VECTOR('',#2480,1.);
#2480 = DIRECTION('',(-0.,-1.));
#2481 = ( GEOMETRIC_REPRESENTATION_CONTEXT(2) 
PARAMETRIC_REPRESENTATION_CONTEXT() REPRESENTATION_CONTEXT('2D SPACE',''
  ) );
#2482 = PCURVE('',#1292,#2483);
#2483 = DEFINITIONAL_REPRESENTATION('',(#2484),#2488);
#2484 = LINE('',#2485,#2486);
#2485 = CARTESIAN_POINT('',(-6.28318530718,0.));
#2486 = VECTOR('',#2487,1.);
#2487 = DIRECTION('',(-0.,-1.));
#2488 = ( GEOMETRIC_REPRESENTATION_CONTEXT(2) 
PARAMETRIC_REPRESENTATION_CONTEXT() REPRESENTATION_CONTEXT('2D SPACE',''
  ) );
#2489 = ORIENTED_EDGE('',*,*,#1275,.T.);
#2490 = ORIENTED_EDGE('',*,*,#2467,.F.);
#2491 = ORIENTED_EDGE('',*,*,#2492,.F.);
#2492 = EDGE_CURVE('',#2468,#2468,#2493,.T.);
#2493 = SURFACE_CURVE('',#2494,(#2499,#2506),.PCURVE_S1.);
#2494 = CIRCLE('',#2495,4.5);
#2495 = AXIS2_PLACEMENT_3D('',#2496,#2497,#2498);
#2496 = CARTESIAN_POINT('',(-112.5,112.5,-4.));
#2497 = DIRECTION('',(0.,0.,1.));
#2498 = DIRECTION('',(1.,0.,0.));
#2499 = PCURVE('',#1292,#2500);
#2500 = DEFINITIONAL_REPRESENTATION('',(#2501),#2505);
#2501 = LINE('',#2502,#2503);
#2502 = CARTESIAN_POINT('',(-0.,0.));
#2503 = VECTOR('',#2504,1.);
#2504 = DIRECTION('',(-1.,0.));
#2505 = ( GEOMETRIC_REPRESENTATION_CONTEXT(2) 
PARAMETRIC_REPRESENTATION_CONTEXT() REPRESENTATION_CONTEXT('2D SPACE',''
  ) );
#2506 = PCURVE('',#1905,#2507);
#2507 = DEFINITIONAL_REPRESENTATION('',(#2508),#2512);
#2508 = CIRCLE('',#2509,4.5);
#2509 = AXIS2_PLACEMENT_2D('',#2510,#2511);
#2510 = CARTESIAN_POINT('',(-112.4999999972,112.50000000297));
#2511 = DIRECTION('',(1.,0.));
#2512 = ( GEOMETRIC_REPRESENTATION_CONTEXT(2) 
PARAMETRIC_REPRESENTATION_CONTEXT() REPRESENTATION_CONTEXT('2D SPACE',''
  ) );
#2513 = ADVANCED_FACE('',(#2514),#1334,.F.);
#2514 = FACE_BOUND('',#2515,.T.);
#2515 = EDGE_LOOP('',(#2516,#2539,#2540,#2541));
#2516 = ORIENTED_EDGE('',*,*,#2517,.T.);
#2517 = EDGE_CURVE('',#2518,#1318,#2520,.T.);
#2518 = VERTEX_POINT('',#2519);
#2519 = CARTESIAN_POINT('',(117.,0.,-4.));
#2520 = SEAM_CURVE('',#2521,(#2525,#2532),.PCURVE_S1.);
#2521 = LINE('',#2522,#2523);
#2522 = CARTESIAN_POINT('',(117.,0.,-4.));
#2523 = VECTOR('',#2524,1.);
#2524 = DIRECTION('',(0.,0.,1.));
#2525 = PCURVE('',#1334,#2526);
#2526 = DEFINITIONAL_REPRESENTATION('',(#2527),#2531);
#2527 = LINE('',#2528,#2529);
#2528 = CARTESIAN_POINT('',(-0.,0.));
#2529 = VECTOR('',#2530,1.);
#2530 = DIRECTION('',(-0.,-1.));
#2531 = ( GEOMETRIC_REPRESENTATION_CONTEXT(2) 
PARAMETRIC_REPRESENTATION_CONTEXT() REPRESENTATION_CONTEXT('2D SPACE',''
  ) );
#2532 = PCURVE('',#1334,#2533);
#2533 = DEFINITIONAL_REPRESENTATION('',(#2534),#2538);
#2534 = LINE('',#2535,#2536);
#2535 = CARTESIAN_POINT('',(-6.28318530718,0.));
#2536 = VECTOR('',#2537,1.);
#2537 = DIRECTION('',(-0.,-1.));
#2538 = ( GEOMETRIC_REPRESENTATION_CONTEXT(2) 
PARAMETRIC_REPRESENTATION_CONTEXT() REPRESENTATION_CONTEXT('2D SPACE',''
  ) );
#2539 = ORIENTED_EDGE('',*,*,#1317,.T.);
#2540 = ORIENTED_EDGE('',*,*,#2517,.F.);
#2541 = ORIENTED_EDGE('',*,*,#2542,.F.);
#2542 = EDGE_CURVE('',#2518,#2518,#2543,.T.);
#2543 = SURFACE_CURVE('',#2544,(#2549,#2556),.PCURVE_S1.);
#2544 = CIRCLE('',#2545,4.5);
#2545 = AXIS2_PLACEMENT_3D('',#2546,#2547,#2548);
#2546 = CARTESIAN_POINT('',(112.5,0.,-4.));
#2547 = DIRECTION('',(0.,0.,1.));
#2548 = DIRECTION('',(1.,0.,0.));
#2549 = PCURVE('',#1334,#2550);
#2550 = DEFINITIONAL_REPRESENTATION('',(#2551),#2555);
#2551 = LINE('',#2552,#2553);
#2552 = CARTESIAN_POINT('',(-0.,0.));
#2553 = VECTOR('',#2554,1.);
#2554 = DIRECTION('',(-1.,0.));
#2555 = ( GEOMETRIC_REPRESENTATION_CONTEXT(2) 
PARAMETRIC_REPRESENTATION_CONTEXT() REPRESENTATION_CONTEXT('2D SPACE',''
  ) );
#2556 = PCURVE('',#1905,#2557);
#2557 = DEFINITIONAL_REPRESENTATION('',(#2558),#2562);
#2558 = CIRCLE('',#2559,4.5);
#2559 = AXIS2_PLACEMENT_2D('',#2560,#2561);
#2560 = CARTESIAN_POINT('',(112.50000000275,2.972186255083E-09));
#2561 = DIRECTION('',(1.,0.));
#2562 = ( GEOMETRIC_REPRESENTATION_CONTEXT(2) 
PARAMETRIC_REPRESENTATION_CONTEXT() REPRESENTATION_CONTEXT('2D SPACE',''
  ) );
#2563 = ADVANCED_FACE('',(#2564),#1365,.F.);
#2564 = FACE_BOUND('',#2565,.T.);
#2565 = EDGE_LOOP('',(#2566,#2589,#2590,#2591));
#2566 = ORIENTED_EDGE('',*,*,#2567,.T.);
#2567 = EDGE_CURVE('',#2568,#1349,#2570,.T.);
#2568 = VERTEX_POINT('',#2569);
#2569 = CARTESIAN_POINT('',(4.5,112.5,-4.));
#2570 = SEAM_CURVE('',#2571,(#2575,#2582),.PCURVE_S1.);
#2571 = LINE('',#2572,#2573);
#2572 = CARTESIAN_POINT('',(4.5,112.5,-4.));
#2573 = VECTOR('',#2574,1.);
#2574 = DIRECTION('',(0.,0.,1.));
#2575 = PCURVE('',#1365,#2576);
#2576 = DEFINITIONAL_REPRESENTATION('',(#2577),#2581);
#2577 = LINE('',#2578,#2579);
#2578 = CARTESIAN_POINT('',(-0.,0.));
#2579 = VECTOR('',#2580,1.);
#2580 = DIRECTION('',(-0.,-1.));
#2581 = ( GEOMETRIC_REPRESENTATION_CONTEXT(2) 
PARAMETRIC_REPRESENTATION_CONTEXT() REPRESENTATION_CONTEXT('2D SPACE',''
  ) );
#2582 = PCURVE('',#1365,#2583);
#2583 = DEFINITIONAL_REPRESENTATION('',(#2584),#2588);
#2584 = LINE('',#2585,#2586);
#2585 = CARTESIAN_POINT('',(-6.28318530718,0.));
#2586 = VECTOR('',#2587,1.);
#2587 = DIRECTION('',(-0.,-1.));
#2588 = ( GEOMETRIC_REPRESENTATION_CONTEXT(2) 
PARAMETRIC_REPRESENTATION_CONTEXT() REPRESENTATION_CONTEXT('2D SPACE',''
  ) );
#2589 = ORIENTED_EDGE('',*,*,#1348,.T.);
#2590 = ORIENTED_EDGE('',*,*,#2567,.F.);
#2591 = ORIENTED_EDGE('',*,*,#2592,.F.);
#2592 = EDGE_CURVE('',#2568,#2568,#2593,.T.);
#2593 = SURFACE_CURVE('',#2594,(#2599,#2606),.PCURVE_S1.);
#2594 = CIRCLE('',#2595,4.5);
#2595 = AXIS2_PLACEMENT_3D('',#2596,#2597,#2598);
#2596 = CARTESIAN_POINT('',(0.,112.5,-4.));
#2597 = DIRECTION('',(0.,0.,1.));
#2598 = DIRECTION('',(1.,0.,0.));
#2599 = PCURVE('',#1365,#2600);
#2600 = DEFINITIONAL_REPRESENTATION('',(#2601),#2605);
#2601 = LINE('',#2602,#2603);
#2602 = CARTESIAN_POINT('',(-0.,0.));
#2603 = VECTOR('',#2604,1.);
#2604 = DIRECTION('',(-1.,0.));
#2605 = ( GEOMETRIC_REPRESENTATION_CONTEXT(2) 
PARAMETRIC_REPRESENTATION_CONTEXT() REPRESENTATION_CONTEXT('2D SPACE',''
  ) );
#2606 = PCURVE('',#1905,#2607);
#2607 = DEFINITIONAL_REPRESENTATION('',(#2608),#2612);
#2608 = CIRCLE('',#2609,4.5);
#2609 = AXIS2_PLACEMENT_2D('',#2610,#2611);
#2610 = CARTESIAN_POINT('',(2.750198653498E-09,112.50000000297));
#2611 = DIRECTION('',(1.,0.));
#2612 = ( GEOMETRIC_REPRESENTATION_CONTEXT(2) 
PARAMETRIC_REPRESENTATION_CONTEXT() REPRESENTATION_CONTEXT('2D SPACE',''
  ) );
#2613 = ADVANCED_FACE('',(#2614),#1396,.F.);
#2614 = FACE_BOUND('',#2615,.T.);
#2615 = EDGE_LOOP('',(#2616,#2639,#2640,#2641));
#2616 = ORIENTED_EDGE('',*,*,#2617,.T.);
#2617 = EDGE_CURVE('',#2618,#1380,#2620,.T.);
#2618 = VERTEX_POINT('',#2619);
#2619 = CARTESIAN_POINT('',(117.,112.5,-4.));
#2620 = SEAM_CURVE('',#2621,(#2625,#2632),.PCURVE_S1.);
#2621 = LINE('',#2622,#2623);
#2622 = CARTESIAN_POINT('',(117.,112.5,-4.));
#2623 = VECTOR('',#2624,1.);
#2624 = DIRECTION('',(0.,0.,1.));
#2625 = PCURVE('',#1396,#2626);
#2626 = DEFINITIONAL_REPRESENTATION('',(#2627),#2631);
#2627 = LINE('',#2628,#2629);
#2628 = CARTESIAN_POINT('',(-0.,0.));
#2629 = VECTOR('',#2630,1.);
#2630 = DIRECTION('',(-0.,-1.));
#2631 = ( GEOMETRIC_REPRESENTATION_CONTEXT(2) 
PARAMETRIC_REPRESENTATION_CONTEXT() REPRESENTATION_CONTEXT('2D SPACE',''
  ) );
#2632 = PCURVE('',#1396,#2633);
#2633 = DEFINITIONAL_REPRESENTATION('',(#2634),#2638);
#2634 = LINE('',#2635,#2636);
#2635 = CARTESIAN_POINT('',(-6.28318530718,0.));
#2636 = VECTOR('',#2637,1.);
#2637 = DIRECTION('',(-0.,-1.));
#2638 = ( GEOMETRIC_REPRESENTATION_CONTEXT(2) 
PARAMETRIC_REPRESENTATION_CONTEXT() REPRESENTATION_CONTEXT('2D SPACE',''
  ) );
#2639 = ORIENTED_EDGE('',*,*,#1379,.T.);
#2640 = ORIENTED_EDGE('',*,*,#2617,.F.);
#2641 = ORIENTED_EDGE('',*,*,#2642,.F.);
#2642 = EDGE_CURVE('',#2618,#2618,#2643,.T.);
#2643 = SURFACE_CURVE('',#2644,(#2649,#2656),.PCURVE_S1.);
#2644 = CIRCLE('',#2645,4.5);
#2645 = AXIS2_PLACEMENT_3D('',#2646,#2647,#2648);
#2646 = CARTESIAN_POINT('',(112.5,112.5,-4.));
#2647 = DIRECTION('',(0.,0.,1.));
#2648 = DIRECTION('',(1.,0.,0.));
#2649 = PCURVE('',#1396,#2650);
#2650 = DEFINITIONAL_REPRESENTATION('',(#2651),#2655);
#2651 = LINE('',#2652,#2653);
#2652 = CARTESIAN_POINT('',(-0.,0.));
#2653 = VECTOR('',#2654,1.);
#2654 = DIRECTION('',(-1.,0.));
#2655 = ( GEOMETRIC_REPRESENTATION_CONTEXT(2) 
PARAMETRIC_REPRESENTATION_CONTEXT() REPRESENTATION_CONTEXT('2D SPACE',''
  ) );
#2656 = PCURVE('',#1905,#2657);
#2657 = DEFINITIONAL_REPRESENTATION('',(#2658),#2662);
#2658 = CIRCLE('',#2659,4.5);
#2659 = AXIS2_PLACEMENT_2D('',#2660,#2661);
#2660 = CARTESIAN_POINT('',(112.50000000275,112.50000000297));
#2661 = DIRECTION('',(1.,0.));
#2662 = ( GEOMETRIC_REPRESENTATION_CONTEXT(2) 
PARAMETRIC_REPRESENTATION_CONTEXT() REPRESENTATION_CONTEXT('2D SPACE',''
  ) );
#2663 = ADVANCED_FACE('',(#2664),#1430,.F.);
#2664 = FACE_BOUND('',#2665,.F.);
#2665 = EDGE_LOOP('',(#2666,#2667,#2690,#2818));
#2666 = ORIENTED_EDGE('',*,*,#1411,.F.);
#2667 = ORIENTED_EDGE('',*,*,#2668,.T.);
#2668 = EDGE_CURVE('',#1412,#2669,#2671,.T.);
#2669 = VERTEX_POINT('',#2670);
#2670 = CARTESIAN_POINT('',(78.506756791109,-4.689751885719E-14,
    209.85778636105));
#2671 = SURFACE_CURVE('',#2672,(#2676,#2683),.PCURVE_S1.);
#2672 = ( BOUNDED_CURVE() B_SPLINE_CURVE(2,(#2673,#2674,#2675),
.UNSPECIFIED.,.F.,.F.) B_SPLINE_CURVE_WITH_KNOTS((3,3),(0.,1.),
.PIECEWISE_BEZIER_KNOTS.) CURVE() GEOMETRIC_REPRESENTATION_ITEM() 
RATIONAL_B_SPLINE_CURVE((1.,0.998873233347,1.)) REPRESENTATION_ITEM('') 
  );
#2673 = CARTESIAN_POINT('',(78.5,3.552713678801E-15,210.));
#2674 = CARTESIAN_POINT('',(78.5,-2.13162820728E-14,209.9287326677));
#2675 = CARTESIAN_POINT('',(78.506756791109,-5.329070518201E-14,
    209.85778636105));
#2676 = PCURVE('',#1430,#2677);
#2677 = DEFINITIONAL_REPRESENTATION('',(#2678),#2682);
#2678 = LINE('',#2679,#2680);
#2679 = CARTESIAN_POINT('',(0.,0.));
#2680 = VECTOR('',#2681,1.);
#2681 = DIRECTION('',(1.,0.));
#2682 = ( GEOMETRIC_REPRESENTATION_CONTEXT(2) 
PARAMETRIC_REPRESENTATION_CONTEXT() REPRESENTATION_CONTEXT('2D SPACE',''
  ) );
#2683 = PCURVE('',#1499,#2684);
#2684 = DEFINITIONAL_REPRESENTATION('',(#2685),#2689);
#2685 = LINE('',#2686,#2687);
#2686 = CARTESIAN_POINT('',(0.,6.28318530718));
#2687 = VECTOR('',#2688,1.);
#2688 = DIRECTION('',(1.,0.));
#2689 = ( GEOMETRIC_REPRESENTATION_CONTEXT(2) 
PARAMETRIC_REPRESENTATION_CONTEXT() REPRESENTATION_CONTEXT('2D SPACE',''
  ) );
#2690 = ORIENTED_EDGE('',*,*,#2691,.T.);
#2691 = EDGE_CURVE('',#2669,#2692,#2694,.T.);
#2692 = VERTEX_POINT('',#2693);
#2693 = CARTESIAN_POINT('',(61.327723700101,49.062178953008,
    209.66534934243));
#2694 = SURFACE_CURVE('',#2695,(#2703,#2710),.PCURVE_S1.);
#2695 = ( BOUNDED_CURVE() B_SPLINE_CURVE(6,(#2696,#2697,#2698,#2699,
#2700,#2701,#2702),.UNSPECIFIED.,.F.,.F.) B_SPLINE_CURVE_WITH_KNOTS((7,7
),(0.,0.674740942153),.PIECEWISE_BEZIER_KNOTS.) CURVE() 
GEOMETRIC_REPRESENTATION_ITEM() RATIONAL_B_SPLINE_CURVE((1.,1.,1.,1.,1.,
1.,1.)) REPRESENTATION_ITEM('') );
#2696 = CARTESIAN_POINT('',(78.506756791109,-5.329070518201E-14,
    209.85778636105));
#2697 = CARTESIAN_POINT('',(78.506756791109,8.828620478411,
    209.85778636105));
#2698 = CARTESIAN_POINT('',(77.316771651617,17.657233955032,
    209.84311380369));
#2699 = CARTESIAN_POINT('',(74.936635978506,26.285632337999,
    209.81382449205));
#2700 = CARTESIAN_POINT('',(71.412694382553,34.513289169676,
    209.77155006252));
#2701 = CARTESIAN_POINT('',(66.83525166963,42.157578906248,
    209.72045792758));
#2702 = CARTESIAN_POINT('',(61.327723700101,49.062178953008,
    209.66534934243));
#2703 = PCURVE('',#1430,#2704);
#2704 = DEFINITIONAL_REPRESENTATION('',(#2705),#2709);
#2705 = LINE('',#2706,#2707);
#2706 = CARTESIAN_POINT('',(1.,0.));
#2707 = VECTOR('',#2708,1.);
#2708 = DIRECTION('',(0.,1.));
#2709 = ( GEOMETRIC_REPRESENTATION_CONTEXT(2) 
PARAMETRIC_REPRESENTATION_CONTEXT() REPRESENTATION_CONTEXT('2D SPACE',''
  ) );
#2710 = PCURVE('',#2711,#2813);
#2711 = OFFSET_SURFACE('',#2712,-1.5,.F.);
#2712 = B_SPLINE_SURFACE_WITH_KNOTS('',7,2,(
    (#2713,#2714,#2715,#2716,#2717)
    ,(#2718,#2719,#2720,#2721,#2722)
    ,(#2723,#2724,#2725,#2726,#2727)
    ,(#2728,#2729,#2730,#2731,#2732)
    ,(#2733,#2734,#2735,#2736,#2737)
    ,(#2738,#2739,#2740,#2741,#2742)
    ,(#2743,#2744,#2745,#2746,#2747)
    ,(#2748,#2749,#2750,#2751,#2752)
    ,(#2753,#2754,#2755,#2756,#2757)
    ,(#2758,#2759,#2760,#2761,#2762)
    ,(#2763,#2764,#2765,#2766,#2767)
    ,(#2768,#2769,#2770,#2771,#2772)
    ,(#2773,#2774,#2775,#2776,#2777)
    ,(#2778,#2779,#2780,#2781,#2782)
    ,(#2783,#2784,#2785,#2786,#2787)
    ,(#2788,#2789,#2790,#2791,#2792)
    ,(#2793,#2794,#2795,#2796,#2797)
    ,(#2798,#2799,#2800,#2801,#2802)
    ,(#2803,#2804,#2805,#2806,#2807)
    ,(#2808,#2809,#2810,#2811,#2812
    )),.UNSPECIFIED.,.F.,.F.,.F.,(8,6,6,8),(3,1,1,3),(-19.9999999994,
    -1.935461568792E-09,79.999999987937,99.999999985405),(
    -0.241250591988,0.,1.,1.241250591988),.UNSPECIFIED.);
#2713 = CARTESIAN_POINT('',(105.,-19.99999999988,-52.5));
#2714 = CARTESIAN_POINT('',(102.41250591987,-19.99999999963,
    -25.33131215871));
#2715 = CARTESIAN_POINT('',(90.,-19.99999999843,105.));
#2716 = CARTESIAN_POINT('',(77.587494080123,-19.99999999723,
    235.33131215871));
#2717 = CARTESIAN_POINT('',(75.000000000001,-19.99999999698,262.5));
#2718 = CARTESIAN_POINT('',(104.99995148272,-17.37518278709,
    -52.49949056862));
#2719 = CARTESIAN_POINT('',(102.41250591987,-17.25495562889,
    -25.33131215871));
#2720 = CARTESIAN_POINT('',(90.,-16.67820134491,105.));
#2721 = CARTESIAN_POINT('',(77.587494080123,-16.10144706093,
    235.33131215871));
#2722 = CARTESIAN_POINT('',(75.000048517274,-15.98121990272,
    262.49949056862));
#2723 = CARTESIAN_POINT('',(104.99986523328,-14.67291701358,
    -52.49858494946));
#2724 = CARTESIAN_POINT('',(102.41250591987,-14.47254509613,
    -25.33131215871));
#2725 = CARTESIAN_POINT('',(90.,-13.51128795696,105.));
#2726 = CARTESIAN_POINT('',(77.587494080123,-12.5500308178,
    235.33131215871));
#2727 = CARTESIAN_POINT('',(75.000134766718,-12.34965890034,
    262.49858494947));
#2728 = CARTESIAN_POINT('',(104.99980593937,-11.893209192,
    -52.49796236348));
#2729 = CARTESIAN_POINT('',(102.41250591987,-11.65276840136,
    -25.33131215871));
#2730 = CARTESIAN_POINT('',(90.,-10.4992598346,105.));
#2731 = CARTESIAN_POINT('',(77.587494080123,-9.345751267849,
    235.33131215871));
#2732 = CARTESIAN_POINT('',(75.000194060621,-9.105310477204,
    262.49796236348));
#2733 = CARTESIAN_POINT('',(104.99980593937,-9.036066335226,
    -52.49796236348));
#2734 = CARTESIAN_POINT('',(102.41250591987,-8.795625544581,
    -25.33131215871));
#2735 = CARTESIAN_POINT('',(90.,-7.642116977825,105.));
#2736 = CARTESIAN_POINT('',(77.587494080122,-6.488608411068,
    235.33131215871));
#2737 = CARTESIAN_POINT('',(75.000194060621,-6.248167620423,
    262.49796236348));
#2738 = CARTESIAN_POINT('',(104.99986523328,-6.101488443244,
    -52.49858494946));
#2739 = CARTESIAN_POINT('',(102.41250591987,-5.901116525788,
    -25.33131215871));
#2740 = CARTESIAN_POINT('',(90.,-4.939859386624,105.));
#2741 = CARTESIAN_POINT('',(77.587494080122,-3.978602247461,
    235.33131215871));
#2742 = CARTESIAN_POINT('',(75.000134766717,-3.778230330005,
    262.49858494947));
#2743 = CARTESIAN_POINT('',(104.99995148272,-3.089468503188,
    -52.49949056862));
#2744 = CARTESIAN_POINT('',(102.41250591987,-2.969241344984,
    -25.33131215871));
#2745 = CARTESIAN_POINT('',(90.,-2.392487061005,105.));
#2746 = CARTESIAN_POINT('',(77.587494080122,-1.815732777027,
    235.33131215871));
#2747 = CARTESIAN_POINT('',(75.000048517274,-1.695505618823,
    262.49949056862));
#2748 = CARTESIAN_POINT('',(104.99922389306,12.357738769158,
    -52.49185087719));
#2749 = CARTESIAN_POINT('',(102.41250591987,11.876965369096,
    -25.33131215871));
#2750 = CARTESIAN_POINT('',(90.,9.569948239185,105.));
#2751 = CARTESIAN_POINT('',(77.587494080122,7.262931109274,
    235.33131215871));
#2752 = CARTESIAN_POINT('',(75.000776106933,6.782157709211,
    262.49185087719));
#2753 = CARTESIAN_POINT('',(105.21148882269,24.713874579775,
    -52.44657216199));
#2754 = CARTESIAN_POINT('',(102.51711112351,23.753930746059,
    -25.33131215871));
#2755 = CARTESIAN_POINT('',(89.566404364942,19.139896455711,105.));
#2756 = CARTESIAN_POINT('',(76.615697606366,14.525862165362,
    235.33131215871));
#2757 = CARTESIAN_POINT('',(73.921319907188,13.565918331647,
    262.44657216199));
#2758 = CARTESIAN_POINT('',(105.63535505647,37.095407722872,
    -52.36027498153));
#2759 = CARTESIAN_POINT('',(102.72632139749,35.645012367751,
    -25.33131215871));
#2760 = CARTESIAN_POINT('',(88.699213647398,28.651331884302,
    104.99999999999));
#2761 = CARTESIAN_POINT('',(74.672105897303,21.657651400854,
    235.33131215871));
#2762 = CARTESIAN_POINT('',(71.763072238322,20.207256045733,
    262.36027498152));
#2763 = CARTESIAN_POINT('',(106.26290494729,49.528492815305,
    -52.22526060971));
#2764 = CARTESIAN_POINT('',(103.03775602817,47.564326659572,
    -25.33131215871));
#2765 = CARTESIAN_POINT('',(87.408296066139,38.045740988124,105.));
#2766 = CARTESIAN_POINT('',(71.778836104099,28.527155316675,
    235.33131215871));
#2767 = CARTESIAN_POINT('',(68.55368718498,26.562989160943,
    262.22526060971));
#2768 = CARTESIAN_POINT('',(107.07943123877,62.036717649129,
    -52.03058506869));
#2769 = CARTESIAN_POINT('',(103.44665127979,59.525453989252,
    -25.33131215871));
#2770 = CARTESIAN_POINT('',(85.713397627753,47.266832225592,
    104.99999999999));
#2771 = CARTESIAN_POINT('',(67.980143975709,35.008210461932,
    235.33131215871));
#2772 = CARTESIAN_POINT('',(64.347364016728,32.496946802056,
    262.03058506869));
#2773 = CARTESIAN_POINT('',(108.06351164097,74.63937470821,
    -51.76301584691));
#2774 = CARTESIAN_POINT('',(103.94604771632,71.540904653098,
    -25.33131215871));
#2775 = CARTESIAN_POINT('',(83.643365664668,56.262749573465,105.));
#2776 = CARTESIAN_POINT('',(63.340683613011,40.984594493833,
    235.33131215871));
#2777 = CARTESIAN_POINT('',(59.223219688365,37.886124438721,
    261.76301584691));
#2778 = CARTESIAN_POINT('',(109.46452911768,90.523647516835,
    -51.31176663001));
#2779 = CARTESIAN_POINT('',(104.67239694247,86.641900918163,
    -25.33131215871));
#2780 = CARTESIAN_POINT('',(80.632599058181,67.16906497407,105.));
#2781 = CARTESIAN_POINT('',(56.592801173883,47.696229029978,
    235.33131215871));
#2782 = CARTESIAN_POINT('',(51.80066899868,43.814482431306,
    261.31176663001));
#2783 = CARTESIAN_POINT('',(109.78706708142,93.636591851612,
    -51.21230695065));
#2784 = CARTESIAN_POINT('',(104.84100924406,89.632922100731,
    -25.33131215871));
#2785 = CARTESIAN_POINT('',(79.933689678544,69.471273127133,105.));
#2786 = CARTESIAN_POINT('',(55.026370113027,49.309624153535,
    235.33131215871));
#2787 = CARTESIAN_POINT('',(50.080312275665,45.305954402654,
    261.21230695065));
#2788 = CARTESIAN_POINT('',(110.15481524249,96.689158065057,
    -51.11000092981));
#2789 = CARTESIAN_POINT('',(105.03296400199,92.594765212853,
    -25.33131215871));
#2790 = CARTESIAN_POINT('',(79.138024240568,71.894426353136,105.));
#2791 = CARTESIAN_POINT('',(53.243084479139,51.194087493419,
    235.33131215871));
#2792 = CARTESIAN_POINT('',(48.121233238639,47.099694641216,
    261.11000092981));
#2793 = CARTESIAN_POINT('',(110.5673717124,99.681621933764,
    -51.00458618818));
#2794 = CARTESIAN_POINT('',(105.24826121628,95.527430254531,
    -25.33131215871));
#2795 = CARTESIAN_POINT('',(78.245602744254,74.438524652081,105.));
#2796 = CARTESIAN_POINT('',(51.242944272221,53.349619049632,
    235.33131215871));
#2797 = CARTESIAN_POINT('',(45.923833776101,49.195427370399,
    261.00458618818));
#2798 = CARTESIAN_POINT('',(111.02424389677,102.61422781844,
    -50.89549988563));
#2799 = CARTESIAN_POINT('',(105.48690088692,98.430917225764,
    -25.33131215871));
#2800 = CARTESIAN_POINT('',(77.2564251896,77.103568023968,105.));
#2801 = CARTESIAN_POINT('',(49.025949492272,55.776218822172,
    235.33131215871));
#2802 = CARTESIAN_POINT('',(43.488606482422,51.592908229486,
    260.89549988563));
#2803 = CARTESIAN_POINT('',(111.52483296935,105.48719242676,
    -50.78188942389));
#2804 = CARTESIAN_POINT('',(105.74888301392,101.30522612655,
    -25.33131215871));
#2805 = CARTESIAN_POINT('',(76.170491576606,79.889556468795,105.));
#2806 = CARTESIAN_POINT('',(46.592100139292,58.47388681104,
    235.33131215871));
#2807 = CARTESIAN_POINT('',(40.816150183855,54.291920510827,
    260.78188942389));
#2808 = CARTESIAN_POINT('',(112.06841519453,108.30071392838,
    -50.66262431743));
#2809 = CARTESIAN_POINT('',(106.03420759726,104.15035695689,
    -25.33131215871));
#2810 = CARTESIAN_POINT('',(74.987801905274,82.796489986564,105.));
#2811 = CARTESIAN_POINT('',(43.94139621328,61.442623016236,
    235.33131215871));
#2812 = CARTESIAN_POINT('',(37.907188616013,57.292266044748,
    260.66262431743));
#2813 = DEFINITIONAL_REPRESENTATION('',(#2814),#2817);
#2814 = B_SPLINE_CURVE_WITH_KNOTS('',1,(#2815,#2816),.UNSPECIFIED.,.F.,
  .F.,(2,2),(0.,0.674740942153),.PIECEWISE_BEZIER_KNOTS.);
#2815 = CARTESIAN_POINT('',(-1.935461568792E-09,1.));
#2816 = CARTESIAN_POINT('',(79.999999987937,1.));
#2817 = ( GEOMETRIC_REPRESENTATION_CONTEXT(2) 
PARAMETRIC_REPRESENTATION_CONTEXT() REPRESENTATION_CONTEXT('2D SPACE',''
  ) );
#2818 = ORIENTED_EDGE('',*,*,#2819,.F.);
#2819 = EDGE_CURVE('',#1414,#2692,#2820,.T.);
#2820 = SURFACE_CURVE('',#2821,(#2825,#2832),.PCURVE_S1.);
#2821 = ( BOUNDED_CURVE() B_SPLINE_CURVE(2,(#2822,#2823,#2824),
.UNSPECIFIED.,.F.,.F.) B_SPLINE_CURVE_WITH_KNOTS((3,3),(0.,1.),
.PIECEWISE_BEZIER_KNOTS.) CURVE() GEOMETRIC_REPRESENTATION_ITEM() 
RATIONAL_B_SPLINE_CURVE((1.,0.993678887481,1.)) REPRESENTATION_ITEM('') 
  );
#2822 = CARTESIAN_POINT('',(61.298201544726,49.038561228712,210.));
#2823 = CARTESIAN_POINT('',(61.298201544726,49.038561228712,
    209.83053907918));
#2824 = CARTESIAN_POINT('',(61.327723700101,49.062178953008,
    209.66534934243));
#2825 = PCURVE('',#1430,#2826);
#2826 = DEFINITIONAL_REPRESENTATION('',(#2827),#2831);
#2827 = LINE('',#2828,#2829);
#2828 = CARTESIAN_POINT('',(0.,0.674740942153));
#2829 = VECTOR('',#2830,1.);
#2830 = DIRECTION('',(1.,0.));
#2831 = ( GEOMETRIC_REPRESENTATION_CONTEXT(2) 
PARAMETRIC_REPRESENTATION_CONTEXT() REPRESENTATION_CONTEXT('2D SPACE',''
  ) );
#2832 = PCURVE('',#1837,#2833);
#2833 = DEFINITIONAL_REPRESENTATION('',(#2834),#2838);
#2834 = LINE('',#2835,#2836);
#2835 = CARTESIAN_POINT('',(0.,0.674740942153));
#2836 = VECTOR('',#2837,1.);
#2837 = DIRECTION('',(1.,0.));
#2838 = ( GEOMETRIC_REPRESENTATION_CONTEXT(2) 
PARAMETRIC_REPRESENTATION_CONTEXT() REPRESENTATION_CONTEXT('2D SPACE',''
  ) );
#2839 = ADVANCED_FACE('',(#2840),#1499,.F.);
#2840 = FACE_BOUND('',#2841,.F.);
#2841 = EDGE_LOOP('',(#2842,#2843,#2866,#2992));
#2842 = ORIENTED_EDGE('',*,*,#1482,.F.);
#2843 = ORIENTED_EDGE('',*,*,#2844,.T.);
#2844 = EDGE_CURVE('',#1483,#2845,#2847,.T.);
#2845 = VERTEX_POINT('',#2846);
#2846 = CARTESIAN_POINT('',(61.327723696205,-49.06217895787,
    209.66534934244));
#2847 = SURFACE_CURVE('',#2848,(#2852,#2859),.PCURVE_S1.);
#2848 = ( BOUNDED_CURVE() B_SPLINE_CURVE(2,(#2849,#2850,#2851),
.UNSPECIFIED.,.F.,.F.) B_SPLINE_CURVE_WITH_KNOTS((3,3),(0.,1.),
.PIECEWISE_BEZIER_KNOTS.) CURVE() GEOMETRIC_REPRESENTATION_ITEM() 
RATIONAL_B_SPLINE_CURVE((1.,0.993678887482,1.)) REPRESENTATION_ITEM('') 
  );
#2849 = CARTESIAN_POINT('',(61.298201540834,-49.03856123357,210.));
#2850 = CARTESIAN_POINT('',(61.298201540834,-49.03856123357,
    209.83053907918));
#2851 = CARTESIAN_POINT('',(61.327723696205,-49.06217895787,
    209.66534934244));
#2852 = PCURVE('',#1499,#2853);
#2853 = DEFINITIONAL_REPRESENTATION('',(#2854),#2858);
#2854 = LINE('',#2855,#2856);
#2855 = CARTESIAN_POINT('',(0.,5.608444364947));
#2856 = VECTOR('',#2857,1.);
#2857 = DIRECTION('',(1.,0.));
#2858 = ( GEOMETRIC_REPRESENTATION_CONTEXT(2) 
PARAMETRIC_REPRESENTATION_CONTEXT() REPRESENTATION_CONTEXT('2D SPACE',''
  ) );
#2859 = PCURVE('',#1545,#2860);
#2860 = DEFINITIONAL_REPRESENTATION('',(#2861),#2865);
#2861 = LINE('',#2862,#2863);
#2862 = CARTESIAN_POINT('',(0.,5.608444364947));
#2863 = VECTOR('',#2864,1.);
#2864 = DIRECTION('',(1.,0.));
#2865 = ( GEOMETRIC_REPRESENTATION_CONTEXT(2) 
PARAMETRIC_REPRESENTATION_CONTEXT() REPRESENTATION_CONTEXT('2D SPACE',''
  ) );
#2866 = ORIENTED_EDGE('',*,*,#2867,.T.);
#2867 = EDGE_CURVE('',#2845,#2669,#2868,.T.);
#2868 = SURFACE_CURVE('',#2869,(#2877,#2884),.PCURVE_S1.);
#2869 = ( BOUNDED_CURVE() B_SPLINE_CURVE(6,(#2870,#2871,#2872,#2873,
#2874,#2875,#2876),.UNSPECIFIED.,.F.,.F.) B_SPLINE_CURVE_WITH_KNOTS((7,7
),(5.608444364947,6.28318530718),.PIECEWISE_BEZIER_KNOTS.) CURVE() 
GEOMETRIC_REPRESENTATION_ITEM() RATIONAL_B_SPLINE_CURVE((1.,1.,1.,1.,1.,
1.,1.)) REPRESENTATION_ITEM('') );
#2870 = CARTESIAN_POINT('',(61.327723696216,-49.06217895788,
    209.66534934238));
#2871 = CARTESIAN_POINT('',(66.835251666939,-42.15757891074,
    209.72045792754));
#2872 = CARTESIAN_POINT('',(71.412694380895,-34.51328917354,
    209.7715500625));
#2873 = CARTESIAN_POINT('',(74.936635977667,-26.28563234104,
    209.81382449203));
#2874 = CARTESIAN_POINT('',(77.316771651338,-17.6572339571,
    209.84311380368));
#2875 = CARTESIAN_POINT('',(78.506756791109,-8.82862047945,
    209.85778636105));
#2876 = CARTESIAN_POINT('',(78.506756791109,-5.684341886081E-14,
    209.85778636105));
#2877 = PCURVE('',#1499,#2878);
#2878 = DEFINITIONAL_REPRESENTATION('',(#2879),#2883);
#2879 = LINE('',#2880,#2881);
#2880 = CARTESIAN_POINT('',(1.,0.));
#2881 = VECTOR('',#2882,1.);
#2882 = DIRECTION('',(0.,1.));
#2883 = ( GEOMETRIC_REPRESENTATION_CONTEXT(2) 
PARAMETRIC_REPRESENTATION_CONTEXT() REPRESENTATION_CONTEXT('2D SPACE',''
  ) );
#2884 = PCURVE('',#2885,#2987);
#2885 = OFFSET_SURFACE('',#2886,-1.5,.F.);
#2886 = B_SPLINE_SURFACE_WITH_KNOTS('',7,2,(
    (#2887,#2888,#2889,#2890,#2891)
    ,(#2892,#2893,#2894,#2895,#2896)
    ,(#2897,#2898,#2899,#2900,#2901)
    ,(#2902,#2903,#2904,#2905,#2906)
    ,(#2907,#2908,#2909,#2910,#2911)
    ,(#2912,#2913,#2914,#2915,#2916)
    ,(#2917,#2918,#2919,#2920,#2921)
    ,(#2922,#2923,#2924,#2925,#2926)
    ,(#2927,#2928,#2929,#2930,#2931)
    ,(#2932,#2933,#2934,#2935,#2936)
    ,(#2937,#2938,#2939,#2940,#2941)
    ,(#2942,#2943,#2944,#2945,#2946)
    ,(#2947,#2948,#2949,#2950,#2951)
    ,(#2952,#2953,#2954,#2955,#2956)
    ,(#2957,#2958,#2959,#2960,#2961)
    ,(#2962,#2963,#2964,#2965,#2966)
    ,(#2967,#2968,#2969,#2970,#2971)
    ,(#2972,#2973,#2974,#2975,#2976)
    ,(#2977,#2978,#2979,#2980,#2981)
    ,(#2982,#2983,#2984,#2985,#2986
    )),.UNSPECIFIED.,.F.,.F.,.F.,(8,6,6,8),(3,1,1,3),(-99.99999999951,
    -80.,-1.935461568792E-09,19.999999997581),(-0.246373604757,0.,1.,
    1.246373604757),.UNSPECIFIED.);
#2887 = CARTESIAN_POINT('',(112.32469081656,-108.4769815473,
    -51.73845699889));
#2888 = CARTESIAN_POINT('',(106.16234540828,-104.2384907734,
    -25.86922849944));
#2889 = CARTESIAN_POINT('',(74.987801902031,-82.7964899964,105.));
#2890 = CARTESIAN_POINT('',(43.813258395778,-61.35448921935,
    235.86922849945));
#2891 = CARTESIAN_POINT('',(37.650912987494,-57.11599844542,
    261.73845699889));
#2892 = CARTESIAN_POINT('',(111.76956549555,-105.6643863551,
    -51.86025472784));
#2893 = CARTESIAN_POINT('',(105.87096189059,-101.3936150209,
    -25.86922849944));
#2894 = CARTESIAN_POINT('',(76.170491573593,-79.88955647844,105.));
#2895 = CARTESIAN_POINT('',(46.470021256592,-58.3854979359,
    235.86922849945));
#2896 = CARTESIAN_POINT('',(40.571417651635,-54.11472660176,
    261.86025472784));
#2897 = CARTESIAN_POINT('',(111.25834629679,-102.7910857678,
    -51.97627773436));
#2898 = CARTESIAN_POINT('',(105.60341651178,-98.51894159491,
    -25.86922849944));
#2899 = CARTESIAN_POINT('',(77.256425186799,-77.10356803342,105.));
#2900 = CARTESIAN_POINT('',(48.909433861816,-55.68819447192,
    235.86922849944));
#2901 = CARTESIAN_POINT('',(43.254504076805,-51.41605029896,
    261.97627773436));
#2902 = CARTESIAN_POINT('',(110.7917723246,-99.8568774078,-52.0876805101
    ));
#2903 = CARTESIAN_POINT('',(105.35970927184,-95.61447049525,
    -25.86922849944));
#2904 = CARTESIAN_POINT('',(78.245602741649,-74.43852466134,105.));
#2905 = CARTESIAN_POINT('',(51.13149621145,-53.26257882743,
    235.86922849944));
#2906 = CARTESIAN_POINT('',(45.699433158698,-49.02017191488,
    262.08768051011));
#2907 = CARTESIAN_POINT('',(110.37045512144,-96.86153996541,
    -52.19533375848));
#2908 = CARTESIAN_POINT('',(105.13984017079,-92.68020172198,
    -25.86922849944));
#2909 = CARTESIAN_POINT('',(79.138024238144,-71.89442636221,105.));
#2910 = CARTESIAN_POINT('',(53.136208305493,-51.10865100243,
    235.86922849944));
#2911 = CARTESIAN_POINT('',(47.905593354845,-46.927312759,
    262.19533375848));
#2912 = CARTESIAN_POINT('',(109.99489774204,-93.80482389092,
    -52.29981227164));
#2913 = CARTESIAN_POINT('',(104.94380920862,-89.71613527512,
    -25.86922849944));
#2914 = CARTESIAN_POINT('',(79.933689676283,-69.47127313601,105.));
#2915 = CARTESIAN_POINT('',(54.923570143946,-49.2264109969,
    235.86922849944));
#2916 = CARTESIAN_POINT('',(49.872481610518,-45.1377223811,
    262.29981227164));
#2917 = CARTESIAN_POINT('',(109.66551060911,-90.68644755157,
    -52.4013840006));
#2918 = CARTESIAN_POINT('',(104.77161638532,-86.72227115466,
    -25.86922849944));
#2919 = CARTESIAN_POINT('',(80.632599056067,-67.16906498276,105.));
#2920 = CARTESIAN_POINT('',(56.493581726809,-47.61585881086,
    235.86922849944));
#2921 = CARTESIAN_POINT('',(51.599687503021,-43.65168241395,
    262.4013840006));
#2922 = CARTESIAN_POINT('',(108.23474219817,-74.76822897694,
    -52.86221560037));
#2923 = CARTESIAN_POINT('',(104.02984296324,-71.60396218438,
    -25.86922849944));
#2924 = CARTESIAN_POINT('',(83.643365663207,-56.26274958122,105.));
#2925 = CARTESIAN_POINT('',(63.256888363173,-40.92153697807,
    235.86922849944));
#2926 = CARTESIAN_POINT('',(59.051989128243,-37.7572701855,
    262.86221560037));
#2927 = CARTESIAN_POINT('',(107.22976461815,-62.14063993342,
    -53.13546671728));
#2928 = CARTESIAN_POINT('',(103.51984172642,-59.57604900137,
    -25.86922849944));
#2929 = CARTESIAN_POINT('',(85.713397626756,-47.26683223251,105.));
#2930 = CARTESIAN_POINT('',(67.906953527092,-34.95761546365,
    235.86922849945));
#2931 = CARTESIAN_POINT('',(64.197030635356,-32.3930245316,
    263.13546671728));
#2932 = CARTESIAN_POINT('',(106.39589919963,-49.60948840559,
    -53.33427623903));
#2933 = CARTESIAN_POINT('',(103.10226348836,-47.60361272126,
    -25.86922849944));
#2934 = CARTESIAN_POINT('',(87.408296065531,-38.04574099413,
    104.99999999999));
#2935 = CARTESIAN_POINT('',(71.714328642699,-28.487869267,
    235.86922849944));
#2936 = CARTESIAN_POINT('',(68.420692931433,-26.48199358266,
    263.33427623902));
#2937 = CARTESIAN_POINT('',(105.75502313988,-37.15507222916,
    -53.47215767267));
#2938 = CARTESIAN_POINT('',(102.78421547035,-35.67387738866,
    -25.86922849944));
#2939 = CARTESIAN_POINT('',(88.699213647092,-28.65133188933,105.));
#2940 = CARTESIAN_POINT('',(74.614211823833,-21.62878639,235.86922849945
    ));
#2941 = CARTESIAN_POINT('',(71.643404154299,-20.14759154949,
    263.47215767268));
#2942 = CARTESIAN_POINT('',(105.32215600735,-24.7533027198,
    -53.56028739399));
#2943 = CARTESIAN_POINT('',(102.5705625672,-23.77297425356,
    -25.86922849944));
#2944 = CARTESIAN_POINT('',(89.56640436484,-19.13989645972,
    104.99999999999));
#2945 = CARTESIAN_POINT('',(76.562246162473,-14.50681866588,
    235.86922849944));
#2946 = CARTESIAN_POINT('',(73.810652722329,-13.52649019964,
    263.56028739399));
#2947 = CARTESIAN_POINT('',(105.10538358222,-12.37746986122,
    -53.60652761333));
#2948 = CARTESIAN_POINT('',(102.46373604756,-11.88648712495,
    -25.86922849944));
#2949 = CARTESIAN_POINT('',(90.,-9.569948242158,105.));
#2950 = CARTESIAN_POINT('',(77.536263952434,-7.253409359358,
    235.86922849944));
#2951 = CARTESIAN_POINT('',(74.894616417777,-6.762426623095,
    263.60652761333));
#2952 = CARTESIAN_POINT('',(105.10612662242,3.094401988063,
    -53.61432953542));
#2953 = CARTESIAN_POINT('',(102.46373604756,2.971621778523,
    -25.86922849944));
#2954 = CARTESIAN_POINT('',(90.,2.39248705933,105.));
#2955 = CARTESIAN_POINT('',(77.536263952434,1.813352340137,
    235.86922849944));
#2956 = CARTESIAN_POINT('',(74.893873377579,1.690572130598,
    263.61432953542));
#2957 = CARTESIAN_POINT('',(105.10603854145,6.109710779527,
    -53.61340468523));
#2958 = CARTESIAN_POINT('',(102.46373604756,5.905083918012,
    -25.86922849944));
#2959 = CARTESIAN_POINT('',(90.,4.93985938522,105.));
#2960 = CARTESIAN_POINT('',(77.536263952434,3.974634852428,
    235.86922849944));
#2961 = CARTESIAN_POINT('',(74.893961458549,3.770007990914,
    263.61340468523));
#2962 = CARTESIAN_POINT('',(105.10597798842,9.045933022899,
    -53.61276887849));
#2963 = CARTESIAN_POINT('',(102.46373604756,8.800386416294,
    -25.86922849944));
#2964 = CARTESIAN_POINT('',(90.,7.642116976702,105.));
#2965 = CARTESIAN_POINT('',(77.536263952434,6.48384753711,
    235.86922849944));
#2966 = CARTESIAN_POINT('',(74.894022011572,6.238300930504,
    263.61276887849));
#2967 = CARTESIAN_POINT('',(105.10597798842,11.903075879973,
    -53.61276887849));
#2968 = CARTESIAN_POINT('',(102.46373604756,11.657529273367,
    -25.86922849944));
#2969 = CARTESIAN_POINT('',(90.,10.499259833776,104.99999999999));
#2970 = CARTESIAN_POINT('',(77.536263952434,9.340990394184,
    235.86922849944));
#2971 = CARTESIAN_POINT('',(74.894022011572,9.095443787578,
    263.61276887849));
#2972 = CARTESIAN_POINT('',(105.10603854145,14.681139350748,
    -53.61340468523));
#2973 = CARTESIAN_POINT('',(102.46373604756,14.476512489234,
    -25.86922849944));
#2974 = CARTESIAN_POINT('',(90.,13.511287956441,104.99999999999));
#2975 = CARTESIAN_POINT('',(77.536263952434,12.546063423649,
    235.86922849944));
#2976 = CARTESIAN_POINT('',(74.893961458549,12.341436562135,
    263.61340468523));
#2977 = CARTESIAN_POINT('',(105.10612662242,17.380116273432,
    -53.61432953542));
#2978 = CARTESIAN_POINT('',(102.46373604756,17.257336063892,
    -25.86922849944));
#2979 = CARTESIAN_POINT('',(90.,16.678201344699,104.99999999999));
#2980 = CARTESIAN_POINT('',(77.536263952434,16.099066625506,
    235.86922849944));
#2981 = CARTESIAN_POINT('',(74.893873377578,15.976286415966,
    263.61432953542));
#2982 = CARTESIAN_POINT('',(105.10617616997,19.999999997087,
    -53.61484978468));
#2983 = CARTESIAN_POINT('',(102.46373604756,19.999999997343,
    -25.86922849944));
#2984 = CARTESIAN_POINT('',(90.,19.999999998549,104.99999999999));
#2985 = CARTESIAN_POINT('',(77.536263952433,19.999999999754,
    235.86922849944));
#2986 = CARTESIAN_POINT('',(74.89382383003,20.00000000001,
    263.61484978468));
#2987 = DEFINITIONAL_REPRESENTATION('',(#2988),#2991);
#2988 = B_SPLINE_CURVE_WITH_KNOTS('',1,(#2989,#2990),.UNSPECIFIED.,.F.,
  .F.,(2,2),(5.608444364947,6.28318530718),.PIECEWISE_BEZIER_KNOTS.);
#2989 = CARTESIAN_POINT('',(-80.,1.));
#2990 = CARTESIAN_POINT('',(-1.935461568792E-09,1.));
#2991 = ( GEOMETRIC_REPRESENTATION_CONTEXT(2) 
PARAMETRIC_REPRESENTATION_CONTEXT() REPRESENTATION_CONTEXT('2D SPACE',''
  ) );
#2992 = ORIENTED_EDGE('',*,*,#2668,.F.);
#2993 = ADVANCED_FACE('',(#2994),#1545,.F.);
#2994 = FACE_BOUND('',#2995,.F.);
#2995 = EDGE_LOOP('',(#2996,#2997,#3020,#3160));
#2996 = ORIENTED_EDGE('',*,*,#1528,.F.);
#2997 = ORIENTED_EDGE('',*,*,#2998,.T.);
#2998 = EDGE_CURVE('',#1529,#2999,#3001,.T.);
#2999 = VERTEX_POINT('',#3000);
#3000 = CARTESIAN_POINT('',(49.062178954045,-61.32772369927,
    209.66534934243));
#3001 = SURFACE_CURVE('',#3002,(#3006,#3013),.PCURVE_S1.);
#3002 = ( BOUNDED_CURVE() B_SPLINE_CURVE(2,(#3003,#3004,#3005),
.UNSPECIFIED.,.F.,.F.) B_SPLINE_CURVE_WITH_KNOTS((3,3),(0.,1.),
.PIECEWISE_BEZIER_KNOTS.) CURVE() GEOMETRIC_REPRESENTATION_ITEM() 
RATIONAL_B_SPLINE_CURVE((1.,0.993678887481,1.)) REPRESENTATION_ITEM('') 
  );
#3003 = CARTESIAN_POINT('',(49.038561229748,-61.29820154389,210.));
#3004 = CARTESIAN_POINT('',(49.038561229748,-61.29820154389,
    209.83053907918));
#3005 = CARTESIAN_POINT('',(49.062178954045,-61.32772369927,
    209.66534934243));
#3006 = PCURVE('',#1545,#3007);
#3007 = DEFINITIONAL_REPRESENTATION('',(#3008),#3012);
#3008 = LINE('',#3009,#3010);
#3009 = CARTESIAN_POINT('',(0.,5.387129922555));
#3010 = VECTOR('',#3011,1.);
#3011 = DIRECTION('',(1.,0.));
#3012 = ( GEOMETRIC_REPRESENTATION_CONTEXT(2) 
PARAMETRIC_REPRESENTATION_CONTEXT() REPRESENTATION_CONTEXT('2D SPACE',''
  ) );
#3013 = PCURVE('',#1588,#3014);
#3014 = DEFINITIONAL_REPRESENTATION('',(#3015),#3019);
#3015 = LINE('',#3016,#3017);
#3016 = CARTESIAN_POINT('',(0.,5.387129922555));
#3017 = VECTOR('',#3018,1.);
#3018 = DIRECTION('',(1.,0.));
#3019 = ( GEOMETRIC_REPRESENTATION_CONTEXT(2) 
PARAMETRIC_REPRESENTATION_CONTEXT() REPRESENTATION_CONTEXT('2D SPACE',''
  ) );
#3020 = ORIENTED_EDGE('',*,*,#3021,.T.);
#3021 = EDGE_CURVE('',#2999,#2845,#3022,.T.);
#3022 = SURFACE_CURVE('',#3023,(#3030,#3037),.PCURVE_S1.);
#3023 = ( BOUNDED_CURVE() B_SPLINE_CURVE(5,(#3024,#3025,#3026,#3027,
#3028,#3029),.UNSPECIFIED.,.F.,.F.) B_SPLINE_CURVE_WITH_KNOTS((6,6),(
5.387129922555,5.608444364947),.PIECEWISE_BEZIER_KNOTS.) CURVE() 
GEOMETRIC_REPRESENTATION_ITEM() RATIONAL_B_SPLINE_CURVE((1.,1.,1.,1.,1.,
1.)) REPRESENTATION_ITEM('') );
#3024 = CARTESIAN_POINT('',(49.062178954045,-61.32772369927,
    209.66534934243));
#3025 = CARTESIAN_POINT('',(51.780434143111,-59.16073103055,
    209.63938003349));
#3026 = CARTESIAN_POINT('',(54.377788609705,-56.84155884158,
    209.6250474653));
#3027 = CARTESIAN_POINT('',(56.84155883819,-54.37778861325,
    209.6250474653));
#3028 = CARTESIAN_POINT('',(59.160731027315,-51.7804341468,
    209.6393800335));
#3029 = CARTESIAN_POINT('',(61.327723696205,-49.06217895787,
    209.66534934244));
#3030 = PCURVE('',#1545,#3031);
#3031 = DEFINITIONAL_REPRESENTATION('',(#3032),#3036);
#3032 = LINE('',#3033,#3034);
#3033 = CARTESIAN_POINT('',(1.,0.));
#3034 = VECTOR('',#3035,1.);
#3035 = DIRECTION('',(0.,1.));
#3036 = ( GEOMETRIC_REPRESENTATION_CONTEXT(2) 
PARAMETRIC_REPRESENTATION_CONTEXT() REPRESENTATION_CONTEXT('2D SPACE',''
  ) );
#3037 = PCURVE('',#3038,#3155);
#3038 = OFFSET_SURFACE('',#3039,-1.5,.F.);
#3039 = B_SPLINE_SURFACE_WITH_KNOTS('',8,2,(
    (#3040,#3041,#3042,#3043,#3044)
    ,(#3045,#3046,#3047,#3048,#3049)
    ,(#3050,#3051,#3052,#3053,#3054)
    ,(#3055,#3056,#3057,#3058,#3059)
    ,(#3060,#3061,#3062,#3063,#3064)
    ,(#3065,#3066,#3067,#3068,#3069)
    ,(#3070,#3071,#3072,#3073,#3074)
    ,(#3075,#3076,#3077,#3078,#3079)
    ,(#3080,#3081,#3082,#3083,#3084)
    ,(#3085,#3086,#3087,#3088,#3089)
    ,(#3090,#3091,#3092,#3093,#3094)
    ,(#3095,#3096,#3097,#3098,#3099)
    ,(#3100,#3101,#3102,#3103,#3104)
    ,(#3105,#3106,#3107,#3108,#3109)
    ,(#3110,#3111,#3112,#3113,#3114)
    ,(#3115,#3116,#3117,#3118,#3119)
    ,(#3120,#3121,#3122,#3123,#3124)
    ,(#3125,#3126,#3127,#3128,#3129)
    ,(#3130,#3131,#3132,#3133,#3134)
    ,(#3135,#3136,#3137,#3138,#3139)
    ,(#3140,#3141,#3142,#3143,#3144)
    ,(#3145,#3146,#3147,#3148,#3149)
    ,(#3150,#3151,#3152,#3153,#3154
    )),.UNSPECIFIED.,.F.,.F.,.F.,(9,7,7,9),(3,1,1,3),(4.319689898777,
    4.712388980385,6.28318530718,6.675884388787),(-0.248390340142,0.,1.,
    1.248390340142),.UNSPECIFIED.);
#3040 = CARTESIAN_POINT('',(79.255991511995,-108.1953865569,
    -52.75328495334));
#3041 = CARTESIAN_POINT('',(75.661156957756,-104.0517620828,
    -26.08098571487));
#3042 = CARTESIAN_POINT('',(57.994346435028,-83.68792409348,105.));
#3043 = CARTESIAN_POINT('',(40.3275359123,-63.32408610413,
    236.08098571487));
#3044 = CARTESIAN_POINT('',(36.732701358061,-59.18046163004,
    262.75328495334));
#3045 = CARTESIAN_POINT('',(80.203771323079,-108.4119747883,
    -52.72375159396));
#3046 = CARTESIAN_POINT('',(76.628070696908,-104.1611719131,
    -26.08098571487));
#3047 = CARTESIAN_POINT('',(59.035814516493,-83.24744870997,105.));
#3048 = CARTESIAN_POINT('',(41.443558336077,-62.33372550676,
    236.08098571487));
#3049 = CARTESIAN_POINT('',(37.867857709907,-58.08292263155,
    262.72375159396));
#3050 = CARTESIAN_POINT('',(81.175447286588,-108.608975168,
    -52.69329447354));
#3051 = CARTESIAN_POINT('',(77.606856511334,-104.2610840832,
    -26.08098571487));
#3052 = CARTESIAN_POINT('',(60.029486555376,-82.84521016051,105.));
#3053 = CARTESIAN_POINT('',(42.452116599419,-61.42933623774,
    236.08098571487));
#3054 = CARTESIAN_POINT('',(38.883525824164,-57.08144515299,
    262.69329447354));
#3055 = CARTESIAN_POINT('',(82.171008164075,-108.7864476339,
    -52.66213703565));
#3056 = CARTESIAN_POINT('',(78.597514401034,-104.3514985931,
    -26.08098571487));
#3057 = CARTESIAN_POINT('',(60.975362551679,-82.48120844512,105.));
#3058 = CARTESIAN_POINT('',(43.353210702324,-60.61091829705,
    236.08098571487));
#3059 = CARTESIAN_POINT('',(39.779716939283,-56.17596925631,
    262.66213703565));
#3060 = CARTESIAN_POINT('',(83.190433779986,-108.9444479598,
    -52.63045002762));
#3061 = CARTESIAN_POINT('',(79.600044366008,-104.4324154428,
    -26.08098571487));
#3062 = CARTESIAN_POINT('',(61.873442505401,-82.15544356378,105.));
#3063 = CARTESIAN_POINT('',(44.146840644793,-59.8784716847,
    236.08098571487));
#3064 = CARTESIAN_POINT('',(40.556451230816,-55.36643916775,
    262.63045002762));
#3065 = CARTESIAN_POINT('',(84.2336957631,-109.0830262885,
    -52.59835189777));
#3066 = CARTESIAN_POINT('',(80.614446406256,-104.5038346323,
    -26.08098571487));
#3067 = CARTESIAN_POINT('',(62.723726416541,-81.86791551651,105.));
#3068 = CARTESIAN_POINT('',(44.833006426826,-59.23199640069,
    236.08098571487));
#3069 = CARTESIAN_POINT('',(41.213757069982,-54.65280474442,
    262.59835189777));
#3070 = CARTESIAN_POINT('',(85.300757937055,-109.2022259652,
    -52.56590922752));
#3071 = CARTESIAN_POINT('',(81.640720521778,-104.5657561615,
    -26.08098571487));
#3072 = CARTESIAN_POINT('',(63.526214285101,-81.6186243033,105.));
#3073 = CARTESIAN_POINT('',(45.411708048423,-58.67149244502,
    236.08098571487));
#3074 = CARTESIAN_POINT('',(41.751670633147,-54.03502264136,
    262.56590922752));
#3075 = CARTESIAN_POINT('',(86.391576362534,-109.3020826647,
    -52.53313718595));
#3076 = CARTESIAN_POINT('',(82.678866712575,-104.6181800306,
    -26.08098571487));
#3077 = CARTESIAN_POINT('',(64.280906111079,-81.40756992414,105.));
#3078 = CARTESIAN_POINT('',(45.882945509584,-58.19695981769,
    236.08098571487));
#3079 = CARTESIAN_POINT('',(42.170235859625,-53.51305718358,
    262.53313718595));
#3080 = CARTESIAN_POINT('',(91.961824426264,-109.7029362285,
    -52.36334242283));
#3081 = CARTESIAN_POINT('',(87.928958043902,-104.8328110746,
    -26.08098571487));
#3082 = CARTESIAN_POINT('',(67.815385028724,-80.54348219852,105.));
#3083 = CARTESIAN_POINT('',(47.701812013546,-56.25415332237,
    236.08098571487));
#3084 = CARTESIAN_POINT('',(43.668945631183,-51.38402816854,
    262.36334242283));
#3085 = CARTESIAN_POINT('',(96.430255583427,-108.9400417169,
    -52.25529255301));
#3086 = CARTESIAN_POINT('',(92.134461169598,-104.0206432277,
    -26.08098571487));
#3087 = CARTESIAN_POINT('',(70.621113378748,-79.3842848673,105.));
#3088 = CARTESIAN_POINT('',(49.107765587899,-54.74792650689,
    236.08098571487));
#3089 = CARTESIAN_POINT('',(44.81197117407,-49.82852801761,
    262.25529255301));
#3090 = CARTESIAN_POINT('',(100.6264585775,-107.0969311998,
    -52.18590954531));
#3091 = CARTESIAN_POINT('',(96.086279962837,-102.2244122179,
    -26.08098571487));
#3092 = CARTESIAN_POINT('',(73.288623398181,-77.75797074488,105.));
#3093 = CARTESIAN_POINT('',(50.490966833525,-53.2915292718,
    236.08098571487));
#3094 = CARTESIAN_POINT('',(45.950788218853,-48.41901028994,
    262.18590954531));
#3095 = CARTESIAN_POINT('',(104.26552027103,-104.2655202852,
    -52.16197142975));
#3096 = CARTESIAN_POINT('',(99.525347687288,-99.52534770041,
    -26.08098571487));
#3097 = CARTESIAN_POINT('',(75.701612590421,-75.70161259822,105.));
#3098 = CARTESIAN_POINT('',(51.877877493554,-51.87787749603,
    236.08098571487));
#3099 = CARTESIAN_POINT('',(47.137704909805,-47.13770491122,
    262.16197142975));
#3100 = CARTESIAN_POINT('',(107.09693118562,-100.6264585916,
    -52.18590954534));
#3101 = CARTESIAN_POINT('',(102.22441220483,-96.08627997594,
    -26.08098571487));
#3102 = CARTESIAN_POINT('',(77.757970737134,-73.28862340602,105.));
#3103 = CARTESIAN_POINT('',(53.291529269435,-50.49096683611,
    236.08098571487));
#3104 = CARTESIAN_POINT('',(48.41901028864,-45.95078822038,
    262.18590954534));
#3105 = CARTESIAN_POINT('',(108.94004170277,-96.43025559757,
    -52.25529255307));
#3106 = CARTESIAN_POINT('',(104.02064321456,-92.13446118269,
    -26.08098571487));
#3107 = CARTESIAN_POINT('',(79.384284859606,-70.62111338664,105.));
#3108 = CARTESIAN_POINT('',(54.747926504647,-49.10776559059,
    236.08098571487));
#3109 = CARTESIAN_POINT('',(49.82852801644,-44.81197117571,
    262.25529255307));
#3110 = CARTESIAN_POINT('',(109.70293621426,-91.96182444039,
    -52.36334242292));
#3111 = CARTESIAN_POINT('',(104.83281106151,-87.92895805698,
    -26.08098571487));
#3112 = CARTESIAN_POINT('',(80.543482190882,-67.81538503666,105.));
#3113 = CARTESIAN_POINT('',(56.254153320245,-47.70181201633,
    236.08098571487));
#3114 = CARTESIAN_POINT('',(51.384028167496,-43.66894563292,
    262.36334242292));
#3115 = CARTESIAN_POINT('',(109.30208265042,-86.39157637664,
    -52.53313718606));
#3116 = CARTESIAN_POINT('',(104.61818001742,-82.67886672564,
    -26.08098571487));
#3117 = CARTESIAN_POINT('',(81.407569916568,-64.28090611907,105.));
#3118 = CARTESIAN_POINT('',(58.196959815713,-45.88294551249,
    236.08098571487));
#3119 = CARTESIAN_POINT('',(53.51305718271,-42.17023586149,
    262.53313718606));
#3120 = CARTESIAN_POINT('',(109.20222595093,-85.30075795116,
    -52.56590922762));
#3121 = CARTESIAN_POINT('',(104.56575614839,-81.64072053484,
    -26.08098571487));
#3122 = CARTESIAN_POINT('',(81.618624295737,-63.5262142931,105.));
#3123 = CARTESIAN_POINT('',(58.67149244308,-45.41170805136,
    236.08098571487));
#3124 = CARTESIAN_POINT('',(54.035022640536,-41.75167063505,
    262.56590922762));
#3125 = CARTESIAN_POINT('',(109.08302627428,-84.2336957772,
    -52.59835189788));
#3126 = CARTESIAN_POINT('',(104.50383461914,-80.61444641932,
    -26.08098571487));
#3127 = CARTESIAN_POINT('',(81.86791550897,-62.72372642456,105.));
#3128 = CARTESIAN_POINT('',(59.231996398794,-44.8330064298,
    236.08098571487));
#3129 = CARTESIAN_POINT('',(54.652804743651,-41.21375707192,
    262.59835189788));
#3130 = CARTESIAN_POINT('',(108.9444479455,-83.19043379407,
    -52.63045002773));
#3131 = CARTESIAN_POINT('',(104.43241542967,-79.60004437907,
    -26.08098571487));
#3132 = CARTESIAN_POINT('',(82.155443556266,-61.87344251344,105.));
#3133 = CARTESIAN_POINT('',(59.878471682854,-44.14684064781,
    236.08098571487));
#3134 = CARTESIAN_POINT('',(55.366439167031,-40.5564512328,
    262.63045002773));
#3135 = CARTESIAN_POINT('',(108.78644761958,-82.17100817815,
    -52.66213703575));
#3136 = CARTESIAN_POINT('',(104.35149857999,-78.59751441409,
    -26.08098571487));
#3137 = CARTESIAN_POINT('',(82.481208437625,-60.97536255973,105.));
#3138 = CARTESIAN_POINT('',(60.61091829526,-43.35321070538,
    236.08098571487));
#3139 = CARTESIAN_POINT('',(56.175969255662,-39.77971694131,
    262.66213703575));
#3140 = CARTESIAN_POINT('',(108.60897515368,-81.17544730066,
    -52.69329447365));
#3141 = CARTESIAN_POINT('',(104.26108407008,-77.60685652438,
    -26.08098571487));
#3142 = CARTESIAN_POINT('',(82.845210153048,-60.02948656345,105.));
#3143 = CARTESIAN_POINT('',(61.429336236012,-42.45211660253,
    236.08098571487));
#3144 = CARTESIAN_POINT('',(57.081445152412,-38.88352582625,
    262.69329447365));
#3145 = CARTESIAN_POINT('',(108.41197477401,-80.20377133714,
    -52.72375159406));
#3146 = CARTESIAN_POINT('',(104.16117189996,-76.62807070995,
    -26.08098571487));
#3147 = CARTESIAN_POINT('',(83.247448702535,-59.0358145246,105.));
#3148 = CARTESIAN_POINT('',(62.333725505111,-41.44355833924,
    236.08098571487));
#3149 = CARTESIAN_POINT('',(58.082922631053,-37.86785771206,
    262.72375159406));
#3150 = CARTESIAN_POINT('',(108.19538654253,-79.25599152604,
    -52.75328495343));
#3151 = CARTESIAN_POINT('',(104.05176206961,-75.66115697079,
    -26.08098571487));
#3152 = CARTESIAN_POINT('',(83.687924086086,-57.99434644316,105.));
#3153 = CARTESIAN_POINT('',(63.324086102555,-40.32753591553,
    236.08098571487));
#3154 = CARTESIAN_POINT('',(59.180461629638,-36.73270136028,
    262.75328495343));
#3155 = DEFINITIONAL_REPRESENTATION('',(#3156),#3159);
#3156 = B_SPLINE_CURVE_WITH_KNOTS('',1,(#3157,#3158),.UNSPECIFIED.,.F.,
  .F.,(2,2),(5.387129922555,5.608444364947),.PIECEWISE_BEZIER_KNOTS.);
#3157 = CARTESIAN_POINT('',(4.712388980385,1.));
#3158 = CARTESIAN_POINT('',(6.28318530718,1.));
#3159 = ( GEOMETRIC_REPRESENTATION_CONTEXT(2) 
PARAMETRIC_REPRESENTATION_CONTEXT() REPRESENTATION_CONTEXT('2D SPACE',''
  ) );
#3160 = ORIENTED_EDGE('',*,*,#2844,.F.);
#3161 = ADVANCED_FACE('',(#3162),#1588,.F.);
#3162 = FACE_BOUND('',#3163,.F.);
#3163 = EDGE_LOOP('',(#3164,#3165,#3188,#3332));
#3164 = ORIENTED_EDGE('',*,*,#1571,.F.);
#3165 = ORIENTED_EDGE('',*,*,#3166,.T.);
#3166 = EDGE_CURVE('',#1572,#3167,#3169,.T.);
#3167 = VERTEX_POINT('',#3168);
#3168 = CARTESIAN_POINT('',(-49.06217895725,-61.32772369672,
    209.66534934238));
#3169 = SURFACE_CURVE('',#3170,(#3174,#3181),.PCURVE_S1.);
#3170 = ( BOUNDED_CURVE() B_SPLINE_CURVE(2,(#3171,#3172,#3173),
.UNSPECIFIED.,.F.,.F.) B_SPLINE_CURVE_WITH_KNOTS((3,3),(0.,1.),
.PIECEWISE_BEZIER_KNOTS.) CURVE() GEOMETRIC_REPRESENTATION_ITEM() 
RATIONAL_B_SPLINE_CURVE((1.,0.993678887479,1.)) REPRESENTATION_ITEM('') 
  );
#3171 = CARTESIAN_POINT('',(-49.03856123294,-61.29820154134,210.));
#3172 = CARTESIAN_POINT('',(-49.03856123294,-61.29820154134,
    209.83053907915));
#3173 = CARTESIAN_POINT('',(-49.06217895725,-61.32772369672,
    209.66534934238));
#3174 = PCURVE('',#1588,#3175);
#3175 = DEFINITIONAL_REPRESENTATION('',(#3176),#3180);
#3176 = LINE('',#3177,#3178);
#3177 = CARTESIAN_POINT('',(0.,4.037648038162));
#3178 = VECTOR('',#3179,1.);
#3179 = DIRECTION('',(1.,0.));
#3180 = ( GEOMETRIC_REPRESENTATION_CONTEXT(2) 
PARAMETRIC_REPRESENTATION_CONTEXT() REPRESENTATION_CONTEXT('2D SPACE',''
  ) );
#3181 = PCURVE('',#1643,#3182);
#3182 = DEFINITIONAL_REPRESENTATION('',(#3183),#3187);
#3183 = LINE('',#3184,#3185);
#3184 = CARTESIAN_POINT('',(0.,4.037648038162));
#3185 = VECTOR('',#3186,1.);
#3186 = DIRECTION('',(1.,0.));
#3187 = ( GEOMETRIC_REPRESENTATION_CONTEXT(2) 
PARAMETRIC_REPRESENTATION_CONTEXT() REPRESENTATION_CONTEXT('2D SPACE',''
  ) );
#3188 = ORIENTED_EDGE('',*,*,#3189,.T.);
#3189 = EDGE_CURVE('',#3167,#2999,#3190,.T.);
#3190 = SURFACE_CURVE('',#3191,(#3202,#3209),.PCURVE_S1.);
#3191 = ( BOUNDED_CURVE() B_SPLINE_CURVE(9,(#3192,#3193,#3194,#3195,
    #3196,#3197,#3198,#3199,#3200,#3201),.UNSPECIFIED.,.F.,.F.) 
B_SPLINE_CURVE_WITH_KNOTS((10,10),(4.037648038162,5.387129922555),
.PIECEWISE_BEZIER_KNOTS.) CURVE() GEOMETRIC_REPRESENTATION_ITEM() 
RATIONAL_B_SPLINE_CURVE((1.,1.,1.,1.,1.,1.,1.,1.,1.,1.)) 
REPRESENTATION_ITEM('') );
#3192 = CARTESIAN_POINT('',(-49.06217895725,-61.32772369672,
    209.66534934238));
#3193 = CARTESIAN_POINT('',(-39.85604559752,-68.67109429503,
    209.73882745592));
#3194 = CARTESIAN_POINT('',(-29.41709811133,-74.46437984582,
    209.80558656832));
#3195 = CARTESIAN_POINT('',(-18.04305039397,-78.47204419327,
    209.85667773489));
#3196 = CARTESIAN_POINT('',(-6.082096382799,-80.52375171926,
    209.88346465863));
#3197 = CARTESIAN_POINT('',(6.0820963786,-80.52375171958,209.88346465864
    ));
#3198 = CARTESIAN_POINT('',(18.043050389884,-78.47204419421,
    209.85667773491));
#3199 = CARTESIAN_POINT('',(29.417098107451,-74.46437984735,
    209.80558656836));
#3200 = CARTESIAN_POINT('',(39.856045593939,-68.6710942971,
    209.73882745596));
#3201 = CARTESIAN_POINT('',(49.062178954045,-61.32772369927,
    209.66534934243));
#3202 = PCURVE('',#1588,#3203);
#3203 = DEFINITIONAL_REPRESENTATION('',(#3204),#3208);
#3204 = LINE('',#3205,#3206);
#3205 = CARTESIAN_POINT('',(1.,0.));
#3206 = VECTOR('',#3207,1.);
#3207 = DIRECTION('',(0.,1.));
#3208 = ( GEOMETRIC_REPRESENTATION_CONTEXT(2) 
PARAMETRIC_REPRESENTATION_CONTEXT() REPRESENTATION_CONTEXT('2D SPACE',''
  ) );
#3209 = PCURVE('',#3210,#3327);
#3210 = OFFSET_SURFACE('',#3211,-1.5,.F.);
#3211 = B_SPLINE_SURFACE_WITH_KNOTS('',8,2,(
    (#3212,#3213,#3214,#3215,#3216)
    ,(#3217,#3218,#3219,#3220,#3221)
    ,(#3222,#3223,#3224,#3225,#3226)
    ,(#3227,#3228,#3229,#3230,#3231)
    ,(#3232,#3233,#3234,#3235,#3236)
    ,(#3237,#3238,#3239,#3240,#3241)
    ,(#3242,#3243,#3244,#3245,#3246)
    ,(#3247,#3248,#3249,#3250,#3251)
    ,(#3252,#3253,#3254,#3255,#3256)
    ,(#3257,#3258,#3259,#3260,#3261)
    ,(#3262,#3263,#3264,#3265,#3266)
    ,(#3267,#3268,#3269,#3270,#3271)
    ,(#3272,#3273,#3274,#3275,#3276)
    ,(#3277,#3278,#3279,#3280,#3281)
    ,(#3282,#3283,#3284,#3285,#3286)
    ,(#3287,#3288,#3289,#3290,#3291)
    ,(#3292,#3293,#3294,#3295,#3296)
    ,(#3297,#3298,#3299,#3300,#3301)
    ,(#3302,#3303,#3304,#3305,#3306)
    ,(#3307,#3308,#3309,#3310,#3311)
    ,(#3312,#3313,#3314,#3315,#3316)
    ,(#3317,#3318,#3319,#3320,#3321)
    ,(#3322,#3323,#3324,#3325,#3326
    )),.UNSPECIFIED.,.F.,.F.,.F.,(9,7,7,9),(3,1,1,3),(-119.9999999969,
    -80.,79.999999987937,119.99999998492),(-0.242039039536,0.,1.,
    1.242039039536),.UNSPECIFIED.);
#3212 = CARTESIAN_POINT('',(-129.3886081304,-115.1318685943,
    -50.82819830245));
#3213 = CARTESIAN_POINT('',(-124.6943040637,-107.5659342971,
    -25.41409915123));
#3214 = CARTESIAN_POINT('',(-100.6051780883,-68.74085142762,
    104.99999999999));
#3215 = CARTESIAN_POINT('',(-76.51605211293,-29.91576855809,
    235.41409915122));
#3216 = CARTESIAN_POINT('',(-71.8217480462,-22.34983426094,
    260.82819830245));
#3217 = CARTESIAN_POINT('',(-124.4775018086,-114.1999598119,
    -51.07996919801));
#3218 = CARTESIAN_POINT('',(-119.7153938106,-107.0649844208,
    -25.41409915123));
#3219 = CARTESIAN_POINT('',(-95.51804443213,-70.81055835272,
    104.99999999999));
#3220 = CARTESIAN_POINT('',(-71.32069505362,-34.55613228457,
    235.41409915122));
#3221 = CARTESIAN_POINT('',(-66.55858705557,-27.42115689355,
    261.07996919801));
#3222 = CARTESIAN_POINT('',(-119.4751484402,-113.3248945207,
    -51.31563017752));
#3223 = CARTESIAN_POINT('',(-114.6925734136,-106.5991626597,
    -25.41409915123));
#3224 = CARTESIAN_POINT('',(-90.61232838534,-72.7351311903,
    104.99999999999));
#3225 = CARTESIAN_POINT('',(-66.53208335705,-38.87109972085,
    235.41409915122));
#3226 = CARTESIAN_POINT('',(-61.74950833042,-32.14536785988,
    261.31563017752));
#3227 = CARTESIAN_POINT('',(-114.3808476568,-112.5091728523,
    -51.53780597065));
#3228 = CARTESIAN_POINT('',(-109.6258428726,-106.1684690137,
    -25.41409915123));
#3229 = CARTESIAN_POINT('',(-85.88802994795,-74.51456994036,105.));
#3230 = CARTESIAN_POINT('',(-62.15021702322,-42.86067086693,
    235.41409915122));
#3231 = CARTESIAN_POINT('',(-57.39521223911,-36.51996702841,
    261.53780597065));
#3232 = CARTESIAN_POINT('',(-109.1939310213,-111.754883657,
    -51.7486182914));
#3233 = CARTESIAN_POINT('',(-104.5152021878,-105.7729034829,
    -25.41409915123));
#3234 = CARTESIAN_POINT('',(-81.34514911998,-76.14887460288,105.));
#3235 = CARTESIAN_POINT('',(-58.17509605215,-46.52484572281,
    235.41409915122));
#3236 = CARTESIAN_POINT('',(-53.49636721865,-40.54286554867,
    261.7486182914));
#3237 = CARTESIAN_POINT('',(-103.913722027,-111.0637641091,
    -51.94962787023));
#3238 = CARTESIAN_POINT('',(-99.36065135898,-105.4124660672,
    -25.41409915123));
#3239 = CARTESIAN_POINT('',(-76.98368590141,-77.63804517789,105.));
#3240 = CARTESIAN_POINT('',(-54.60672044383,-49.8636242885,
    235.41409915122));
#3241 = CARTESIAN_POINT('',(-50.05364977579,-44.21232624664,
    261.94962787023));
#3242 = CARTESIAN_POINT('',(-98.53951299358,-110.4372547324,
    -52.14178347528));
#3243 = CARTESIAN_POINT('',(-94.16219038623,-105.0871567667,
    -25.41409915123));
#3244 = CARTESIAN_POINT('',(-72.80364029224,-78.98208166537,105.));
#3245 = CARTESIAN_POINT('',(-51.44509019825,-52.87700656399,
    235.41409915122));
#3246 = CARTESIAN_POINT('',(-47.0677675909,-47.5269085983,
    262.14178347528));
#3247 = CARTESIAN_POINT('',(-93.07056027218,-109.8765473327,
    -52.3253764648));
#3248 = CARTESIAN_POINT('',(-88.91981926954,-104.7969755813,
    -25.41409915123));
#3249 = CARTESIAN_POINT('',(-68.80501229248,-80.18098406532,105.));
#3250 = CARTESIAN_POINT('',(-48.69020531542,-55.56499254928,
    235.41409915123));
#3251 = CARTESIAN_POINT('',(-44.53946431279,-50.48542079785,
    262.3253764648));
#3252 = CARTESIAN_POINT('',(-65.19912451658,-107.3580270843,
    -53.09852817373));
#3253 = CARTESIAN_POINT('',(-62.48841296642,-103.5217102302,
    -25.41409915123));
#3254 = CARTESIAN_POINT('',(-49.71896034073,-85.44982562746,105.));
#3255 = CARTESIAN_POINT('',(-36.94950771503,-67.37794102473,
    235.41409915123));
#3256 = CARTESIAN_POINT('',(-34.23879616488,-63.54162417062,
    263.09852817373));
#3257 = CARTESIAN_POINT('',(-43.23871790261,-105.7779672796,
    -53.44858232915));
#3258 = CARTESIAN_POINT('',(-41.53996784194,-102.7473475803,
    -25.41409915123));
#3259 = CARTESIAN_POINT('',(-33.63752293367,-88.6491551708,
    104.99999999999));
#3260 = CARTESIAN_POINT('',(-25.73507802539,-74.55096276124,
    235.41409915122));
#3261 = CARTESIAN_POINT('',(-24.03632796472,-71.52034306201,
    263.44858232914));
#3262 = CARTESIAN_POINT('',(-21.54641200993,-104.7750179595,
    -53.62306374973));
#3263 = CARTESIAN_POINT('',(-20.73290605811,-102.2630706152,
    -25.41409915123));
#3264 = CARTESIAN_POINT('',(-16.97195107904,-90.64997688128,105.));
#3265 = CARTESIAN_POINT('',(-13.21099609997,-79.03688314728,
    235.41409915123));
#3266 = CARTESIAN_POINT('',(-12.39749014815,-76.52493580299,
    263.62306374974));
#3267 = CARTESIAN_POINT('',(-7.022375366123E-09,-104.4314002789,
    -53.67483436473));
#3268 = CARTESIAN_POINT('',(-6.500730133654E-09,-102.0981908449,
    -25.41409915122));
#3269 = CARTESIAN_POINT('',(-4.093507088854E-09,-91.33118835309,
    104.99999999999));
#3270 = CARTESIAN_POINT('',(-1.686284044053E-09,-80.56418586126,
    235.41409915122));
#3271 = CARTESIAN_POINT('',(-1.164638811584E-09,-78.23097642727,
    263.67483436472));
#3272 = CARTESIAN_POINT('',(21.546411995876,-104.7750179594,
    -53.62306374981));
#3273 = CARTESIAN_POINT('',(20.732906045103,-102.2630706151,
    -25.41409915123));
#3274 = CARTESIAN_POINT('',(16.971951070894,-90.64997688165,105.));
#3275 = CARTESIAN_POINT('',(13.210996096686,-79.0368831481,
    235.41409915123));
#3276 = CARTESIAN_POINT('',(12.397490145912,-76.52493580389,
    263.62306374981));
#3277 = CARTESIAN_POINT('',(43.238717888519,-105.7779672792,
    -53.44858232931));
#3278 = CARTESIAN_POINT('',(41.539967828911,-102.7473475802,
    -25.41409915123));
#3279 = CARTESIAN_POINT('',(33.637522925626,-88.64915517151,105.));
#3280 = CARTESIAN_POINT('',(25.735078022341,-74.55096276283,
    235.41409915122));
#3281 = CARTESIAN_POINT('',(24.036327962733,-71.52034306377,
    263.44858232931));
#3282 = CARTESIAN_POINT('',(65.199124502431,-107.3580270838,
    -53.098528174));
#3283 = CARTESIAN_POINT('',(62.488412953353,-103.5217102299,
    -25.41409915123));
#3284 = CARTESIAN_POINT('',(49.718960332854,-85.44982562849,105.));
#3285 = CARTESIAN_POINT('',(36.949507712355,-67.37794102703,
    235.41409915123));
#3286 = CARTESIAN_POINT('',(34.238796163276,-63.54162417316,
    263.098528174));
#3287 = CARTESIAN_POINT('',(93.070560257966,-109.8765473321,
    -52.32537646524));
#3288 = CARTESIAN_POINT('',(88.919819256405,-104.796975581,
    -25.41409915123));
#3289 = CARTESIAN_POINT('',(68.805012284883,-80.18098406669,105.));
#3290 = CARTESIAN_POINT('',(48.690205313361,-55.56499255235,
    235.41409915123));
#3291 = CARTESIAN_POINT('',(44.5394643118,-50.48542080119,
    262.32537646524));
#3292 = CARTESIAN_POINT('',(98.539512979355,-110.4372547318,
    -52.14178347576));
#3293 = CARTESIAN_POINT('',(94.162190373078,-105.0871567663,
    -25.41409915123));
#3294 = CARTESIAN_POINT('',(72.803640284703,-78.98208166682,105.));
#3295 = CARTESIAN_POINT('',(51.445090196327,-52.87700656724,
    235.41409915123));
#3296 = CARTESIAN_POINT('',(47.067767590051,-47.52690860183,
    262.14178347576));
#3297 = CARTESIAN_POINT('',(103.91372201277,-111.0637641084,
    -51.94962787074));
#3298 = CARTESIAN_POINT('',(99.360651345814,-105.4124660669,
    -25.41409915123));
#3299 = CARTESIAN_POINT('',(76.983685893937,-77.63804517942,105.));
#3300 = CARTESIAN_POINT('',(54.60672044206,-49.86362429195,
    235.41409915123));
#3301 = CARTESIAN_POINT('',(50.053649775097,-44.21232625037,
    261.94962787074));
#3302 = CARTESIAN_POINT('',(109.19393100703,-111.7548836564,
    -51.74861829194));
#3303 = CARTESIAN_POINT('',(104.51520217461,-105.7729034825,
    -25.41409915123));
#3304 = CARTESIAN_POINT('',(81.345149112585,-76.14887460452,105.));
#3305 = CARTESIAN_POINT('',(58.175096050558,-46.52484572648,
    235.41409915123));
#3306 = CARTESIAN_POINT('',(53.496367218135,-40.54286555262,
    261.74861829194));
#3307 = CARTESIAN_POINT('',(114.38084764251,-112.5091728515,
    -51.53780597123));
#3308 = CARTESIAN_POINT('',(109.62584285947,-106.1684690133,
    -25.41409915123));
#3309 = CARTESIAN_POINT('',(85.888029940648,-74.5145699421,105.));
#3310 = CARTESIAN_POINT('',(62.150217021822,-42.86067087083,
    235.41409915123));
#3311 = CARTESIAN_POINT('',(57.395212238786,-36.5199670326,
    261.53780597123));
#3312 = CARTESIAN_POINT('',(119.47514842594,-113.3248945199,
    -51.31563017813));
#3313 = CARTESIAN_POINT('',(114.69257340039,-106.5991626593,
    -25.41409915123));
#3314 = CARTESIAN_POINT('',(90.612328378124,-72.73513119216,105.));
#3315 = CARTESIAN_POINT('',(66.532083355852,-38.87109972501,
    235.41409915123));
#3316 = CARTESIAN_POINT('',(61.749508330304,-32.14536786434,
    261.31563017813));
#3317 = CARTESIAN_POINT('',(124.47750179433,-114.1999598111,
    -51.07996919865));
#3318 = CARTESIAN_POINT('',(119.71539379738,-107.0649844204,
    -25.41409915123));
#3319 = CARTESIAN_POINT('',(95.518044425015,-70.81055835471,105.));
#3320 = CARTESIAN_POINT('',(71.320695052647,-34.55613228901,
    235.41409915123));
#3321 = CARTESIAN_POINT('',(66.558587055695,-27.4211568983,
    261.07996919865));
#3322 = CARTESIAN_POINT('',(129.38860811606,-115.1318685934,
    -50.82819830313));
#3323 = CARTESIAN_POINT('',(124.69430405043,-107.5659342966,
    -25.41409915123));
#3324 = CARTESIAN_POINT('',(100.60517808132,-68.74085142974,105.));
#3325 = CARTESIAN_POINT('',(76.516052112208,-29.91576856284,
    235.41409915122));
#3326 = CARTESIAN_POINT('',(71.821748046574,-22.349834266,
    260.82819830313));
#3327 = DEFINITIONAL_REPRESENTATION('',(#3328),#3331);
#3328 = B_SPLINE_CURVE_WITH_KNOTS('',1,(#3329,#3330),.UNSPECIFIED.,.F.,
  .F.,(2,2),(4.037648038162,5.387129922555),.PIECEWISE_BEZIER_KNOTS.);
#3329 = CARTESIAN_POINT('',(-80.,1.));
#3330 = CARTESIAN_POINT('',(79.999999987937,1.));
#3331 = ( GEOMETRIC_REPRESENTATION_CONTEXT(2) 
PARAMETRIC_REPRESENTATION_CONTEXT() REPRESENTATION_CONTEXT('2D SPACE',''
  ) );
#3332 = ORIENTED_EDGE('',*,*,#2998,.F.);
#3333 = ADVANCED_FACE('',(#3334),#1643,.F.);
#3334 = FACE_BOUND('',#3335,.F.);
#3335 = EDGE_LOOP('',(#3336,#3337,#3360,#3500));
#3336 = ORIENTED_EDGE('',*,*,#1626,.F.);
#3337 = ORIENTED_EDGE('',*,*,#3338,.T.);
#3338 = EDGE_CURVE('',#1627,#3339,#3341,.T.);
#3339 = VERTEX_POINT('',#3340);
#3340 = CARTESIAN_POINT('',(-61.32772369681,-49.06217895713,
    209.66534934238));
#3341 = SURFACE_CURVE('',#3342,(#3346,#3353),.PCURVE_S1.);
#3342 = ( BOUNDED_CURVE() B_SPLINE_CURVE(2,(#3343,#3344,#3345),
.UNSPECIFIED.,.F.,.F.) B_SPLINE_CURVE_WITH_KNOTS((3,3),(0.,1.),
.PIECEWISE_BEZIER_KNOTS.) CURVE() GEOMETRIC_REPRESENTATION_ITEM() 
RATIONAL_B_SPLINE_CURVE((1.,0.993678887479,1.)) REPRESENTATION_ITEM('') 
  );
#3343 = CARTESIAN_POINT('',(-61.29820154143,-49.03856123282,210.));
#3344 = CARTESIAN_POINT('',(-61.29820154143,-49.03856123282,
    209.83053907915));
#3345 = CARTESIAN_POINT('',(-61.32772369681,-49.06217895713,
    209.66534934238));
#3346 = PCURVE('',#1643,#3347);
#3347 = DEFINITIONAL_REPRESENTATION('',(#3348),#3352);
#3348 = LINE('',#3349,#3350);
#3349 = CARTESIAN_POINT('',(0.,3.81633359581));
#3350 = VECTOR('',#3351,1.);
#3351 = DIRECTION('',(1.,0.));
#3352 = ( GEOMETRIC_REPRESENTATION_CONTEXT(2) 
PARAMETRIC_REPRESENTATION_CONTEXT() REPRESENTATION_CONTEXT('2D SPACE',''
  ) );
#3353 = PCURVE('',#1686,#3354);
#3354 = DEFINITIONAL_REPRESENTATION('',(#3355),#3359);
#3355 = LINE('',#3356,#3357);
#3356 = CARTESIAN_POINT('',(0.,3.81633359581));
#3357 = VECTOR('',#3358,1.);
#3358 = DIRECTION('',(1.,0.));
#3359 = ( GEOMETRIC_REPRESENTATION_CONTEXT(2) 
PARAMETRIC_REPRESENTATION_CONTEXT() REPRESENTATION_CONTEXT('2D SPACE',''
  ) );
#3360 = ORIENTED_EDGE('',*,*,#3361,.T.);
#3361 = EDGE_CURVE('',#3339,#3167,#3362,.T.);
#3362 = SURFACE_CURVE('',#3363,(#3370,#3377),.PCURVE_S1.);
#3363 = ( BOUNDED_CURVE() B_SPLINE_CURVE(5,(#3364,#3365,#3366,#3367,
#3368,#3369),.UNSPECIFIED.,.F.,.F.) B_SPLINE_CURVE_WITH_KNOTS((6,6),(
3.81633359581,4.037648038162),.PIECEWISE_BEZIER_KNOTS.) CURVE() 
GEOMETRIC_REPRESENTATION_ITEM() RATIONAL_B_SPLINE_CURVE((1.,1.,1.,1.,1.,
1.)) REPRESENTATION_ITEM('') );
#3364 = CARTESIAN_POINT('',(-61.32772369681,-49.06217895713,
    209.66534934238));
#3365 = CARTESIAN_POINT('',(-59.16073102835,-51.7804341456,
    209.63938003344));
#3366 = CARTESIAN_POINT('',(-56.8415588397,-54.37778861163,
    209.62504746524));
#3367 = CARTESIAN_POINT('',(-54.37778861174,-56.84155883959,
    209.62504746524));
#3368 = CARTESIAN_POINT('',(-51.78043414571,-59.16073102825,
    209.63938003344));
#3369 = CARTESIAN_POINT('',(-49.06217895725,-61.32772369672,
    209.66534934238));
#3370 = PCURVE('',#1643,#3371);
#3371 = DEFINITIONAL_REPRESENTATION('',(#3372),#3376);
#3372 = LINE('',#3373,#3374);
#3373 = CARTESIAN_POINT('',(1.,0.));
#3374 = VECTOR('',#3375,1.);
#3375 = DIRECTION('',(0.,1.));
#3376 = ( GEOMETRIC_REPRESENTATION_CONTEXT(2) 
PARAMETRIC_REPRESENTATION_CONTEXT() REPRESENTATION_CONTEXT('2D SPACE',''
  ) );
#3377 = PCURVE('',#3378,#3495);
#3378 = OFFSET_SURFACE('',#3379,-1.5,.F.);
#3379 = B_SPLINE_SURFACE_WITH_KNOTS('',8,2,(
    (#3380,#3381,#3382,#3383,#3384)
    ,(#3385,#3386,#3387,#3388,#3389)
    ,(#3390,#3391,#3392,#3393,#3394)
    ,(#3395,#3396,#3397,#3398,#3399)
    ,(#3400,#3401,#3402,#3403,#3404)
    ,(#3405,#3406,#3407,#3408,#3409)
    ,(#3410,#3411,#3412,#3413,#3414)
    ,(#3415,#3416,#3417,#3418,#3419)
    ,(#3420,#3421,#3422,#3423,#3424)
    ,(#3425,#3426,#3427,#3428,#3429)
    ,(#3430,#3431,#3432,#3433,#3434)
    ,(#3435,#3436,#3437,#3438,#3439)
    ,(#3440,#3441,#3442,#3443,#3444)
    ,(#3445,#3446,#3447,#3448,#3449)
    ,(#3450,#3451,#3452,#3453,#3454)
    ,(#3455,#3456,#3457,#3458,#3459)
    ,(#3460,#3461,#3462,#3463,#3464)
    ,(#3465,#3466,#3467,#3468,#3469)
    ,(#3470,#3471,#3472,#3473,#3474)
    ,(#3475,#3476,#3477,#3478,#3479)
    ,(#3480,#3481,#3482,#3483,#3484)
    ,(#3485,#3486,#3487,#3488,#3489)
    ,(#3490,#3491,#3492,#3493,#3494
    )),.UNSPECIFIED.,.F.,.F.,.F.,(9,7,7,9),(3,1,1,3),(2.748893571982,
    3.14159265359,4.712388980385,5.105088061992),(-0.248390340141,0.,1.,
    1.248390340141),.UNSPECIFIED.);
#3380 = CARTESIAN_POINT('',(-108.1953865574,-79.25599152624,
    -52.75328495339));
#3381 = CARTESIAN_POINT('',(-104.0517620831,-75.66115697089,
    -26.08098571482));
#3382 = CARTESIAN_POINT('',(-83.68792409238,-57.99434644275,105.));
#3383 = CARTESIAN_POINT('',(-63.32408610167,-40.32753591461,
    236.08098571482));
#3384 = CARTESIAN_POINT('',(-59.18046162728,-36.73270135925,
    262.75328495339));
#3385 = CARTESIAN_POINT('',(-108.4119747889,-80.20377133732,
    -52.723751594));
#3386 = CARTESIAN_POINT('',(-104.1611719134,-76.62807071003,
    -26.08098571482));
#3387 = CARTESIAN_POINT('',(-83.24744870881,-59.03581452423,105.));
#3388 = CARTESIAN_POINT('',(-62.33372550417,-41.44355833842,
    236.08098571482));
#3389 = CARTESIAN_POINT('',(-58.08292262864,-37.86785771114,
    262.723751594));
#3390 = CARTESIAN_POINT('',(-108.6089751686,-81.17544730082,
    -52.69329447358));
#3391 = CARTESIAN_POINT('',(-104.2610840835,-77.60685652446,
    -26.08098571482));
#3392 = CARTESIAN_POINT('',(-82.84521015931,-60.02948656312,105.));
#3393 = CARTESIAN_POINT('',(-61.42933623503,-42.45211660178,
    236.08098571482));
#3394 = CARTESIAN_POINT('',(-57.08144514996,-38.88352582542,
    262.69329447358));
#3395 = CARTESIAN_POINT('',(-108.7864476345,-82.17100817831,
    -52.66213703568));
#3396 = CARTESIAN_POINT('',(-104.3514985934,-78.59751441416,
    -26.08098571482));
#3397 = CARTESIAN_POINT('',(-82.48120844387,-60.97536255942,105.));
#3398 = CARTESIAN_POINT('',(-60.61091829426,-43.35321070468,
    236.08098571482));
#3399 = CARTESIAN_POINT('',(-56.1759692532,-39.77971694053,
    262.66213703568));
#3400 = CARTESIAN_POINT('',(-108.9444479604,-83.19043379422,
    -52.63045002764));
#3401 = CARTESIAN_POINT('',(-104.4324154431,-79.60004437914,
    -26.08098571482));
#3402 = CARTESIAN_POINT('',(-82.15544356251,-61.87344251313,105.));
#3403 = CARTESIAN_POINT('',(-59.87847168186,-44.14684064713,
    236.08098571482));
#3404 = CARTESIAN_POINT('',(-55.36643916457,-40.55645123204,
    262.63045002764));
#3405 = CARTESIAN_POINT('',(-109.0830262892,-84.23369577734,
    -52.59835189779));
#3406 = CARTESIAN_POINT('',(-104.5038346326,-80.61444641939,
    -26.08098571482));
#3407 = CARTESIAN_POINT('',(-81.86791551523,-62.72372642425,105.));
#3408 = CARTESIAN_POINT('',(-59.23199639782,-44.83300642911,
    236.08098571482));
#3409 = CARTESIAN_POINT('',(-54.65280474122,-41.21375707116,
    262.59835189779));
#3410 = CARTESIAN_POINT('',(-109.2022259658,-85.30075795131,
    -52.56590922753));
#3411 = CARTESIAN_POINT('',(-104.5657561618,-81.64072053492,
    -26.08098571482));
#3412 = CARTESIAN_POINT('',(-81.61862430201,-63.52621429278,105.));
#3413 = CARTESIAN_POINT('',(-58.67149244214,-45.41170805064,
    236.08098571482));
#3414 = CARTESIAN_POINT('',(-54.03502263815,-41.75167063425,
    262.56590922753));
#3415 = CARTESIAN_POINT('',(-109.3020826653,-86.3915763768,
    -52.53313718596));
#3416 = CARTESIAN_POINT('',(-104.6181800309,-82.67886672572,
    -26.08098571482));
#3417 = CARTESIAN_POINT('',(-81.40756992287,-64.28090611872,105.));
#3418 = CARTESIAN_POINT('',(-58.19695981483,-45.88294551172,
    236.08098571482));
#3419 = CARTESIAN_POINT('',(-53.51305718039,-42.17023586064,
    262.53313718596));
#3420 = CARTESIAN_POINT('',(-109.702936229,-91.96182444064,
    -52.3633424228));
#3421 = CARTESIAN_POINT('',(-104.8328110749,-87.92895805711,
    -26.08098571482));
#3422 = CARTESIAN_POINT('',(-80.54348219735,-67.81538503613,105.));
#3423 = CARTESIAN_POINT('',(-56.25415331975,-47.70181201515,
    236.08098571482));
#3424 = CARTESIAN_POINT('',(-51.38402816561,-43.66894563162,
    262.3633424228));
#3425 = CARTESIAN_POINT('',(-108.9400417175,-96.43025559789,
    -52.25529255295));
#3426 = CARTESIAN_POINT('',(-104.0206432279,-92.13446118285,
    -26.08098571482));
#3427 = CARTESIAN_POINT('',(-79.38428486622,-70.62111338597,105.));
#3428 = CARTESIAN_POINT('',(-54.74792650447,-49.10776558909,
    236.08098571482));
#3429 = CARTESIAN_POINT('',(-49.82852801492,-44.81197117405,
    262.25529255295));
#3430 = CARTESIAN_POINT('',(-107.0969312002,-100.626458592,
    -52.18590954522));
#3431 = CARTESIAN_POINT('',(-102.2244122181,-96.08627997613,
    -26.08098571482));
#3432 = CARTESIAN_POINT('',(-77.7579707439,-73.28862340522,105.));
#3433 = CARTESIAN_POINT('',(-53.29152926961,-50.49096683432,
    236.08098571482));
#3434 = CARTESIAN_POINT('',(-48.41901028751,-45.9507882184,
    262.18590954522));
#3435 = CARTESIAN_POINT('',(-104.2655202856,-104.2655202856,
    -52.16197142964));
#3436 = CARTESIAN_POINT('',(-99.52534770061,-99.52534770063,
    -26.08098571482));
#3437 = CARTESIAN_POINT('',(-75.70161259735,-75.7016125973,105.));
#3438 = CARTESIAN_POINT('',(-51.87787749409,-51.87787749397,
    236.08098571482));
#3439 = CARTESIAN_POINT('',(-47.13770490908,-47.13770490894,
    262.16197142964));
#3440 = CARTESIAN_POINT('',(-100.626458592,-107.0969312003,
    -52.18590954522));
#3441 = CARTESIAN_POINT('',(-96.08627997612,-102.2244122182,
    -26.08098571482));
#3442 = CARTESIAN_POINT('',(-73.28862340528,-77.75797074385,105.));
#3443 = CARTESIAN_POINT('',(-50.49096683445,-53.29152926949,
    236.08098571482));
#3444 = CARTESIAN_POINT('',(-45.95078821855,-48.41901028737,
    262.18590954522));
#3445 = CARTESIAN_POINT('',(-96.43025559785,-108.9400417175,
    -52.25529255295));
#3446 = CARTESIAN_POINT('',(-92.13446118283,-104.0206432279,
    -26.08098571482));
#3447 = CARTESIAN_POINT('',(-70.62111338603,-79.38428486617,105.));
#3448 = CARTESIAN_POINT('',(-49.10776558922,-54.74792650436,
    236.08098571482));
#3449 = CARTESIAN_POINT('',(-44.8119711742,-49.82852801479,
    262.25529255295));
#3450 = CARTESIAN_POINT('',(-91.96182444061,-109.7029362291,
    -52.3633424228));
#3451 = CARTESIAN_POINT('',(-87.92895805709,-104.8328110749,
    -26.08098571482));
#3452 = CARTESIAN_POINT('',(-67.81538503619,-80.5434821973,105.));
#3453 = CARTESIAN_POINT('',(-47.70181201528,-56.25415331963,
    236.08098571482));
#3454 = CARTESIAN_POINT('',(-43.66894563177,-51.38402816548,
    262.3633424228));
#3455 = CARTESIAN_POINT('',(-86.39157637677,-109.3020826653,
    -52.53313718596));
#3456 = CARTESIAN_POINT('',(-82.67886672571,-104.6181800309,
    -26.08098571482));
#3457 = CARTESIAN_POINT('',(-64.28090611878,-81.40756992282,105.));
#3458 = CARTESIAN_POINT('',(-45.88294551186,-58.19695981472,
    236.08098571482));
#3459 = CARTESIAN_POINT('',(-42.17023586079,-53.51305718027,
    262.53313718596));
#3460 = CARTESIAN_POINT('',(-85.30075795128,-109.2022259659,
    -52.56590922753));
#3461 = CARTESIAN_POINT('',(-81.6407205349,-104.5657561618,
    -26.08098571482));
#3462 = CARTESIAN_POINT('',(-63.52621429284,-81.61862430196,105.));
#3463 = CARTESIAN_POINT('',(-45.41170805078,-58.67149244204,
    236.08098571482));
#3464 = CARTESIAN_POINT('',(-41.75167063441,-54.03502263803,
    262.56590922753));
#3465 = CARTESIAN_POINT('',(-84.23369577731,-109.0830262892,
    -52.59835189779));
#3466 = CARTESIAN_POINT('',(-80.61444641937,-104.5038346326,
    -26.08098571482));
#3467 = CARTESIAN_POINT('',(-62.72372642431,-81.86791551518,105.));
#3468 = CARTESIAN_POINT('',(-44.83300642925,-59.23199639771,
    236.08098571482));
#3469 = CARTESIAN_POINT('',(-41.21375707132,-54.6528047411,
    262.59835189779));
#3470 = CARTESIAN_POINT('',(-83.19043379419,-108.9444479604,
    -52.63045002764));
#3471 = CARTESIAN_POINT('',(-79.60004437912,-104.4324154431,
    -26.08098571482));
#3472 = CARTESIAN_POINT('',(-61.87344251319,-82.15544356247,105.));
#3473 = CARTESIAN_POINT('',(-44.14684064727,-59.87847168175,
    236.08098571482));
#3474 = CARTESIAN_POINT('',(-40.5564512322,-55.36643916445,
    262.63045002764));
#3475 = CARTESIAN_POINT('',(-82.17100817827,-108.7864476345,
    -52.66213703568));
#3476 = CARTESIAN_POINT('',(-78.59751441414,-104.3514985935,
    -26.08098571482));
#3477 = CARTESIAN_POINT('',(-60.97536255948,-82.48120844383,105.));
#3478 = CARTESIAN_POINT('',(-43.35321070482,-60.61091829416,
    236.08098571482));
#3479 = CARTESIAN_POINT('',(-39.77971694069,-56.17596925308,
    262.66213703568));
#3480 = CARTESIAN_POINT('',(-81.17544730079,-108.6089751686,
    -52.69329447358));
#3481 = CARTESIAN_POINT('',(-77.60685652444,-104.2610840835,
    -26.08098571482));
#3482 = CARTESIAN_POINT('',(-60.02948656318,-82.84521015926,105.));
#3483 = CARTESIAN_POINT('',(-42.45211660192,-61.42933623493,
    236.08098571482));
#3484 = CARTESIAN_POINT('',(-38.88352582558,-57.08144514985,
    262.69329447358));
#3485 = CARTESIAN_POINT('',(-80.20377133728,-108.411974789,-52.723751594
    ));
#3486 = CARTESIAN_POINT('',(-76.62807071002,-104.1611719134,
    -26.08098571482));
#3487 = CARTESIAN_POINT('',(-59.03581452429,-83.24744870876,105.));
#3488 = CARTESIAN_POINT('',(-41.44355833857,-62.33372550407,
    236.08098571482));
#3489 = CARTESIAN_POINT('',(-37.8678577113,-58.08292262853,262.723751594
    ));
#3490 = CARTESIAN_POINT('',(-79.25599152621,-108.1953865575,
    -52.75328495339));
#3491 = CARTESIAN_POINT('',(-75.66115697087,-104.0517620831,
    -26.08098571482));
#3492 = CARTESIAN_POINT('',(-57.99434644281,-83.68792409234,105.));
#3493 = CARTESIAN_POINT('',(-40.32753591475,-63.32408610157,
    236.08098571482));
#3494 = CARTESIAN_POINT('',(-36.73270135942,-59.18046162718,
    262.75328495339));
#3495 = DEFINITIONAL_REPRESENTATION('',(#3496),#3499);
#3496 = B_SPLINE_CURVE_WITH_KNOTS('',1,(#3497,#3498),.UNSPECIFIED.,.F.,
  .F.,(2,2),(3.81633359581,4.037648038162),.PIECEWISE_BEZIER_KNOTS.);
#3497 = CARTESIAN_POINT('',(3.14159265359,1.));
#3498 = CARTESIAN_POINT('',(4.712388980385,1.));
#3499 = ( GEOMETRIC_REPRESENTATION_CONTEXT(2) 
PARAMETRIC_REPRESENTATION_CONTEXT() REPRESENTATION_CONTEXT('2D SPACE',''
  ) );
#3500 = ORIENTED_EDGE('',*,*,#3166,.F.);
#3501 = ADVANCED_FACE('',(#3502),#1686,.F.);
#3502 = FACE_BOUND('',#3503,.F.);
#3503 = EDGE_LOOP('',(#3504,#3505,#3528,#3672));
#3504 = ORIENTED_EDGE('',*,*,#1669,.F.);
#3505 = ORIENTED_EDGE('',*,*,#3506,.T.);
#3506 = EDGE_CURVE('',#1670,#3507,#3509,.T.);
#3507 = VERTEX_POINT('',#3508);
#3508 = CARTESIAN_POINT('',(-61.32772369926,49.062178954059,
    209.66534934243));
#3509 = SURFACE_CURVE('',#3510,(#3514,#3521),.PCURVE_S1.);
#3510 = ( BOUNDED_CURVE() B_SPLINE_CURVE(2,(#3511,#3512,#3513),
.UNSPECIFIED.,.F.,.F.) B_SPLINE_CURVE_WITH_KNOTS((3,3),(0.,1.),
.PIECEWISE_BEZIER_KNOTS.) CURVE() GEOMETRIC_REPRESENTATION_ITEM() 
RATIONAL_B_SPLINE_CURVE((1.,0.993678887481,1.)) REPRESENTATION_ITEM('') 
  );
#3511 = CARTESIAN_POINT('',(-61.29820154388,49.038561229762,210.));
#3512 = CARTESIAN_POINT('',(-61.29820154388,49.038561229762,
    209.83053907918));
#3513 = CARTESIAN_POINT('',(-61.32772369926,49.062178954059,
    209.66534934243));
#3514 = PCURVE('',#1686,#3515);
#3515 = DEFINITIONAL_REPRESENTATION('',(#3516),#3520);
#3516 = LINE('',#3517,#3518);
#3517 = CARTESIAN_POINT('',(0.,2.466851711419));
#3518 = VECTOR('',#3519,1.);
#3519 = DIRECTION('',(1.,0.));
#3520 = ( GEOMETRIC_REPRESENTATION_CONTEXT(2) 
PARAMETRIC_REPRESENTATION_CONTEXT() REPRESENTATION_CONTEXT('2D SPACE',''
  ) );
#3521 = PCURVE('',#1741,#3522);
#3522 = DEFINITIONAL_REPRESENTATION('',(#3523),#3527);
#3523 = LINE('',#3524,#3525);
#3524 = CARTESIAN_POINT('',(0.,2.466851711419));
#3525 = VECTOR('',#3526,1.);
#3526 = DIRECTION('',(1.,0.));
#3527 = ( GEOMETRIC_REPRESENTATION_CONTEXT(2) 
PARAMETRIC_REPRESENTATION_CONTEXT() REPRESENTATION_CONTEXT('2D SPACE',''
  ) );
#3528 = ORIENTED_EDGE('',*,*,#3529,.T.);
#3529 = EDGE_CURVE('',#3507,#3339,#3530,.T.);
#3530 = SURFACE_CURVE('',#3531,(#3542,#3549),.PCURVE_S1.);
#3531 = ( BOUNDED_CURVE() B_SPLINE_CURVE(9,(#3532,#3533,#3534,#3535,
    #3536,#3537,#3538,#3539,#3540,#3541),.UNSPECIFIED.,.F.,.F.) 
B_SPLINE_CURVE_WITH_KNOTS((10,10),(2.466851711419,3.81633359581),
.PIECEWISE_BEZIER_KNOTS.) CURVE() GEOMETRIC_REPRESENTATION_ITEM() 
RATIONAL_B_SPLINE_CURVE((1.,1.,1.,1.,1.,1.,1.,1.,1.,1.)) 
REPRESENTATION_ITEM('') );
#3532 = CARTESIAN_POINT('',(-61.32772369926,49.062178954059,
    209.66534934243));
#3533 = CARTESIAN_POINT('',(-68.67109429708,39.856045593967,
    209.73882745596));
#3534 = CARTESIAN_POINT('',(-74.46437984733,29.417098107494,
    209.80558656835));
#3535 = CARTESIAN_POINT('',(-78.47204419419,18.043050389945,
    209.85667773492));
#3536 = CARTESIAN_POINT('',(-80.52375171956,6.082096378681,
    209.88346465864));
#3537 = CARTESIAN_POINT('',(-80.52375171926,-6.082096382706,
    209.88346465863));
#3538 = CARTESIAN_POINT('',(-78.47204419329,-18.04305039386,
    209.8566777349));
#3539 = CARTESIAN_POINT('',(-74.46437984586,-29.41709811121,
    209.80558656832));
#3540 = CARTESIAN_POINT('',(-68.6710942951,-39.8560455974,
    209.73882745592));
#3541 = CARTESIAN_POINT('',(-61.32772369681,-49.06217895713,
    209.66534934238));
#3542 = PCURVE('',#1686,#3543);
#3543 = DEFINITIONAL_REPRESENTATION('',(#3544),#3548);
#3544 = LINE('',#3545,#3546);
#3545 = CARTESIAN_POINT('',(1.,0.));
#3546 = VECTOR('',#3547,1.);
#3547 = DIRECTION('',(0.,1.));
#3548 = ( GEOMETRIC_REPRESENTATION_CONTEXT(2) 
PARAMETRIC_REPRESENTATION_CONTEXT() REPRESENTATION_CONTEXT('2D SPACE',''
  ) );
#3549 = PCURVE('',#3550,#3667);
#3550 = OFFSET_SURFACE('',#3551,-1.5,.F.);
#3551 = B_SPLINE_SURFACE_WITH_KNOTS('',8,2,(
    (#3552,#3553,#3554,#3555,#3556)
    ,(#3557,#3558,#3559,#3560,#3561)
    ,(#3562,#3563,#3564,#3565,#3566)
    ,(#3567,#3568,#3569,#3570,#3571)
    ,(#3572,#3573,#3574,#3575,#3576)
    ,(#3577,#3578,#3579,#3580,#3581)
    ,(#3582,#3583,#3584,#3585,#3586)
    ,(#3587,#3588,#3589,#3590,#3591)
    ,(#3592,#3593,#3594,#3595,#3596)
    ,(#3597,#3598,#3599,#3600,#3601)
    ,(#3602,#3603,#3604,#3605,#3606)
    ,(#3607,#3608,#3609,#3610,#3611)
    ,(#3612,#3613,#3614,#3615,#3616)
    ,(#3617,#3618,#3619,#3620,#3621)
    ,(#3622,#3623,#3624,#3625,#3626)
    ,(#3627,#3628,#3629,#3630,#3631)
    ,(#3632,#3633,#3634,#3635,#3636)
    ,(#3637,#3638,#3639,#3640,#3641)
    ,(#3642,#3643,#3644,#3645,#3646)
    ,(#3647,#3648,#3649,#3650,#3651)
    ,(#3652,#3653,#3654,#3655,#3656)
    ,(#3657,#3658,#3659,#3660,#3661)
    ,(#3662,#3663,#3664,#3665,#3666
    )),.UNSPECIFIED.,.F.,.F.,.F.,(9,7,7,9),(3,1,1,3),(-119.9999999849,
    -79.99999998793,80.000000000001,119.99999999698),(-0.242039039534,0.
    ,1.,1.242039039534),.UNSPECIFIED.);
#3552 = CARTESIAN_POINT('',(-115.1318685933,129.38860811599,
    -50.82819830273));
#3553 = CARTESIAN_POINT('',(-107.5659342965,124.69430405039,
    -25.41409915103));
#3554 = CARTESIAN_POINT('',(-68.74085142973,100.60517808132,
    104.99999999999));
#3555 = CARTESIAN_POINT('',(-29.91576856288,76.516052112253,
    235.41409915103));
#3556 = CARTESIAN_POINT('',(-22.34983426609,71.821748046657,
    260.82819830273));
#3557 = CARTESIAN_POINT('',(-114.199959811,124.47750179426,
    -51.07996919825));
#3558 = CARTESIAN_POINT('',(-107.0649844203,119.71539379734,
    -25.41409915103));
#3559 = CARTESIAN_POINT('',(-70.8105583547,95.518044425018,105.));
#3560 = CARTESIAN_POINT('',(-34.55613228905,71.32069505269,
    235.41409915103));
#3561 = CARTESIAN_POINT('',(-27.42115689839,66.558587055776,
    261.07996919825));
#3562 = CARTESIAN_POINT('',(-113.3248945198,119.47514842587,
    -51.31563017773));
#3563 = CARTESIAN_POINT('',(-106.5991626592,114.69257340036,
    -25.41409915103));
#3564 = CARTESIAN_POINT('',(-72.73513119215,90.612328378127,105.));
#3565 = CARTESIAN_POINT('',(-38.87109972505,66.532083355893,
    235.41409915103));
#3566 = CARTESIAN_POINT('',(-32.14536786443,61.749508330383,
    261.31563017773));
#3567 = CARTESIAN_POINT('',(-112.5091728514,114.38084764243,
    -51.53780597083));
#3568 = CARTESIAN_POINT('',(-106.1684690133,109.62584285943,
    -25.41409915103));
#3569 = CARTESIAN_POINT('',(-74.51456994209,85.88802994065,105.));
#3570 = CARTESIAN_POINT('',(-42.86067087087,62.150217021862,
    235.41409915103));
#3571 = CARTESIAN_POINT('',(-36.51996703269,57.395212238863,
    261.53780597083));
#3572 = CARTESIAN_POINT('',(-111.7548836563,109.19393100696,
    -51.74861829154));
#3573 = CARTESIAN_POINT('',(-105.7729034825,104.51520217457,
    -25.41409915103));
#3574 = CARTESIAN_POINT('',(-76.14887460451,81.345149112588,105.));
#3575 = CARTESIAN_POINT('',(-46.52484572651,58.175096050597,
    235.41409915103));
#3576 = CARTESIAN_POINT('',(-40.54286555271,53.496367218211,
    261.74861829154));
#3577 = CARTESIAN_POINT('',(-111.0637641084,103.9137220127,
    -51.94962787034));
#3578 = CARTESIAN_POINT('',(-105.4124660668,99.360651345781,
    -25.41409915103));
#3579 = CARTESIAN_POINT('',(-77.63804517942,76.98368589394,105.));
#3580 = CARTESIAN_POINT('',(-49.86362429198,54.606720442099,
    235.41409915103));
#3581 = CARTESIAN_POINT('',(-44.21232625045,50.053649775173,
    261.94962787033));
#3582 = CARTESIAN_POINT('',(-110.4372547317,98.539512979287,
    -52.14178347535));
#3583 = CARTESIAN_POINT('',(-105.0871567663,94.162190373047,
    -25.41409915103));
#3584 = CARTESIAN_POINT('',(-78.98208166681,72.803640284707,105.));
#3585 = CARTESIAN_POINT('',(-52.87700656727,51.445090196367,
    235.41409915103));
#3586 = CARTESIAN_POINT('',(-47.5269086019,47.067767590127,
    262.14178347535));
#3587 = CARTESIAN_POINT('',(-109.8765473321,93.070560257901,
    -52.32537646484));
#3588 = CARTESIAN_POINT('',(-104.796975581,88.919819256375,
    -25.41409915103));
#3589 = CARTESIAN_POINT('',(-80.18098406669,68.805012284888,105.));
#3590 = CARTESIAN_POINT('',(-55.56499255238,48.690205313402,
    235.41409915103));
#3591 = CARTESIAN_POINT('',(-50.48542080125,44.539464311875,
    262.32537646484));
#3592 = CARTESIAN_POINT('',(-107.3580270837,65.199124502384,
    -53.09852817359));
#3593 = CARTESIAN_POINT('',(-103.5217102299,62.488412953331,
    -25.41409915103));
#3594 = CARTESIAN_POINT('',(-85.44982562848,49.718960332868,105.));
#3595 = CARTESIAN_POINT('',(-67.37794102704,36.949507712406,
    235.41409915103));
#3596 = CARTESIAN_POINT('',(-63.54162417319,34.238796163353,
    263.09852817359));
#3597 = CARTESIAN_POINT('',(-105.7779672792,43.238717888482,
    -53.44858232889));
#3598 = CARTESIAN_POINT('',(-102.7473475801,41.539967828894,
    -25.41409915103));
#3599 = CARTESIAN_POINT('',(-88.6491551715,33.63752292565,
    104.99999999999));
#3600 = CARTESIAN_POINT('',(-74.55096276283,25.735078022407,
    235.41409915103));
#3601 = CARTESIAN_POINT('',(-71.52034306379,24.036327962819,
    263.44858232889));
#3602 = CARTESIAN_POINT('',(-104.7750179593,21.546411995847,
    -53.62306374939));
#3603 = CARTESIAN_POINT('',(-102.2630706151,20.732906045089,
    -25.41409915103));
#3604 = CARTESIAN_POINT('',(-90.64997688164,16.971951070929,105.));
#3605 = CARTESIAN_POINT('',(-79.0368831481,13.210996096769,
    235.41409915104));
#3606 = CARTESIAN_POINT('',(-76.52493580391,12.397490146011,
    263.6230637494));
#3607 = CARTESIAN_POINT('',(-104.4314002788,-7.045536027629E-09,
    -53.67483436431));
#3608 = CARTESIAN_POINT('',(-102.0981908449,-6.511673389031E-09,
    -25.41409915103));
#3609 = CARTESIAN_POINT('',(-91.33118835309,-4.048070989526E-09,
    104.99999999999));
#3610 = CARTESIAN_POINT('',(-80.56418586126,-1.584468590022E-09,
    235.41409915102));
#3611 = CARTESIAN_POINT('',(-78.23097642729,-1.050605951423E-09,
    263.6748343643));
#3612 = CARTESIAN_POINT('',(-104.7750179595,-21.54641200995,
    -53.62306374932));
#3613 = CARTESIAN_POINT('',(-102.2630706152,-20.73290605812,
    -25.41409915103));
#3614 = CARTESIAN_POINT('',(-90.64997688129,-16.97195107899,105.));
#3615 = CARTESIAN_POINT('',(-79.03688314732,-13.21099609986,
    235.41409915104));
#3616 = CARTESIAN_POINT('',(-76.52493580304,-12.39749014803,
    263.62306374933));
#3617 = CARTESIAN_POINT('',(-105.7779672795,-43.23871790262,
    -53.44858232873));
#3618 = CARTESIAN_POINT('',(-102.7473475803,-41.53996784195,
    -25.41409915103));
#3619 = CARTESIAN_POINT('',(-88.64915517082,-33.63752293361,
    104.99999999999));
#3620 = CARTESIAN_POINT('',(-74.5509627613,-25.73507802527,
    235.41409915103));
#3621 = CARTESIAN_POINT('',(-71.5203430621,-24.0363279646,
    263.44858232872));
#3622 = CARTESIAN_POINT('',(-107.3580270842,-65.19912451657,
    -53.09852817331));
#3623 = CARTESIAN_POINT('',(-103.5217102301,-62.48841296642,
    -25.41409915103));
#3624 = CARTESIAN_POINT('',(-85.4498256275,-49.71896034067,105.));
#3625 = CARTESIAN_POINT('',(-67.37794102483,-36.94950771491,
    235.41409915103));
#3626 = CARTESIAN_POINT('',(-63.54162417076,-34.23879616476,
    263.09852817331));
#3627 = CARTESIAN_POINT('',(-109.8765473326,-93.07056027215,
    -52.32537646439));
#3628 = CARTESIAN_POINT('',(-104.7969755813,-88.91981926953,
    -25.41409915103));
#3629 = CARTESIAN_POINT('',(-80.18098406537,-68.80501229242,105.));
#3630 = CARTESIAN_POINT('',(-55.56499254943,-48.69020531532,
    235.41409915103));
#3631 = CARTESIAN_POINT('',(-50.48542079805,-44.5394643127,
    262.32537646439));
#3632 = CARTESIAN_POINT('',(-110.4372547323,-98.53951299354,
    -52.14178347487));
#3633 = CARTESIAN_POINT('',(-105.0871567666,-94.16219038621,
    -25.41409915103));
#3634 = CARTESIAN_POINT('',(-78.98208166542,-72.80364029218,105.));
#3635 = CARTESIAN_POINT('',(-52.87700656415,-51.44509019815,
    235.41409915103));
#3636 = CARTESIAN_POINT('',(-47.52690859853,-47.06776759082,
    262.14178347487));
#3637 = CARTESIAN_POINT('',(-111.063764109,-103.9137220269,
    -51.94962786982));
#3638 = CARTESIAN_POINT('',(-105.4124660672,-99.36065135897,
    -25.41409915103));
#3639 = CARTESIAN_POINT('',(-77.63804517795,-76.98368590135,
    104.99999999999));
#3640 = CARTESIAN_POINT('',(-49.86362428868,-54.60672044373,
    235.41409915103));
#3641 = CARTESIAN_POINT('',(-44.21232624688,-50.05364977572,
    261.94962786982));
#3642 = CARTESIAN_POINT('',(-111.7548836569,-109.1939310212,
    -51.748618291));
#3643 = CARTESIAN_POINT('',(-105.7729034828,-104.5152021877,
    -25.41409915103));
#3644 = CARTESIAN_POINT('',(-76.14887460295,-81.34514911992,
    104.99999999999));
#3645 = CARTESIAN_POINT('',(-46.524845723,-58.17509605206,
    235.41409915103));
#3646 = CARTESIAN_POINT('',(-40.54286554892,-53.49636721859,
    261.74861829099));
#3647 = CARTESIAN_POINT('',(-112.5091728521,-114.3808476567,
    -51.53780597025));
#3648 = CARTESIAN_POINT('',(-106.1684690137,-109.6258428726,
    -25.41409915103));
#3649 = CARTESIAN_POINT('',(-74.51456994042,-85.8880299479,
    104.99999999999));
#3650 = CARTESIAN_POINT('',(-42.86067086713,-62.15021702314,
    235.41409915103));
#3651 = CARTESIAN_POINT('',(-36.51996702867,-57.39521223905,
    261.53780597025));
#3652 = CARTESIAN_POINT('',(-113.3248945205,-119.4751484402,
    -51.31563017713));
#3653 = CARTESIAN_POINT('',(-106.5991626596,-114.6925734136,
    -25.41409915103));
#3654 = CARTESIAN_POINT('',(-72.73513119037,-90.61232838529,
    104.99999999999));
#3655 = CARTESIAN_POINT('',(-38.87109972106,-66.53208335697,
    235.41409915103));
#3656 = CARTESIAN_POINT('',(-32.14536786016,-61.74950833037,
    261.31563017712));
#3657 = CARTESIAN_POINT('',(-114.1999598117,-124.4775018086,
    -51.07996919762));
#3658 = CARTESIAN_POINT('',(-107.0649844208,-119.7153938106,
    -25.41409915103));
#3659 = CARTESIAN_POINT('',(-70.8105583528,-95.51804443208,
    104.99999999999));
#3660 = CARTESIAN_POINT('',(-34.55613228479,-71.32069505356,
    235.41409915103));
#3661 = CARTESIAN_POINT('',(-27.42115689385,-66.55858705554,
    261.07996919761));
#3662 = CARTESIAN_POINT('',(-115.1318685941,-129.3886081303,
    -50.82819830207));
#3663 = CARTESIAN_POINT('',(-107.565934297,-124.6943040636,
    -25.41409915103));
#3664 = CARTESIAN_POINT('',(-68.7408514277,-100.6051780882,
    104.99999999999));
#3665 = CARTESIAN_POINT('',(-29.91576855833,-76.51605211289,
    235.41409915103));
#3666 = CARTESIAN_POINT('',(-22.34983426125,-71.82174804618,
    260.82819830206));
#3667 = DEFINITIONAL_REPRESENTATION('',(#3668),#3671);
#3668 = B_SPLINE_CURVE_WITH_KNOTS('',1,(#3669,#3670),.UNSPECIFIED.,.F.,
  .F.,(2,2),(2.466851711419,3.81633359581),.PIECEWISE_BEZIER_KNOTS.);
#3669 = CARTESIAN_POINT('',(-79.99999998793,1.));
#3670 = CARTESIAN_POINT('',(80.000000000001,1.));
#3671 = ( GEOMETRIC_REPRESENTATION_CONTEXT(2) 
PARAMETRIC_REPRESENTATION_CONTEXT() REPRESENTATION_CONTEXT('2D SPACE',''
  ) );
#3672 = ORIENTED_EDGE('',*,*,#3338,.F.);
#3673 = ADVANCED_FACE('',(#3674),#1741,.F.);
#3674 = FACE_BOUND('',#3675,.F.);
#3675 = EDGE_LOOP('',(#3676,#3677,#3700,#3840));
#3676 = ORIENTED_EDGE('',*,*,#1724,.F.);
#3677 = ORIENTED_EDGE('',*,*,#3678,.T.);
#3678 = EDGE_CURVE('',#1725,#3679,#3681,.T.);
#3679 = VERTEX_POINT('',#3680);
#3680 = CARTESIAN_POINT('',(-49.06217895789,61.327723696205,
    209.66534934238));
#3681 = SURFACE_CURVE('',#3682,(#3686,#3693),.PCURVE_S1.);
#3682 = ( BOUNDED_CURVE() B_SPLINE_CURVE(2,(#3683,#3684,#3685),
.UNSPECIFIED.,.F.,.F.) B_SPLINE_CURVE_WITH_KNOTS((3,3),(0.,1.),
.PIECEWISE_BEZIER_KNOTS.) CURVE() GEOMETRIC_REPRESENTATION_ITEM() 
RATIONAL_B_SPLINE_CURVE((1.,0.993678887479,1.)) REPRESENTATION_ITEM('') 
  );
#3683 = CARTESIAN_POINT('',(-49.03856123359,61.298201540823,210.));
#3684 = CARTESIAN_POINT('',(-49.03856123359,61.298201540823,
    209.83053907915));
#3685 = CARTESIAN_POINT('',(-49.06217895789,61.327723696205,
    209.66534934238));
#3686 = PCURVE('',#1741,#3687);
#3687 = DEFINITIONAL_REPRESENTATION('',(#3688),#3692);
#3688 = LINE('',#3689,#3690);
#3689 = CARTESIAN_POINT('',(0.,2.245537269028));
#3690 = VECTOR('',#3691,1.);
#3691 = DIRECTION('',(1.,0.));
#3692 = ( GEOMETRIC_REPRESENTATION_CONTEXT(2) 
PARAMETRIC_REPRESENTATION_CONTEXT() REPRESENTATION_CONTEXT('2D SPACE',''
  ) );
#3693 = PCURVE('',#1784,#3694);
#3694 = DEFINITIONAL_REPRESENTATION('',(#3695),#3699);
#3695 = LINE('',#3696,#3697);
#3696 = CARTESIAN_POINT('',(0.,2.245537269028));
#3697 = VECTOR('',#3698,1.);
#3698 = DIRECTION('',(1.,0.));
#3699 = ( GEOMETRIC_REPRESENTATION_CONTEXT(2) 
PARAMETRIC_REPRESENTATION_CONTEXT() REPRESENTATION_CONTEXT('2D SPACE',''
  ) );
#3700 = ORIENTED_EDGE('',*,*,#3701,.T.);
#3701 = EDGE_CURVE('',#3679,#3507,#3702,.T.);
#3702 = SURFACE_CURVE('',#3703,(#3710,#3717),.PCURVE_S1.);
#3703 = ( BOUNDED_CURVE() B_SPLINE_CURVE(5,(#3704,#3705,#3706,#3707,
#3708,#3709),.UNSPECIFIED.,.F.,.F.) B_SPLINE_CURVE_WITH_KNOTS((6,6),(
2.245537269028,2.466851711419),.PIECEWISE_BEZIER_KNOTS.) CURVE() 
GEOMETRIC_REPRESENTATION_ITEM() RATIONAL_B_SPLINE_CURVE((1.,1.,1.,1.,1.,
1.)) REPRESENTATION_ITEM('') );
#3704 = CARTESIAN_POINT('',(-49.06217895788,61.327723696194,
    209.66534934244));
#3705 = CARTESIAN_POINT('',(-51.78043414681,59.160731027308,
    209.6393800335));
#3706 = CARTESIAN_POINT('',(-54.37778861325,56.841558838188,
    209.6250474653));
#3707 = CARTESIAN_POINT('',(-56.84155884158,54.377788609707,
    209.6250474653));
#3708 = CARTESIAN_POINT('',(-59.16073103054,51.780434143119,
    209.63938003349));
#3709 = CARTESIAN_POINT('',(-61.32772369926,49.062178954059,
    209.66534934243));
#3710 = PCURVE('',#1741,#3711);
#3711 = DEFINITIONAL_REPRESENTATION('',(#3712),#3716);
#3712 = LINE('',#3713,#3714);
#3713 = CARTESIAN_POINT('',(1.,0.));
#3714 = VECTOR('',#3715,1.);
#3715 = DIRECTION('',(0.,1.));
#3716 = ( GEOMETRIC_REPRESENTATION_CONTEXT(2) 
PARAMETRIC_REPRESENTATION_CONTEXT() REPRESENTATION_CONTEXT('2D SPACE',''
  ) );
#3717 = PCURVE('',#3718,#3835);
#3718 = OFFSET_SURFACE('',#3719,-1.5,.F.);
#3719 = B_SPLINE_SURFACE_WITH_KNOTS('',8,2,(
    (#3720,#3721,#3722,#3723,#3724)
    ,(#3725,#3726,#3727,#3728,#3729)
    ,(#3730,#3731,#3732,#3733,#3734)
    ,(#3735,#3736,#3737,#3738,#3739)
    ,(#3740,#3741,#3742,#3743,#3744)
    ,(#3745,#3746,#3747,#3748,#3749)
    ,(#3750,#3751,#3752,#3753,#3754)
    ,(#3755,#3756,#3757,#3758,#3759)
    ,(#3760,#3761,#3762,#3763,#3764)
    ,(#3765,#3766,#3767,#3768,#3769)
    ,(#3770,#3771,#3772,#3773,#3774)
    ,(#3775,#3776,#3777,#3778,#3779)
    ,(#3780,#3781,#3782,#3783,#3784)
    ,(#3785,#3786,#3787,#3788,#3789)
    ,(#3790,#3791,#3792,#3793,#3794)
    ,(#3795,#3796,#3797,#3798,#3799)
    ,(#3800,#3801,#3802,#3803,#3804)
    ,(#3805,#3806,#3807,#3808,#3809)
    ,(#3810,#3811,#3812,#3813,#3814)
    ,(#3815,#3816,#3817,#3818,#3819)
    ,(#3820,#3821,#3822,#3823,#3824)
    ,(#3825,#3826,#3827,#3828,#3829)
    ,(#3830,#3831,#3832,#3833,#3834
    )),.UNSPECIFIED.,.F.,.F.,.F.,(9,7,7,9),(3,1,1,3),(1.178097245187,
    1.570796326795,3.14159265359,3.534291735197),(-0.248390340141,0.,1.,
    1.248390340141),.UNSPECIFIED.);
#3720 = CARTESIAN_POINT('',(-79.25599152602,108.19538654252,
    -52.75328495333));
#3721 = CARTESIAN_POINT('',(-75.66115697078,104.05176206961,
    -26.08098571482));
#3722 = CARTESIAN_POINT('',(-57.99434644317,83.687924086081,105.));
#3723 = CARTESIAN_POINT('',(-40.32753591555,63.324086102552,
    236.08098571482));
#3724 = CARTESIAN_POINT('',(-36.73270136031,59.180461629641,
    262.75328495333));
#3725 = CARTESIAN_POINT('',(-80.20377133712,108.411974774,
    -52.72375159395));
#3726 = CARTESIAN_POINT('',(-76.62807070994,104.16117189995,
    -26.08098571482));
#3727 = CARTESIAN_POINT('',(-59.0358145246,83.24744870253,105.));
#3728 = CARTESIAN_POINT('',(-41.44355833927,62.333725505107,
    236.08098571482));
#3729 = CARTESIAN_POINT('',(-37.86785771209,58.082922631056,
    262.72375159395));
#3730 = CARTESIAN_POINT('',(-81.17544730064,108.60897515367,
    -52.69329447355));
#3731 = CARTESIAN_POINT('',(-77.60685652437,104.26108407007,
    -26.08098571482));
#3732 = CARTESIAN_POINT('',(-60.02948656346,82.845210153043,105.));
#3733 = CARTESIAN_POINT('',(-42.45211660255,61.429336236008,
    236.08098571482));
#3734 = CARTESIAN_POINT('',(-38.88352582629,57.081445152415,
    262.69329447355));
#3735 = CARTESIAN_POINT('',(-82.17100817814,108.78644761957,
    -52.66213703565));
#3736 = CARTESIAN_POINT('',(-78.59751441408,104.35149857998,
    -26.08098571482));
#3737 = CARTESIAN_POINT('',(-60.97536255974,82.48120843762,105.));
#3738 = CARTESIAN_POINT('',(-43.35321070541,60.610918295255,
    236.08098571482));
#3739 = CARTESIAN_POINT('',(-39.77971694135,56.175969255664,
    262.66213703565));
#3740 = CARTESIAN_POINT('',(-83.19043379406,108.94444794548,
    -52.63045002762));
#3741 = CARTESIAN_POINT('',(-79.60004437906,104.43241542967,
    -26.08098571482));
#3742 = CARTESIAN_POINT('',(-61.87344251344,82.15544355626,105.));
#3743 = CARTESIAN_POINT('',(-44.14684064783,59.878471682849,
    236.08098571482));
#3744 = CARTESIAN_POINT('',(-40.55645123283,55.366439167033,
    262.63045002762));
#3745 = CARTESIAN_POINT('',(-84.23369577718,109.08302627427,
    -52.59835189778));
#3746 = CARTESIAN_POINT('',(-80.61444641931,104.50383461913,
    -26.08098571482));
#3747 = CARTESIAN_POINT('',(-62.72372642457,81.867915508964,105.));
#3748 = CARTESIAN_POINT('',(-44.83300642982,59.231996398789,
    236.08098571482));
#3749 = CARTESIAN_POINT('',(-41.21375707195,54.652804743653,
    262.59835189778));
#3750 = CARTESIAN_POINT('',(-85.30075795114,109.20222595092,
    -52.56590922752));
#3751 = CARTESIAN_POINT('',(-81.64072053484,104.56575614838,
    -26.08098571482));
#3752 = CARTESIAN_POINT('',(-63.52621429311,81.618624295732,105.));
#3753 = CARTESIAN_POINT('',(-45.41170805139,58.671492443076,
    236.08098571482));
#3754 = CARTESIAN_POINT('',(-41.75167063508,54.035022640539,
    262.56590922752));
#3755 = CARTESIAN_POINT('',(-86.39157637663,109.30208265041,
    -52.53313718596));
#3756 = CARTESIAN_POINT('',(-82.67886672564,104.61818001741,
    -26.08098571482));
#3757 = CARTESIAN_POINT('',(-64.28090611908,81.407569916563,105.));
#3758 = CARTESIAN_POINT('',(-45.88294551252,58.196959815709,
    236.08098571482));
#3759 = CARTESIAN_POINT('',(-42.17023586153,53.513057182713,
    262.53313718596));
#3760 = CARTESIAN_POINT('',(-91.96182444037,109.70293621425,
    -52.36334242281));
#3761 = CARTESIAN_POINT('',(-87.92895805698,104.83281106151,
    -26.08098571482));
#3762 = CARTESIAN_POINT('',(-67.81538503666,80.543482190878,105.));
#3763 = CARTESIAN_POINT('',(-47.70181201635,56.254153320245,
    236.08098571482));
#3764 = CARTESIAN_POINT('',(-43.66894563295,51.384028167504,
    262.36334242281));
#3765 = CARTESIAN_POINT('',(-96.43025559755,108.94004170275,
    -52.25529255297));
#3766 = CARTESIAN_POINT('',(-92.13446118268,104.02064321455,
    -26.08098571482));
#3767 = CARTESIAN_POINT('',(-70.62111338664,79.384284859604,105.));
#3768 = CARTESIAN_POINT('',(-49.1077655906,54.74792650465,
    236.08098571482));
#3769 = CARTESIAN_POINT('',(-44.81197117573,49.828528016451,
    262.25529255297));
#3770 = CARTESIAN_POINT('',(-100.6264585916,107.09693118561,
    -52.18590954524));
#3771 = CARTESIAN_POINT('',(-96.08627997593,102.22441220482,
    -26.08098571482));
#3772 = CARTESIAN_POINT('',(-73.28862340603,77.757970737133,105.));
#3773 = CARTESIAN_POINT('',(-50.49096683612,53.291529269441,
    236.08098571482));
#3774 = CARTESIAN_POINT('',(-45.9507882204,48.419010288655,
    262.18590954524));
#3775 = CARTESIAN_POINT('',(-104.2655202851,104.26552027101,
    -52.16197142965));
#3776 = CARTESIAN_POINT('',(-99.5253477004,99.525347687278,
    -26.08098571482));
#3777 = CARTESIAN_POINT('',(-75.70161259822,75.70161259042,105.));
#3778 = CARTESIAN_POINT('',(-51.87787749604,51.877877493563,
    236.08098571482));
#3779 = CARTESIAN_POINT('',(-47.13770491124,47.137704909823,
    262.16197142965));
#3780 = CARTESIAN_POINT('',(-107.0969311998,100.62645857749,
    -52.18590954521));
#3781 = CARTESIAN_POINT('',(-102.2244122179,96.08627996283,
    -26.08098571482));
#3782 = CARTESIAN_POINT('',(-77.75797074488,73.288623398184,105.));
#3783 = CARTESIAN_POINT('',(-53.2915292718,50.490966833537,
    236.08098571482));
#3784 = CARTESIAN_POINT('',(-48.41901028995,45.950788218874,
    262.18590954521));
#3785 = CARTESIAN_POINT('',(-108.9400417169,96.430255583408,
    -52.2552925529));
#3786 = CARTESIAN_POINT('',(-104.0206432277,92.134461169588,
    -26.08098571482));
#3787 = CARTESIAN_POINT('',(-79.3842848673,70.621113378752,105.));
#3788 = CARTESIAN_POINT('',(-54.7479265069,49.107765587915,
    236.08098571482));
#3789 = CARTESIAN_POINT('',(-49.82852801762,44.811971174095,
    262.2552925529));
#3790 = CARTESIAN_POINT('',(-109.7029362285,91.961824426248,
    -52.36334242273));
#3791 = CARTESIAN_POINT('',(-104.8328110746,87.928958043894,
    -26.08098571482));
#3792 = CARTESIAN_POINT('',(-80.54348219852,67.815385028729,105.));
#3793 = CARTESIAN_POINT('',(-56.25415332237,47.701812013564,
    236.08098571482));
#3794 = CARTESIAN_POINT('',(-51.38402816854,43.668945631211,
    262.36334242273));
#3795 = CARTESIAN_POINT('',(-109.3020826647,86.391576362517,
    -52.53313718585));
#3796 = CARTESIAN_POINT('',(-104.6181800305,82.678866712567,
    -26.08098571482));
#3797 = CARTESIAN_POINT('',(-81.40756992414,64.280906111087,105.));
#3798 = CARTESIAN_POINT('',(-58.19695981769,45.882945509608,
    236.08098571482));
#3799 = CARTESIAN_POINT('',(-53.51305718358,42.170235859658,
    262.53313718585));
#3800 = CARTESIAN_POINT('',(-109.2022259652,85.300757937038,
    -52.56590922741));
#3801 = CARTESIAN_POINT('',(-104.5657561615,81.64072052177,
    -26.08098571482));
#3802 = CARTESIAN_POINT('',(-81.61862430329,63.526214285109,105.));
#3803 = CARTESIAN_POINT('',(-58.67149244502,45.411708048447,
    236.08098571482));
#3804 = CARTESIAN_POINT('',(-54.03502264136,41.75167063318,
    262.56590922741));
#3805 = CARTESIAN_POINT('',(-109.0830262885,84.233695763083,
    -52.59835189767));
#3806 = CARTESIAN_POINT('',(-104.5038346323,80.614446406248,
    -26.08098571482));
#3807 = CARTESIAN_POINT('',(-81.8679155165,62.72372641655,105.));
#3808 = CARTESIAN_POINT('',(-59.23199640068,44.833006426851,
    236.08098571482));
#3809 = CARTESIAN_POINT('',(-54.65280474443,41.213757070016,
    262.59835189767));
#3810 = CARTESIAN_POINT('',(-108.9444479598,83.190433779969,
    -52.63045002751));
#3811 = CARTESIAN_POINT('',(-104.4324154428,79.600044366,-26.08098571482
    ));
#3812 = CARTESIAN_POINT('',(-82.15544356378,61.873442505409,105.));
#3813 = CARTESIAN_POINT('',(-59.87847168469,44.146840644818,
    236.08098571482));
#3814 = CARTESIAN_POINT('',(-55.36643916775,40.55645123085,
    262.63045002751));
#3815 = CARTESIAN_POINT('',(-108.7864476339,82.171008164058,
    -52.66213703554));
#3816 = CARTESIAN_POINT('',(-104.3514985931,78.597514401026,
    -26.08098571482));
#3817 = CARTESIAN_POINT('',(-82.48120844511,60.975362551688,105.));
#3818 = CARTESIAN_POINT('',(-60.61091829704,43.353210702349,
    236.08098571482));
#3819 = CARTESIAN_POINT('',(-56.17596925631,39.779716939317,
    262.66213703554));
#3820 = CARTESIAN_POINT('',(-108.608975168,81.175447286572,
    -52.69329447344));
#3821 = CARTESIAN_POINT('',(-104.2610840832,77.606856511326,
    -26.08098571482));
#3822 = CARTESIAN_POINT('',(-82.8452101605,60.029486555385,105.));
#3823 = CARTESIAN_POINT('',(-61.42933623773,42.452116599443,
    236.08098571482));
#3824 = CARTESIAN_POINT('',(-57.08144515299,38.883525824198,
    262.69329447344));
#3825 = CARTESIAN_POINT('',(-108.4119747883,80.203771323062,
    -52.72375159385));
#3826 = CARTESIAN_POINT('',(-104.1611719131,76.6280706969,
    -26.08098571482));
#3827 = CARTESIAN_POINT('',(-83.24744870996,59.035814516501,105.));
#3828 = CARTESIAN_POINT('',(-62.33372550676,41.443558336102,
    236.08098571482));
#3829 = CARTESIAN_POINT('',(-58.08292263155,37.86785770994,
    262.72375159385));
#3830 = CARTESIAN_POINT('',(-108.1953865569,79.255991511979,
    -52.75328495324));
#3831 = CARTESIAN_POINT('',(-104.0517620828,75.661156957749,
    -26.08098571482));
#3832 = CARTESIAN_POINT('',(-83.68792409348,57.994346435036,105.));
#3833 = CARTESIAN_POINT('',(-63.32408610413,40.327535912324,
    236.08098571482));
#3834 = CARTESIAN_POINT('',(-59.18046163005,36.732701358093,
    262.75328495324));
#3835 = DEFINITIONAL_REPRESENTATION('',(#3836),#3839);
#3836 = B_SPLINE_CURVE_WITH_KNOTS('',1,(#3837,#3838),.UNSPECIFIED.,.F.,
  .F.,(2,2),(2.245537269028,2.466851711419),.PIECEWISE_BEZIER_KNOTS.);
#3837 = CARTESIAN_POINT('',(1.570796326795,1.));
#3838 = CARTESIAN_POINT('',(3.14159265359,1.));
#3839 = ( GEOMETRIC_REPRESENTATION_CONTEXT(2) 
PARAMETRIC_REPRESENTATION_CONTEXT() REPRESENTATION_CONTEXT('2D SPACE',''
  ) );
#3840 = ORIENTED_EDGE('',*,*,#3506,.F.);
#3841 = ADVANCED_FACE('',(#3842),#1784,.F.);
#3842 = FACE_BOUND('',#3843,.F.);
#3843 = EDGE_LOOP('',(#3844,#3845,#3868,#4012));
#3844 = ORIENTED_EDGE('',*,*,#1767,.F.);
#3845 = ORIENTED_EDGE('',*,*,#3846,.T.);
#3846 = EDGE_CURVE('',#1768,#3847,#3849,.T.);
#3847 = VERTEX_POINT('',#3848);
#3848 = CARTESIAN_POINT('',(49.062178959201,61.327723695143,
    209.66534934244));
#3849 = SURFACE_CURVE('',#3850,(#3854,#3861),.PCURVE_S1.);
#3850 = ( BOUNDED_CURVE() B_SPLINE_CURVE(2,(#3851,#3852,#3853),
.UNSPECIFIED.,.F.,.F.) B_SPLINE_CURVE_WITH_KNOTS((3,3),(0.,1.),
.PIECEWISE_BEZIER_KNOTS.) CURVE() GEOMETRIC_REPRESENTATION_ITEM() 
RATIONAL_B_SPLINE_CURVE((1.,0.993678887482,1.)) REPRESENTATION_ITEM('') 
  );
#3851 = CARTESIAN_POINT('',(49.038561234903,61.298201539773,210.));
#3852 = CARTESIAN_POINT('',(49.038561234903,61.298201539773,
    209.83053907918));
#3853 = CARTESIAN_POINT('',(49.062178959201,61.327723695143,
    209.66534934244));
#3854 = PCURVE('',#1784,#3855);
#3855 = DEFINITIONAL_REPRESENTATION('',(#3856),#3860);
#3856 = LINE('',#3857,#3858);
#3857 = CARTESIAN_POINT('',(0.,0.896055384541));
#3858 = VECTOR('',#3859,1.);
#3859 = DIRECTION('',(1.,0.));
#3860 = ( GEOMETRIC_REPRESENTATION_CONTEXT(2) 
PARAMETRIC_REPRESENTATION_CONTEXT() REPRESENTATION_CONTEXT('2D SPACE',''
  ) );
#3861 = PCURVE('',#1837,#3862);
#3862 = DEFINITIONAL_REPRESENTATION('',(#3863),#3867);
#3863 = LINE('',#3864,#3865);
#3864 = CARTESIAN_POINT('',(0.,0.896055384541));
#3865 = VECTOR('',#3866,1.);
#3866 = DIRECTION('',(1.,0.));
#3867 = ( GEOMETRIC_REPRESENTATION_CONTEXT(2) 
PARAMETRIC_REPRESENTATION_CONTEXT() REPRESENTATION_CONTEXT('2D SPACE',''
  ) );
#3868 = ORIENTED_EDGE('',*,*,#3869,.T.);
#3869 = EDGE_CURVE('',#3847,#3679,#3870,.T.);
#3870 = SURFACE_CURVE('',#3871,(#3882,#3889),.PCURVE_S1.);
#3871 = ( BOUNDED_CURVE() B_SPLINE_CURVE(9,(#3872,#3873,#3874,#3875,
    #3876,#3877,#3878,#3879,#3880,#3881),.UNSPECIFIED.,.F.,.F.) 
B_SPLINE_CURVE_WITH_KNOTS((10,10),(0.896055384541,2.245537269028),
.PIECEWISE_BEZIER_KNOTS.) CURVE() GEOMETRIC_REPRESENTATION_ITEM() 
RATIONAL_B_SPLINE_CURVE((1.,1.,1.,1.,1.,1.,1.,1.,1.,1.)) 
REPRESENTATION_ITEM('') );
#3872 = CARTESIAN_POINT('',(49.06217895921,61.327723695155,
    209.66534934238));
#3873 = CARTESIAN_POINT('',(39.856045599072,68.671094294275,
    209.73882745592));
#3874 = CARTESIAN_POINT('',(29.417098112251,74.464379845697,
    209.80558656833));
#3875 = CARTESIAN_POINT('',(18.043050394087,78.472044193541,
    209.8566777349));
#3876 = CARTESIAN_POINT('',(6.08209638202,80.523751719647,
    209.88346465864));
#3877 = CARTESIAN_POINT('',(-6.082096380296,80.523751719777,
    209.88346465864));
#3878 = CARTESIAN_POINT('',(-18.0430503924,78.472044193927,
    209.8566777349));
#3879 = CARTESIAN_POINT('',(-29.41709811065,74.464379846327,
    209.80558656833));
#3880 = CARTESIAN_POINT('',(-39.8560455976,68.671094295128,
    209.73882745593));
#3881 = CARTESIAN_POINT('',(-49.06217895789,61.327723696205,
    209.66534934238));
#3882 = PCURVE('',#1784,#3883);
#3883 = DEFINITIONAL_REPRESENTATION('',(#3884),#3888);
#3884 = LINE('',#3885,#3886);
#3885 = CARTESIAN_POINT('',(1.,0.));
#3886 = VECTOR('',#3887,1.);
#3887 = DIRECTION('',(0.,1.));
#3888 = ( GEOMETRIC_REPRESENTATION_CONTEXT(2) 
PARAMETRIC_REPRESENTATION_CONTEXT() REPRESENTATION_CONTEXT('2D SPACE',''
  ) );
#3889 = PCURVE('',#3890,#4007);
#3890 = OFFSET_SURFACE('',#3891,-1.5,.F.);
#3891 = B_SPLINE_SURFACE_WITH_KNOTS('',8,2,(
    (#3892,#3893,#3894,#3895,#3896)
    ,(#3897,#3898,#3899,#3900,#3901)
    ,(#3902,#3903,#3904,#3905,#3906)
    ,(#3907,#3908,#3909,#3910,#3911)
    ,(#3912,#3913,#3914,#3915,#3916)
    ,(#3917,#3918,#3919,#3920,#3921)
    ,(#3922,#3923,#3924,#3925,#3926)
    ,(#3927,#3928,#3929,#3930,#3931)
    ,(#3932,#3933,#3934,#3935,#3936)
    ,(#3937,#3938,#3939,#3940,#3941)
    ,(#3942,#3943,#3944,#3945,#3946)
    ,(#3947,#3948,#3949,#3950,#3951)
    ,(#3952,#3953,#3954,#3955,#3956)
    ,(#3957,#3958,#3959,#3960,#3961)
    ,(#3962,#3963,#3964,#3965,#3966)
    ,(#3967,#3968,#3969,#3970,#3971)
    ,(#3972,#3973,#3974,#3975,#3976)
    ,(#3977,#3978,#3979,#3980,#3981)
    ,(#3982,#3983,#3984,#3985,#3986)
    ,(#3987,#3988,#3989,#3990,#3991)
    ,(#3992,#3993,#3994,#3995,#3996)
    ,(#3997,#3998,#3999,#4000,#4001)
    ,(#4002,#4003,#4004,#4005,#4006
    )),.UNSPECIFIED.,.F.,.F.,.F.,(9,7,7,9),(3,1,1,3),(-120.,-80.,80.,
    120.),(-0.242039039534,0.,1.,1.242039039534),.UNSPECIFIED.);
#3892 = CARTESIAN_POINT('',(129.38860813328,115.13186859531,
    -50.82819830219));
#3893 = CARTESIAN_POINT('',(124.69430406664,107.56593429765,
    -25.41409915109));
#3894 = CARTESIAN_POINT('',(100.60517809161,68.740851425387,105.));
#3895 = CARTESIAN_POINT('',(76.516052116581,29.915768553115,
    235.41409915109));
#3896 = CARTESIAN_POINT('',(71.821748049937,22.349834255457,
    260.82819830219));
#3897 = CARTESIAN_POINT('',(124.47750181112,114.19995981281,
    -51.07996919779));
#3898 = CARTESIAN_POINT('',(119.71539381317,107.06498442133,
    -25.41409915109));
#3899 = CARTESIAN_POINT('',(95.518044435091,70.810558350734,105.));
#3900 = CARTESIAN_POINT('',(71.320695057003,34.556132280138,
    235.41409915109));
#3901 = CARTESIAN_POINT('',(66.558587059055,27.421156888654,
    261.07996919779));
#3902 = CARTESIAN_POINT('',(119.4751484423,113.32489452155,
    -51.31563017735));
#3903 = CARTESIAN_POINT('',(114.69257341577,106.59916266015,
    -25.41409915109));
#3904 = CARTESIAN_POINT('',(90.612328387988,72.735131188538,105.));
#3905 = CARTESIAN_POINT('',(66.532083360199,38.871099716922,
    235.41409915109));
#3906 = CARTESIAN_POINT('',(61.749508333671,32.145367855522,
    261.31563017735));
#3907 = CARTESIAN_POINT('',(114.38084765843,112.50917285304,
    -51.53780597052));
#3908 = CARTESIAN_POINT('',(109.62584287443,106.16846901413,
    -25.41409915109));
#3909 = CARTESIAN_POINT('',(85.888029950302,74.514569938799,105.));
#3910 = CARTESIAN_POINT('',(62.150217026167,42.860670863466,
    235.41409915109));
#3911 = CARTESIAN_POINT('',(57.395212242167,36.519967024554,
    261.53780597052));
#3912 = CARTESIAN_POINT('',(109.19393102252,111.75488365775,
    -51.7486182913));
#3913 = CARTESIAN_POINT('',(104.51520218915,105.77290348326,
    -25.41409915109));
#3914 = CARTESIAN_POINT('',(81.345149122033,76.148874601517,105.));
#3915 = CARTESIAN_POINT('',(58.175096054909,46.524845719772,
    235.41409915109));
#3916 = CARTESIAN_POINT('',(53.496367221542,40.542865545278,
    261.7486182913));
#3917 = CARTESIAN_POINT('',(103.91372202782,111.06376410971,
    -51.94962787016));
#3918 = CARTESIAN_POINT('',(99.360651359941,105.41246606754,
    -25.41409915109));
#3919 = CARTESIAN_POINT('',(76.983685903183,77.638045176691,105.));
#3920 = CARTESIAN_POINT('',(54.606720446424,49.863624285839,
    235.41409915109));
#3921 = CARTESIAN_POINT('',(50.05364977854,44.212326243663,
    261.94962787016));
#3922 = CARTESIAN_POINT('',(98.539512993959,110.43725473294,
    -52.14178347524));
#3923 = CARTESIAN_POINT('',(94.162190386786,105.08715676697,
    -25.41409915109));
#3924 = CARTESIAN_POINT('',(72.803640293749,78.982081664322,105.));
#3925 = CARTESIAN_POINT('',(51.445090200712,52.877006561666,
    235.41409915109));
#3926 = CARTESIAN_POINT('',(47.067767593539,47.526908595698,
    262.14178347524));
#3927 = CARTESIAN_POINT('',(93.070560272123,109.87654733325,
    -52.32537646478));
#3928 = CARTESIAN_POINT('',(88.919819269694,104.79697558156,
    -25.41409915109));
#3929 = CARTESIAN_POINT('',(68.805012293734,80.18098406441,105.));
#3930 = CARTESIAN_POINT('',(48.690205317773,55.564992547255,
    235.41409915109));
#3931 = CARTESIAN_POINT('',(44.539464315344,50.485420795568,
    262.32537646478));
#3932 = CARTESIAN_POINT('',(65.199124514313,107.35802708448,
    -53.09852817378));
#3933 = CARTESIAN_POINT('',(62.48841296454,103.52171023026,
    -25.41409915109));
#3934 = CARTESIAN_POINT('',(49.718960340743,85.449825627134,105.));
#3935 = CARTESIAN_POINT('',(36.949507716946,67.377941024003,
    235.41409915109));
#3936 = CARTESIAN_POINT('',(34.238796167173,63.54162416978,
    263.09852817378));
#3937 = CARTESIAN_POINT('',(43.238717898643,105.7779672796,
    -53.4485823292));
#3938 = CARTESIAN_POINT('',(41.539967838465,102.74734758035,
    -25.41409915109));
#3939 = CARTESIAN_POINT('',(33.637522932547,88.649155170821,105.));
#3940 = CARTESIAN_POINT('',(25.735078026628,74.550962761285,
    235.41409915109));
#3941 = CARTESIAN_POINT('',(24.036327966451,71.520343062037,
    263.44858232921));
#3942 = CARTESIAN_POINT('',(21.546412004311,104.77501795948,
    -53.62306374978));
#3943 = CARTESIAN_POINT('',(20.732906053063,102.26307061522,
    -25.41409915109));
#3944 = CARTESIAN_POINT('',(16.97195107668,90.649976881486,
    104.99999999999));
#3945 = CARTESIAN_POINT('',(13.210996100298,79.036883147743,
    235.41409915109));
#3946 = CARTESIAN_POINT('',(12.39749014905,76.524935803485,
    263.62306374977));
#3947 = CARTESIAN_POINT('',(-2.260823684112E-10,104.43140027882,
    -53.67483436474));
#3948 = CARTESIAN_POINT('',(-1.070462973087E-10,102.09819084487,
    -25.41409915109));
#3949 = CARTESIAN_POINT('',(4.422664456882E-10,91.331188353287,105.));
#3950 = CARTESIAN_POINT('',(9.915791886852E-10,80.564185861699,
    235.41409915109));
#3951 = CARTESIAN_POINT('',(1.110615259788E-09,78.230976427749,
    263.67483436474));
#3952 = CARTESIAN_POINT('',(-21.54641200475,104.77501795941,
    -53.62306374977));
#3953 = CARTESIAN_POINT('',(-20.73290605327,102.26307061519,
    -25.41409915109));
#3954 = CARTESIAN_POINT('',(-16.97195107581,90.649976881635,
    104.99999999999));
#3955 = CARTESIAN_POINT('',(-13.21099609834,79.036883148077,
    235.41409915109));
#3956 = CARTESIAN_POINT('',(-12.39749014686,76.524935803859,
    263.62306374977));
#3957 = CARTESIAN_POINT('',(-43.23871789906,105.77796727945,
    -53.4485823292));
#3958 = CARTESIAN_POINT('',(-41.53996783866,102.74734758028,
    -25.41409915109));
#3959 = CARTESIAN_POINT('',(-33.63752293171,88.649155171113,105.));
#3960 = CARTESIAN_POINT('',(-25.73507802477,74.55096276194,
    235.41409915109));
#3961 = CARTESIAN_POINT('',(-24.03632796437,71.520343062771,
    263.4485823292));
#3962 = CARTESIAN_POINT('',(-65.19912451469,107.35802708427,
    -53.09852817377));
#3963 = CARTESIAN_POINT('',(-62.48841296472,103.52171023016,
    -25.41409915109));
#3964 = CARTESIAN_POINT('',(-49.71896033998,85.449825627556,105.));
#3965 = CARTESIAN_POINT('',(-36.94950771524,67.377941024949,
    235.41409915109));
#3966 = CARTESIAN_POINT('',(-34.23879616527,63.541624170839,
    263.09852817377));
#3967 = CARTESIAN_POINT('',(-93.07056027244,109.87654733297,
    -52.32537646478));
#3968 = CARTESIAN_POINT('',(-88.91981926985,104.79697558142,
    -25.41409915109));
#3969 = CARTESIAN_POINT('',(-68.80501229308,80.180984064973,105.));
#3970 = CARTESIAN_POINT('',(-48.69020531632,55.564992548518,
    235.41409915109));
#3971 = CARTESIAN_POINT('',(-44.53946431372,50.485420796975,
    262.32537646478));
#3972 = CARTESIAN_POINT('',(-98.53951299426,110.43725473265,
    -52.14178347525));
#3973 = CARTESIAN_POINT('',(-94.16219038693,105.08715676683,
    -25.41409915109));
#3974 = CARTESIAN_POINT('',(-72.80364029312,78.982081664917,105.));
#3975 = CARTESIAN_POINT('',(-51.44509019932,52.877006563001,
    235.41409915109));
#3976 = CARTESIAN_POINT('',(-47.06776759198,47.526908597182,
    262.14178347525));
#3977 = CARTESIAN_POINT('',(-103.9137220281,111.06376410941,
    -51.94962787018));
#3978 = CARTESIAN_POINT('',(-99.36065136008,105.41246606739,
    -25.41409915109));
#3979 = CARTESIAN_POINT('',(-76.98368590259,77.638045177322,105.));
#3980 = CARTESIAN_POINT('',(-54.60672044509,49.863624287254,
    235.41409915109));
#3981 = CARTESIAN_POINT('',(-50.05364977706,44.212326245235,
    261.94962787018));
#3982 = CARTESIAN_POINT('',(-109.1939310228,111.75488365743,
    -51.74861829132));
#3983 = CARTESIAN_POINT('',(-104.5152021892,105.77290348309,
    -25.41409915109));
#3984 = CARTESIAN_POINT('',(-81.34514912147,76.148874602188,105.));
#3985 = CARTESIAN_POINT('',(-58.17509605365,46.524845721277,
    235.41409915109));
#3986 = CARTESIAN_POINT('',(-53.49636722014,40.542865546945,
    261.74861829132));
#3987 = CARTESIAN_POINT('',(-114.3808476587,112.5091728527,
    -51.53780597055));
#3988 = CARTESIAN_POINT('',(-109.6258428745,106.16846901395,
    -25.41409915109));
#3989 = CARTESIAN_POINT('',(-85.88802994977,74.514569939514,105.));
#3990 = CARTESIAN_POINT('',(-62.15021702499,42.860670865069,
    235.41409915109));
#3991 = CARTESIAN_POINT('',(-57.39521224085,36.519967026326,
    261.53780597055));
#3992 = CARTESIAN_POINT('',(-119.4751484425,113.32489452119,
    -51.3156301774));
#3993 = CARTESIAN_POINT('',(-114.6925734158,106.59916265997,
    -25.41409915109));
#3994 = CARTESIAN_POINT('',(-90.6123283875,72.735131189301,105.));
#3995 = CARTESIAN_POINT('',(-66.5320833591,38.871099718631,
    235.41409915109));
#3996 = CARTESIAN_POINT('',(-61.74950833245,32.145367857407,
    261.3156301774));
#3997 = CARTESIAN_POINT('',(-124.4775018113,114.19995981243,
    -51.07996919786));
#3998 = CARTESIAN_POINT('',(-119.7153938132,107.06498442113,
    -25.41409915109));
#3999 = CARTESIAN_POINT('',(-95.51804443464,70.810558351548,105.));
#4000 = CARTESIAN_POINT('',(-71.320695056,34.556132281963,
    235.41409915109));
#4001 = CARTESIAN_POINT('',(-66.55858705793,27.42115689066,
    261.07996919786));
#4002 = CARTESIAN_POINT('',(-129.3886081334,115.13186859492,
    -50.82819830227));
#4003 = CARTESIAN_POINT('',(-124.6943040667,107.56593429744,
    -25.41409915109));
#4004 = CARTESIAN_POINT('',(-100.6051780912,68.740851426256,105.));
#4005 = CARTESIAN_POINT('',(-76.51605211568,29.915768555064,
    235.41409915109));
#4006 = CARTESIAN_POINT('',(-71.82174804892,22.349834257593,
    260.82819830227));
#4007 = DEFINITIONAL_REPRESENTATION('',(#4008),#4011);
#4008 = B_SPLINE_CURVE_WITH_KNOTS('',1,(#4009,#4010),.UNSPECIFIED.,.F.,
  .F.,(2,2),(0.896055384541,2.245537269028),.PIECEWISE_BEZIER_KNOTS.);
#4009 = CARTESIAN_POINT('',(-80.,1.));
#4010 = CARTESIAN_POINT('',(80.,1.));
#4011 = ( GEOMETRIC_REPRESENTATION_CONTEXT(2) 
PARAMETRIC_REPRESENTATION_CONTEXT() REPRESENTATION_CONTEXT('2D SPACE',''
  ) );
#4012 = ORIENTED_EDGE('',*,*,#3678,.F.);
#4013 = ADVANCED_FACE('',(#4014),#1837,.F.);
#4014 = FACE_BOUND('',#4015,.F.);
#4015 = EDGE_LOOP('',(#4016,#4017,#4018,#4158));
#4016 = ORIENTED_EDGE('',*,*,#1822,.F.);
#4017 = ORIENTED_EDGE('',*,*,#2819,.T.);
#4018 = ORIENTED_EDGE('',*,*,#4019,.T.);
#4019 = EDGE_CURVE('',#2692,#3847,#4020,.T.);
#4020 = SURFACE_CURVE('',#4021,(#4028,#4035),.PCURVE_S1.);
#4021 = ( BOUNDED_CURVE() B_SPLINE_CURVE(5,(#4022,#4023,#4024,#4025,
#4026,#4027),.UNSPECIFIED.,.F.,.F.) B_SPLINE_CURVE_WITH_KNOTS((6,6),(
0.674740942153,0.896055384541),.PIECEWISE_BEZIER_KNOTS.) CURVE() 
GEOMETRIC_REPRESENTATION_ITEM() RATIONAL_B_SPLINE_CURVE((1.,1.,1.,1.,1.,
1.)) REPRESENTATION_ITEM('') );
#4022 = CARTESIAN_POINT('',(61.327723700101,49.062178953008,
    209.66534934243));
#4023 = CARTESIAN_POINT('',(59.160731031473,51.780434142053,
    209.63938003349));
#4024 = CARTESIAN_POINT('',(56.841558842606,54.377788608634,
    209.6250474653));
#4025 = CARTESIAN_POINT('',(54.377788614374,56.841558837113,
    209.6250474653));
#4026 = CARTESIAN_POINT('',(51.780434148027,59.160731026242,
    209.6393800335));
#4027 = CARTESIAN_POINT('',(49.062178959201,61.327723695143,
    209.66534934244));
#4028 = PCURVE('',#1837,#4029);
#4029 = DEFINITIONAL_REPRESENTATION('',(#4030),#4034);
#4030 = LINE('',#4031,#4032);
#4031 = CARTESIAN_POINT('',(1.,0.));
#4032 = VECTOR('',#4033,1.);
#4033 = DIRECTION('',(0.,1.));
#4034 = ( GEOMETRIC_REPRESENTATION_CONTEXT(2) 
PARAMETRIC_REPRESENTATION_CONTEXT() REPRESENTATION_CONTEXT('2D SPACE',''
  ) );
#4035 = PCURVE('',#4036,#4153);
#4036 = OFFSET_SURFACE('',#4037,-1.5,.F.);
#4037 = B_SPLINE_SURFACE_WITH_KNOTS('',8,2,(
    (#4038,#4039,#4040,#4041,#4042)
    ,(#4043,#4044,#4045,#4046,#4047)
    ,(#4048,#4049,#4050,#4051,#4052)
    ,(#4053,#4054,#4055,#4056,#4057)
    ,(#4058,#4059,#4060,#4061,#4062)
    ,(#4063,#4064,#4065,#4066,#4067)
    ,(#4068,#4069,#4070,#4071,#4072)
    ,(#4073,#4074,#4075,#4076,#4077)
    ,(#4078,#4079,#4080,#4081,#4082)
    ,(#4083,#4084,#4085,#4086,#4087)
    ,(#4088,#4089,#4090,#4091,#4092)
    ,(#4093,#4094,#4095,#4096,#4097)
    ,(#4098,#4099,#4100,#4101,#4102)
    ,(#4103,#4104,#4105,#4106,#4107)
    ,(#4108,#4109,#4110,#4111,#4112)
    ,(#4113,#4114,#4115,#4116,#4117)
    ,(#4118,#4119,#4120,#4121,#4122)
    ,(#4123,#4124,#4125,#4126,#4127)
    ,(#4128,#4129,#4130,#4131,#4132)
    ,(#4133,#4134,#4135,#4136,#4137)
    ,(#4138,#4139,#4140,#4141,#4142)
    ,(#4143,#4144,#4145,#4146,#4147)
    ,(#4148,#4149,#4150,#4151,#4152
    )),.UNSPECIFIED.,.F.,.F.,.F.,(9,7,7,9),(3,1,1,3),(-0.392699081608,0.
    ,1.570796326795,1.963495408402),(-0.248390340142,0.,1.,
    1.248390340142),.UNSPECIFIED.);
#4038 = CARTESIAN_POINT('',(108.19538655673,79.255991512281,
    -52.75328495333));
#4039 = CARTESIAN_POINT('',(104.05176208274,75.661156957899,
    -26.08098571487));
#4040 = CARTESIAN_POINT('',(83.687924093857,57.994346434459,105.));
#4041 = CARTESIAN_POINT('',(63.32408610497,40.327535911019,
    236.08098571487));
#4042 = CARTESIAN_POINT('',(59.180461630978,36.732701356637,
    262.75328495333));
#4043 = CARTESIAN_POINT('',(108.41197478819,80.203771323358,
    -52.72375159395));
#4044 = CARTESIAN_POINT('',(104.16117191307,76.628070697047,
    -26.08098571487));
#4045 = CARTESIAN_POINT('',(83.247448710347,59.035814515936,105.));
#4046 = CARTESIAN_POINT('',(62.333725507615,41.443558334824,
    236.08098571487));
#4047 = CARTESIAN_POINT('',(58.082922632496,37.867857708513,
    262.72375159395));
#4048 = CARTESIAN_POINT('',(108.60897516784,81.175447286863,
    -52.69329447354));
#4049 = CARTESIAN_POINT('',(104.26108408319,77.606856511471,
    -26.08098571487));
#4050 = CARTESIAN_POINT('',(82.845210160897,60.029486554829,105.));
#4051 = CARTESIAN_POINT('',(61.4293362386,42.452116598188,
    236.08098571487));
#4052 = CARTESIAN_POINT('',(57.08144515395,38.883525822795,
    262.69329447354));
#4053 = CARTESIAN_POINT('',(108.78644763373,82.171008164346,
    -52.66213703564));
#4054 = CARTESIAN_POINT('',(104.35149859309,78.597514401169,
    -26.08098571487));
#4055 = CARTESIAN_POINT('',(82.481208445508,60.97536255114,105.));
#4056 = CARTESIAN_POINT('',(60.610918297925,43.353210701111,
    236.08098571487));
#4057 = CARTESIAN_POINT('',(56.175969257287,39.779716937934,
    262.66213703564));
#4058 = CARTESIAN_POINT('',(108.94444795962,83.190433780253,
    -52.63045002761));
#4059 = CARTESIAN_POINT('',(104.43241544277,79.600044366141,
    -26.08098571487));
#4060 = CARTESIAN_POINT('',(82.155443564181,61.873442504868,105.));
#4061 = CARTESIAN_POINT('',(59.878471685591,44.146840643594,
    236.08098571487));
#4062 = CARTESIAN_POINT('',(55.366439168738,40.556451229482,
    262.63045002761));
#4063 = CARTESIAN_POINT('',(109.08302628839,84.233695763366,
    -52.59835189777));
#4064 = CARTESIAN_POINT('',(104.50383463223,80.614446406388,
    -26.08098571487));
#4065 = CARTESIAN_POINT('',(81.867915516914,62.723726416013,105.));
#4066 = CARTESIAN_POINT('',(59.231996401596,44.833006425637,
    236.08098571487));
#4067 = CARTESIAN_POINT('',(54.652804745432,41.21375706866,
    262.59835189777));
#4068 = CARTESIAN_POINT('',(109.20222596503,85.300757937319,
    -52.56590922752));
#4069 = CARTESIAN_POINT('',(104.56575616147,81.64072052191,
    -26.08098571487));
#4070 = CARTESIAN_POINT('',(81.618624303708,63.526214284574,105.));
#4071 = CARTESIAN_POINT('',(58.671492445942,45.411708047239,
    236.08098571487));
#4072 = CARTESIAN_POINT('',(54.035022642385,41.75167063183,
    262.56590922752));
#4073 = CARTESIAN_POINT('',(109.3020826645,86.391576362798,
    -52.53313718595));
#4074 = CARTESIAN_POINT('',(104.61818003049,82.678866712706,
    -26.08098571487));
#4075 = CARTESIAN_POINT('',(81.407569924563,64.280906110553,105.));
#4076 = CARTESIAN_POINT('',(58.196959818627,45.8829455084,
    236.08098571487));
#4077 = CARTESIAN_POINT('',(53.513057184618,42.170235858309,
    262.53313718595));
#4078 = CARTESIAN_POINT('',(109.70293622829,91.961824426533,
    -52.36334242283));
#4079 = CARTESIAN_POINT('',(104.83281107456,87.928958044036,
    -26.08098571487));
#4080 = CARTESIAN_POINT('',(80.54348219898,67.81538502819,105.));
#4081 = CARTESIAN_POINT('',(56.254153323393,47.701812012343,
    236.08098571487));
#4082 = CARTESIAN_POINT('',(51.384028169669,43.668945629846,
    262.36334242283));
#4083 = CARTESIAN_POINT('',(108.94004171675,96.430255583694,
    -52.25529255301));
#4084 = CARTESIAN_POINT('',(104.02064322759,92.13446116973,
    -26.08098571487));
#4085 = CARTESIAN_POINT('',(79.384284867787,70.621113378207,105.));
#4086 = CARTESIAN_POINT('',(54.747926507982,49.107765586685,
    236.08098571487));
#4087 = CARTESIAN_POINT('',(49.828528018819,44.811971172721,
    262.25529255301));
#4088 = CARTESIAN_POINT('',(107.09693119957,100.62645857778,
    -52.18590954531));
#4089 = CARTESIAN_POINT('',(102.22441221784,96.086279962978,
    -26.08098571487));
#4090 = CARTESIAN_POINT('',(77.757970745398,73.288623397639,105.));
#4091 = CARTESIAN_POINT('',(53.291529272954,50.490966832301,
    236.08098571487));
#4092 = CARTESIAN_POINT('',(48.419010291221,45.950788217493,
    262.18590954531));
#4093 = CARTESIAN_POINT('',(104.26552028494,104.2655202713,
    -52.16197142975));
#4094 = CARTESIAN_POINT('',(99.525347700272,99.525347687418,
    -26.08098571487));
#4095 = CARTESIAN_POINT('',(75.701612598764,75.701612589872,105.));
#4096 = CARTESIAN_POINT('',(51.877877497256,51.877877492325,
    236.08098571487));
#4097 = CARTESIAN_POINT('',(47.137704912584,47.137704908442,
    262.16197142975));
#4098 = CARTESIAN_POINT('',(100.62645859138,107.0969311859,
    -52.18590954534));
#4099 = CARTESIAN_POINT('',(96.086279975806,102.22441220497,
    -26.08098571487));
#4100 = CARTESIAN_POINT('',(73.288623406607,77.757970736589,105.));
#4101 = CARTESIAN_POINT('',(50.490966837407,53.291529268203,
    236.08098571487));
#4102 = CARTESIAN_POINT('',(45.950788221824,48.419010287273,
    262.18590954534));
#4103 = CARTESIAN_POINT('',(96.43025559727,108.94004170304,
    -52.25529255307));
#4104 = CARTESIAN_POINT('',(92.134461182544,104.02064321469,
    -26.08098571487));
#4105 = CARTESIAN_POINT('',(70.621113387252,79.384284859059,105.));
#4106 = CARTESIAN_POINT('',(49.10776559196,54.747926503418,
    236.08098571487));
#4107 = CARTESIAN_POINT('',(44.811971177233,49.828528015075,
    262.25529255307));
#4108 = CARTESIAN_POINT('',(91.961824440077,109.70293621454,
    -52.36334242291));
#4109 = CARTESIAN_POINT('',(87.92895805683,104.83281106165,
    -26.08098571487));
#4110 = CARTESIAN_POINT('',(67.815385037306,80.543482190338,105.));
#4111 = CARTESIAN_POINT('',(47.701812017781,56.254153319021,
    236.08098571487));
#4112 = CARTESIAN_POINT('',(43.668945634534,51.384028166136,
    262.36334242291));
#4113 = CARTESIAN_POINT('',(86.391576376306,109.30208265069,
    -52.53313718606));
#4114 = CARTESIAN_POINT('',(82.678866725479,104.61818001755,
    -26.08098571487));
#4115 = CARTESIAN_POINT('',(64.280906119757,81.407569916029,105.));
#4116 = CARTESIAN_POINT('',(45.882945514035,58.1969598145,
    236.08098571487));
#4117 = CARTESIAN_POINT('',(42.170235863208,53.513057181361,
    262.53313718606));
#4118 = CARTESIAN_POINT('',(85.300757950818,109.2022259512,
    -52.56590922763));
#4119 = CARTESIAN_POINT('',(81.640720534677,104.56575614852,
    -26.08098571487));
#4120 = CARTESIAN_POINT('',(63.526214293799,81.618624295201,105.));
#4121 = CARTESIAN_POINT('',(45.411708052921,58.671492441874,
    236.08098571487));
#4122 = CARTESIAN_POINT('',(41.751670636781,54.035022639195,
    262.56590922763));
#4123 = CARTESIAN_POINT('',(84.233695776852,109.08302627455,
    -52.59835189788));
#4124 = CARTESIAN_POINT('',(80.61444641915,104.50383461927,
    -26.08098571487));
#4125 = CARTESIAN_POINT('',(62.723726425263,81.867915508439,105.));
#4126 = CARTESIAN_POINT('',(44.833006431376,59.231996397599,
    236.08098571487));
#4127 = CARTESIAN_POINT('',(41.213757073673,54.652804742321,
    262.59835189788));
#4128 = CARTESIAN_POINT('',(83.190433793727,108.94444794576,
    -52.63045002773));
#4129 = CARTESIAN_POINT('',(79.600044378895,104.4324154298,
    -26.08098571487));
#4130 = CARTESIAN_POINT('',(61.873442514147,82.155443555742,105.));
#4131 = CARTESIAN_POINT('',(44.146840649399,59.878471681676,
    236.08098571487));
#4132 = CARTESIAN_POINT('',(40.556451234567,55.36643916572,
    262.63045002773));
#4133 = CARTESIAN_POINT('',(82.171008177804,108.78644761984,
    -52.66213703576));
#4134 = CARTESIAN_POINT('',(78.597514413915,104.35149858011,
    -26.08098571487));
#4135 = CARTESIAN_POINT('',(60.975362560452,82.481208437111,105.));
#4136 = CARTESIAN_POINT('',(43.35321070699,60.610918294103,
    236.08098571487));
#4137 = CARTESIAN_POINT('',(39.779716943101,56.175969254373,
    262.66213703576));
#4138 = CARTESIAN_POINT('',(81.175447300304,108.60897515393,
    -52.69329447366));
#4139 = CARTESIAN_POINT('',(77.606856524208,104.2610840702,
    -26.08098571487));
#4140 = CARTESIAN_POINT('',(60.029486564178,82.845210152545,105.));
#4141 = CARTESIAN_POINT('',(42.452116604149,61.429336234881,
    236.08098571487));
#4142 = CARTESIAN_POINT('',(38.883525828053,57.081445151152,
    262.69329447366));
#4143 = CARTESIAN_POINT('',(80.203771336779,108.41197477426,
    -52.72375159407));
#4144 = CARTESIAN_POINT('',(76.628070709774,104.16117190008,
    -26.08098571487));
#4145 = CARTESIAN_POINT('',(59.035814525325,83.247448702045,105.));
#4146 = CARTESIAN_POINT('',(41.443558340876,62.33372550401,
    236.08098571487));
#4147 = CARTESIAN_POINT('',(37.867857713871,58.082922629826,
    262.72375159407));
#4148 = CARTESIAN_POINT('',(79.25599152568,108.19538654277,
    -52.75328495345));
#4149 = CARTESIAN_POINT('',(75.661156970614,104.05176206973,
    -26.08098571487));
#4150 = CARTESIAN_POINT('',(57.994346443893,83.687924085611,105.));
#4151 = CARTESIAN_POINT('',(40.327535917172,63.324086101489,
    236.08098571487));
#4152 = CARTESIAN_POINT('',(36.732701362106,59.180461628449,
    262.75328495345));
#4153 = DEFINITIONAL_REPRESENTATION('',(#4154),#4157);
#4154 = B_SPLINE_CURVE_WITH_KNOTS('',1,(#4155,#4156),.UNSPECIFIED.,.F.,
  .F.,(2,2),(0.674740942153,0.896055384541),.PIECEWISE_BEZIER_KNOTS.);
#4155 = CARTESIAN_POINT('',(0.,1.));
#4156 = CARTESIAN_POINT('',(1.570796326795,1.));
#4157 = ( GEOMETRIC_REPRESENTATION_CONTEXT(2) 
PARAMETRIC_REPRESENTATION_CONTEXT() REPRESENTATION_CONTEXT('2D SPACE',''
  ) );
#4158 = ORIENTED_EDGE('',*,*,#3846,.F.);
#4159 = ADVANCED_FACE('',(#4160,#4170,#4173,#4176,#4179,#4182,#4185,
    #4415,#4418,#4421),#1905,.F.);
#4160 = FACE_BOUND('',#4161,.F.);
#4161 = EDGE_LOOP('',(#4162,#4163,#4164,#4165,#4166,#4167,#4168,#4169));
#4162 = ORIENTED_EDGE('',*,*,#1889,.F.);
#4163 = ORIENTED_EDGE('',*,*,#1943,.T.);
#4164 = ORIENTED_EDGE('',*,*,#2043,.T.);
#4165 = ORIENTED_EDGE('',*,*,#2141,.T.);
#4166 = ORIENTED_EDGE('',*,*,#2241,.T.);
#4167 = ORIENTED_EDGE('',*,*,#2213,.T.);
#4168 = ORIENTED_EDGE('',*,*,#2092,.F.);
#4169 = ORIENTED_EDGE('',*,*,#2015,.T.);
#4170 = FACE_BOUND('',#4171,.F.);
#4171 = EDGE_LOOP('',(#4172));
#4172 = ORIENTED_EDGE('',*,*,#2292,.F.);
#4173 = FACE_BOUND('',#4174,.F.);
#4174 = EDGE_LOOP('',(#4175));
#4175 = ORIENTED_EDGE('',*,*,#2342,.F.);
#4176 = FACE_BOUND('',#4177,.F.);
#4177 = EDGE_LOOP('',(#4178));
#4178 = ORIENTED_EDGE('',*,*,#2392,.F.);
#4179 = FACE_BOUND('',#4180,.F.);
#4180 = EDGE_LOOP('',(#4181));
#4181 = ORIENTED_EDGE('',*,*,#2442,.F.);
#4182 = FACE_BOUND('',#4183,.F.);
#4183 = EDGE_LOOP('',(#4184));
#4184 = ORIENTED_EDGE('',*,*,#2492,.F.);
#4185 = FACE_BOUND('',#4186,.F.);
#4186 = EDGE_LOOP('',(#4187,#4218,#4246,#4275,#4303,#4332,#4360,#4389));
#4187 = ORIENTED_EDGE('',*,*,#4188,.F.);
#4188 = EDGE_CURVE('',#4189,#4191,#4193,.T.);
#4189 = VERTEX_POINT('',#4190);
#4190 = CARTESIAN_POINT('',(-98.5,-78.5,-4.));
#4191 = VERTEX_POINT('',#4192);
#4192 = CARTESIAN_POINT('',(-78.5,-98.5,-4.));
#4193 = SURFACE_CURVE('',#4194,(#4199,#4206),.PCURVE_S1.);
#4194 = CIRCLE('',#4195,20.);
#4195 = AXIS2_PLACEMENT_3D('',#4196,#4197,#4198);
#4196 = CARTESIAN_POINT('',(-78.5,-78.5,-4.));
#4197 = DIRECTION('',(0.,0.,1.));
#4198 = DIRECTION('',(1.,0.,0.));
#4199 = PCURVE('',#1905,#4200);
#4200 = DEFINITIONAL_REPRESENTATION('',(#4201),#4205);
#4201 = CIRCLE('',#4202,20.);
#4202 = AXIS2_PLACEMENT_2D('',#4203,#4204);
#4203 = CARTESIAN_POINT('',(-78.49999999725,-78.49999999702));
#4204 = DIRECTION('',(1.,0.));
#4205 = ( GEOMETRIC_REPRESENTATION_CONTEXT(2) 
PARAMETRIC_REPRESENTATION_CONTEXT() REPRESENTATION_CONTEXT('2D SPACE',''
  ) );
#4206 = PCURVE('',#4207,#4212);
#4207 = CYLINDRICAL_SURFACE('',#4208,20.);
#4208 = AXIS2_PLACEMENT_3D('',#4209,#4210,#4211);
#4209 = CARTESIAN_POINT('',(-78.5,-78.5,0.));
#4210 = DIRECTION('',(0.,0.,1.));
#4211 = DIRECTION('',(1.,0.,0.));
#4212 = DEFINITIONAL_REPRESENTATION('',(#4213),#4217);
#4213 = LINE('',#4214,#4215);
#4214 = CARTESIAN_POINT('',(0.,-4.));
#4215 = VECTOR('',#4216,1.);
#4216 = DIRECTION('',(1.,0.));
#4217 = ( GEOMETRIC_REPRESENTATION_CONTEXT(2) 
PARAMETRIC_REPRESENTATION_CONTEXT() REPRESENTATION_CONTEXT('2D SPACE',''
  ) );
#4218 = ORIENTED_EDGE('',*,*,#4219,.T.);
#4219 = EDGE_CURVE('',#4189,#4220,#4222,.T.);
#4220 = VERTEX_POINT('',#4221);
#4221 = CARTESIAN_POINT('',(-98.5,78.499999988343,-4.));
#4222 = SURFACE_CURVE('',#4223,(#4227,#4234),.PCURVE_S1.);
#4223 = LINE('',#4224,#4225);
#4224 = CARTESIAN_POINT('',(-98.5,6.750155989721E-13,-4.));
#4225 = VECTOR('',#4226,1.);
#4226 = DIRECTION('',(0.,1.,0.));
#4227 = PCURVE('',#1905,#4228);
#4228 = DEFINITIONAL_REPRESENTATION('',(#4229),#4233);
#4229 = LINE('',#4230,#4231);
#4230 = CARTESIAN_POINT('',(-98.49999999725,2.972861270682E-09));
#4231 = VECTOR('',#4232,1.);
#4232 = DIRECTION('',(0.,1.));
#4233 = ( GEOMETRIC_REPRESENTATION_CONTEXT(2) 
PARAMETRIC_REPRESENTATION_CONTEXT() REPRESENTATION_CONTEXT('2D SPACE',''
  ) );
#4234 = PCURVE('',#4235,#4240);
#4235 = PLANE('',#4236);
#4236 = AXIS2_PLACEMENT_3D('',#4237,#4238,#4239);
#4237 = CARTESIAN_POINT('',(-98.5,-78.5,0.));
#4238 = DIRECTION('',(1.,-0.,0.));
#4239 = DIRECTION('',(0.,1.,0.));
#4240 = DEFINITIONAL_REPRESENTATION('',(#4241),#4245);
#4241 = LINE('',#4242,#4243);
#4242 = CARTESIAN_POINT('',(78.500000000001,-4.));
#4243 = VECTOR('',#4244,1.);
#4244 = DIRECTION('',(1.,0.));
#4245 = ( GEOMETRIC_REPRESENTATION_CONTEXT(2) 
PARAMETRIC_REPRESENTATION_CONTEXT() REPRESENTATION_CONTEXT('2D SPACE',''
  ) );
#4246 = ORIENTED_EDGE('',*,*,#4247,.F.);
#4247 = EDGE_CURVE('',#4248,#4220,#4250,.T.);
#4248 = VERTEX_POINT('',#4249);
#4249 = CARTESIAN_POINT('',(-78.5,98.499999994172,-4.));
#4250 = SURFACE_CURVE('',#4251,(#4256,#4263),.PCURVE_S1.);
#4251 = CIRCLE('',#4252,20.);
#4252 = AXIS2_PLACEMENT_3D('',#4253,#4254,#4255);
#4253 = CARTESIAN_POINT('',(-78.5,78.499999988343,-4.));
#4254 = DIRECTION('',(0.,0.,1.));
#4255 = DIRECTION('',(1.,0.,0.));
#4256 = PCURVE('',#1905,#4257);
#4257 = DEFINITIONAL_REPRESENTATION('',(#4258),#4262);
#4258 = CIRCLE('',#4259,20.);
#4259 = AXIS2_PLACEMENT_2D('',#4260,#4261);
#4260 = CARTESIAN_POINT('',(-78.49999999725,78.499999991315));
#4261 = DIRECTION('',(1.,0.));
#4262 = ( GEOMETRIC_REPRESENTATION_CONTEXT(2) 
PARAMETRIC_REPRESENTATION_CONTEXT() REPRESENTATION_CONTEXT('2D SPACE',''
  ) );
#4263 = PCURVE('',#4264,#4269);
#4264 = CYLINDRICAL_SURFACE('',#4265,20.);
#4265 = AXIS2_PLACEMENT_3D('',#4266,#4267,#4268);
#4266 = CARTESIAN_POINT('',(-78.5,78.499999988343,0.));
#4267 = DIRECTION('',(0.,0.,1.));
#4268 = DIRECTION('',(1.,0.,0.));
#4269 = DEFINITIONAL_REPRESENTATION('',(#4270),#4274);
#4270 = LINE('',#4271,#4272);
#4271 = CARTESIAN_POINT('',(0.,-4.));
#4272 = VECTOR('',#4273,1.);
#4273 = DIRECTION('',(1.,0.));
#4274 = ( GEOMETRIC_REPRESENTATION_CONTEXT(2) 
PARAMETRIC_REPRESENTATION_CONTEXT() REPRESENTATION_CONTEXT('2D SPACE',''
  ) );
#4275 = ORIENTED_EDGE('',*,*,#4276,.T.);
#4276 = EDGE_CURVE('',#4248,#4277,#4279,.T.);
#4277 = VERTEX_POINT('',#4278);
#4278 = CARTESIAN_POINT('',(78.5,98.499999994172,-4.));
#4279 = SURFACE_CURVE('',#4280,(#4284,#4291),.PCURVE_S1.);
#4280 = LINE('',#4281,#4282);
#4281 = CARTESIAN_POINT('',(0.,98.500000000001,-4.));
#4282 = VECTOR('',#4283,1.);
#4283 = DIRECTION('',(1.,0.,0.));
#4284 = PCURVE('',#1905,#4285);
#4285 = DEFINITIONAL_REPRESENTATION('',(#4286),#4290);
#4286 = LINE('',#4287,#4288);
#4287 = CARTESIAN_POINT('',(2.750198653498E-09,98.500000002973));
#4288 = VECTOR('',#4289,1.);
#4289 = DIRECTION('',(1.,0.));
#4290 = ( GEOMETRIC_REPRESENTATION_CONTEXT(2) 
PARAMETRIC_REPRESENTATION_CONTEXT() REPRESENTATION_CONTEXT('2D SPACE',''
  ) );
#4291 = PCURVE('',#4292,#4297);
#4292 = PLANE('',#4293);
#4293 = AXIS2_PLACEMENT_3D('',#4294,#4295,#4296);
#4294 = CARTESIAN_POINT('',(-78.5,98.500000000001,0.));
#4295 = DIRECTION('',(0.,-1.,0.));
#4296 = DIRECTION('',(1.,0.,0.));
#4297 = DEFINITIONAL_REPRESENTATION('',(#4298),#4302);
#4298 = LINE('',#4299,#4300);
#4299 = CARTESIAN_POINT('',(78.5,-4.));
#4300 = VECTOR('',#4301,1.);
#4301 = DIRECTION('',(1.,0.));
#4302 = ( GEOMETRIC_REPRESENTATION_CONTEXT(2) 
PARAMETRIC_REPRESENTATION_CONTEXT() REPRESENTATION_CONTEXT('2D SPACE',''
  ) );
#4303 = ORIENTED_EDGE('',*,*,#4304,.F.);
#4304 = EDGE_CURVE('',#4305,#4277,#4307,.T.);
#4305 = VERTEX_POINT('',#4306);
#4306 = CARTESIAN_POINT('',(98.5,78.499999988343,-4.));
#4307 = SURFACE_CURVE('',#4308,(#4313,#4320),.PCURVE_S1.);
#4308 = CIRCLE('',#4309,20.);
#4309 = AXIS2_PLACEMENT_3D('',#4310,#4311,#4312);
#4310 = CARTESIAN_POINT('',(78.5,78.499999988343,-4.));
#4311 = DIRECTION('',(0.,0.,1.));
#4312 = DIRECTION('',(1.,0.,0.));
#4313 = PCURVE('',#1905,#4314);
#4314 = DEFINITIONAL_REPRESENTATION('',(#4315),#4319);
#4315 = CIRCLE('',#4316,20.);
#4316 = AXIS2_PLACEMENT_2D('',#4317,#4318);
#4317 = CARTESIAN_POINT('',(78.50000000275,78.499999991315));
#4318 = DIRECTION('',(1.,0.));
#4319 = ( GEOMETRIC_REPRESENTATION_CONTEXT(2) 
PARAMETRIC_REPRESENTATION_CONTEXT() REPRESENTATION_CONTEXT('2D SPACE',''
  ) );
#4320 = PCURVE('',#4321,#4326);
#4321 = CYLINDRICAL_SURFACE('',#4322,20.);
#4322 = AXIS2_PLACEMENT_3D('',#4323,#4324,#4325);
#4323 = CARTESIAN_POINT('',(78.5,78.499999988343,0.));
#4324 = DIRECTION('',(0.,0.,1.));
#4325 = DIRECTION('',(1.,0.,0.));
#4326 = DEFINITIONAL_REPRESENTATION('',(#4327),#4331);
#4327 = LINE('',#4328,#4329);
#4328 = CARTESIAN_POINT('',(0.,-4.));
#4329 = VECTOR('',#4330,1.);
#4330 = DIRECTION('',(1.,0.));
#4331 = ( GEOMETRIC_REPRESENTATION_CONTEXT(2) 
PARAMETRIC_REPRESENTATION_CONTEXT() REPRESENTATION_CONTEXT('2D SPACE',''
  ) );
#4332 = ORIENTED_EDGE('',*,*,#4333,.F.);
#4333 = EDGE_CURVE('',#4334,#4305,#4336,.T.);
#4334 = VERTEX_POINT('',#4335);
#4335 = CARTESIAN_POINT('',(98.499999994171,-78.49999999999,-4.));
#4336 = SURFACE_CURVE('',#4337,(#4341,#4348),.PCURVE_S1.);
#4337 = LINE('',#4338,#4339);
#4338 = CARTESIAN_POINT('',(98.5,6.750155989721E-13,-4.));
#4339 = VECTOR('',#4340,1.);
#4340 = DIRECTION('',(0.,1.,0.));
#4341 = PCURVE('',#1905,#4342);
#4342 = DEFINITIONAL_REPRESENTATION('',(#4343),#4347);
#4343 = LINE('',#4344,#4345);
#4344 = CARTESIAN_POINT('',(98.50000000275,2.972861270682E-09));
#4345 = VECTOR('',#4346,1.);
#4346 = DIRECTION('',(0.,1.));
#4347 = ( GEOMETRIC_REPRESENTATION_CONTEXT(2) 
PARAMETRIC_REPRESENTATION_CONTEXT() REPRESENTATION_CONTEXT('2D SPACE',''
  ) );
#4348 = PCURVE('',#4349,#4354);
#4349 = PLANE('',#4350);
#4350 = AXIS2_PLACEMENT_3D('',#4351,#4352,#4353);
#4351 = CARTESIAN_POINT('',(98.5,-78.49999999999,0.));
#4352 = DIRECTION('',(1.,-0.,0.));
#4353 = DIRECTION('',(0.,1.,0.));
#4354 = DEFINITIONAL_REPRESENTATION('',(#4355),#4359);
#4355 = LINE('',#4356,#4357);
#4356 = CARTESIAN_POINT('',(78.5,-4.));
#4357 = VECTOR('',#4358,1.);
#4358 = DIRECTION('',(1.,0.));
#4359 = ( GEOMETRIC_REPRESENTATION_CONTEXT(2) 
PARAMETRIC_REPRESENTATION_CONTEXT() REPRESENTATION_CONTEXT('2D SPACE',''
  ) );
#4360 = ORIENTED_EDGE('',*,*,#4361,.F.);
#4361 = EDGE_CURVE('',#4362,#4334,#4364,.T.);
#4362 = VERTEX_POINT('',#4363);
#4363 = CARTESIAN_POINT('',(78.499999988342,-98.49999999999,-4.));
#4364 = SURFACE_CURVE('',#4365,(#4370,#4377),.PCURVE_S1.);
#4365 = CIRCLE('',#4366,20.);
#4366 = AXIS2_PLACEMENT_3D('',#4367,#4368,#4369);
#4367 = CARTESIAN_POINT('',(78.499999988342,-78.49999999999,-4.));
#4368 = DIRECTION('',(0.,0.,1.));
#4369 = DIRECTION('',(1.,0.,0.));
#4370 = PCURVE('',#1905,#4371);
#4371 = DEFINITIONAL_REPRESENTATION('',(#4372),#4376);
#4372 = CIRCLE('',#4373,20.);
#4373 = AXIS2_PLACEMENT_2D('',#4374,#4375);
#4374 = CARTESIAN_POINT('',(78.499999991093,-78.49999999702));
#4375 = DIRECTION('',(1.,0.));
#4376 = ( GEOMETRIC_REPRESENTATION_CONTEXT(2) 
PARAMETRIC_REPRESENTATION_CONTEXT() REPRESENTATION_CONTEXT('2D SPACE',''
  ) );
#4377 = PCURVE('',#4378,#4383);
#4378 = CYLINDRICAL_SURFACE('',#4379,20.);
#4379 = AXIS2_PLACEMENT_3D('',#4380,#4381,#4382);
#4380 = CARTESIAN_POINT('',(78.499999988342,-78.49999999999,0.));
#4381 = DIRECTION('',(0.,0.,1.));
#4382 = DIRECTION('',(1.,0.,0.));
#4383 = DEFINITIONAL_REPRESENTATION('',(#4384),#4388);
#4384 = LINE('',#4385,#4386);
#4385 = CARTESIAN_POINT('',(0.,-4.));
#4386 = VECTOR('',#4387,1.);
#4387 = DIRECTION('',(1.,0.));
#4388 = ( GEOMETRIC_REPRESENTATION_CONTEXT(2) 
PARAMETRIC_REPRESENTATION_CONTEXT() REPRESENTATION_CONTEXT('2D SPACE',''
  ) );
#4389 = ORIENTED_EDGE('',*,*,#4390,.F.);
#4390 = EDGE_CURVE('',#4191,#4362,#4391,.T.);
#4391 = SURFACE_CURVE('',#4392,(#4396,#4403),.PCURVE_S1.);
#4392 = LINE('',#4393,#4394);
#4393 = CARTESIAN_POINT('',(0.,-98.49999999999,-4.));
#4394 = VECTOR('',#4395,1.);
#4395 = DIRECTION('',(1.,0.,0.));
#4396 = PCURVE('',#1905,#4397);
#4397 = DEFINITIONAL_REPRESENTATION('',(#4398),#4402);
#4398 = LINE('',#4399,#4400);
#4399 = CARTESIAN_POINT('',(2.750198653498E-09,-98.49999999702));
#4400 = VECTOR('',#4401,1.);
#4401 = DIRECTION('',(1.,0.));
#4402 = ( GEOMETRIC_REPRESENTATION_CONTEXT(2) 
PARAMETRIC_REPRESENTATION_CONTEXT() REPRESENTATION_CONTEXT('2D SPACE',''
  ) );
#4403 = PCURVE('',#4404,#4409);
#4404 = PLANE('',#4405);
#4405 = AXIS2_PLACEMENT_3D('',#4406,#4407,#4408);
#4406 = CARTESIAN_POINT('',(-78.5,-98.49999999999,0.));
#4407 = DIRECTION('',(0.,-1.,0.));
#4408 = DIRECTION('',(1.,0.,0.));
#4409 = DEFINITIONAL_REPRESENTATION('',(#4410),#4414);
#4410 = LINE('',#4411,#4412);
#4411 = CARTESIAN_POINT('',(78.5,-4.));
#4412 = VECTOR('',#4413,1.);
#4413 = DIRECTION('',(1.,0.));
#4414 = ( GEOMETRIC_REPRESENTATION_CONTEXT(2) 
PARAMETRIC_REPRESENTATION_CONTEXT() REPRESENTATION_CONTEXT('2D SPACE',''
  ) );
#4415 = FACE_BOUND('',#4416,.F.);
#4416 = EDGE_LOOP('',(#4417));
#4417 = ORIENTED_EDGE('',*,*,#2542,.F.);
#4418 = FACE_BOUND('',#4419,.F.);
#4419 = EDGE_LOOP('',(#4420));
#4420 = ORIENTED_EDGE('',*,*,#2592,.F.);
#4421 = FACE_BOUND('',#4422,.F.);
#4422 = EDGE_LOOP('',(#4423));
#4423 = ORIENTED_EDGE('',*,*,#2642,.F.);
#4424 = ADVANCED_FACE('',(#4425),#2711,.F.);
#4425 = FACE_BOUND('',#4426,.F.);
#4426 = EDGE_LOOP('',(#4427,#4549,#4679,#4680,#4802));
#4427 = ORIENTED_EDGE('',*,*,#4428,.F.);
#4428 = EDGE_CURVE('',#4429,#4431,#4433,.T.);
#4429 = VERTEX_POINT('',#4430);
#4430 = CARTESIAN_POINT('',(98.476233733639,79.96147178832,
    1.69193922539E-07));
#4431 = VERTEX_POINT('',#4432);
#4432 = CARTESIAN_POINT('',(98.476493277906,79.469389650848,0.));
#4433 = SURFACE_CURVE('',#4434,(#4486,#4541),.PCURVE_S1.);
#4434 = B_SPLINE_CURVE_WITH_KNOTS('',8,(#4435,#4436,#4437,#4438,#4439,
    #4440,#4441,#4442,#4443,#4444,#4445,#4446,#4447,#4448,#4449,#4450,
    #4451,#4452,#4453,#4454,#4455,#4456,#4457,#4458,#4459,#4460,#4461,
    #4462,#4463,#4464,#4465,#4466,#4467,#4468,#4469,#4470,#4471,#4472,
    #4473,#4474,#4475,#4476,#4477,#4478,#4479,#4480,#4481,#4482,#4483,
    #4484,#4485),.UNSPECIFIED.,.F.,.F.,(9,7,7,7,7,7,7,9),(0.,
    0.164956164929,0.171954300539,0.394924173016,0.621933522528,
    0.831958854534,0.852961955042,1.),.UNSPECIFIED.);
#4435 = CARTESIAN_POINT('',(98.458030096891,99.940997755152,0.));
#4436 = CARTESIAN_POINT('',(98.461421148618,97.46839655026,0.));
#4437 = CARTESIAN_POINT('',(98.464426702925,94.99587348923,0.));
#4438 = CARTESIAN_POINT('',(98.467081902514,92.523402888621,0.));
#4439 = CARTESIAN_POINT('',(98.469419119648,90.050963582297,0.));
#4440 = CARTESIAN_POINT('',(98.471467751903,87.578539049813,0.));
#4441 = CARTESIAN_POINT('',(98.473254017914,85.106117544805,0.));
#4442 = CARTESIAN_POINT('',(98.474800753124,82.633692223372,0.));
#4443 = CARTESIAN_POINT('',(98.476183479232,80.056370333174,0.));
#4444 = CARTESIAN_POINT('',(98.476239288868,79.951478890883,0.));
#4445 = CARTESIAN_POINT('',(98.476294804028,79.846586926225,0.));
#4446 = CARTESIAN_POINT('',(98.47635014484,79.741694465841,0.));
#4447 = CARTESIAN_POINT('',(98.476405381975,79.636801582383,0.));
#4448 = CARTESIAN_POINT('',(98.476460536643,79.531908394515,0.));
#4449 = CARTESIAN_POINT('',(98.476515580597,79.427015066913,0.));
#4450 = CARTESIAN_POINT('',(98.478318206029,75.980083679063,0.));
#4451 = CARTESIAN_POINT('',(98.479921880879,72.637909011929,0.));
#4452 = CARTESIAN_POINT('',(98.481389421101,69.295607269016,0.));
#4453 = CARTESIAN_POINT('',(98.482728926181,65.953187734307,0.));
#4454 = CARTESIAN_POINT('',(98.483948494816,62.610659479654,0.));
#4455 = CARTESIAN_POINT('',(98.485056085057,59.268031328818,0.));
#4456 = CARTESIAN_POINT('',(98.486059374453,55.925311821504,0.));
#4457 = CARTESIAN_POINT('',(98.487888284116,49.179145999441,0.));
#4458 = CARTESIAN_POINT('',(98.488710250557,45.775696670354,0.));
#4459 = CARTESIAN_POINT('',(98.489439408561,42.372169846357,0.));
#4460 = CARTESIAN_POINT('',(98.490082978075,38.968573892224,0.));
#4461 = CARTESIAN_POINT('',(98.490647509945,35.564916881288,0.));
#4462 = CARTESIAN_POINT('',(98.491138885917,32.161206595442,0.));
#4463 = CARTESIAN_POINT('',(98.491562318638,28.757450525136,0.));
#4464 = CARTESIAN_POINT('',(98.492255448309,22.204520804264,0.));
#4465 = CARTESIAN_POINT('',(98.492534164995,19.055352775504,0.));
#4466 = CARTESIAN_POINT('',(98.492762008067,15.906157453756,0.));
#4467 = CARTESIAN_POINT('',(98.492941794506,12.756940422688,0.));
#4468 = CARTESIAN_POINT('',(98.493075651927,9.607707178981,0.));
#4469 = CARTESIAN_POINT('',(98.493165018575,6.458463132327,0.));
#4470 = CARTESIAN_POINT('',(98.493210643326,3.309213605431,0.));
#4471 = CARTESIAN_POINT('',(98.493212779931,-0.154969649683,0.));
#4472 = CARTESIAN_POINT('',(98.493212359877,-0.469903781904,0.));
#4473 = CARTESIAN_POINT('',(98.493212977076,-0.784843172674,0.));
#4474 = CARTESIAN_POINT('',(98.493212360326,-1.099776549589,0.));
#4475 = CARTESIAN_POINT('',(98.493212768157,-1.414718718616,0.));
#4476 = CARTESIAN_POINT('',(98.493212604034,-1.729657289693,0.));
#4477 = CARTESIAN_POINT('',(98.493212635019,-2.044598929582,0.));
#4478 = CARTESIAN_POINT('',(98.493212635019,-4.564384608854,0.));
#4479 = CARTESIAN_POINT('',(98.493212635019,-6.769288927484,0.));
#4480 = CARTESIAN_POINT('',(98.493212635019,-8.974254457426,0.));
#4481 = CARTESIAN_POINT('',(98.493212635019,-11.17928119075,0.));
#4482 = CARTESIAN_POINT('',(98.493212635019,-13.38436911954,0.));
#4483 = CARTESIAN_POINT('',(98.493212635019,-15.58951823585,0.));
#4484 = CARTESIAN_POINT('',(98.493212635019,-17.79472853178,0.));
#4485 = CARTESIAN_POINT('',(98.493212635019,-19.9999999994,0.));
#4486 = PCURVE('',#2711,#4487);
#4487 = DEFINITIONAL_REPRESENTATION('',(#4488),#4540);
#4488 = B_SPLINE_CURVE_WITH_KNOTS('',8,(#4489,#4490,#4491,#4492,#4493,
    #4494,#4495,#4496,#4497,#4498,#4499,#4500,#4501,#4502,#4503,#4504,
    #4505,#4506,#4507,#4508,#4509,#4510,#4511,#4512,#4513,#4514,#4515,
    #4516,#4517,#4518,#4519,#4520,#4521,#4522,#4523,#4524,#4525,#4526,
    #4527,#4528,#4529,#4530,#4531,#4532,#4533,#4534,#4535,#4536,#4537,
    #4538,#4539),.UNSPECIFIED.,.F.,.F.,(9,7,7,7,7,7,7,9),(0.,
    0.164956164929,0.171954300539,0.394924173016,0.621933522528,
    0.831958854534,0.852961955042,1.),.UNSPECIFIED.);
#4489 = CARTESIAN_POINT('',(99.999999985405,1.656672143034E-03));
#4490 = CARTESIAN_POINT('',(97.525135213427,1.592385909541E-03));
#4491 = CARTESIAN_POINT('',(95.050191851557,1.532066948477E-03));
#4492 = CARTESIAN_POINT('',(92.575195667363,1.475856335909E-03));
#4493 = CARTESIAN_POINT('',(90.100167898488,1.423872364817E-03));
#4494 = CARTESIAN_POINT('',(87.625125124192,1.376213005465E-03));
#4495 = CARTESIAN_POINT('',(85.150079136887,1.332958365756E-03));
#4496 = CARTESIAN_POINT('',(82.675036813676,1.294173151605E-03));
#4497 = CARTESIAN_POINT('',(80.094998496405,1.258455503003E-03));
#4498 = CARTESIAN_POINT('',(79.989997507187,1.257012470949E-03));
#4499 = CARTESIAN_POINT('',(79.884997039646,1.255575589936E-03));
#4500 = CARTESIAN_POINT('',(79.779997067212,1.254141663205E-03));
#4501 = CARTESIAN_POINT('',(79.67499751734,1.252708738429E-03));
#4502 = CARTESIAN_POINT('',(79.569998271508,1.25127610772E-03));
#4503 = CARTESIAN_POINT('',(79.464999165219,1.249844307622E-03));
#4504 = CARTESIAN_POINT('',(76.01458708707,1.202879279843E-03));
#4505 = CARTESIAN_POINT('',(72.669310509947,1.159026093005E-03));
#4506 = CARTESIAN_POINT('',(69.324160829147,1.116943150453E-03));
#4507 = CARTESIAN_POINT('',(65.979128789671,1.076712065268E-03));
#4508 = CARTESIAN_POINT('',(62.634205344893,1.038408364664E-03));
#4509 = CARTESIAN_POINT('',(59.289381692426,1.002101382901E-03));
#4510 = CARTESIAN_POINT('',(55.94464931001,9.678541541912E-04));
#4511 = CARTESIAN_POINT('',(49.194756683263,9.030103522522E-04));
#4512 = CARTESIAN_POINT('',(45.789599452196,8.724913338203E-04));
#4513 = CARTESIAN_POINT('',(42.384519656278,8.44225831311E-04));
#4514 = CARTESIAN_POINT('',(38.979508942997,8.182669642978E-04));
#4515 = CARTESIAN_POINT('',(35.574559249236,7.946613909251E-04));
#4516 = CARTESIAN_POINT('',(32.169662801273,7.734493079079E-04));
#4517 = CARTESIAN_POINT('',(28.764812114783,7.54664450532E-04));
#4518 = CARTESIAN_POINT('',(22.209923588505,7.232255130183E-04));
#4519 = CARTESIAN_POINT('',(19.05988013052,7.102181035908E-04));
#4520 = CARTESIAN_POINT('',(15.90986395373,6.993335663506E-04));
#4521 = CARTESIAN_POINT('',(12.759869477562,6.905892706727E-04));
#4522 = CARTESIAN_POINT('',(9.609891208028,6.839982533271E-04));
#4523 = CARTESIAN_POINT('',(6.459923737716,6.795692184797E-04));
#4524 = CARTESIAN_POINT('',(3.309961745798,6.773065376916E-04));
#4525 = CARTESIAN_POINT('',(-0.155004685231,6.772006208824E-04));
#4526 = CARTESIAN_POINT('',(-0.470008719999,6.772214439571E-04));
#4527 = CARTESIAN_POINT('',(-0.785007497614,6.771908479526E-04));
#4528 = CARTESIAN_POINT('',(-1.100012287402,6.772214216687E-04));
#4529 = CARTESIAN_POINT('',(-1.415008287322,6.772012045467E-04));
#4530 = CARTESIAN_POINT('',(-1.730007884101,6.772093404834E-04));
#4531 = CARTESIAN_POINT('',(-2.045004412826,6.772078044858E-04));
#4532 = CARTESIAN_POINT('',(-4.565214204924,6.772078044857E-04));
#4533 = CARTESIAN_POINT('',(-6.77036719925,6.772078044858E-04));
#4534 = CARTESIAN_POINT('',(-8.975458988599,6.772078044858E-04));
#4535 = CARTESIAN_POINT('',(-11.18048957693,6.772078044858E-04));
#4536 = CARTESIAN_POINT('',(-13.38545896821,6.772078044857E-04));
#4537 = CARTESIAN_POINT('',(-15.59036716641,6.772078044857E-04));
#4538 = CARTESIAN_POINT('',(-17.79521417549,6.772078044856E-04));
#4539 = CARTESIAN_POINT('',(-19.9999999994,6.772078044856E-04));
#4540 = ( GEOMETRIC_REPRESENTATION_CONTEXT(2) 
PARAMETRIC_REPRESENTATION_CONTEXT() REPRESENTATION_CONTEXT('2D SPACE',''
  ) );
#4541 = PCURVE('',#4321,#4542);
#4542 = DEFINITIONAL_REPRESENTATION('',(#4543),#4548);
#4543 = B_SPLINE_CURVE_WITH_KNOTS('',3,(#4544,#4545,#4546,#4547),
  .UNSPECIFIED.,.F.,.F.,(4,4),(0.166622370703,0.170726146856),
  .PIECEWISE_BEZIER_KNOTS.);
#4544 = CARTESIAN_POINT('',(7.30304155577E-02,0.));
#4545 = CARTESIAN_POINT('',(6.48291370906E-02,0.));
#4546 = CARTESIAN_POINT('',(5.668987218979E-02,0.));
#4547 = CARTESIAN_POINT('',(4.848848136846E-02,0.));
#4548 = ( GEOMETRIC_REPRESENTATION_CONTEXT(2) 
PARAMETRIC_REPRESENTATION_CONTEXT() REPRESENTATION_CONTEXT('2D SPACE',''
  ) );
#4549 = ORIENTED_EDGE('',*,*,#4550,.T.);
#4550 = EDGE_CURVE('',#4429,#2692,#4551,.T.);
#4551 = SURFACE_CURVE('',#4552,(#4665,#4672),.PCURVE_S1.);
#4552 = B_SPLINE_CURVE_WITH_KNOTS('',12,(#4553,#4554,#4555,#4556,#4557,
    #4558,#4559,#4560,#4561,#4562,#4563,#4564,#4565,#4566,#4567,#4568,
    #4569,#4570,#4571,#4572,#4573,#4574,#4575,#4576,#4577,#4578,#4579,
    #4580,#4581,#4582,#4583,#4584,#4585,#4586,#4587,#4588,#4589,#4590,
    #4591,#4592,#4593,#4594,#4595,#4596,#4597,#4598,#4599,#4600,#4601,
    #4602,#4603,#4604,#4605,#4606,#4607,#4608,#4609,#4610,#4611,#4612,
    #4613,#4614,#4615,#4616,#4617,#4618,#4619,#4620,#4621,#4622,#4623,
    #4624,#4625,#4626,#4627,#4628,#4629,#4630,#4631,#4632,#4633,#4634,
    #4635,#4636,#4637,#4638,#4639,#4640,#4641,#4642,#4643,#4644,#4645,
    #4646,#4647,#4648,#4649,#4650,#4651,#4652,#4653,#4654,#4655,#4656,
    #4657,#4658,#4659,#4660,#4661,#4662,#4663,#4664),.UNSPECIFIED.,.F.,
  .F.,(13,11,11,11,11,11,11,11,11,11,13),(1.25715408321E-03,
    1.972258508218E-03,1.355429900803E-02,3.671838000764E-02,
    0.129374704006,0.5,0.870625295994,0.963281619992,0.986445700992,
    0.998027741492,1.),.UNSPECIFIED.);
#4553 = CARTESIAN_POINT('',(98.476233766557,79.961471816994,
    -1.81217165926E-08));
#4554 = CARTESIAN_POINT('',(98.473998183415,79.95964546659,
    1.250918759844E-02));
#4555 = CARTESIAN_POINT('',(98.471762599895,79.957819112673,
    2.501840138537E-02));
#4556 = CARTESIAN_POINT('',(98.469527016446,79.955992755573,
    3.75276207047E-02));
#4557 = CARTESIAN_POINT('',(98.467291433635,79.954166395727,
    5.003684233457E-02));
#4558 = CARTESIAN_POINT('',(98.46505585211,79.952340033645,
    6.254606258416E-02));
#4559 = CARTESIAN_POINT('',(98.462820272547,79.950513669869,
    7.505527762931E-02));
#4560 = CARTESIAN_POINT('',(98.460584695555,79.948687304911,
    8.756448399654E-02));
#4561 = CARTESIAN_POINT('',(98.458349121566,79.946860939157,
    0.100073679234));
#4562 = CARTESIAN_POINT('',(98.45611355067,79.945034572751,
    0.112582862815));
#4563 = CARTESIAN_POINT('',(98.453877982412,79.943208205429,
    0.125092037327));
#4564 = CARTESIAN_POINT('',(98.451642415512,79.941381836311,
    0.13760121002));
#4565 = CARTESIAN_POINT('',(98.413198934294,79.909974997333,
    0.35271281112));
#4566 = CARTESIAN_POINT('',(98.37699130044,79.880393944756,
    0.555315193584));
#4567 = CARTESIAN_POINT('',(98.340783947014,79.850812305503,
    0.757917542244));
#4568 = CARTESIAN_POINT('',(98.304576874452,79.821230078633,
    0.96051985718));
#4569 = CARTESIAN_POINT('',(98.268370084415,79.791647264303,
    1.163122138464));
#4570 = CARTESIAN_POINT('',(98.232163576705,79.762063860969,
    1.365724386183));
#4571 = CARTESIAN_POINT('',(98.195957353359,79.732479869187,
    1.568326600401));
#4572 = CARTESIAN_POINT('',(98.159751414234,79.702895287395,
    1.770928781211));
#4573 = CARTESIAN_POINT('',(98.123545760935,79.6733101158,1.973530928676
    ));
#4574 = CARTESIAN_POINT('',(98.087340393917,79.643724353387,
    2.176133042886));
#4575 = CARTESIAN_POINT('',(98.051135314237,79.614137999823,
    2.37873512391));
#4576 = CARTESIAN_POINT('',(97.942520939704,79.525377163817,
    2.986541267669));
#4577 = CARTESIAN_POINT('',(97.870112509049,79.466200905983,
    3.391745231033));
#4578 = CARTESIAN_POINT('',(97.797705238447,79.40702227689,
    3.796949062618));
#4579 = CARTESIAN_POINT('',(97.725299134061,79.347841271531,
    4.202152763054));
#4580 = CARTESIAN_POINT('',(97.652894205266,79.288657886804,
    4.607356333109));
#4581 = CARTESIAN_POINT('',(97.580490456225,79.229472116553,
    5.012559773326));
#4582 = CARTESIAN_POINT('',(97.50808789785,79.170283958531,
    5.417763084541));
#4583 = CARTESIAN_POINT('',(97.435686533953,79.111093406413,
    5.822966267281));
#4584 = CARTESIAN_POINT('',(97.36328637446,79.051900457374,
    6.228169322339));
#4585 = CARTESIAN_POINT('',(97.290887424996,78.992705106122,
    6.633372250321));
#4586 = CARTESIAN_POINT('',(97.218489693619,78.933507348769,
    7.038575051939));
#4587 = CARTESIAN_POINT('',(96.856507162152,78.637506508979,
    9.064588431535));
#4588 = CARTESIAN_POINT('',(96.566940663308,78.400667236674,
    10.685397106055));
#4589 = CARTESIAN_POINT('',(96.277394215281,78.163789107227,
    12.306203808444));
#4590 = CARTESIAN_POINT('',(95.987868342522,77.926871863666,
    13.927008595737));
#4591 = CARTESIAN_POINT('',(95.698363569722,77.689915249715,
    15.547811524958));
#4592 = CARTESIAN_POINT('',(95.408880421044,77.452919007945,
    17.168612653152));
#4593 = CARTESIAN_POINT('',(95.119419421437,77.215882882404,
    18.789412037321));
#4594 = CARTESIAN_POINT('',(94.829981094953,76.978806615629,
    20.410209734536));
#4595 = CARTESIAN_POINT('',(94.540565966467,76.74168995141,
    22.031005801786));
#4596 = CARTESIAN_POINT('',(94.251174560237,76.504532632691,
    23.651800296132));
#4597 = CARTESIAN_POINT('',(93.961807400896,76.267334402878,
    25.272593274589));
#4598 = CARTESIAN_POINT('',(92.515095460905,75.081137414379,
    33.3765508726));
#4599 = CARTESIAN_POINT('',(91.358124011962,74.131521480577,
    39.859693973181));
#4600 = CARTESIAN_POINT('',(90.201586590848,73.181232821437,
    46.342818459937));
#4601 = CARTESIAN_POINT('',(89.045522765113,72.230258189078,
    52.825929510332));
#4602 = CARTESIAN_POINT('',(87.889975466096,71.278586278382,
    59.309033180215));
#4603 = CARTESIAN_POINT('',(86.734990713895,70.326208539374,
    65.79213647231));
#4604 = CARTESIAN_POINT('',(85.580617336453,69.373119983572,
    72.275247399015));
#4605 = CARTESIAN_POINT('',(84.426906695842,68.419319997663,
    78.758375052669));
#4606 = CARTESIAN_POINT('',(83.273912407277,67.464813149835,
    85.241529667706));
#4607 = CARTESIAN_POINT('',(82.121690064172,66.509610002171,
    91.72472269008));
#4608 = CARTESIAN_POINT('',(80.970296959125,65.553727918968,
    98.207966841395));
#4609 = CARTESIAN_POINT('',(78.669286654955,63.640655835487,
    111.17458553071));
#4610 = CARTESIAN_POINT('',(77.519669457895,62.683467219984,
    117.65796026718));
#4611 = CARTESIAN_POINT('',(76.370996742047,61.72564922727,
    124.14141381363));
#4612 = CARTESIAN_POINT('',(75.22332653294,60.767234886829,
    130.62496126383));
#4613 = CARTESIAN_POINT('',(74.076716556595,59.808267063365,
    137.10861906033));
#4614 = CARTESIAN_POINT('',(72.931222454586,58.848798466018,
    143.59240468715));
#4615 = CARTESIAN_POINT('',(71.786895977052,57.888891646752,
    150.07633633125));
#4616 = CARTESIAN_POINT('',(70.643783204444,56.928619012654,
    156.56043258523));
#4617 = CARTESIAN_POINT('',(69.501922738111,55.968062823358,
    163.04471210463));
#4618 = CARTESIAN_POINT('',(68.361343919119,55.007315201771,
    169.52919330704));
#4619 = CARTESIAN_POINT('',(67.222065025739,54.046478134852,
    176.01389403904));
#4620 = CARTESIAN_POINT('',(65.799598098891,52.84545981701,
    184.12006556988));
#4621 = CARTESIAN_POINT('',(65.515186272552,52.605257450963,
    185.74131463745));
#4622 = CARTESIAN_POINT('',(65.230856092346,52.36505810131,
    187.36257872805));
#4623 = CARTESIAN_POINT('',(64.946607588968,52.1248635052,
    188.98385809471));
#4624 = CARTESIAN_POINT('',(64.662440737627,51.884675419219,
    190.60515298571));
#4625 = CARTESIAN_POINT('',(64.378355456417,51.644495617334,
    192.22646363779));
#4626 = CARTESIAN_POINT('',(64.09435160861,51.404325893764,
    193.84779028555));
#4627 = CARTESIAN_POINT('',(63.810429000048,51.164168059758,
    195.46913315105));
#4628 = CARTESIAN_POINT('',(63.52658738156,50.924023946527,
    197.0904924531));
#4629 = CARTESIAN_POINT('',(63.242826447134,50.683895403076,
    198.71186840054));
#4630 = CARTESIAN_POINT('',(62.959145835036,50.4437842975,
    200.33326119615));
#4631 = CARTESIAN_POINT('',(62.60464495033,50.143669571087,
    202.36002349454));
#4632 = CARTESIAN_POINT('',(62.533749768765,50.083647832498,
    202.76537701948));
#4633 = CARTESIAN_POINT('',(62.462859574942,50.023627329988,
    203.17073161259));
#4634 = CARTESIAN_POINT('',(62.391974360996,49.963608092759,
    203.57608727652));
#4635 = CARTESIAN_POINT('',(62.321094119515,49.903590150401,
    203.98144401429));
#4636 = CARTESIAN_POINT('',(62.250218842434,49.843573531875,
    204.38680182861));
#4637 = CARTESIAN_POINT('',(62.179348522402,49.783558266957,
    204.79216072216));
#4638 = CARTESIAN_POINT('',(62.108483151469,49.72354438456,
    205.19752069817));
#4639 = CARTESIAN_POINT('',(62.03762272207,49.663531914355,
    205.60288175892));
#4640 = CARTESIAN_POINT('',(61.966767226451,49.603520885456,
    206.00824390768));
#4641 = CARTESIAN_POINT('',(61.895916656936,49.54351132732,
    206.41360714702));
#4642 = CARTESIAN_POINT('',(61.789648180242,49.453499240183,
    207.02165364624));
#4643 = CARTESIAN_POINT('',(61.754226583978,49.423495586206,
    207.22433608604));
#4644 = CARTESIAN_POINT('',(61.718806215696,49.393492310898,
    207.42701879915));
#4645 = CARTESIAN_POINT('',(61.683387074643,49.363489418136,
    207.62970178694));
#4646 = CARTESIAN_POINT('',(61.647969158896,49.333486911261,
    207.83238504781));
#4647 = CARTESIAN_POINT('',(61.612552468393,49.303484794406,
    208.03506858476));
#4648 = CARTESIAN_POINT('',(61.57713700069,49.273483070766,
    208.23775239511));
#4649 = CARTESIAN_POINT('',(61.541722755851,49.243481744448,
    208.44043648193));
#4650 = CARTESIAN_POINT('',(61.506309731755,49.213480818825,
    208.64312084346));
#4651 = CARTESIAN_POINT('',(61.470897927841,49.183480297755,
    208.84580548128));
#4652 = CARTESIAN_POINT('',(61.43548734266,49.153480184843,
    209.04849039513));
#4653 = CARTESIAN_POINT('',(61.394048258154,49.11837195687,
    209.28569002112));
#4654 = CARTESIAN_POINT('',(61.388018582609,49.113263447536,
    209.32020442714));
#4655 = CARTESIAN_POINT('',(61.381988913351,49.108154925007,
    209.35471901223));
#4656 = CARTESIAN_POINT('',(61.375959268807,49.103046405073,
    209.38923366867));
#4657 = CARTESIAN_POINT('',(61.369929674194,49.097937909553,
    209.42374824806));
#4658 = CARTESIAN_POINT('',(61.363900143712,49.09282945083,
    209.45826266642));
#4659 = CARTESIAN_POINT('',(61.35787067703,49.087721028765,
    209.49277692513));
#4660 = CARTESIAN_POINT('',(61.351841261887,49.082612632911,
    209.5272910957));
#4661 = CARTESIAN_POINT('',(61.345811878521,49.077504246327,
    209.56180529384));
#4662 = CARTESIAN_POINT('',(61.339782503906,49.072395849227,
    209.59631965458));
#4663 = CARTESIAN_POINT('',(61.333753115001,49.067287421789,
    209.63083431314));
#4664 = CARTESIAN_POINT('',(61.327723690863,49.062178945984,
    209.66534939247));
#4665 = PCURVE('',#2711,#4666);
#4666 = DEFINITIONAL_REPRESENTATION('',(#4667),#4671);
#4667 = LINE('',#4668,#4669);
#4668 = CARTESIAN_POINT('',(79.999999987937,0.));
#4669 = VECTOR('',#4670,1.);
#4670 = DIRECTION('',(0.,1.));
#4671 = ( GEOMETRIC_REPRESENTATION_CONTEXT(2) 
PARAMETRIC_REPRESENTATION_CONTEXT() REPRESENTATION_CONTEXT('2D SPACE',''
  ) );
#4672 = PCURVE('',#4036,#4673);
#4673 = DEFINITIONAL_REPRESENTATION('',(#4674),#4678);
#4674 = LINE('',#4675,#4676);
#4675 = CARTESIAN_POINT('',(0.,0.));
#4676 = VECTOR('',#4677,1.);
#4677 = DIRECTION('',(0.,1.));
#4678 = ( GEOMETRIC_REPRESENTATION_CONTEXT(2) 
PARAMETRIC_REPRESENTATION_CONTEXT() REPRESENTATION_CONTEXT('2D SPACE',''
  ) );
#4679 = ORIENTED_EDGE('',*,*,#2691,.F.);
#4680 = ORIENTED_EDGE('',*,*,#4681,.F.);
#4681 = EDGE_CURVE('',#4682,#2669,#4684,.T.);
#4682 = VERTEX_POINT('',#4683);
#4683 = CARTESIAN_POINT('',(98.493212638732,-1.933413469153E-09,
    -3.89785136945E-08));
#4684 = SURFACE_CURVE('',#4685,(#4788,#4795),.PCURVE_S1.);
#4685 = B_SPLINE_CURVE_WITH_KNOTS('',11,(#4686,#4687,#4688,#4689,#4690,
    #4691,#4692,#4693,#4694,#4695,#4696,#4697,#4698,#4699,#4700,#4701,
    #4702,#4703,#4704,#4705,#4706,#4707,#4708,#4709,#4710,#4711,#4712,
    #4713,#4714,#4715,#4716,#4717,#4718,#4719,#4720,#4721,#4722,#4723,
    #4724,#4725,#4726,#4727,#4728,#4729,#4730,#4731,#4732,#4733,#4734,
    #4735,#4736,#4737,#4738,#4739,#4740,#4741,#4742,#4743,#4744,#4745,
    #4746,#4747,#4748,#4749,#4750,#4751,#4752,#4753,#4754,#4755,#4756,
    #4757,#4758,#4759,#4760,#4761,#4762,#4763,#4764,#4765,#4766,#4767,
    #4768,#4769,#4770,#4771,#4772,#4773,#4774,#4775,#4776,#4777,#4778,
    #4779,#4780,#4781,#4782,#4783,#4784,#4785,#4786,#4787),
  .UNSPECIFIED.,.F.,.F.,(12,10,10,10,10,10,10,10,10,10,12),(
    6.772076188737E-04,4.361278091292E-03,1.019232187845E-02,
    3.35164970271E-02,0.126813197622,0.5,0.873186802378,0.966483502973,
    0.989807678122,0.995638721909,1.),.UNSPECIFIED.);
#4686 = CARTESIAN_POINT('',(98.493212644883,-1.932461075415E-09,
    -1.035708799557E-07));
#4687 = CARTESIAN_POINT('',(98.486514359143,-1.928067081853E-09,
    7.033189670083E-02));
#4688 = CARTESIAN_POINT('',(98.479816036169,-1.929434499198E-09,
    0.140664287927));
#4689 = CARTESIAN_POINT('',(98.473117643394,-1.941602420562E-09,
    0.210997412068));
#4690 = CARTESIAN_POINT('',(98.466419335216,-1.940680074374E-09,
    0.281329647931));
#4691 = CARTESIAN_POINT('',(98.459721203138,-1.912509360223E-09,
    0.351660034757));
#4692 = CARTESIAN_POINT('',(98.453022894626,-1.911639063922E-09,
    0.421992274127));
#4693 = CARTESIAN_POINT('',(98.446324178987,-1.973765172791E-09,
    0.49232878834));
#4694 = CARTESIAN_POINT('',(98.439626355836,-1.897792373172E-09,
    0.562655931425));
#4695 = CARTESIAN_POINT('',(98.432927800135,-1.935170895227E-09,
    0.632990766286));
#4696 = CARTESIAN_POINT('',(98.426229539234,-1.926933443638E-09,
    0.703322505756));
#4697 = CARTESIAN_POINT('',(98.408929331485,-1.925259926268E-09,
    0.884974687075));
#4698 = CARTESIAN_POINT('',(98.398327433713,-1.924234362857E-09,
    0.996294613921));
#4699 = CARTESIAN_POINT('',(98.387725535845,-1.923208799447E-09,
    1.107614540766));
#4700 = CARTESIAN_POINT('',(98.377123638203,-1.922183236044E-09,
    1.218934467613));
#4701 = CARTESIAN_POINT('',(98.366521740175,-1.921157672637E-09,
    1.330254394458));
#4702 = CARTESIAN_POINT('',(98.355919842652,-1.920132109243E-09,
    1.441574321305));
#4703 = CARTESIAN_POINT('',(98.345317944613,-1.919106545841E-09,
    1.552894248149));
#4704 = CARTESIAN_POINT('',(98.334716046985,-1.91808098245E-09,
    1.664214174996));
#4705 = CARTESIAN_POINT('',(98.324114149107,-1.917055419057E-09,
    1.775534101841));
#4706 = CARTESIAN_POINT('',(98.313512251338,-1.916029855669E-09,
    1.886854028688));
#4707 = CARTESIAN_POINT('',(98.260502762357,-1.91090203874E-09,
    2.443453662916));
#4708 = CARTESIAN_POINT('',(98.218095171186,-1.906799785243E-09,
    2.8887333703));
#4709 = CARTESIAN_POINT('',(98.17568758,-1.90269753179E-09,
    3.334013077683));
#4710 = CARTESIAN_POINT('',(98.133279988819,-1.898595278385E-09,
    3.779292785066));
#4711 = CARTESIAN_POINT('',(98.090872397655,-1.894493025023E-09,
    4.22457249245));
#4712 = CARTESIAN_POINT('',(98.048464806447,-1.890390771711E-09,
    4.669852199832));
#4713 = CARTESIAN_POINT('',(98.006057215301,-1.88628851844E-09,
    5.115131907216));
#4714 = CARTESIAN_POINT('',(97.963649624093,-1.882186265219E-09,
    5.560411614599));
#4715 = CARTESIAN_POINT('',(97.921242032931,-1.878084012043E-09,
    6.005691321982));
#4716 = CARTESIAN_POINT('',(97.878834441746,-1.873981758913E-09,
    6.450971029365));
#4717 = CARTESIAN_POINT('',(97.666796485851,-1.853470493498E-09,
    8.677369566282));
#4718 = CARTESIAN_POINT('',(97.497166121128,-1.837061481911E-09,
    10.458488395814));
#4719 = CARTESIAN_POINT('',(97.327535756422,-1.820652471076E-09,
    12.239607225348));
#4720 = CARTESIAN_POINT('',(97.157905391689,-1.804243461006E-09,
    14.020726054879));
#4721 = CARTESIAN_POINT('',(96.988275026986,-1.787834451705E-09,
    15.801844884416));
#4722 = CARTESIAN_POINT('',(96.818644662258,-1.771425443188E-09,
    17.582963713943));
#4723 = CARTESIAN_POINT('',(96.649014297549,-1.755016435458E-09,
    19.364082543482));
#4724 = CARTESIAN_POINT('',(96.479383932825,-1.738607428529E-09,
    21.14520137301));
#4725 = CARTESIAN_POINT('',(96.309753568111,-1.722198422407E-09,
    22.926320202545));
#4726 = CARTESIAN_POINT('',(96.140123203393,-1.705789417103E-09,
    24.707439032078));
#4727 = CARTESIAN_POINT('',(95.291971379803,-1.623744394715E-09,
    33.613033179738));
#4728 = CARTESIAN_POINT('',(94.613449920951,-1.558108389732E-09,
    40.737508497893));
#4729 = CARTESIAN_POINT('',(93.93492846203,-1.492472398488E-09,
    47.861983815957));
#4730 = CARTESIAN_POINT('',(93.256407003259,-1.426836421802E-09,
    54.986459134222));
#4731 = CARTESIAN_POINT('',(92.577885544251,-1.361200460477E-09,
    62.11093445216));
#4732 = CARTESIAN_POINT('',(91.899364085525,-1.295564515339E-09,
    69.235409770504));
#4733 = CARTESIAN_POINT('',(91.220842626545,-1.229928587188E-09,
    76.359885088457));
#4734 = CARTESIAN_POINT('',(90.542321167738,-1.164292676848E-09,
    83.484360406704));
#4735 = CARTESIAN_POINT('',(89.863799708842,-1.098656785125E-09,
    90.608835724779));
#4736 = CARTESIAN_POINT('',(89.18527824998,-1.033020912836E-09,
    97.733311042931));
#4737 = CARTESIAN_POINT('',(87.828235332237,-9.017492087487E-10,
    111.98226167918));
#4738 = CARTESIAN_POINT('',(87.14971387338,-8.361133766708E-10,
    119.10673699734));
#4739 = CARTESIAN_POINT('',(86.471192414479,-7.704775660161E-10,
    126.23121231539));
#4740 = CARTESIAN_POINT('',(85.792670955661,-7.048417782434E-10,
    133.35568763366));
#4741 = CARTESIAN_POINT('',(85.114149496727,-6.392060148099E-10,
    140.48016295162));
#4742 = CARTESIAN_POINT('',(84.435628037921,-5.735702771742E-10,
    147.60463826992));
#4743 = CARTESIAN_POINT('',(83.757106579,-5.079345667944E-10,
    154.72911358793));
#4744 = CARTESIAN_POINT('',(83.078585120163,-4.422988851281E-10,
    161.85358890613));
#4745 = CARTESIAN_POINT('',(82.400063661278,-3.766632336338E-10,
    168.97806422424));
#4746 = CARTESIAN_POINT('',(81.721542202412,-3.110276137693E-10,
    176.10253954236));
#4747 = CARTESIAN_POINT('',(80.873390378827,-2.289831302987E-10,
    185.00813369004));
#4748 = CARTESIAN_POINT('',(80.703760014097,-2.125742357145E-10,
    186.78925251952));
#4749 = CARTESIAN_POINT('',(80.534129649418,-1.961653432745E-10,
    188.57037134922));
#4750 = CARTESIAN_POINT('',(80.364499284626,-1.797564530122E-10,
    190.35149017843));
#4751 = CARTESIAN_POINT('',(80.194868920012,-1.633475649623E-10,
    192.13260900842));
#4752 = CARTESIAN_POINT('',(80.025238555186,-1.469386791578E-10,
    193.91372783747));
#4753 = CARTESIAN_POINT('',(79.855608190556,-1.305297956337E-10,
    195.69484666739));
#4754 = CARTESIAN_POINT('',(79.685977825787,-1.141209144232E-10,
    197.47596549669));
#4755 = CARTESIAN_POINT('',(79.51634746109,-9.771203556079E-11,
    199.25708432632));
#4756 = CARTESIAN_POINT('',(79.346717096369,-8.130315908015E-11,
    201.03820315583));
#4757 = CARTESIAN_POINT('',(79.13467914047,-6.079206649918E-11,
    203.26460169274));
#4758 = CARTESIAN_POINT('',(79.092271549306,-5.668984813424E-11,
    203.70988140018));
#4759 = CARTESIAN_POINT('',(79.049863958075,-5.258762992111E-11,
    204.15516110736));
#4760 = CARTESIAN_POINT('',(79.007456367002,-4.848541186053E-11,
    204.60044081517));
#4761 = CARTESIAN_POINT('',(78.965048775666,-4.438319395279E-11,
    205.04572052192));
#4762 = CARTESIAN_POINT('',(78.922641184659,-4.02809761989E-11,
    205.49100023002));
#4763 = CARTESIAN_POINT('',(78.880233593336,-3.6178758599E-11,
    205.93627993678));
#4764 = CARTESIAN_POINT('',(78.837826002246,-3.207654115407E-11,
    206.38155964457));
#4765 = CARTESIAN_POINT('',(78.795418411029,-2.797432386445E-11,
    206.82683935177));
#4766 = CARTESIAN_POINT('',(78.753010819856,-2.387210673085E-11,
    207.27211905919));
#4767 = CARTESIAN_POINT('',(78.700001330887,-1.874433550957E-11,
    207.82871869344));
#4768 = CARTESIAN_POINT('',(78.689399433059,-1.771878127509E-11,
    207.94003862017));
#4769 = CARTESIAN_POINT('',(78.678797535373,-1.669322705044E-11,
    208.05135854738));
#4770 = CARTESIAN_POINT('',(78.668195637358,-1.566767283553E-11,
    208.16267847349));
#4771 = CARTESIAN_POINT('',(78.657593739885,-1.464211863055E-11,
    208.27399840141));
#4772 = CARTESIAN_POINT('',(78.646991841733,-1.361656443525E-11,
    208.38531832708));
#4773 = CARTESIAN_POINT('',(78.636389944245,-1.259101024993E-11,
    208.49663825492));
#4774 = CARTESIAN_POINT('',(78.625788046247,-1.156545607434E-11,
    208.60795818112));
#4775 = CARTESIAN_POINT('',(78.615186148552,-1.053990190867E-11,
    208.71927810827));
#4776 = CARTESIAN_POINT('',(78.604584250724,-9.514347752836E-12,
    208.83059803502));
#4777 = CARTESIAN_POINT('',(78.586052756408,-7.721739372441E-12,
    209.02517872545));
#4778 = CARTESIAN_POINT('',(78.578123228607,3.681416144418E-12,
    209.10843876725));
#4779 = CARTESIAN_POINT('',(78.570193199108,-6.254906472957E-11,
    209.19170407715));
#4780 = CARTESIAN_POINT('',(78.562264790448,1.22024483289E-10,
    209.27495236793));
#4781 = CARTESIAN_POINT('',(78.554333463331,-1.4499067162E-10,
    209.35823130275));
#4782 = CARTESIAN_POINT('',(78.546405086469,4.450029233839E-11,
    209.44147925978));
#4783 = CARTESIAN_POINT('',(78.538475461223,4.082447184765E-11,
    209.52474032485));
#4784 = CARTESIAN_POINT('',(78.530545373659,-3.438806421957E-11,
    209.60800624428));
#4785 = CARTESIAN_POINT('',(78.52261584876,-2.253755945379E-11,
    209.69126625571));
#4786 = CARTESIAN_POINT('',(78.514686542177,2.30938266013E-11,
    209.77452397484));
#4787 = CARTESIAN_POINT('',(78.506756780085,-1.756728164503E-12,
    209.85778647681));
#4788 = PCURVE('',#2711,#4789);
#4789 = DEFINITIONAL_REPRESENTATION('',(#4790),#4794);
#4790 = LINE('',#4791,#4792);
#4791 = CARTESIAN_POINT('',(-1.935461568792E-09,0.));
#4792 = VECTOR('',#4793,1.);
#4793 = DIRECTION('',(0.,1.));
#4794 = ( GEOMETRIC_REPRESENTATION_CONTEXT(2) 
PARAMETRIC_REPRESENTATION_CONTEXT() REPRESENTATION_CONTEXT('2D SPACE',''
  ) );
#4795 = PCURVE('',#2885,#4796);
#4796 = DEFINITIONAL_REPRESENTATION('',(#4797),#4801);
#4797 = LINE('',#4798,#4799);
#4798 = CARTESIAN_POINT('',(-1.935461568792E-09,0.));
#4799 = VECTOR('',#4800,1.);
#4800 = DIRECTION('',(0.,1.));
#4801 = ( GEOMETRIC_REPRESENTATION_CONTEXT(2) 
PARAMETRIC_REPRESENTATION_CONTEXT() REPRESENTATION_CONTEXT('2D SPACE',''
  ) );
#4802 = ORIENTED_EDGE('',*,*,#4803,.F.);
#4803 = EDGE_CURVE('',#4431,#4682,#4804,.T.);
#4804 = SURFACE_CURVE('',#4805,(#4857,#4912),.PCURVE_S1.);
#4805 = B_SPLINE_CURVE_WITH_KNOTS('',8,(#4806,#4807,#4808,#4809,#4810,
    #4811,#4812,#4813,#4814,#4815,#4816,#4817,#4818,#4819,#4820,#4821,
    #4822,#4823,#4824,#4825,#4826,#4827,#4828,#4829,#4830,#4831,#4832,
    #4833,#4834,#4835,#4836,#4837,#4838,#4839,#4840,#4841,#4842,#4843,
    #4844,#4845,#4846,#4847,#4848,#4849,#4850,#4851,#4852,#4853,#4854,
    #4855,#4856),.UNSPECIFIED.,.F.,.F.,(9,7,7,7,7,7,7,9),(0.,
    0.164956164929,0.171954300539,0.394924173016,0.621933522528,
    0.831958854534,0.852961955042,1.),.UNSPECIFIED.);
#4806 = CARTESIAN_POINT('',(98.458030096891,99.940997755152,0.));
#4807 = CARTESIAN_POINT('',(98.461421148618,97.46839655026,0.));
#4808 = CARTESIAN_POINT('',(98.464426702925,94.99587348923,0.));
#4809 = CARTESIAN_POINT('',(98.467081902514,92.523402888621,0.));
#4810 = CARTESIAN_POINT('',(98.469419119648,90.050963582297,0.));
#4811 = CARTESIAN_POINT('',(98.471467751903,87.578539049813,0.));
#4812 = CARTESIAN_POINT('',(98.473254017914,85.106117544805,0.));
#4813 = CARTESIAN_POINT('',(98.474800753124,82.633692223372,0.));
#4814 = CARTESIAN_POINT('',(98.476183479232,80.056370333174,0.));
#4815 = CARTESIAN_POINT('',(98.476239288868,79.951478890883,0.));
#4816 = CARTESIAN_POINT('',(98.476294804028,79.846586926225,0.));
#4817 = CARTESIAN_POINT('',(98.47635014484,79.741694465841,0.));
#4818 = CARTESIAN_POINT('',(98.476405381975,79.636801582383,0.));
#4819 = CARTESIAN_POINT('',(98.476460536643,79.531908394515,0.));
#4820 = CARTESIAN_POINT('',(98.476515580597,79.427015066913,0.));
#4821 = CARTESIAN_POINT('',(98.478318206029,75.980083679063,0.));
#4822 = CARTESIAN_POINT('',(98.479921880879,72.637909011929,0.));
#4823 = CARTESIAN_POINT('',(98.481389421101,69.295607269016,0.));
#4824 = CARTESIAN_POINT('',(98.482728926181,65.953187734307,0.));
#4825 = CARTESIAN_POINT('',(98.483948494816,62.610659479654,0.));
#4826 = CARTESIAN_POINT('',(98.485056085057,59.268031328818,0.));
#4827 = CARTESIAN_POINT('',(98.486059374453,55.925311821504,0.));
#4828 = CARTESIAN_POINT('',(98.487888284116,49.179145999441,0.));
#4829 = CARTESIAN_POINT('',(98.488710250557,45.775696670354,0.));
#4830 = CARTESIAN_POINT('',(98.489439408561,42.372169846357,0.));
#4831 = CARTESIAN_POINT('',(98.490082978075,38.968573892224,0.));
#4832 = CARTESIAN_POINT('',(98.490647509945,35.564916881288,0.));
#4833 = CARTESIAN_POINT('',(98.491138885917,32.161206595442,0.));
#4834 = CARTESIAN_POINT('',(98.491562318638,28.757450525136,0.));
#4835 = CARTESIAN_POINT('',(98.492255448309,22.204520804264,0.));
#4836 = CARTESIAN_POINT('',(98.492534164995,19.055352775504,0.));
#4837 = CARTESIAN_POINT('',(98.492762008067,15.906157453756,0.));
#4838 = CARTESIAN_POINT('',(98.492941794506,12.756940422688,0.));
#4839 = CARTESIAN_POINT('',(98.493075651927,9.607707178981,0.));
#4840 = CARTESIAN_POINT('',(98.493165018575,6.458463132327,0.));
#4841 = CARTESIAN_POINT('',(98.493210643326,3.309213605431,0.));
#4842 = CARTESIAN_POINT('',(98.493212779931,-0.154969649683,0.));
#4843 = CARTESIAN_POINT('',(98.493212359877,-0.469903781904,0.));
#4844 = CARTESIAN_POINT('',(98.493212977076,-0.784843172674,0.));
#4845 = CARTESIAN_POINT('',(98.493212360326,-1.099776549589,0.));
#4846 = CARTESIAN_POINT('',(98.493212768157,-1.414718718616,0.));
#4847 = CARTESIAN_POINT('',(98.493212604034,-1.729657289693,0.));
#4848 = CARTESIAN_POINT('',(98.493212635019,-2.044598929582,0.));
#4849 = CARTESIAN_POINT('',(98.493212635019,-4.564384608854,0.));
#4850 = CARTESIAN_POINT('',(98.493212635019,-6.769288927484,0.));
#4851 = CARTESIAN_POINT('',(98.493212635019,-8.974254457426,0.));
#4852 = CARTESIAN_POINT('',(98.493212635019,-11.17928119075,0.));
#4853 = CARTESIAN_POINT('',(98.493212635019,-13.38436911954,0.));
#4854 = CARTESIAN_POINT('',(98.493212635019,-15.58951823585,0.));
#4855 = CARTESIAN_POINT('',(98.493212635019,-17.79472853178,0.));
#4856 = CARTESIAN_POINT('',(98.493212635019,-19.9999999994,0.));
#4857 = PCURVE('',#2711,#4858);
#4858 = DEFINITIONAL_REPRESENTATION('',(#4859),#4911);
#4859 = B_SPLINE_CURVE_WITH_KNOTS('',8,(#4860,#4861,#4862,#4863,#4864,
    #4865,#4866,#4867,#4868,#4869,#4870,#4871,#4872,#4873,#4874,#4875,
    #4876,#4877,#4878,#4879,#4880,#4881,#4882,#4883,#4884,#4885,#4886,
    #4887,#4888,#4889,#4890,#4891,#4892,#4893,#4894,#4895,#4896,#4897,
    #4898,#4899,#4900,#4901,#4902,#4903,#4904,#4905,#4906,#4907,#4908,
    #4909,#4910),.UNSPECIFIED.,.F.,.F.,(9,7,7,7,7,7,7,9),(0.,
    0.164956164929,0.171954300539,0.394924173016,0.621933522528,
    0.831958854534,0.852961955042,1.),.UNSPECIFIED.);
#4860 = CARTESIAN_POINT('',(99.999999985405,1.656672143034E-03));
#4861 = CARTESIAN_POINT('',(97.525135213427,1.592385909541E-03));
#4862 = CARTESIAN_POINT('',(95.050191851557,1.532066948477E-03));
#4863 = CARTESIAN_POINT('',(92.575195667363,1.475856335909E-03));
#4864 = CARTESIAN_POINT('',(90.100167898488,1.423872364817E-03));
#4865 = CARTESIAN_POINT('',(87.625125124192,1.376213005465E-03));
#4866 = CARTESIAN_POINT('',(85.150079136887,1.332958365756E-03));
#4867 = CARTESIAN_POINT('',(82.675036813676,1.294173151605E-03));
#4868 = CARTESIAN_POINT('',(80.094998496405,1.258455503003E-03));
#4869 = CARTESIAN_POINT('',(79.989997507187,1.257012470949E-03));
#4870 = CARTESIAN_POINT('',(79.884997039646,1.255575589936E-03));
#4871 = CARTESIAN_POINT('',(79.779997067212,1.254141663205E-03));
#4872 = CARTESIAN_POINT('',(79.67499751734,1.252708738429E-03));
#4873 = CARTESIAN_POINT('',(79.569998271508,1.25127610772E-03));
#4874 = CARTESIAN_POINT('',(79.464999165219,1.249844307622E-03));
#4875 = CARTESIAN_POINT('',(76.01458708707,1.202879279843E-03));
#4876 = CARTESIAN_POINT('',(72.669310509947,1.159026093005E-03));
#4877 = CARTESIAN_POINT('',(69.324160829147,1.116943150453E-03));
#4878 = CARTESIAN_POINT('',(65.979128789671,1.076712065268E-03));
#4879 = CARTESIAN_POINT('',(62.634205344893,1.038408364664E-03));
#4880 = CARTESIAN_POINT('',(59.289381692426,1.002101382901E-03));
#4881 = CARTESIAN_POINT('',(55.94464931001,9.678541541912E-04));
#4882 = CARTESIAN_POINT('',(49.194756683263,9.030103522522E-04));
#4883 = CARTESIAN_POINT('',(45.789599452196,8.724913338203E-04));
#4884 = CARTESIAN_POINT('',(42.384519656278,8.44225831311E-04));
#4885 = CARTESIAN_POINT('',(38.979508942997,8.182669642978E-04));
#4886 = CARTESIAN_POINT('',(35.574559249236,7.946613909251E-04));
#4887 = CARTESIAN_POINT('',(32.169662801273,7.734493079079E-04));
#4888 = CARTESIAN_POINT('',(28.764812114783,7.54664450532E-04));
#4889 = CARTESIAN_POINT('',(22.209923588505,7.232255130183E-04));
#4890 = CARTESIAN_POINT('',(19.05988013052,7.102181035908E-04));
#4891 = CARTESIAN_POINT('',(15.90986395373,6.993335663506E-04));
#4892 = CARTESIAN_POINT('',(12.759869477562,6.905892706727E-04));
#4893 = CARTESIAN_POINT('',(9.609891208028,6.839982533271E-04));
#4894 = CARTESIAN_POINT('',(6.459923737716,6.795692184797E-04));
#4895 = CARTESIAN_POINT('',(3.309961745798,6.773065376916E-04));
#4896 = CARTESIAN_POINT('',(-0.155004685231,6.772006208824E-04));
#4897 = CARTESIAN_POINT('',(-0.470008719999,6.772214439571E-04));
#4898 = CARTESIAN_POINT('',(-0.785007497614,6.771908479526E-04));
#4899 = CARTESIAN_POINT('',(-1.100012287402,6.772214216687E-04));
#4900 = CARTESIAN_POINT('',(-1.415008287322,6.772012045467E-04));
#4901 = CARTESIAN_POINT('',(-1.730007884101,6.772093404834E-04));
#4902 = CARTESIAN_POINT('',(-2.045004412826,6.772078044858E-04));
#4903 = CARTESIAN_POINT('',(-4.565214204924,6.772078044857E-04));
#4904 = CARTESIAN_POINT('',(-6.77036719925,6.772078044858E-04));
#4905 = CARTESIAN_POINT('',(-8.975458988599,6.772078044858E-04));
#4906 = CARTESIAN_POINT('',(-11.18048957693,6.772078044858E-04));
#4907 = CARTESIAN_POINT('',(-13.38545896821,6.772078044857E-04));
#4908 = CARTESIAN_POINT('',(-15.59036716641,6.772078044857E-04));
#4909 = CARTESIAN_POINT('',(-17.79521417549,6.772078044856E-04));
#4910 = CARTESIAN_POINT('',(-19.9999999994,6.772078044856E-04));
#4911 = ( GEOMETRIC_REPRESENTATION_CONTEXT(2) 
PARAMETRIC_REPRESENTATION_CONTEXT() REPRESENTATION_CONTEXT('2D SPACE',''
  ) );
#4912 = PCURVE('',#4913,#4918);
#4913 = PLANE('',#4914);
#4914 = AXIS2_PLACEMENT_3D('',#4915,#4916,#4917);
#4915 = CARTESIAN_POINT('',(-80.,-80.,0.));
#4916 = DIRECTION('',(0.,0.,1.));
#4917 = DIRECTION('',(1.,0.,0.));
#4918 = DEFINITIONAL_REPRESENTATION('',(#4919),#4971);
#4919 = B_SPLINE_CURVE_WITH_KNOTS('',8,(#4920,#4921,#4922,#4923,#4924,
    #4925,#4926,#4927,#4928,#4929,#4930,#4931,#4932,#4933,#4934,#4935,
    #4936,#4937,#4938,#4939,#4940,#4941,#4942,#4943,#4944,#4945,#4946,
    #4947,#4948,#4949,#4950,#4951,#4952,#4953,#4954,#4955,#4956,#4957,
    #4958,#4959,#4960,#4961,#4962,#4963,#4964,#4965,#4966,#4967,#4968,
    #4969,#4970),.UNSPECIFIED.,.F.,.F.,(9,7,7,7,7,7,7,9),(0.,
    0.164956164929,0.171954300539,0.394924173016,0.621933522528,
    0.831958854534,0.852961955042,1.),.UNSPECIFIED.);
#4920 = CARTESIAN_POINT('',(178.45803009689,179.94099775515));
#4921 = CARTESIAN_POINT('',(178.46142114861,177.46839655026));
#4922 = CARTESIAN_POINT('',(178.46442670292,174.99587348923));
#4923 = CARTESIAN_POINT('',(178.46708190251,172.52340288862));
#4924 = CARTESIAN_POINT('',(178.46941911964,170.05096358229));
#4925 = CARTESIAN_POINT('',(178.4714677519,167.57853904981));
#4926 = CARTESIAN_POINT('',(178.47325401791,165.1061175448));
#4927 = CARTESIAN_POINT('',(178.47480075312,162.63369222337));
#4928 = CARTESIAN_POINT('',(178.47618347923,160.05637033317));
#4929 = CARTESIAN_POINT('',(178.47623928886,159.95147889088));
#4930 = CARTESIAN_POINT('',(178.47629480402,159.84658692622));
#4931 = CARTESIAN_POINT('',(178.47635014484,159.74169446584));
#4932 = CARTESIAN_POINT('',(178.47640538197,159.63680158238));
#4933 = CARTESIAN_POINT('',(178.47646053664,159.53190839451));
#4934 = CARTESIAN_POINT('',(178.47651558059,159.42701506691));
#4935 = CARTESIAN_POINT('',(178.47831820602,155.98008367906));
#4936 = CARTESIAN_POINT('',(178.47992188087,152.63790901193));
#4937 = CARTESIAN_POINT('',(178.4813894211,149.29560726901));
#4938 = CARTESIAN_POINT('',(178.48272892618,145.9531877343));
#4939 = CARTESIAN_POINT('',(178.48394849481,142.61065947965));
#4940 = CARTESIAN_POINT('',(178.48505608505,139.26803132881));
#4941 = CARTESIAN_POINT('',(178.48605937445,135.9253118215));
#4942 = CARTESIAN_POINT('',(178.48788828411,129.17914599944));
#4943 = CARTESIAN_POINT('',(178.48871025055,125.77569667035));
#4944 = CARTESIAN_POINT('',(178.48943940856,122.37216984635));
#4945 = CARTESIAN_POINT('',(178.49008297807,118.96857389222));
#4946 = CARTESIAN_POINT('',(178.49064750994,115.56491688128));
#4947 = CARTESIAN_POINT('',(178.49113888591,112.16120659544));
#4948 = CARTESIAN_POINT('',(178.49156231863,108.75745052513));
#4949 = CARTESIAN_POINT('',(178.4922554483,102.20452080426));
#4950 = CARTESIAN_POINT('',(178.49253416499,99.055352775504));
#4951 = CARTESIAN_POINT('',(178.49276200806,95.906157453757));
#4952 = CARTESIAN_POINT('',(178.4929417945,92.756940422689));
#4953 = CARTESIAN_POINT('',(178.49307565192,89.607707178982));
#4954 = CARTESIAN_POINT('',(178.49316501857,86.458463132327));
#4955 = CARTESIAN_POINT('',(178.49321064332,83.309213605432));
#4956 = CARTESIAN_POINT('',(178.49321277993,79.845030350318));
#4957 = CARTESIAN_POINT('',(178.49321235987,79.530096218097));
#4958 = CARTESIAN_POINT('',(178.49321297707,79.215156827327));
#4959 = CARTESIAN_POINT('',(178.49321236032,78.900223450412));
#4960 = CARTESIAN_POINT('',(178.49321276815,78.585281281385));
#4961 = CARTESIAN_POINT('',(178.49321260403,78.270342710308));
#4962 = CARTESIAN_POINT('',(178.49321263501,77.955401070418));
#4963 = CARTESIAN_POINT('',(178.49321263501,75.435615391147));
#4964 = CARTESIAN_POINT('',(178.49321263501,73.230711072517));
#4965 = CARTESIAN_POINT('',(178.49321263501,71.025745542574));
#4966 = CARTESIAN_POINT('',(178.49321263501,68.820718809247));
#4967 = CARTESIAN_POINT('',(178.49321263501,66.615630880461));
#4968 = CARTESIAN_POINT('',(178.49321263501,64.410481764143));
#4969 = CARTESIAN_POINT('',(178.49321263501,62.205271468215));
#4970 = CARTESIAN_POINT('',(178.49321263501,60.000000000599));
#4971 = ( GEOMETRIC_REPRESENTATION_CONTEXT(2) 
PARAMETRIC_REPRESENTATION_CONTEXT() REPRESENTATION_CONTEXT('2D SPACE',''
  ) );
#4972 = ADVANCED_FACE('',(#4973),#2885,.F.);
#4973 = FACE_BOUND('',#4974,.F.);
#4974 = EDGE_LOOP('',(#4975,#5085,#5086,#5087,#5181));
#4975 = ORIENTED_EDGE('',*,*,#4976,.F.);
#4976 = EDGE_CURVE('',#4682,#4977,#4979,.T.);
#4977 = VERTEX_POINT('',#4978);
#4978 = CARTESIAN_POINT('',(98.476493297936,-79.46938900951,0.));
#4979 = SURFACE_CURVE('',#4980,(#5013,#5049),.PCURVE_S1.);
#4980 = B_SPLINE_CURVE_WITH_KNOTS('',6,(#4981,#4982,#4983,#4984,#4985,
    #4986,#4987,#4988,#4989,#4990,#4991,#4992,#4993,#4994,#4995,#4996,
    #4997,#4998,#4999,#5000,#5001,#5002,#5003,#5004,#5005,#5006,#5007,
    #5008,#5009,#5010,#5011,#5012),.UNSPECIFIED.,.F.,.F.,(7,5,5,5,5,5,7)
  ,(0.,0.165040423752,0.17482672629,0.592860017094,0.832827865195,
    0.842825132937,1.),.UNSPECIFIED.);
#4981 = CARTESIAN_POINT('',(98.493212635019,19.999999997583,0.));
#4982 = CARTESIAN_POINT('',(98.493212635019,16.69963297418,0.));
#4983 = CARTESIAN_POINT('',(98.493212635019,13.399409810798,0.));
#4984 = CARTESIAN_POINT('',(98.493212635019,10.099330538805,0.));
#4985 = CARTESIAN_POINT('',(98.493212635019,6.799395189579,0.));
#4986 = CARTESIAN_POINT('',(98.493212635019,3.499603794511,0.));
#4987 = CARTESIAN_POINT('',(98.493212635019,4.299181229655E-03,0.));
#4988 = CARTESIAN_POINT('',(98.493212724988,-0.191357371904,0.));
#4989 = CARTESIAN_POINT('',(98.493212470161,-0.387012331152,0.));
#4990 = CARTESIAN_POINT('',(98.493212096887,-0.582669541335,0.));
#4991 = CARTESIAN_POINT('',(98.493211540933,-0.778325450451,0.));
#4992 = CARTESIAN_POINT('',(98.493179416187,-9.331663660096,0.));
#4993 = CARTESIAN_POINT('',(98.492824324615,-17.68933634633,0.));
#4994 = CARTESIAN_POINT('',(98.492144385681,-26.0468831041,0.));
#4995 = CARTESIAN_POINT('',(98.491080218763,-34.40418452846,0.));
#4996 = CARTESIAN_POINT('',(98.489528240689,-42.76110954808,0.));
#4997 = CARTESIAN_POINT('',(98.486106997638,-55.91441305733,0.));
#4998 = CARTESIAN_POINT('',(98.484654596769,-60.71114562235,0.));
#4999 = CARTESIAN_POINT('',(98.482972572801,-65.50767585829,0.));
#5000 = CARTESIAN_POINT('',(98.481033189233,-70.30397333387,0.));
#5001 = CARTESIAN_POINT('',(98.478807772843,-75.10000605415,0.));
#5002 = CARTESIAN_POINT('',(98.476162806254,-80.0955353869,0.));
#5003 = CARTESIAN_POINT('',(98.476056390922,-80.29531953476,0.));
#5004 = CARTESIAN_POINT('',(98.475947153978,-80.49511267811,0.));
#5005 = CARTESIAN_POINT('',(98.475837537448,-80.69489966692,0.));
#5006 = CARTESIAN_POINT('',(98.475725831343,-80.89469010135,0.));
#5007 = CARTESIAN_POINT('',(98.473833951904,-84.23551494243,0.));
#5008 = CARTESIAN_POINT('',(98.47167245159,-87.37654261511,0.));
#5009 = CARTESIAN_POINT('',(98.469079561499,-90.51756914047,0.));
#5010 = CARTESIAN_POINT('',(98.465992961473,-93.65862105082,0.));
#5011 = CARTESIAN_POINT('',(98.462338174023,-96.79974319948,0.));
#5012 = CARTESIAN_POINT('',(98.45803009688,-99.94099776924,0.));
#5013 = PCURVE('',#2885,#5014);
#5014 = DEFINITIONAL_REPRESENTATION('',(#5015),#5048);
#5015 = B_SPLINE_CURVE_WITH_KNOTS('',6,(#5016,#5017,#5018,#5019,#5020,
    #5021,#5022,#5023,#5024,#5025,#5026,#5027,#5028,#5029,#5030,#5031,
    #5032,#5033,#5034,#5035,#5036,#5037,#5038,#5039,#5040,#5041,#5042,
    #5043,#5044,#5045,#5046,#5047),.UNSPECIFIED.,.F.,.F.,(7,5,5,5,5,5,7)
  ,(0.,0.165040423752,0.17482672629,0.592860017094,0.832827865195,
    0.842825132937,1.),.UNSPECIFIED.);
#5016 = CARTESIAN_POINT('',(19.999999997581,6.772078044857E-04));
#5017 = CARTESIAN_POINT('',(16.700359779238,6.772078044857E-04));
#5018 = CARTESIAN_POINT('',(13.400575669186,6.772078044858E-04));
#5019 = CARTESIAN_POINT('',(10.100647651735,6.772078044858E-04));
#5020 = CARTESIAN_POINT('',(6.800575711192,6.772078044858E-04));
#5021 = CARTESIAN_POINT('',(3.500359831865,6.772078044858E-04));
#5022 = CARTESIAN_POINT('',(4.300550091941E-03,6.772078044858E-04));
#5023 = CARTESIAN_POINT('',(-0.191399548348,6.772033444841E-04));
#5024 = CARTESIAN_POINT('',(-0.387101240355,6.772159770125E-04));
#5025 = CARTESIAN_POINT('',(-0.582800681896,6.772344813413E-04));
#5026 = CARTESIAN_POINT('',(-0.778501424232,6.772620400572E-04));
#5027 = CARTESIAN_POINT('',(-9.333774238693,6.788543310864E-04));
#5028 = CARTESIAN_POINT('',(-17.69335590048,6.964312169011E-04));
#5029 = CARTESIAN_POINT('',(-26.05306346887,7.300081878073E-04));
#5030 = CARTESIAN_POINT('',(-34.41301628388,7.792617872175E-04));
#5031 = CARTESIAN_POINT('',(-42.77334528472,8.435373303702E-04));
#5032 = CARTESIAN_POINT('',(-55.93366835008,9.667577012821E-04));
#5033 = CARTESIAN_POINT('',(-60.73330860878,1.01631077779E-03));
#5034 = CARTESIAN_POINT('',(-65.53315100493,1.070287813072E-03));
#5035 = CARTESIAN_POINT('',(-70.33322590125,1.128457042613E-03));
#5036 = CARTESIAN_POINT('',(-75.13356520033,1.190547912825E-03));
#5037 = CARTESIAN_POINT('',(-80.13420054371,1.258989747749E-03));
#5038 = CARTESIAN_POINT('',(-80.33420477133,1.261745437636E-03));
#5039 = CARTESIAN_POINT('',(-80.5341996312,1.26455473897E-03));
#5040 = CARTESIAN_POINT('',(-80.73420216188,1.26737370083E-03));
#5041 = CARTESIAN_POINT('',(-80.93420222067,1.270234340388E-03));
#5042 = CARTESIAN_POINT('',(-84.27855289981,1.318547311924E-03));
#5043 = CARTESIAN_POINT('',(-87.42291205421,1.371607445378E-03));
#5044 = CARTESIAN_POINT('',(-90.56727206535,1.432171069707E-03));
#5045 = CARTESIAN_POINT('',(-93.71160629617,1.500053711943E-03));
#5046 = CARTESIAN_POINT('',(-96.85586973737,1.575001300262E-03));
#5047 = CARTESIAN_POINT('',(-99.99999999951,1.656672143238E-03));
#5048 = ( GEOMETRIC_REPRESENTATION_CONTEXT(2) 
PARAMETRIC_REPRESENTATION_CONTEXT() REPRESENTATION_CONTEXT('2D SPACE',''
  ) );
#5049 = PCURVE('',#4913,#5050);
#5050 = DEFINITIONAL_REPRESENTATION('',(#5051),#5084);
#5051 = B_SPLINE_CURVE_WITH_KNOTS('',6,(#5052,#5053,#5054,#5055,#5056,
    #5057,#5058,#5059,#5060,#5061,#5062,#5063,#5064,#5065,#5066,#5067,
    #5068,#5069,#5070,#5071,#5072,#5073,#5074,#5075,#5076,#5077,#5078,
    #5079,#5080,#5081,#5082,#5083),.UNSPECIFIED.,.F.,.F.,(7,5,5,5,5,5,7)
  ,(0.,0.165040423752,0.17482672629,0.592860017094,0.832827865195,
    0.842825132937,1.),.UNSPECIFIED.);
#5052 = CARTESIAN_POINT('',(178.49321263501,99.999999997583));
#5053 = CARTESIAN_POINT('',(178.49321263501,96.69963297418));
#5054 = CARTESIAN_POINT('',(178.49321263501,93.399409810798));
#5055 = CARTESIAN_POINT('',(178.49321263501,90.099330538805));
#5056 = CARTESIAN_POINT('',(178.49321263501,86.79939518958));
#5057 = CARTESIAN_POINT('',(178.49321263501,83.499603794512));
#5058 = CARTESIAN_POINT('',(178.49321263501,80.00429918123));
#5059 = CARTESIAN_POINT('',(178.49321272498,79.808642628097));
#5060 = CARTESIAN_POINT('',(178.49321247016,79.612987668848));
#5061 = CARTESIAN_POINT('',(178.49321209688,79.417330458666));
#5062 = CARTESIAN_POINT('',(178.49321154093,79.22167454955));
#5063 = CARTESIAN_POINT('',(178.49317941618,70.668336339905));
#5064 = CARTESIAN_POINT('',(178.49282432461,62.310663653667));
#5065 = CARTESIAN_POINT('',(178.49214438568,53.953116895898));
#5066 = CARTESIAN_POINT('',(178.49108021876,45.595815471538));
#5067 = CARTESIAN_POINT('',(178.48952824068,37.238890451911));
#5068 = CARTESIAN_POINT('',(178.48610699763,24.085586942671));
#5069 = CARTESIAN_POINT('',(178.48465459676,19.288854377642));
#5070 = CARTESIAN_POINT('',(178.4829725728,14.49232414171));
#5071 = CARTESIAN_POINT('',(178.48103318923,9.696026666121));
#5072 = CARTESIAN_POINT('',(178.47880777284,4.899993945849));
#5073 = CARTESIAN_POINT('',(178.47616280625,-9.553538690067E-02));
#5074 = CARTESIAN_POINT('',(178.47605639092,-0.295319534767));
#5075 = CARTESIAN_POINT('',(178.47594715397,-0.495112678114));
#5076 = CARTESIAN_POINT('',(178.47583753744,-0.694899666919));
#5077 = CARTESIAN_POINT('',(178.47572583134,-0.894690101349));
#5078 = CARTESIAN_POINT('',(178.4738339519,-4.235514942432));
#5079 = CARTESIAN_POINT('',(178.47167245159,-7.376542615115));
#5080 = CARTESIAN_POINT('',(178.46907956149,-10.51756914047));
#5081 = CARTESIAN_POINT('',(178.46599296147,-13.65862105082));
#5082 = CARTESIAN_POINT('',(178.46233817402,-16.79974319948));
#5083 = CARTESIAN_POINT('',(178.45803009688,-19.94099776923));
#5084 = ( GEOMETRIC_REPRESENTATION_CONTEXT(2) 
PARAMETRIC_REPRESENTATION_CONTEXT() REPRESENTATION_CONTEXT('2D SPACE',''
  ) );
#5085 = ORIENTED_EDGE('',*,*,#4681,.T.);
#5086 = ORIENTED_EDGE('',*,*,#2867,.F.);
#5087 = ORIENTED_EDGE('',*,*,#5088,.F.);
#5088 = EDGE_CURVE('',#5089,#2845,#5091,.T.);
#5089 = VERTEX_POINT('',#5090);
#5090 = CARTESIAN_POINT('',(98.476217727702,-79.96159034486,
    8.930468902207E-05));
#5091 = SURFACE_CURVE('',#5092,(#5167,#5174),.PCURVE_S1.);
#5092 = B_SPLINE_CURVE_WITH_KNOTS('',10,(#5093,#5094,#5095,#5096,#5097,
    #5098,#5099,#5100,#5101,#5102,#5103,#5104,#5105,#5106,#5107,#5108,
    #5109,#5110,#5111,#5112,#5113,#5114,#5115,#5116,#5117,#5118,#5119,
    #5120,#5121,#5122,#5123,#5124,#5125,#5126,#5127,#5128,#5129,#5130,
    #5131,#5132,#5133,#5134,#5135,#5136,#5137,#5138,#5139,#5140,#5141,
    #5142,#5143,#5144,#5145,#5146,#5147,#5148,#5149,#5150,#5151,#5152,
    #5153,#5154,#5155,#5156,#5157,#5158,#5159,#5160,#5161,#5162,#5163,
    #5164,#5165,#5166),.UNSPECIFIED.,.F.,.F.,(11,9,9,9,9,9,9,9,11),(
    1.257493653835E-03,8.868839282026E-03,3.225603741145E-02,
    0.125804829929,0.5,0.874195170071,0.967743962589,0.991131160718,1.),
  .UNSPECIFIED.);
#5093 = CARTESIAN_POINT('',(98.476217730392,-79.96159034675,
    8.928958677479E-05));
#5094 = CARTESIAN_POINT('',(98.447662031654,-79.93834157247,
    0.159872266947));
#5095 = CARTESIAN_POINT('',(98.419106400043,-79.91509238172,
    0.319655544974));
#5096 = CARTESIAN_POINT('',(98.390550644878,-79.89184261833,
    0.479440196742));
#5097 = CARTESIAN_POINT('',(98.361995107308,-79.86859255648,
    0.639224308427));
#5098 = CARTESIAN_POINT('',(98.333440344736,-79.84534264796,
    0.799004751576));
#5099 = CARTESIAN_POINT('',(98.304885624809,-79.82209230233,
    0.958785641371));
#5100 = CARTESIAN_POINT('',(98.276329054703,-79.79883998287,
    1.118577610841));
#5101 = CARTESIAN_POINT('',(98.247775483516,-79.77558961138,
    1.278353428049));
#5102 = CARTESIAN_POINT('',(98.21922034397,-79.75233749658,
    1.438138746341));
#5103 = CARTESIAN_POINT('',(98.102926614039,-79.65763891841,
    2.088883604596));
#5104 = CARTESIAN_POINT('',(98.015188727063,-79.58618899303,
    2.579845057013));
#5105 = CARTESIAN_POINT('',(97.927452070376,-79.51473553028,
    3.070806223542));
#5106 = CARTESIAN_POINT('',(97.839716655471,-79.44327851636,
    3.561767104299));
#5107 = CARTESIAN_POINT('',(97.751982494231,-79.37181793762,
    4.052727699399));
#5108 = CARTESIAN_POINT('',(97.664249597984,-79.30035378021,
    4.543688008957));
#5109 = CARTESIAN_POINT('',(97.57651797867,-79.2288860305,5.034648033089
    ));
#5110 = CARTESIAN_POINT('',(97.488787647702,-79.15741467466,
    5.52560777191));
#5111 = CARTESIAN_POINT('',(97.401058616844,-79.085939699,6.016567225536
    ));
#5112 = CARTESIAN_POINT('',(96.962420021059,-78.7285466528,
    8.471363068266));
#5113 = CARTESIAN_POINT('',(96.611529985456,-78.44257412646,
    10.435195161855));
#5114 = CARTESIAN_POINT('',(96.260661674656,-78.1565425812,
    12.399022699899));
#5115 = CARTESIAN_POINT('',(95.90981597231,-77.87045108745,
    14.362845707415));
#5116 = CARTESIAN_POINT('',(95.558993762335,-77.58429871571,
    16.326664209482));
#5117 = CARTESIAN_POINT('',(95.208195928247,-77.29808453638,
    18.290478231086));
#5118 = CARTESIAN_POINT('',(94.857423354019,-77.01180761996,
    20.254287797322));
#5119 = CARTESIAN_POINT('',(94.506676923223,-76.72546703687,
    22.218092933186));
#5120 = CARTESIAN_POINT('',(94.155957519703,-76.43906185759,
    24.181893663744));
#5121 = CARTESIAN_POINT('',(92.402500057001,-75.00670833241,
    34.000875415143));
#5122 = CARTESIAN_POINT('',(91.000183410175,-73.85977515939,
    41.855990945396));
#5123 = CARTESIAN_POINT('',(89.598380401819,-72.71173259485,
    49.711039657987));
#5124 = CARTESIAN_POINT('',(88.1971653653,-71.56251615141,
    57.566025617615));
#5125 = CARTESIAN_POINT('',(86.796624329891,-70.41205885764,
    65.420954623916));
#5126 = CARTESIAN_POINT('',(85.396856700821,-69.26029422493,
    73.275834936282));
#5127 = CARTESIAN_POINT('',(83.997976936295,-68.10715921148,
    81.13067799689));
#5128 = CARTESIAN_POINT('',(82.60011622761,-66.95259718922,
    88.98549915559));
#5129 = CARTESIAN_POINT('',(81.203424176723,-65.79656090839,
    96.840318393242));
#5130 = CARTESIAN_POINT('',(78.412716774275,-63.48147001887,
    112.55000369892));
#5131 = CARTESIAN_POINT('',(77.018700693576,-62.32241624676,
    120.40486975626));
#5132 = CARTESIAN_POINT('',(75.626192203331,-61.1618244116,
    128.25978534311));
#5133 = CARTESIAN_POINT('',(74.235377154505,-59.99967859014,
    136.1147813976));
#5134 = CARTESIAN_POINT('',(72.846460439544,-58.83598697389,
    143.96989570847));
#5135 = CARTESIAN_POINT('',(71.45966433463,-57.67079194893,
    151.82517406042));
#5136 = CARTESIAN_POINT('',(70.075222021349,-56.50417995241,
    159.68067048489));
#5137 = CARTESIAN_POINT('',(68.69336629085,-55.33629110691,
    167.53644661949));
#5138 = CARTESIAN_POINT('',(67.314313427291,-54.16732863142,
    175.39257017259));
#5139 = CARTESIAN_POINT('',(65.594224484769,-52.70512787951,
    185.21324807698));
#5140 = CARTESIAN_POINT('',(65.250392972338,-52.41263779023,
    187.17740980857));
#5141 = CARTESIAN_POINT('',(64.906750612087,-52.12010203882,
    189.14159881632));
#5142 = CARTESIAN_POINT('',(64.563300061624,-51.82752515727,
    191.10581622317));
#5143 = CARTESIAN_POINT('',(64.220043760018,-51.53491193277,
    193.07006314945));
#5144 = CARTESIAN_POINT('',(63.876983927827,-51.24226740766,
    195.03434071293));
#5145 = CARTESIAN_POINT('',(63.534122567105,-50.94959687957,
    196.99865002883));
#5146 = CARTESIAN_POINT('',(63.19146146136,-50.65690590126,
    198.96299220981));
#5147 = CARTESIAN_POINT('',(62.849002175607,-50.36420028073,
    200.92736836591));
#5148 = CARTESIAN_POINT('',(62.421182026511,-49.99830753126,
    203.38288241438));
#5149 = CARTESIAN_POINT('',(62.335630696061,-49.92512844007,
    203.87398741625));
#5150 = CARTESIAN_POINT('',(62.250092080457,-49.85194890504,
    204.36509462709));
#5151 = CARTESIAN_POINT('',(62.164566195143,-49.77876902351,
    204.85620406337));
#5152 = CARTESIAN_POINT('',(62.079053055603,-49.70558889298,
    205.34731574209));
#5153 = CARTESIAN_POINT('',(61.993552677302,-49.63240861077,
    205.83842967965));
#5154 = CARTESIAN_POINT('',(61.90806507568,-49.55922827436,
    206.32954589292));
#5155 = CARTESIAN_POINT('',(61.82259026624,-49.48604798113,
    206.82066439853));
#5156 = CARTESIAN_POINT('',(61.737128264414,-49.41286782851,
    207.31178521317));
#5157 = CARTESIAN_POINT('',(61.619275245401,-49.31193679562,
    207.98915093702));
#5158 = CARTESIAN_POINT('',(61.586872733663,-49.28418528161,
    208.17539680119));
#5159 = CARTESIAN_POINT('',(61.554474791216,-49.25643608766,
    208.36162739906));
#5160 = CARTESIAN_POINT('',(61.522072589897,-49.22868183452,
    208.5478932698));
#5161 = CARTESIAN_POINT('',(61.489679248662,-49.20093349965,
    208.7341193239));
#5162 = CARTESIAN_POINT('',(61.457284252949,-49.17318229513,
    208.92036574676));
#5163 = CARTESIAN_POINT('',(61.424890476311,-49.14543062803,
    209.10661609944));
#5164 = CARTESIAN_POINT('',(61.392499745822,-49.117680032,
    209.29285992573));
#5165 = CARTESIAN_POINT('',(61.360111203112,-49.08992979476,
    209.47910214063));
#5166 = CARTESIAN_POINT('',(61.327723693875,-49.06217895601,
    209.66534935545));
#5167 = PCURVE('',#2885,#5168);
#5168 = DEFINITIONAL_REPRESENTATION('',(#5169),#5173);
#5169 = LINE('',#5170,#5171);
#5170 = CARTESIAN_POINT('',(-80.,0.));
#5171 = VECTOR('',#5172,1.);
#5172 = DIRECTION('',(0.,1.));
#5173 = ( GEOMETRIC_REPRESENTATION_CONTEXT(2) 
PARAMETRIC_REPRESENTATION_CONTEXT() REPRESENTATION_CONTEXT('2D SPACE',''
  ) );
#5174 = PCURVE('',#3038,#5175);
#5175 = DEFINITIONAL_REPRESENTATION('',(#5176),#5180);
#5176 = LINE('',#5177,#5178);
#5177 = CARTESIAN_POINT('',(6.28318530718,0.));
#5178 = VECTOR('',#5179,1.);
#5179 = DIRECTION('',(0.,1.));
#5180 = ( GEOMETRIC_REPRESENTATION_CONTEXT(2) 
PARAMETRIC_REPRESENTATION_CONTEXT() REPRESENTATION_CONTEXT('2D SPACE',''
  ) );
#5181 = ORIENTED_EDGE('',*,*,#5182,.F.);
#5182 = EDGE_CURVE('',#4977,#5089,#5183,.T.);
#5183 = SURFACE_CURVE('',#5184,(#5217,#5253),.PCURVE_S1.);
#5184 = B_SPLINE_CURVE_WITH_KNOTS('',6,(#5185,#5186,#5187,#5188,#5189,
    #5190,#5191,#5192,#5193,#5194,#5195,#5196,#5197,#5198,#5199,#5200,
    #5201,#5202,#5203,#5204,#5205,#5206,#5207,#5208,#5209,#5210,#5211,
    #5212,#5213,#5214,#5215,#5216),.UNSPECIFIED.,.F.,.F.,(7,5,5,5,5,5,7)
  ,(0.,0.165040423752,0.17482672629,0.592860017094,0.832827865195,
    0.842825132937,1.),.UNSPECIFIED.);
#5185 = CARTESIAN_POINT('',(98.493212635019,19.999999997583,0.));
#5186 = CARTESIAN_POINT('',(98.493212635019,16.69963297418,0.));
#5187 = CARTESIAN_POINT('',(98.493212635019,13.399409810798,0.));
#5188 = CARTESIAN_POINT('',(98.493212635019,10.099330538805,0.));
#5189 = CARTESIAN_POINT('',(98.493212635019,6.799395189579,0.));
#5190 = CARTESIAN_POINT('',(98.493212635019,3.499603794511,0.));
#5191 = CARTESIAN_POINT('',(98.493212635019,4.299181229655E-03,0.));
#5192 = CARTESIAN_POINT('',(98.493212724988,-0.191357371904,0.));
#5193 = CARTESIAN_POINT('',(98.493212470161,-0.387012331152,0.));
#5194 = CARTESIAN_POINT('',(98.493212096887,-0.582669541335,0.));
#5195 = CARTESIAN_POINT('',(98.493211540933,-0.778325450451,0.));
#5196 = CARTESIAN_POINT('',(98.493179416187,-9.331663660096,0.));
#5197 = CARTESIAN_POINT('',(98.492824324615,-17.68933634633,0.));
#5198 = CARTESIAN_POINT('',(98.492144385681,-26.0468831041,0.));
#5199 = CARTESIAN_POINT('',(98.491080218763,-34.40418452846,0.));
#5200 = CARTESIAN_POINT('',(98.489528240689,-42.76110954808,0.));
#5201 = CARTESIAN_POINT('',(98.486106997638,-55.91441305733,0.));
#5202 = CARTESIAN_POINT('',(98.484654596769,-60.71114562235,0.));
#5203 = CARTESIAN_POINT('',(98.482972572801,-65.50767585829,0.));
#5204 = CARTESIAN_POINT('',(98.481033189233,-70.30397333387,0.));
#5205 = CARTESIAN_POINT('',(98.478807772843,-75.10000605415,0.));
#5206 = CARTESIAN_POINT('',(98.476162806254,-80.0955353869,0.));
#5207 = CARTESIAN_POINT('',(98.476056390922,-80.29531953476,0.));
#5208 = CARTESIAN_POINT('',(98.475947153978,-80.49511267811,0.));
#5209 = CARTESIAN_POINT('',(98.475837537448,-80.69489966692,0.));
#5210 = CARTESIAN_POINT('',(98.475725831343,-80.89469010135,0.));
#5211 = CARTESIAN_POINT('',(98.473833951904,-84.23551494243,0.));
#5212 = CARTESIAN_POINT('',(98.47167245159,-87.37654261511,0.));
#5213 = CARTESIAN_POINT('',(98.469079561499,-90.51756914047,0.));
#5214 = CARTESIAN_POINT('',(98.465992961473,-93.65862105082,0.));
#5215 = CARTESIAN_POINT('',(98.462338174023,-96.79974319948,0.));
#5216 = CARTESIAN_POINT('',(98.45803009688,-99.94099776924,0.));
#5217 = PCURVE('',#2885,#5218);
#5218 = DEFINITIONAL_REPRESENTATION('',(#5219),#5252);
#5219 = B_SPLINE_CURVE_WITH_KNOTS('',6,(#5220,#5221,#5222,#5223,#5224,
    #5225,#5226,#5227,#5228,#5229,#5230,#5231,#5232,#5233,#5234,#5235,
    #5236,#5237,#5238,#5239,#5240,#5241,#5242,#5243,#5244,#5245,#5246,
    #5247,#5248,#5249,#5250,#5251),.UNSPECIFIED.,.F.,.F.,(7,5,5,5,5,5,7)
  ,(0.,0.165040423752,0.17482672629,0.592860017094,0.832827865195,
    0.842825132937,1.),.UNSPECIFIED.);
#5220 = CARTESIAN_POINT('',(19.999999997581,6.772078044857E-04));
#5221 = CARTESIAN_POINT('',(16.700359779238,6.772078044857E-04));
#5222 = CARTESIAN_POINT('',(13.400575669186,6.772078044858E-04));
#5223 = CARTESIAN_POINT('',(10.100647651735,6.772078044858E-04));
#5224 = CARTESIAN_POINT('',(6.800575711192,6.772078044858E-04));
#5225 = CARTESIAN_POINT('',(3.500359831865,6.772078044858E-04));
#5226 = CARTESIAN_POINT('',(4.300550091941E-03,6.772078044858E-04));
#5227 = CARTESIAN_POINT('',(-0.191399548348,6.772033444841E-04));
#5228 = CARTESIAN_POINT('',(-0.387101240355,6.772159770125E-04));
#5229 = CARTESIAN_POINT('',(-0.582800681896,6.772344813413E-04));
#5230 = CARTESIAN_POINT('',(-0.778501424232,6.772620400572E-04));
#5231 = CARTESIAN_POINT('',(-9.333774238693,6.788543310864E-04));
#5232 = CARTESIAN_POINT('',(-17.69335590048,6.964312169011E-04));
#5233 = CARTESIAN_POINT('',(-26.05306346887,7.300081878073E-04));
#5234 = CARTESIAN_POINT('',(-34.41301628388,7.792617872175E-04));
#5235 = CARTESIAN_POINT('',(-42.77334528472,8.435373303702E-04));
#5236 = CARTESIAN_POINT('',(-55.93366835008,9.667577012821E-04));
#5237 = CARTESIAN_POINT('',(-60.73330860878,1.01631077779E-03));
#5238 = CARTESIAN_POINT('',(-65.53315100493,1.070287813072E-03));
#5239 = CARTESIAN_POINT('',(-70.33322590125,1.128457042613E-03));
#5240 = CARTESIAN_POINT('',(-75.13356520033,1.190547912825E-03));
#5241 = CARTESIAN_POINT('',(-80.13420054371,1.258989747749E-03));
#5242 = CARTESIAN_POINT('',(-80.33420477133,1.261745437636E-03));
#5243 = CARTESIAN_POINT('',(-80.5341996312,1.26455473897E-03));
#5244 = CARTESIAN_POINT('',(-80.73420216188,1.26737370083E-03));
#5245 = CARTESIAN_POINT('',(-80.93420222067,1.270234340388E-03));
#5246 = CARTESIAN_POINT('',(-84.27855289981,1.318547311924E-03));
#5247 = CARTESIAN_POINT('',(-87.42291205421,1.371607445378E-03));
#5248 = CARTESIAN_POINT('',(-90.56727206535,1.432171069707E-03));
#5249 = CARTESIAN_POINT('',(-93.71160629617,1.500053711943E-03));
#5250 = CARTESIAN_POINT('',(-96.85586973737,1.575001300262E-03));
#5251 = CARTESIAN_POINT('',(-99.99999999951,1.656672143238E-03));
#5252 = ( GEOMETRIC_REPRESENTATION_CONTEXT(2) 
PARAMETRIC_REPRESENTATION_CONTEXT() REPRESENTATION_CONTEXT('2D SPACE',''
  ) );
#5253 = PCURVE('',#4378,#5254);
#5254 = DEFINITIONAL_REPRESENTATION('',(#5255),#5260);
#5255 = B_SPLINE_CURVE_WITH_KNOTS('',3,(#5256,#5257,#5258,#5259),
  .UNSPECIFIED.,.F.,.F.,(4,4),(0.829272257245,0.833377028226),
  .PIECEWISE_BEZIER_KNOTS.);
#5256 = CARTESIAN_POINT('',(6.234696858499,0.));
#5257 = CARTESIAN_POINT('',(6.226493473546,0.));
#5258 = CARTESIAN_POINT('',(6.218352183448,0.));
#5259 = CARTESIAN_POINT('',(6.210148930652,0.));
#5260 = ( GEOMETRIC_REPRESENTATION_CONTEXT(2) 
PARAMETRIC_REPRESENTATION_CONTEXT() REPRESENTATION_CONTEXT('2D SPACE',''
  ) );
#5261 = ADVANCED_FACE('',(#5262),#3038,.F.);
#5262 = FACE_BOUND('',#5263,.F.);
#5263 = EDGE_LOOP('',(#5264,#5847,#5848,#5849));
#5264 = ORIENTED_EDGE('',*,*,#5265,.F.);
#5265 = EDGE_CURVE('',#5089,#5266,#5268,.T.);
#5266 = VERTEX_POINT('',#5267);
#5267 = CARTESIAN_POINT('',(79.961471799803,-98.47623374769,
    9.053932770176E-08));
#5268 = SURFACE_CURVE('',#5269,(#5321,#5787),.PCURVE_S1.);
#5269 = B_SPLINE_CURVE_WITH_KNOTS('',8,(#5270,#5271,#5272,#5273,#5274,
    #5275,#5276,#5277,#5278,#5279,#5280,#5281,#5282,#5283,#5284,#5285,
    #5286,#5287,#5288,#5289,#5290,#5291,#5292,#5293,#5294,#5295,#5296,
    #5297,#5298,#5299,#5300,#5301,#5302,#5303,#5304,#5305,#5306,#5307,
    #5308,#5309,#5310,#5311,#5312,#5313,#5314,#5315,#5316,#5317,#5318,
    #5319,#5320),.UNSPECIFIED.,.F.,.F.,(9,7,7,7,7,7,7,9),(0.,
    0.175371747331,0.181959296668,0.286561133009,0.503384788651,
    0.828200699612,0.838531114218,1.),.UNSPECIFIED.);
#5270 = CARTESIAN_POINT('',(98.482007695293,-72.11349814699,0.));
#5271 = CARTESIAN_POINT('',(98.48104563225,-73.09058802692,0.));
#5272 = CARTESIAN_POINT('',(98.480137857923,-74.06767792542,0.));
#5273 = CARTESIAN_POINT('',(98.479293146667,-75.04476781308,0.));
#5274 = CARTESIAN_POINT('',(98.478519201275,-76.02185766451,0.));
#5275 = CARTESIAN_POINT('',(98.477822652974,-76.99894745836,0.));
#5276 = CARTESIAN_POINT('',(98.47720906143,-77.97603717727,0.));
#5277 = CARTESIAN_POINT('',(98.476682914742,-78.95312680791,0.));
#5278 = CARTESIAN_POINT('',(98.476231278675,-79.96691909157,0.));
#5279 = CARTESIAN_POINT('',(98.476195156233,-80.00361510213,0.));
#5280 = CARTESIAN_POINT('',(98.476100584602,-80.04030806205,0.));
#5281 = CARTESIAN_POINT('',(98.475921172941,-80.07700043656,0.));
#5282 = CARTESIAN_POINT('',(98.475642817084,-80.11369346675,0.));
#5283 = CARTESIAN_POINT('',(98.475263699539,-80.15038716953,0.));
#5284 = CARTESIAN_POINT('',(98.47479428949,-80.18708033765,0.));
#5285 = CARTESIAN_POINT('',(98.465731317814,-80.80636390103,0.));
#5286 = CARTESIAN_POINT('',(98.436208089958,-81.38865424389,0.));
#5287 = CARTESIAN_POINT('',(98.385707700075,-81.96975312099,0.));
#5288 = CARTESIAN_POINT('',(98.314294398561,-82.5487790635,0.));
#5289 = CARTESIAN_POINT('',(98.222076418549,-83.12485767526,0.));
#5290 = CARTESIAN_POINT('',(98.109205749099,-83.69712172707,0.));
#5291 = CARTESIAN_POINT('',(97.975877908382,-84.26471125091,0.));
#5292 = CARTESIAN_POINT('',(97.504053876654,-85.99184324401,0.));
#5293 = CARTESIAN_POINT('',(97.098862044024,-87.13332025929,0.));
#5294 = CARTESIAN_POINT('',(96.608895755187,-88.243441264,0.));
#5295 = CARTESIAN_POINT('',(96.037096110451,-89.3149026298,0.));
#5296 = CARTESIAN_POINT('',(95.3870892625,-90.34080127118,0.));
#5297 = CARTESIAN_POINT('',(94.663143092961,-91.31461778815,0.));
#5298 = CARTESIAN_POINT('',(93.870197077273,-92.23024199621,0.));
#5299 = CARTESIAN_POINT('',(91.731274611101,-94.35809081067,0.));
#5300 = CARTESIAN_POINT('',(90.305521843598,-95.49193550723,0.));
#5301 = CARTESIAN_POINT('',(88.756224006888,-96.46353911149,0.));
#5302 = CARTESIAN_POINT('',(87.105229514379,-97.2577325964,0.));
#5303 = CARTESIAN_POINT('',(85.375861670239,-97.86260141106,0.));
#5304 = CARTESIAN_POINT('',(83.592970887966,-98.26978486197,0.));
#5305 = CARTESIAN_POINT('',(81.782778563679,-98.47426331353,0.));
#5306 = CARTESIAN_POINT('',(79.915904154035,-98.47628703555,0.));
#5307 = CARTESIAN_POINT('',(79.857133917035,-98.47625196326,0.));
#5308 = CARTESIAN_POINT('',(79.797934925014,-98.47629215126,0.));
#5309 = CARTESIAN_POINT('',(79.73878522711,-98.47635354123,0.));
#5310 = CARTESIAN_POINT('',(79.679907442043,-98.47637401582,0.));
#5311 = CARTESIAN_POINT('',(79.621295695675,-98.47637369596,0.));
#5312 = CARTESIAN_POINT('',(79.562705274407,-98.47641682506,0.));
#5313 = CARTESIAN_POINT('',(78.579841842615,-98.47688938201,0.));
#5314 = CARTESIAN_POINT('',(77.656078606338,-98.47741369109,0.));
#5315 = CARTESIAN_POINT('',(76.732315294484,-98.47801503611,0.));
#5316 = CARTESIAN_POINT('',(75.808551919111,-98.47868942861,0.));
#5317 = CARTESIAN_POINT('',(74.884788495459,-98.47943202309,0.));
#5318 = CARTESIAN_POINT('',(73.961025041947,-98.48023711697,0.));
#5319 = CARTESIAN_POINT('',(73.037261580176,-98.48109815062,0.));
#5320 = CARTESIAN_POINT('',(72.113498134928,-98.48200770734,0.));
#5321 = PCURVE('',#3038,#5322);
#5322 = DEFINITIONAL_REPRESENTATION('',(#5323),#5786);
#5323 = B_SPLINE_CURVE_WITH_KNOTS('',11,(#5324,#5325,#5326,#5327,#5328,
    #5329,#5330,#5331,#5332,#5333,#5334,#5335,#5336,#5337,#5338,#5339,
    #5340,#5341,#5342,#5343,#5344,#5345,#5346,#5347,#5348,#5349,#5350,
    #5351,#5352,#5353,#5354,#5355,#5356,#5357,#5358,#5359,#5360,#5361,
    #5362,#5363,#5364,#5365,#5366,#5367,#5368,#5369,#5370,#5371,#5372,
    #5373,#5374,#5375,#5376,#5377,#5378,#5379,#5380,#5381,#5382,#5383,
    #5384,#5385,#5386,#5387,#5388,#5389,#5390,#5391,#5392,#5393,#5394,
    #5395,#5396,#5397,#5398,#5399,#5400,#5401,#5402,#5403,#5404,#5405,
    #5406,#5407,#5408,#5409,#5410,#5411,#5412,#5413,#5414,#5415,#5416,
    #5417,#5418,#5419,#5420,#5421,#5422,#5423,#5424,#5425,#5426,#5427,
    #5428,#5429,#5430,#5431,#5432,#5433,#5434,#5435,#5436,#5437,#5438,
    #5439,#5440,#5441,#5442,#5443,#5444,#5445,#5446,#5447,#5448,#5449,
    #5450,#5451,#5452,#5453,#5454,#5455,#5456,#5457,#5458,#5459,#5460,
    #5461,#5462,#5463,#5464,#5465,#5466,#5467,#5468,#5469,#5470,#5471,
    #5472,#5473,#5474,#5475,#5476,#5477,#5478,#5479,#5480,#5481,#5482,
    #5483,#5484,#5485,#5486,#5487,#5488,#5489,#5490,#5491,#5492,#5493,
    #5494,#5495,#5496,#5497,#5498,#5499,#5500,#5501,#5502,#5503,#5504,
    #5505,#5506,#5507,#5508,#5509,#5510,#5511,#5512,#5513,#5514,#5515,
    #5516,#5517,#5518,#5519,#5520,#5521,#5522,#5523,#5524,#5525,#5526,
    #5527,#5528,#5529,#5530,#5531,#5532,#5533,#5534,#5535,#5536,#5537,
    #5538,#5539,#5540,#5541,#5542,#5543,#5544,#5545,#5546,#5547,#5548,
    #5549,#5550,#5551,#5552,#5553,#5554,#5555,#5556,#5557,#5558,#5559,
    #5560,#5561,#5562,#5563,#5564,#5565,#5566,#5567,#5568,#5569,#5570,
    #5571,#5572,#5573,#5574,#5575,#5576,#5577,#5578,#5579,#5580,#5581,
    #5582,#5583,#5584,#5585,#5586,#5587,#5588,#5589,#5590,#5591,#5592,
    #5593,#5594,#5595,#5596,#5597,#5598,#5599,#5600,#5601,#5602,#5603,
    #5604,#5605,#5606,#5607,#5608,#5609,#5610,#5611,#5612,#5613,#5614,
    #5615,#5616,#5617,#5618,#5619,#5620,#5621,#5622,#5623,#5624,#5625,
    #5626,#5627,#5628,#5629,#5630,#5631,#5632,#5633,#5634,#5635,#5636,
    #5637,#5638,#5639,#5640,#5641,#5642,#5643,#5644,#5645,#5646,#5647,
    #5648,#5649,#5650,#5651,#5652,#5653,#5654,#5655,#5656,#5657,#5658,
    #5659,#5660,#5661,#5662,#5663,#5664,#5665,#5666,#5667,#5668,#5669,
    #5670,#5671,#5672,#5673,#5674,#5675,#5676,#5677,#5678,#5679,#5680,
    #5681,#5682,#5683,#5684,#5685,#5686,#5687,#5688,#5689,#5690,#5691,
    #5692,#5693,#5694,#5695,#5696,#5697,#5698,#5699,#5700,#5701,#5702,
    #5703,#5704,#5705,#5706,#5707,#5708,#5709,#5710,#5711,#5712,#5713,
    #5714,#5715,#5716,#5717,#5718,#5719,#5720,#5721,#5722,#5723,#5724,
    #5725,#5726,#5727,#5728,#5729,#5730,#5731,#5732,#5733,#5734,#5735,
    #5736,#5737,#5738,#5739,#5740,#5741,#5742,#5743,#5744,#5745,#5746,
    #5747,#5748,#5749,#5750,#5751,#5752,#5753,#5754,#5755,#5756,#5757,
    #5758,#5759,#5760,#5761,#5762,#5763,#5764,#5765,#5766,#5767,#5768,
    #5769,#5770,#5771,#5772,#5773,#5774,#5775,#5776,#5777,#5778,#5779,
    #5780,#5781,#5782,#5783,#5784,#5785),.UNSPECIFIED.,.F.,.F.,(12,10,10
    ,10,10,10,10,10,10,10,10,10,10,10,10,10,10,10,10,10,10,10,10,10,10,
    10,10,10,10,10,10,10,10,10,10,10,10,10,10,10,10,10,10,10,10,10,12),(
    0.,0.125,0.15625,0.171875,0.173828125,0.1748046875,0.17529296875,
    0.175415039062,0.175537109375,0.17578125,0.1796875,0.181640625,
    0.181884765625,0.18212890625,0.1826171875,0.18359375,0.1875,0.25,
    0.28125,0.296875,0.3125,0.375,0.5,0.5078125,0.515625,0.53125,0.5625,
    0.625,0.75,0.8125,0.828125,0.828186035156,0.828247070312,
    0.828369140625,0.82861328125,0.8291015625,0.830078125,0.83203125,
    0.8359375,0.837890625,0.83837890625,0.838623046875,0.8388671875,
    0.83984375,0.84375,0.875,1.),.UNSPECIFIED.);
#5324 = CARTESIAN_POINT('',(6.675884388787,1.097426020728E-03));
#5325 = CARTESIAN_POINT('',(6.650543418384,1.112325010938E-03));
#5326 = CARTESIAN_POINT('',(6.625202262121,1.126563441461E-03));
#5327 = CARTESIAN_POINT('',(6.599860854005,1.140143519517E-03));
#5328 = CARTESIAN_POINT('',(6.574519083787,1.153067355853E-03));
#5329 = CARTESIAN_POINT('',(6.549176899248,1.165336931285E-03));
#5330 = CARTESIAN_POINT('',(6.523834263385,1.176954111935E-03));
#5331 = CARTESIAN_POINT('',(6.498491109085,1.187920664417E-03));
#5332 = CARTESIAN_POINT('',(6.473147355732,1.198238249531E-03));
#5333 = CARTESIAN_POINT('',(6.447802972932,1.207908399935E-03));
#5334 = CARTESIAN_POINT('',(6.422457998428,1.216932514601E-03));
#5335 = CARTESIAN_POINT('',(6.390775923076,1.227406783628E-03));
#5336 = CARTESIAN_POINT('',(6.38443946633,1.229461343321E-03));
#5337 = CARTESIAN_POINT('',(6.378102965021,1.231475630132E-03));
#5338 = CARTESIAN_POINT('',(6.371766417847,1.23344966434E-03));
#5339 = CARTESIAN_POINT('',(6.365429824831,1.235383465391E-03));
#5340 = CARTESIAN_POINT('',(6.359093186946,1.237277052002E-03));
#5341 = CARTESIAN_POINT('',(6.352756505909,1.239130442281E-03));
#5342 = CARTESIAN_POINT('',(6.346419783773,1.240943653837E-03));
#5343 = CARTESIAN_POINT('',(6.340083022716,1.242716703897E-03));
#5344 = CARTESIAN_POINT('',(6.333746224674,1.244449609412E-03));
#5345 = CARTESIAN_POINT('',(6.324240974269,1.246988776061E-03));
#5346 = CARTESIAN_POINT('',(6.321072549067,1.247825132862E-03));
#5347 = CARTESIAN_POINT('',(6.317904115251,1.248651459787E-03));
#5348 = CARTESIAN_POINT('',(6.314735672546,1.249467759025E-03));
#5349 = CARTESIAN_POINT('',(6.31156722063,1.250274032744E-03));
#5350 = CARTESIAN_POINT('',(6.308398759105,1.251070283092E-03));
#5351 = CARTESIAN_POINT('',(6.305230287533,1.2518565122E-03));
#5352 = CARTESIAN_POINT('',(6.302061805406,1.252632722178E-03));
#5353 = CARTESIAN_POINT('',(6.298893312161,1.253398915117E-03));
#5354 = CARTESIAN_POINT('',(6.295724807179,1.254155093089E-03));
#5355 = CARTESIAN_POINT('',(6.292160225105,1.25499452878E-03));
#5356 = CARTESIAN_POINT('',(6.29176416024,1.25508764296E-03));
#5357 = CARTESIAN_POINT('',(6.29136809518,1.255180600691E-03));
#5358 = CARTESIAN_POINT('',(6.290972029931,1.255273401977E-03));
#5359 = CARTESIAN_POINT('',(6.290575964482,1.255366046823E-03));
#5360 = CARTESIAN_POINT('',(6.290179898844,1.255458535232E-03));
#5361 = CARTESIAN_POINT('',(6.289783833005,1.255550867207E-03));
#5362 = CARTESIAN_POINT('',(6.289387766972,1.255643042754E-03));
#5363 = CARTESIAN_POINT('',(6.28899170074,1.255735061875E-03));
#5364 = CARTESIAN_POINT('',(6.288595634308,1.255826924575E-03));
#5365 = CARTESIAN_POINT('',(6.288001534361,1.255964483998E-03));
#5366 = CARTESIAN_POINT('',(6.287803500995,1.256010298035E-03));
#5367 = CARTESIAN_POINT('',(6.287605467581,1.256056072968E-03));
#5368 = CARTESIAN_POINT('',(6.287407434111,1.256101808797E-03));
#5369 = CARTESIAN_POINT('',(6.287209400599,1.256147505524E-03));
#5370 = CARTESIAN_POINT('',(6.287011367028,1.256193163147E-03));
#5371 = CARTESIAN_POINT('',(6.286813333413,1.25623878167E-03));
#5372 = CARTESIAN_POINT('',(6.286615299743,1.256284361089E-03));
#5373 = CARTESIAN_POINT('',(6.286417266025,1.256329901409E-03));
#5374 = CARTESIAN_POINT('',(6.286219232254,1.256375402628E-03));
#5375 = CARTESIAN_POINT('',(6.285922181522,1.256443595806E-03));
#5376 = CARTESIAN_POINT('',(6.285823164598,1.25646631709E-03));
#5377 = CARTESIAN_POINT('',(6.285724147662,1.2564890286E-03));
#5378 = CARTESIAN_POINT('',(6.285625130714,1.256511730334E-03));
#5379 = CARTESIAN_POINT('',(6.28552611375,1.256534422294E-03));
#5380 = CARTESIAN_POINT('',(6.285427096777,1.256557104478E-03));
#5381 = CARTESIAN_POINT('',(6.285328079788,1.256579776889E-03));
#5382 = CARTESIAN_POINT('',(6.285229062789,1.256602439524E-03));
#5383 = CARTESIAN_POINT('',(6.285130045775,1.256625092385E-03));
#5384 = CARTESIAN_POINT('',(6.285031028749,1.256647735472E-03));
#5385 = CARTESIAN_POINT('',(6.28490725745,1.256676027111E-03));
#5386 = CARTESIAN_POINT('',(6.284882495363,1.256681787973E-03));
#5387 = CARTESIAN_POINT('',(6.284857797778,1.256686698085E-03));
#5388 = CARTESIAN_POINT('',(6.284832844599,1.256694976321E-03));
#5389 = CARTESIAN_POINT('',(6.284808522569,1.25669493531E-03));
#5390 = CARTESIAN_POINT('',(6.28478315031,1.256708735862E-03));
#5391 = CARTESIAN_POINT('',(6.284758960106,1.256706956093E-03));
#5392 = CARTESIAN_POINT('',(6.284733930251,1.256716242484E-03));
#5393 = CARTESIAN_POINT('',(6.284709215164,1.256721379534E-03));
#5394 = CARTESIAN_POINT('',(6.284684398862,1.256727849983E-03));
#5395 = CARTESIAN_POINT('',(6.284634743113,1.256741094705E-03));
#5396 = CARTESIAN_POINT('',(6.284609894669,1.256747987536E-03));
#5397 = CARTESIAN_POINT('',(6.284585025795,1.25675514902E-03));
#5398 = CARTESIAN_POINT('',(6.284560136625,1.256762577339E-03));
#5399 = CARTESIAN_POINT('',(6.284535227306,1.256770270678E-03));
#5400 = CARTESIAN_POINT('',(6.28451029796,1.256778227216E-03));
#5401 = CARTESIAN_POINT('',(6.284485348743,1.25678644514E-03));
#5402 = CARTESIAN_POINT('',(6.284460379777,1.256794922628E-03));
#5403 = CARTESIAN_POINT('',(6.284435391209,1.256803657867E-03));
#5404 = CARTESIAN_POINT('',(6.284410383173,1.256812649037E-03));
#5405 = CARTESIAN_POINT('',(6.284335301079,1.256840384893E-03));
#5406 = CARTESIAN_POINT('',(6.284285169068,1.256859891461E-03));
#5407 = CARTESIAN_POINT('',(6.284234960827,1.256880400104E-03));
#5408 = CARTESIAN_POINT('',(6.284184677419,1.256901896897E-03));
#5409 = CARTESIAN_POINT('',(6.284134319886,1.256924367919E-03));
#5410 = CARTESIAN_POINT('',(6.284083889301,1.256947799245E-03));
#5411 = CARTESIAN_POINT('',(6.284033386699,1.256972176952E-03));
#5412 = CARTESIAN_POINT('',(6.283982813153,1.256997487117E-03));
#5413 = CARTESIAN_POINT('',(6.283932169705,1.257023715817E-03));
#5414 = CARTESIAN_POINT('',(6.283881457418,1.257050849128E-03));
#5415 = CARTESIAN_POINT('',(6.283018196151,1.257527257113E-03));
#5416 = CARTESIAN_POINT('',(6.282188349633,1.258203814694E-03));
#5417 = CARTESIAN_POINT('',(6.281345332155,1.259053194847E-03));
#5418 = CARTESIAN_POINT('',(6.280492829293,1.260026762232E-03));
#5419 = CARTESIAN_POINT('',(6.279634017839,1.261082597188E-03));
#5420 = CARTESIAN_POINT('',(6.278771565791,1.262185495735E-03));
#5421 = CARTESIAN_POINT('',(6.277907632366,1.263306969575E-03));
#5422 = CARTESIAN_POINT('',(6.277043867991,1.264425246087E-03));
#5423 = CARTESIAN_POINT('',(6.276181414302,1.265525268334E-03));
#5424 = CARTESIAN_POINT('',(6.275320904154,1.266598695059E-03));
#5425 = CARTESIAN_POINT('',(6.274033240336,1.268166503496E-03));
#5426 = CARTESIAN_POINT('',(6.273604535962,1.268682051057E-03));
#5427 = CARTESIAN_POINT('',(6.273176363995,1.269190340176E-03));
#5428 = CARTESIAN_POINT('',(6.272748708139,1.269691587404E-03));
#5429 = CARTESIAN_POINT('',(6.272321520312,1.270186429024E-03));
#5430 = CARTESIAN_POINT('',(6.271894720604,1.270675921064E-03));
#5431 = CARTESIAN_POINT('',(6.271468197345,1.271161539283E-03));
#5432 = CARTESIAN_POINT('',(6.271041807022,1.27164517918E-03));
#5433 = CARTESIAN_POINT('',(6.270615374361,1.272129155993E-03));
#5434 = CARTESIAN_POINT('',(6.27018869226,1.272616204695E-03));
#5435 = CARTESIAN_POINT('',(6.269708125528,1.273171139411E-03));
#5436 = CARTESIAN_POINT('',(6.269654721641,1.2732328955E-03));
#5437 = CARTESIAN_POINT('',(6.269601309673,1.273294754836E-03));
#5438 = CARTESIAN_POINT('',(6.269547889127,1.27335672399E-03));
#5439 = CARTESIAN_POINT('',(6.269494459501,1.273418809537E-03));
#5440 = CARTESIAN_POINT('',(6.269441020306,1.273481018042E-03));
#5441 = CARTESIAN_POINT('',(6.269387571035,1.273543356083E-03));
#5442 = CARTESIAN_POINT('',(6.269334111197,1.273605830227E-03));
#5443 = CARTESIAN_POINT('',(6.269280640291,1.273668447048E-03));
#5444 = CARTESIAN_POINT('',(6.269227157821,1.273731213116E-03));
#5445 = CARTESIAN_POINT('',(6.269120168755,1.27385705689E-03));
#5446 = CARTESIAN_POINT('',(6.269066658543,1.273920182422E-03));
#5447 = CARTESIAN_POINT('',(6.269013159358,1.2739831585E-03));
#5448 = CARTESIAN_POINT('',(6.268959590341,1.274047054142E-03));
#5449 = CARTESIAN_POINT('',(6.26890604181,1.274110675206E-03));
#5450 = CARTESIAN_POINT('',(6.268852536147,1.274173725955E-03));
#5451 = CARTESIAN_POINT('',(6.26879900602,1.274237096352E-03));
#5452 = CARTESIAN_POINT('',(6.268745447249,1.274300841858E-03));
#5453 = CARTESIAN_POINT('',(6.268691930881,1.274364023034E-03));
#5454 = CARTESIAN_POINT('',(6.268638392947,1.274427485681E-03));
#5455 = CARTESIAN_POINT('',(6.268477791918,1.274617693686E-03));
#5456 = CARTESIAN_POINT('',(6.268370724635,1.274744483411E-03));
#5457 = CARTESIAN_POINT('',(6.26826365742,1.274871257522E-03));
#5458 = CARTESIAN_POINT('',(6.268156590275,1.274998016017E-03));
#5459 = CARTESIAN_POINT('',(6.268049523197,1.275124758895E-03));
#5460 = CARTESIAN_POINT('',(6.26794245619,1.275251486152E-03));
#5461 = CARTESIAN_POINT('',(6.267835389249,1.275378197787E-03));
#5462 = CARTESIAN_POINT('',(6.26772832238,1.275504893797E-03));
#5463 = CARTESIAN_POINT('',(6.267621255578,1.27563157418E-03));
#5464 = CARTESIAN_POINT('',(6.267514188845,1.275758238935E-03));
#5465 = CARTESIAN_POINT('',(6.267192988855,1.276138186306E-03));
#5466 = CARTESIAN_POINT('',(6.266978855803,1.276391422028E-03));
#5467 = CARTESIAN_POINT('',(6.26676472303,1.276644595209E-03));
#5468 = CARTESIAN_POINT('',(6.266550590527,1.276897705831E-03));
#5469 = CARTESIAN_POINT('',(6.266336458312,1.277150753878E-03));
#5470 = CARTESIAN_POINT('',(6.266122326358,1.277403739329E-03));
#5471 = CARTESIAN_POINT('',(6.265908194699,1.277656662171E-03));
#5472 = CARTESIAN_POINT('',(6.265694063302,1.277909522384E-03));
#5473 = CARTESIAN_POINT('',(6.265479932192,1.278162319952E-03));
#5474 = CARTESIAN_POINT('',(6.265265801356,1.278415054857E-03));
#5475 = CARTESIAN_POINT('',(6.264195148571,1.279678415981E-03));
#5476 = CARTESIAN_POINT('',(6.263338630793,1.280688101983E-03));
#5477 = CARTESIAN_POINT('',(6.26248211748,1.281696783996E-03));
#5478 = CARTESIAN_POINT('',(6.261625608644,1.282704460921E-03));
#5479 = CARTESIAN_POINT('',(6.260769104305,1.283711131668E-03));
#5480 = CARTESIAN_POINT('',(6.25991260447,1.284716795139E-03));
#5481 = CARTESIAN_POINT('',(6.259056109159,1.285721450242E-03));
#5482 = CARTESIAN_POINT('',(6.258199618384,1.286725095879E-03));
#5483 = CARTESIAN_POINT('',(6.257343132161,1.287727730959E-03));
#5484 = CARTESIAN_POINT('',(6.256486650503,1.288729354386E-03));
#5485 = CARTESIAN_POINT('',(6.241926540176,1.305739735929E-03));
#5486 = CARTESIAN_POINT('',(6.22822408667,1.321490239542E-03));
#5487 = CARTESIAN_POINT('',(6.214522823186,1.336977085311E-03));
#5488 = CARTESIAN_POINT('',(6.200822896876,1.352195893151E-03));
#5489 = CARTESIAN_POINT('',(6.187124315679,1.367142599825E-03));
#5490 = CARTESIAN_POINT('',(6.173426995342,1.38181339541E-03));
#5491 = CARTESIAN_POINT('',(6.159730876544,1.396204584727E-03));
#5492 = CARTESIAN_POINT('',(6.146035970594,1.410312536673E-03));
#5493 = CARTESIAN_POINT('',(6.132342303669,1.424133752315E-03));
#5494 = CARTESIAN_POINT('',(6.118649840977,1.437664950772E-03));
#5495 = CARTESIAN_POINT('',(6.098112955177,1.457521934341E-03));
#5496 = CARTESIAN_POINT('',(6.091267627871,1.46406762648E-03));
#5497 = CARTESIAN_POINT('',(6.084422599874,1.470539620435E-03));
#5498 = CARTESIAN_POINT('',(6.077577869395,1.476937528579E-03));
#5499 = CARTESIAN_POINT('',(6.070733434851,1.483260971461E-03));
#5500 = CARTESIAN_POINT('',(6.063889294849,1.489509577798E-03));
#5501 = CARTESIAN_POINT('',(6.057045448197,1.495682984484E-03));
#5502 = CARTESIAN_POINT('',(6.050201893911,1.501780836584E-03));
#5503 = CARTESIAN_POINT('',(6.043358631191,1.507802787335E-03));
#5504 = CARTESIAN_POINT('',(6.036515659449,1.513748498151E-03));
#5505 = CARTESIAN_POINT('',(6.026251637709,1.522552208845E-03));
#5506 = CARTESIAN_POINT('',(6.022830364059,1.525467641224E-03));
#5507 = CARTESIAN_POINT('',(6.019409222716,1.528363838735E-03));
#5508 = CARTESIAN_POINT('',(6.015987873493,1.531241051214E-03));
#5509 = CARTESIAN_POINT('',(6.012567355244,1.534098346867E-03));
#5510 = CARTESIAN_POINT('',(6.009145696578,1.536937383375E-03));
#5511 = CARTESIAN_POINT('',(6.005725212933,1.539756120854E-03));
#5512 = CARTESIAN_POINT('',(6.002304074571,1.542556103438E-03));
#5513 = CARTESIAN_POINT('',(5.998883288699,1.545336419565E-03));
#5514 = CARTESIAN_POINT('',(5.995462479668,1.548097356811E-03));
#5515 = CARTESIAN_POINT('',(5.98862099237,1.553580244326E-03));
#5516 = CARTESIAN_POINT('',(5.985200304697,1.556302199794E-03));
#5517 = CARTESIAN_POINT('',(5.981779673568,1.559004630731E-03));
#5518 = CARTESIAN_POINT('',(5.978359099538,1.561687500898E-03));
#5519 = CARTESIAN_POINT('',(5.974938583185,1.564350774056E-03));
#5520 = CARTESIAN_POINT('',(5.971518125059,1.566994413963E-03));
#5521 = CARTESIAN_POINT('',(5.968097725736,1.569618384379E-03));
#5522 = CARTESIAN_POINT('',(5.964677385772,1.572222649065E-03));
#5523 = CARTESIAN_POINT('',(5.961257105736,1.574807171781E-03));
#5524 = CARTESIAN_POINT('',(5.957836886191,1.577371916285E-03));
#5525 = CARTESIAN_POINT('',(5.940736093738,1.590096566554E-03));
#5526 = CARTESIAN_POINT('',(5.927056432251,1.599959305236E-03));
#5527 = CARTESIAN_POINT('',(5.913377763958,1.609502881966E-03));
#5528 = CARTESIAN_POINT('',(5.899700096167,1.618725245921E-03));
#5529 = CARTESIAN_POINT('',(5.886023424231,1.627624470439E-03));
#5530 = CARTESIAN_POINT('',(5.872347732999,1.636198747573E-03));
#5531 = CARTESIAN_POINT('',(5.858672998281,1.644446382672E-03));
#5532 = CARTESIAN_POINT('',(5.844999188292,1.652365788923E-03));
#5533 = CARTESIAN_POINT('',(5.831326265119,1.659955481933E-03));
#5534 = CARTESIAN_POINT('',(5.817654186167,1.667214074282E-03));
#5535 = CARTESIAN_POINT('',(5.776640344528,1.687992661709E-03));
#5536 = CARTESIAN_POINT('',(5.749300977399,1.700515472687E-03));
#5537 = CARTESIAN_POINT('',(5.721964430347,1.711698351833E-03));
#5538 = CARTESIAN_POINT('',(5.69463027885,1.721532456792E-03));
#5539 = CARTESIAN_POINT('',(5.667298080332,1.730010328472E-03));
#5540 = CARTESIAN_POINT('',(5.63996741067,1.737125797315E-03));
#5541 = CARTESIAN_POINT('',(5.612637904438,1.742873921409E-03));
#5542 = CARTESIAN_POINT('',(5.585309299131,1.747250956446E-03));
#5543 = CARTESIAN_POINT('',(5.557981483108,1.750254357516E-03));
#5544 = CARTESIAN_POINT('',(5.530654547494,1.75188281275E-03));
#5545 = CARTESIAN_POINT('',(5.501620985247,1.752152152303E-03));
#5546 = CARTESIAN_POINT('',(5.499913122044,1.75216262483E-03));
#5547 = CARTESIAN_POINT('',(5.498205339755,1.752167726699E-03));
#5548 = CARTESIAN_POINT('',(5.496497343767,1.752167457077E-03));
#5549 = CARTESIAN_POINT('',(5.494789664783,1.752161816947E-03));
#5550 = CARTESIAN_POINT('',(5.493081860563,1.752150806515E-03));
#5551 = CARTESIAN_POINT('',(5.491373853339,1.752134424841E-03));
#5552 = CARTESIAN_POINT('',(5.489666075312,1.752112671617E-03));
#5553 = CARTESIAN_POINT('',(5.48795813781,1.752085547573E-03));
#5554 = CARTESIAN_POINT('',(5.486250227908,1.752053051988E-03));
#5555 = CARTESIAN_POINT('',(5.482834363271,1.75197731809E-03));
#5556 = CARTESIAN_POINT('',(5.481126414686,1.751934079601E-03));
#5557 = CARTESIAN_POINT('',(5.479418450125,1.751885469613E-03));
#5558 = CARTESIAN_POINT('',(5.477710469885,1.751831488163E-03));
#5559 = CARTESIAN_POINT('',(5.476002474246,1.751772135292E-03));
#5560 = CARTESIAN_POINT('',(5.474294463516,1.751707411036E-03));
#5561 = CARTESIAN_POINT('',(5.47258643797,1.751637315438E-03));
#5562 = CARTESIAN_POINT('',(5.470878397913,1.751561848533E-03));
#5563 = CARTESIAN_POINT('',(5.469170343629,1.751481010363E-03));
#5564 = CARTESIAN_POINT('',(5.467462275413,1.751394800965E-03));
#5565 = CARTESIAN_POINT('',(5.462338029841,1.751120059208E-03));
#5566 = CARTESIAN_POINT('',(5.458921811417,1.750915413829E-03));
#5567 = CARTESIAN_POINT('',(5.455505540399,1.750689285313E-03));
#5568 = CARTESIAN_POINT('',(5.452089218804,1.750441675084E-03));
#5569 = CARTESIAN_POINT('',(5.448672848575,1.750172584928E-03));
#5570 = CARTESIAN_POINT('',(5.445256431544,1.749882016972E-03));
#5571 = CARTESIAN_POINT('',(5.441839969478,1.749569973711E-03));
#5572 = CARTESIAN_POINT('',(5.438423464032,1.749236457983E-03));
#5573 = CARTESIAN_POINT('',(5.435006916788,1.748881472988E-03));
#5574 = CARTESIAN_POINT('',(5.431590329229,1.748505022276E-03));
#5575 = CARTESIAN_POINT('',(5.421340449802,1.747311284709E-03));
#5576 = CARTESIAN_POINT('',(5.414507041477,1.746429612118E-03));
#5577 = CARTESIAN_POINT('',(5.407673488664,1.745462123434E-03));
#5578 = CARTESIAN_POINT('',(5.400839801149,1.744408855367E-03));
#5579 = CARTESIAN_POINT('',(5.394005987609,1.743269849887E-03));
#5580 = CARTESIAN_POINT('',(5.387172055632,1.742045154217E-03));
#5581 = CARTESIAN_POINT('',(5.380338011682,1.74073482084E-03));
#5582 = CARTESIAN_POINT('',(5.373503861149,1.739338907495E-03));
#5583 = CARTESIAN_POINT('',(5.366669608292,1.737857477177E-03));
#5584 = CARTESIAN_POINT('',(5.359835256288,1.73629059814E-03));
#5585 = CARTESIAN_POINT('',(5.339331909031,1.731333835402E-03));
#5586 = CARTESIAN_POINT('',(5.325662623641,1.72768782417E-03));
#5587 = CARTESIAN_POINT('',(5.311992970169,1.723700898462E-03));
#5588 = CARTESIAN_POINT('',(5.298322953999,1.719373725885E-03));
#5589 = CARTESIAN_POINT('',(5.284652568175,1.714707054355E-03));
#5590 = CARTESIAN_POINT('',(5.270981794849,1.70970171305E-03));
#5591 = CARTESIAN_POINT('',(5.257310606669,1.704358613363E-03));
#5592 = CARTESIAN_POINT('',(5.243638968248,1.698678749874E-03));
#5593 = CARTESIAN_POINT('',(5.22996683755,1.692663201293E-03));
#5594 = CARTESIAN_POINT('',(5.216294167341,1.686313131425E-03));
#5595 = CARTESIAN_POINT('',(5.175274385122,1.666263107536E-03));
#5596 = CARTESIAN_POINT('',(5.147925501205,1.651563341032E-03));
#5597 = CARTESIAN_POINT('',(5.120573842396,1.635540512626E-03));
#5598 = CARTESIAN_POINT('',(5.093218937327,1.618206050049E-03));
#5599 = CARTESIAN_POINT('',(5.065860286437,1.59957287535E-03));
#5600 = CARTESIAN_POINT('',(5.038497395001,1.579655514046E-03));
#5601 = CARTESIAN_POINT('',(5.011129808669,1.558470224824E-03));
#5602 = CARTESIAN_POINT('',(4.983757151231,1.536035149807E-03));
#5603 = CARTESIAN_POINT('',(4.956379164922,1.512370485366E-03));
#5604 = CARTESIAN_POINT('',(4.928995752985,1.487498673494E-03));
#5605 = CARTESIAN_POINT('',(4.88791266057,1.448417583847E-03));
#5606 = CARTESIAN_POINT('',(4.874216966905,1.435094990772E-03));
#5607 = CARTESIAN_POINT('',(4.860519958333,1.421479947084E-03));
#5608 = CARTESIAN_POINT('',(4.846821661571,1.407575716996E-03));
#5609 = CARTESIAN_POINT('',(4.833122117616,1.393385723408E-03));
#5610 = CARTESIAN_POINT('',(4.819421383842,1.37891355495E-03));
#5611 = CARTESIAN_POINT('',(4.80571953621,1.364162973039E-03));
#5612 = CARTESIAN_POINT('',(4.792016671355,1.349137918919E-03));
#5613 = CARTESIAN_POINT('',(4.778312908789,1.333842520718E-03));
#5614 = CARTESIAN_POINT('',(4.764608393009,1.318281100497E-03));
#5615 = CARTESIAN_POINT('',(4.747477021333,1.29850245149E-03));
#5616 = CARTESIAN_POINT('',(4.744050710676,1.294530378051E-03));
#5617 = CARTESIAN_POINT('',(4.74062436637,1.290542031614E-03));
#5618 = CARTESIAN_POINT('',(4.737197991202,1.286537483628E-03));
#5619 = CARTESIAN_POINT('',(4.73377158808,1.282516806351E-03));
#5620 = CARTESIAN_POINT('',(4.730345160014,1.278480072854E-03));
#5621 = CARTESIAN_POINT('',(4.726918710144,1.274427357015E-03));
#5622 = CARTESIAN_POINT('',(4.723492241713,1.270358733526E-03));
#5623 = CARTESIAN_POINT('',(4.720065758085,1.266274277885E-03));
#5624 = CARTESIAN_POINT('',(4.716639262736,1.262174066403E-03));
#5625 = CARTESIAN_POINT('',(4.71319937448,1.258042098503E-03));
#5626 = CARTESIAN_POINT('',(4.713185989701,1.258026020567E-03));
#5627 = CARTESIAN_POINT('',(4.713172604921,1.258009942393E-03));
#5628 = CARTESIAN_POINT('',(4.713159220142,1.257993863979E-03));
#5629 = CARTESIAN_POINT('',(4.713145835361,1.257977785326E-03));
#5630 = CARTESIAN_POINT('',(4.713132450584,1.257961706434E-03));
#5631 = CARTESIAN_POINT('',(4.713119065801,1.257945627302E-03));
#5632 = CARTESIAN_POINT('',(4.713105681023,1.257929547932E-03));
#5633 = CARTESIAN_POINT('',(4.713092296241,1.257913468322E-03));
#5634 = CARTESIAN_POINT('',(4.713078911462,1.257897388473E-03));
#5635 = CARTESIAN_POINT('',(4.713052141901,1.257865228296E-03));
#5636 = CARTESIAN_POINT('',(4.713038758893,1.257849174116E-03));
#5637 = CARTESIAN_POINT('',(4.713025367968,1.257833002964E-03));
#5638 = CARTESIAN_POINT('',(4.713011981437,1.257816896344E-03));
#5639 = CARTESIAN_POINT('',(4.712998609096,1.257800998617E-03));
#5640 = CARTESIAN_POINT('',(4.712985251012,1.25778531089E-03));
#5641 = CARTESIAN_POINT('',(4.712971901125,1.25776974392E-03));
#5642 = CARTESIAN_POINT('',(4.7129585551,1.257754233885E-03));
#5643 = CARTESIAN_POINT('',(4.712945215904,1.257738824586E-03));
#5644 = CARTESIAN_POINT('',(4.712931890586,1.257723619924E-03));
#5645 = CARTESIAN_POINT('',(4.712891933928,1.257678290928E-03));
#5646 = CARTESIAN_POINT('',(4.712865329969,1.257648570771E-03));
#5647 = CARTESIAN_POINT('',(4.71283875935,1.257619343281E-03));
#5648 = CARTESIAN_POINT('',(4.712812221601,1.257590601952E-03));
#5649 = CARTESIAN_POINT('',(4.71278571624,1.257562340277E-03));
#5650 = CARTESIAN_POINT('',(4.712759242807,1.257534551751E-03));
#5651 = CARTESIAN_POINT('',(4.712732800811,1.257507229867E-03));
#5652 = CARTESIAN_POINT('',(4.712706389796,1.257480368118E-03));
#5653 = CARTESIAN_POINT('',(4.712680009275,1.257453959999E-03));
#5654 = CARTESIAN_POINT('',(4.712653658783,1.257427999003E-03));
#5655 = CARTESIAN_POINT('',(4.712574695961,1.257351437866E-03));
#5656 = CARTESIAN_POINT('',(4.712522171975,1.257302155368E-03));
#5657 = CARTESIAN_POINT('',(4.712469762532,1.257254584937E-03));
#5658 = CARTESIAN_POINT('',(4.712417464291,1.25720868038E-03));
#5659 = CARTESIAN_POINT('',(4.712365273894,1.257164395506E-03));
#5660 = CARTESIAN_POINT('',(4.712313188003,1.257121684119E-03));
#5661 = CARTESIAN_POINT('',(4.712261203258,1.25708050003E-03));
#5662 = CARTESIAN_POINT('',(4.712209316322,1.257040797044E-03));
#5663 = CARTESIAN_POINT('',(4.712157523838,1.257002528969E-03));
#5664 = CARTESIAN_POINT('',(4.712105822463,1.256965649613E-03));
#5665 = CARTESIAN_POINT('',(4.71195098161,1.256859039122E-03));
#5666 = CARTESIAN_POINT('',(4.711848106969,1.256793356386E-03));
#5667 = CARTESIAN_POINT('',(4.71174556052,1.256732726861E-03));
#5668 = CARTESIAN_POINT('',(4.711643318849,1.256676825855E-03));
#5669 = CARTESIAN_POINT('',(4.711541359489,1.256625341701E-03));
#5670 = CARTESIAN_POINT('',(4.711439660991,1.256577975745E-03));
#5671 = CARTESIAN_POINT('',(4.711338202828,1.256534442366E-03));
#5672 = CARTESIAN_POINT('',(4.7112369655,1.256494468955E-03));
#5673 = CARTESIAN_POINT('',(4.711135930441,1.25645779593E-03));
#5674 = CARTESIAN_POINT('',(4.711035080084,1.256424176729E-03));
#5675 = CARTESIAN_POINT('',(4.710733033313,1.256331779976E-03));
#5676 = CARTESIAN_POINT('',(4.710532340658,1.256281456123E-03));
#5677 = CARTESIAN_POINT('',(4.710332185887,1.256240522423E-03));
#5678 = CARTESIAN_POINT('',(4.71013244889,1.256207280541E-03));
#5679 = CARTESIAN_POINT('',(4.709933022615,1.256180207016E-03));
#5680 = CARTESIAN_POINT('',(4.709733812265,1.256157942671E-03));
#5681 = CARTESIAN_POINT('',(4.709534734489,1.256139281983E-03));
#5682 = CARTESIAN_POINT('',(4.709335716586,1.256123162499E-03));
#5683 = CARTESIAN_POINT('',(4.709136695687,1.256108654206E-03));
#5684 = CARTESIAN_POINT('',(4.708937617964,1.256094948939E-03));
#5685 = CARTESIAN_POINT('',(4.708340077519,1.256054151408E-03));
#5686 = CARTESIAN_POINT('',(4.707941304208,1.256027333772E-03));
#5687 = CARTESIAN_POINT('',(4.707541761552,1.255995433116E-03));
#5688 = CARTESIAN_POINT('',(4.707141218625,1.255954682804E-03));
#5689 = CARTESIAN_POINT('',(4.706739552472,1.255902783578E-03));
#5690 = CARTESIAN_POINT('',(4.706336730679,1.25583867385E-03));
#5691 = CARTESIAN_POINT('',(4.705932793954,1.255762299963E-03));
#5692 = CARTESIAN_POINT('',(4.705527838675,1.255674386493E-03));
#5693 = CARTESIAN_POINT('',(4.705121999487,1.255576206513E-03));
#5694 = CARTESIAN_POINT('',(4.704715431851,1.255469351881E-03));
#5695 = CARTESIAN_POINT('',(4.703494020175,1.255127806801E-03));
#5696 = CARTESIAN_POINT('',(4.702677481494,1.25487232139E-03));
#5697 = CARTESIAN_POINT('',(4.701860009737,1.254603289221E-03));
#5698 = CARTESIAN_POINT('',(4.701043124124,1.254338140158E-03));
#5699 = CARTESIAN_POINT('',(4.700228151852,1.254092482074E-03));
#5700 = CARTESIAN_POINT('',(4.699415966368,1.253876651604E-03));
#5701 = CARTESIAN_POINT('',(4.698606844154,1.253693825705E-03));
#5702 = CARTESIAN_POINT('',(4.697800439838,1.253539693835E-03));
#5703 = CARTESIAN_POINT('',(4.696995879829,1.253403690964E-03));
#5704 = CARTESIAN_POINT('',(4.696191974295,1.253271791224E-03));
#5705 = CARTESIAN_POINT('',(4.694985334289,1.253060397893E-03));
#5706 = CARTESIAN_POINT('',(4.694582987136,1.252987629606E-03));
#5707 = CARTESIAN_POINT('',(4.69418036675,1.25291101526E-03));
#5708 = CARTESIAN_POINT('',(4.693777326247,1.252828958306E-03));
#5709 = CARTESIAN_POINT('',(4.693373727135,1.252740017098E-03));
#5710 = CARTESIAN_POINT('',(4.692969455228,1.25264311412E-03));
#5711 = CARTESIAN_POINT('',(4.692564436469,1.252537745234E-03));
#5712 = CARTESIAN_POINT('',(4.692158652873,1.252424188899E-03));
#5713 = CARTESIAN_POINT('',(4.69175215834,1.252303715418E-03));
#5714 = CARTESIAN_POINT('',(4.691345094583,1.252178796164E-03));
#5715 = CARTESIAN_POINT('',(4.69083586007,1.252021941979E-03));
#5716 = CARTESIAN_POINT('',(4.69073399324,1.251990540018E-03));
#5717 = CARTESIAN_POINT('',(4.690632110312,1.251959167515E-03));
#5718 = CARTESIAN_POINT('',(4.690530215628,1.251927891996E-03));
#5719 = CARTESIAN_POINT('',(4.690428314043,1.25189678792E-03));
#5720 = CARTESIAN_POINT('',(4.690326410928,1.251865936696E-03));
#5721 = CARTESIAN_POINT('',(4.690224512165,1.251835426662E-03));
#5722 = CARTESIAN_POINT('',(4.690122624151,1.251805353108E-03));
#5723 = CARTESIAN_POINT('',(4.690020753797,1.251775818254E-03));
#5724 = CARTESIAN_POINT('',(4.689918908525,1.251746931267E-03));
#5725 = CARTESIAN_POINT('',(4.689766190147,1.251704746743E-03));
#5726 = CARTESIAN_POINT('',(4.68971529181,1.251690865696E-03));
#5727 = CARTESIAN_POINT('',(4.689664402279,1.251677187506E-03));
#5728 = CARTESIAN_POINT('',(4.689613532871,1.251663910434E-03));
#5729 = CARTESIAN_POINT('',(4.689562654268,1.251650473807E-03));
#5730 = CARTESIAN_POINT('',(4.689511790775,1.251637349101E-03));
#5731 = CARTESIAN_POINT('',(4.689460975664,1.251625162484E-03));
#5732 = CARTESIAN_POINT('',(4.68941016655,1.251613079756E-03));
#5733 = CARTESIAN_POINT('',(4.689359303575,1.251599947995E-03));
#5734 = CARTESIAN_POINT('',(4.689308475223,1.251587489552E-03));
#5735 = CARTESIAN_POINT('',(4.689206803684,1.251562277124E-03));
#5736 = CARTESIAN_POINT('',(4.689155967917,1.251549668331E-03));
#5737 = CARTESIAN_POINT('',(4.689105132154,1.251537056958E-03));
#5738 = CARTESIAN_POINT('',(4.689054296391,1.251524443006E-03));
#5739 = CARTESIAN_POINT('',(4.689003460636,1.251511826475E-03));
#5740 = CARTESIAN_POINT('',(4.688952624878,1.251499207364E-03));
#5741 = CARTESIAN_POINT('',(4.688901789128,1.251486585675E-03));
#5742 = CARTESIAN_POINT('',(4.688850953377,1.251473961406E-03));
#5743 = CARTESIAN_POINT('',(4.688800117631,1.251461334558E-03));
#5744 = CARTESIAN_POINT('',(4.688749281887,1.25144870513E-03));
#5745 = CARTESIAN_POINT('',(4.688495103182,1.251385545095E-03));
#5746 = CARTESIAN_POINT('',(4.688291760264,1.251334975798E-03));
#5747 = CARTESIAN_POINT('',(4.688088417392,1.25128436523E-03));
#5748 = CARTESIAN_POINT('',(4.687885074564,1.251233713393E-03));
#5749 = CARTESIAN_POINT('',(4.687681731783,1.251183020284E-03));
#5750 = CARTESIAN_POINT('',(4.687478389047,1.251132285905E-03));
#5751 = CARTESIAN_POINT('',(4.687275046357,1.251081510252E-03));
#5752 = CARTESIAN_POINT('',(4.687071703712,1.251030693329E-03));
#5753 = CARTESIAN_POINT('',(4.686868361112,1.250979835131E-03));
#5754 = CARTESIAN_POINT('',(4.686665018559,1.25092893566E-03));
#5755 = CARTESIAN_POINT('',(4.685648306018,1.250674231934E-03));
#5756 = CARTESIAN_POINT('',(4.684834936714,1.250469808568E-03));
#5757 = CARTESIAN_POINT('',(4.68402156814,1.250264724783E-03));
#5758 = CARTESIAN_POINT('',(4.683208200291,1.250058980542E-03));
#5759 = CARTESIAN_POINT('',(4.682394833175,1.249852575814E-03));
#5760 = CARTESIAN_POINT('',(4.681581466781,1.249645510559E-03));
#5761 = CARTESIAN_POINT('',(4.680768101121,1.249437784748E-03));
#5762 = CARTESIAN_POINT('',(4.679954736184,1.249229398342E-03));
#5763 = CARTESIAN_POINT('',(4.679141371977,1.24902035131E-03));
#5764 = CARTESIAN_POINT('',(4.678328008496,1.248810643614E-03));
#5765 = CARTESIAN_POINT('',(4.671007743712,1.246917328078E-03));
#5766 = CARTESIAN_POINT('',(4.664500888421,1.24519209917E-03));
#5767 = CARTESIAN_POINT('',(4.657994079627,1.243424568571E-03));
#5768 = CARTESIAN_POINT('',(4.651487317076,1.241614716358E-03));
#5769 = CARTESIAN_POINT('',(4.644980600537,1.239762522605E-03));
#5770 = CARTESIAN_POINT('',(4.638473929747,1.23786796739E-03));
#5771 = CARTESIAN_POINT('',(4.631967304477,1.235931030787E-03));
#5772 = CARTESIAN_POINT('',(4.62546072447,1.233951692873E-03));
#5773 = CARTESIAN_POINT('',(4.618954189487,1.231929933722E-03));
#5774 = CARTESIAN_POINT('',(4.61244769928,1.229865733412E-03));
#5775 = CARTESIAN_POINT('',(4.579915470905,1.219332426434E-03));
#5776 = CARTESIAN_POINT('',(4.553890396716,1.210226356812E-03));
#5777 = CARTESIAN_POINT('',(4.527866006997,1.200439464305E-03));
#5778 = CARTESIAN_POINT('',(4.50184226938,1.189970226377E-03));
#5779 = CARTESIAN_POINT('',(4.475819143187,1.178816996804E-03));
#5780 = CARTESIAN_POINT('',(4.449796579398,1.166978005665E-03));
#5781 = CARTESIAN_POINT('',(4.423774520694,1.154451359355E-03));
#5782 = CARTESIAN_POINT('',(4.397752901413,1.141235040573E-03));
#5783 = CARTESIAN_POINT('',(4.371731647586,1.127326908328E-03));
#5784 = CARTESIAN_POINT('',(4.345710676913,1.11272469794E-03));
#5785 = CARTESIAN_POINT('',(4.319689898777,1.097426021035E-03));
#5786 = ( GEOMETRIC_REPRESENTATION_CONTEXT(2) 
PARAMETRIC_REPRESENTATION_CONTEXT() REPRESENTATION_CONTEXT('2D SPACE',''
  ) );
#5787 = PCURVE('',#5788,#5793);
#5788 = PLANE('',#5789);
#5789 = AXIS2_PLACEMENT_3D('',#5790,#5791,#5792);
#5790 = CARTESIAN_POINT('',(-2.750198653498E-09,-2.972186255083E-09,0.)
  );
#5791 = DIRECTION('',(0.,0.,1.));
#5792 = DIRECTION('',(1.,0.,0.));
#5793 = DEFINITIONAL_REPRESENTATION('',(#5794),#5846);
#5794 = B_SPLINE_CURVE_WITH_KNOTS('',8,(#5795,#5796,#5797,#5798,#5799,
    #5800,#5801,#5802,#5803,#5804,#5805,#5806,#5807,#5808,#5809,#5810,
    #5811,#5812,#5813,#5814,#5815,#5816,#5817,#5818,#5819,#5820,#5821,
    #5822,#5823,#5824,#5825,#5826,#5827,#5828,#5829,#5830,#5831,#5832,
    #5833,#5834,#5835,#5836,#5837,#5838,#5839,#5840,#5841,#5842,#5843,
    #5844,#5845),.UNSPECIFIED.,.F.,.F.,(9,7,7,7,7,7,7,9),(0.,
    0.175371747331,0.181959296668,0.286561133009,0.503384788651,
    0.828200699612,0.838531114218,1.),.UNSPECIFIED.);
#5795 = CARTESIAN_POINT('',(98.482007698043,-72.11349814401));
#5796 = CARTESIAN_POINT('',(98.481045635,-73.09058802395));
#5797 = CARTESIAN_POINT('',(98.480137860673,-74.06767792245));
#5798 = CARTESIAN_POINT('',(98.479293149417,-75.0447678101));
#5799 = CARTESIAN_POINT('',(98.478519204025,-76.02185766154));
#5800 = CARTESIAN_POINT('',(98.477822655725,-76.99894745539));
#5801 = CARTESIAN_POINT('',(98.47720906418,-77.9760371743));
#5802 = CARTESIAN_POINT('',(98.476682917492,-78.95312680494));
#5803 = CARTESIAN_POINT('',(98.476231281426,-79.96691908859));
#5804 = CARTESIAN_POINT('',(98.476195158983,-80.00361509916));
#5805 = CARTESIAN_POINT('',(98.476100587352,-80.04030805907));
#5806 = CARTESIAN_POINT('',(98.475921175691,-80.07700043359));
#5807 = CARTESIAN_POINT('',(98.475642819834,-80.11369346378));
#5808 = CARTESIAN_POINT('',(98.475263702289,-80.15038716656));
#5809 = CARTESIAN_POINT('',(98.47479429224,-80.18708033468));
#5810 = CARTESIAN_POINT('',(98.465731320564,-80.80636389806));
#5811 = CARTESIAN_POINT('',(98.436208092708,-81.38865424092));
#5812 = CARTESIAN_POINT('',(98.385707702825,-81.96975311802));
#5813 = CARTESIAN_POINT('',(98.314294401312,-82.54877906053));
#5814 = CARTESIAN_POINT('',(98.2220764213,-83.12485767229));
#5815 = CARTESIAN_POINT('',(98.109205751849,-83.6971217241));
#5816 = CARTESIAN_POINT('',(97.975877911132,-84.26471124793));
#5817 = CARTESIAN_POINT('',(97.504053879404,-85.99184324104));
#5818 = CARTESIAN_POINT('',(97.098862046774,-87.13332025631));
#5819 = CARTESIAN_POINT('',(96.608895757937,-88.24344126103));
#5820 = CARTESIAN_POINT('',(96.037096113201,-89.31490262682));
#5821 = CARTESIAN_POINT('',(95.38708926525,-90.34080126821));
#5822 = CARTESIAN_POINT('',(94.663143095711,-91.31461778518));
#5823 = CARTESIAN_POINT('',(93.870197080023,-92.23024199324));
#5824 = CARTESIAN_POINT('',(91.731274613851,-94.35809080769));
#5825 = CARTESIAN_POINT('',(90.305521846348,-95.49193550426));
#5826 = CARTESIAN_POINT('',(88.756224009638,-96.46353910852));
#5827 = CARTESIAN_POINT('',(87.105229517129,-97.25773259343));
#5828 = CARTESIAN_POINT('',(85.375861672989,-97.86260140808));
#5829 = CARTESIAN_POINT('',(83.592970890716,-98.269784859));
#5830 = CARTESIAN_POINT('',(81.782778566429,-98.47426331055));
#5831 = CARTESIAN_POINT('',(79.915904156785,-98.47628703257));
#5832 = CARTESIAN_POINT('',(79.857133919785,-98.47625196028));
#5833 = CARTESIAN_POINT('',(79.797934927764,-98.47629214829));
#5834 = CARTESIAN_POINT('',(79.73878522986,-98.47635353825));
#5835 = CARTESIAN_POINT('',(79.679907444793,-98.47637401285));
#5836 = CARTESIAN_POINT('',(79.621295698425,-98.47637369299));
#5837 = CARTESIAN_POINT('',(79.562705277158,-98.47641682209));
#5838 = CARTESIAN_POINT('',(78.579841845365,-98.47688937904));
#5839 = CARTESIAN_POINT('',(77.656078609088,-98.47741368812));
#5840 = CARTESIAN_POINT('',(76.732315297234,-98.47801503314));
#5841 = CARTESIAN_POINT('',(75.808551921861,-98.47868942564));
#5842 = CARTESIAN_POINT('',(74.884788498209,-98.47943202011));
#5843 = CARTESIAN_POINT('',(73.961025044697,-98.48023711399));
#5844 = CARTESIAN_POINT('',(73.037261582926,-98.48109814764));
#5845 = CARTESIAN_POINT('',(72.113498137678,-98.48200770437));
#5846 = ( GEOMETRIC_REPRESENTATION_CONTEXT(2) 
PARAMETRIC_REPRESENTATION_CONTEXT() REPRESENTATION_CONTEXT('2D SPACE',''
  ) );
#5847 = ORIENTED_EDGE('',*,*,#5088,.T.);
#5848 = ORIENTED_EDGE('',*,*,#3021,.F.);
#5849 = ORIENTED_EDGE('',*,*,#5850,.F.);
#5850 = EDGE_CURVE('',#5266,#2999,#5851,.T.);
#5851 = SURFACE_CURVE('',#5852,(#5955,#5962),.PCURVE_S1.);
#5852 = B_SPLINE_CURVE_WITH_KNOTS('',11,(#5853,#5854,#5855,#5856,#5857,
    #5858,#5859,#5860,#5861,#5862,#5863,#5864,#5865,#5866,#5867,#5868,
    #5869,#5870,#5871,#5872,#5873,#5874,#5875,#5876,#5877,#5878,#5879,
    #5880,#5881,#5882,#5883,#5884,#5885,#5886,#5887,#5888,#5889,#5890,
    #5891,#5892,#5893,#5894,#5895,#5896,#5897,#5898,#5899,#5900,#5901,
    #5902,#5903,#5904,#5905,#5906,#5907,#5908,#5909,#5910,#5911,#5912,
    #5913,#5914,#5915,#5916,#5917,#5918,#5919,#5920,#5921,#5922,#5923,
    #5924,#5925,#5926,#5927,#5928,#5929,#5930,#5931,#5932,#5933,#5934,
    #5935,#5936,#5937,#5938,#5939,#5940,#5941,#5942,#5943,#5944,#5945,
    #5946,#5947,#5948,#5949,#5950,#5951,#5952,#5953,#5954),
  .UNSPECIFIED.,.F.,.F.,(12,10,10,10,10,10,10,10,10,10,12),(
    1.257153708537E-03,1.442520312071E-03,1.303688030481E-02,
    3.62256002903E-02,0.128980480232,0.5,0.871019519768,0.96377439971,
    0.986963119695,0.998557479688,1.),.UNSPECIFIED.);
#5853 = CARTESIAN_POINT('',(79.961471766993,-98.47623370573,
    3.301221663697E-07));
#5854 = CARTESIAN_POINT('',(79.960955312639,-98.4756015292,
    3.537673549658E-03));
#5855 = CARTESIAN_POINT('',(79.960438858589,-98.47496935334,
    7.075013572366E-03));
#5856 = CARTESIAN_POINT('',(79.959922404777,-98.47433717807,
    1.06123506913E-02));
#5857 = CARTESIAN_POINT('',(79.959405951107,-98.47370500328,
    1.414968560508E-02));
#5858 = CARTESIAN_POINT('',(79.958889497451,-98.47307282879,
    1.768701924078E-02));
#5859 = CARTESIAN_POINT('',(79.958373043644,-98.4724406544,
    2.122435278819E-02));
#5860 = CARTESIAN_POINT('',(79.957856589478,-98.47180847985,
    2.476168773755E-02));
#5861 = CARTESIAN_POINT('',(79.957340134694,-98.47117630481,
    2.829902592126E-02));
#5862 = CARTESIAN_POINT('',(79.956823678981,-98.4705441289,
    3.183636955984E-02));
#5863 = CARTESIAN_POINT('',(79.956307221961,-98.46991195166,
    3.537372131246E-02));
#5864 = CARTESIAN_POINT('',(79.923487161346,-98.42973806283,
    0.260167014456));
#5865 = CARTESIAN_POINT('',(79.891182854839,-98.39019668872,
    0.481422903795));
#5866 = CARTESIAN_POINT('',(79.858877842829,-98.35065565114,
    0.70267875245));
#5867 = CARTESIAN_POINT('',(79.826572124828,-98.3111149518,
    0.923934560532));
#5868 = CARTESIAN_POINT('',(79.794265699672,-98.27157459096,
    1.145190328131));
#5869 = CARTESIAN_POINT('',(79.761958567158,-98.23203457098,
    1.366446055368));
#5870 = CARTESIAN_POINT('',(79.729650726028,-98.19249489178,
    1.587701742329));
#5871 = CARTESIAN_POINT('',(79.697342175942,-98.15295555558,
    1.808957389132));
#5872 = CARTESIAN_POINT('',(79.665032915916,-98.11341656285,
    2.03021299587));
#5873 = CARTESIAN_POINT('',(79.632722945334,-98.07387791512,
    2.251468562653));
#5874 = CARTESIAN_POINT('',(79.53579089956,-97.95526301004,
    2.915235143436));
#5875 = CARTESIAN_POINT('',(79.47116669035,-97.8761877907,3.35774603782)
  );
#5876 = CARTESIAN_POINT('',(79.406539629796,-97.79711396485,
    3.800256773623));
#5877 = CARTESIAN_POINT('',(79.341909712494,-97.71804154287,
    4.24276735178));
#5878 = CARTESIAN_POINT('',(79.27727693188,-97.63897053325,4.68527777314
    ));
#5879 = CARTESIAN_POINT('',(79.212641283177,-97.55990094741,
    5.127788038683));
#5880 = CARTESIAN_POINT('',(79.148002759434,-97.48083279318,
    5.570298149229));
#5881 = CARTESIAN_POINT('',(79.083361355811,-97.40176608191,
    6.012808105756));
#5882 = CARTESIAN_POINT('',(79.018717065831,-97.32270082219,
    6.455317909116));
#5883 = CARTESIAN_POINT('',(78.954069884018,-97.24363702433,
    6.897827560241));
#5884 = CARTESIAN_POINT('',(78.630819486084,-96.84832539168,
    9.110375059153));
#5885 = CARTESIAN_POINT('',(78.372172766254,-96.53209953645,
    10.880410615165));
#5886 = CARTESIAN_POINT('',(78.113479301181,-96.21589783284,
    12.650443804164));
#5887 = CARTESIAN_POINT('',(77.854738747344,-95.89972098224,
    14.420474702353));
#5888 = CARTESIAN_POINT('',(77.595950760797,-95.58356968484,
    16.190503385742));
#5889 = CARTESIAN_POINT('',(77.337114998206,-95.26744464265,
    17.960529930636));
#5890 = CARTESIAN_POINT('',(77.078231115517,-94.95134655543,
    19.730554412982));
#5891 = CARTESIAN_POINT('',(76.819298769369,-94.63527612519,
    21.500576909077));
#5892 = CARTESIAN_POINT('',(76.56031761586,-94.31923405213,
    23.270597494941));
#5893 = CARTESIAN_POINT('',(76.301287311425,-94.0032210376,
    25.04061624677));
#5894 = CARTESIAN_POINT('',(75.005888315977,-92.4233047616,
    33.890701216282));
#5895 = CARTESIAN_POINT('',(73.968777615547,-91.1598500132,
    40.970741503181));
#5896 = CARTESIAN_POINT('',(72.930856154767,-89.89692155049,
    48.050759928953));
#5897 = CARTESIAN_POINT('',(71.892106377803,-88.63457287417,
    55.130763545192));
#5898 = CARTESIAN_POINT('',(70.852513822617,-87.37286249263,
    62.210760740375));
#5899 = CARTESIAN_POINT('',(69.812068519161,-86.11185344858,
    69.290761356189));
#5900 = CARTESIAN_POINT('',(68.770766380452,-84.85161283628,
    76.370776798786));
#5901 = CARTESIAN_POINT('',(67.728610602126,-83.59221133008,
    83.450820156055));
#5902 = CARTESIAN_POINT('',(66.685613053758,-82.33372270184,
    90.530906309087));
#5903 = CARTESIAN_POINT('',(65.641795676698,-81.07622334731,
    97.611052048192));
#5904 = CARTESIAN_POINT('',(63.552588078796,-78.56336026594,
    111.77150032392));
#5905 = CARTESIAN_POINT('',(62.50719953174,-77.30799654079,
    118.85180310013));
#5906 = CARTESIAN_POINT('',(61.461057252838,-76.05377623823,
    125.93220246156));
#5907 = CARTESIAN_POINT('',(60.414207077723,-74.8007772232,
    133.01271887688));
#5908 = CARTESIAN_POINT('',(59.366709667726,-73.54907652697,
    140.09337478645));
#5909 = CARTESIAN_POINT('',(58.318640513542,-72.29874725363,
    147.17419404749));
#5910 = CARTESIAN_POINT('',(57.27008994286,-71.04985548938,
    154.25520138606));
#5911 = CARTESIAN_POINT('',(56.221163123241,-69.80245720865,
    161.3364218411));
#5912 = CARTESIAN_POINT('',(55.171980069645,-68.55659518311,
    168.41788021608));
#5913 = CARTESIAN_POINT('',(54.122675648229,-67.31229588854,
    175.49960052466));
#5914 = CARTESIAN_POINT('',(52.811080566176,-65.7588840441,
    184.35210666904));
#5915 = CARTESIAN_POINT('',(52.548763197212,-65.44829975834,
    186.12262566254));
#5916 = CARTESIAN_POINT('',(52.286449776185,-65.13781366947,
    187.89316276993));
#5917 = CARTESIAN_POINT('',(52.024142631529,-64.82742580671,
    189.66371832927));
#5918 = CARTESIAN_POINT('',(51.761844119648,-64.51713611462,
    191.43429266766));
#5919 = CARTESIAN_POINT('',(51.499556624919,-64.20694445327,
    193.20488610086));
#5920 = CARTESIAN_POINT('',(51.237282559632,-63.89685059803,
    194.97549893377));
#5921 = CARTESIAN_POINT('',(50.975024364114,-63.58685423978,
    196.7461314599));
#5922 = CARTESIAN_POINT('',(50.71278450657,-63.27695498477,
    198.51678396189));
#5923 = CARTESIAN_POINT('',(50.450565483228,-62.96715235468,
    200.28745671105));
#5924 = CARTESIAN_POINT('',(50.122820901997,-62.58001914456,
    202.50082328192));
#5925 = CARTESIAN_POINT('',(50.057273444346,-62.50259850805,
    202.94349787786));
#5926 = CARTESIAN_POINT('',(49.991727484578,-62.42518386675,
    203.38617375963));
#5927 = CARTESIAN_POINT('',(49.926183061819,-62.34777521015,
    203.82885093019));
#5928 = CARTESIAN_POINT('',(49.860640215553,-62.27037252819,
    204.27152939481));
#5929 = CARTESIAN_POINT('',(49.795098984658,-62.19297581004,
    204.71420915505));
#5930 = CARTESIAN_POINT('',(49.729559408818,-62.11558504591,
    205.15689021717));
#5931 = CARTESIAN_POINT('',(49.664021526868,-62.0382002249,
    205.59957258269));
#5932 = CARTESIAN_POINT('',(49.598485378354,-61.96082133705,
    206.04225625696));
#5933 = CARTESIAN_POINT('',(49.53295100235,-61.88344837176,
    206.48494124286));
#5934 = CARTESIAN_POINT('',(49.434652156086,-61.7673977923,
    207.14897069533));
#5935 = CARTESIAN_POINT('',(49.401886326985,-61.72871574347,
    207.37031417496));
#5936 = CARTESIAN_POINT('',(49.369120955829,-61.69003517078,
    207.59165798402));
#5937 = CARTESIAN_POINT('',(49.336356047456,-61.65135607259,
    207.81300212241));
#5938 = CARTESIAN_POINT('',(49.303591606951,-61.61267844745,
    208.03434659156));
#5939 = CARTESIAN_POINT('',(49.270827639,-61.57400229365,208.25569139044
    ));
#5940 = CARTESIAN_POINT('',(49.238064148795,-61.5353276098,
    208.47703652112));
#5941 = CARTESIAN_POINT('',(49.205301141022,-61.49665439418,
    208.69838198255));
#5942 = CARTESIAN_POINT('',(49.172538620766,-61.45798264533,
    208.91972777619));
#5943 = CARTESIAN_POINT('',(49.139776592869,-61.41931236165,
    209.14107390192));
#5944 = CARTESIAN_POINT('',(49.102939013808,-61.3758325336,
    209.38995933297));
#5945 = CARTESIAN_POINT('',(49.098863067164,-61.3710216581,
    209.41749766285));
#5946 = CARTESIAN_POINT('',(49.09478700877,-61.36621066544,
    209.44503682067));
#5947 = CARTESIAN_POINT('',(49.090710895937,-61.36139962309,
    209.47257641123));
#5948 = CARTESIAN_POINT('',(49.086634811364,-61.35658862784,
    209.50011586495));
#5949 = CARTESIAN_POINT('',(49.0825587949,-61.35177772605,
    209.52765490775));
#5950 = CARTESIAN_POINT('',(49.07848284217,-61.34696691227,
    209.55519357028));
#5951 = CARTESIAN_POINT('',(49.074406921619,-61.3421561493,
    209.58273207027));
#5952 = CARTESIAN_POINT('',(49.070330991339,-61.33734538795,
    209.61027069661));
#5953 = CARTESIAN_POINT('',(49.06625501038,-61.33253458027,
    209.63780973147));
#5954 = CARTESIAN_POINT('',(49.062178944515,-61.32772368624,
    209.66534941058));
#5955 = PCURVE('',#3038,#5956);
#5956 = DEFINITIONAL_REPRESENTATION('',(#5957),#5961);
#5957 = LINE('',#5958,#5959);
#5958 = CARTESIAN_POINT('',(4.712388980385,0.));
#5959 = VECTOR('',#5960,1.);
#5960 = DIRECTION('',(0.,1.));
#5961 = ( GEOMETRIC_REPRESENTATION_CONTEXT(2) 
PARAMETRIC_REPRESENTATION_CONTEXT() REPRESENTATION_CONTEXT('2D SPACE',''
  ) );
#5962 = PCURVE('',#3210,#5963);
#5963 = DEFINITIONAL_REPRESENTATION('',(#5964),#5968);
#5964 = LINE('',#5965,#5966);
#5965 = CARTESIAN_POINT('',(79.999999987937,0.));
#5966 = VECTOR('',#5967,1.);
#5967 = DIRECTION('',(0.,1.));
#5968 = ( GEOMETRIC_REPRESENTATION_CONTEXT(2) 
PARAMETRIC_REPRESENTATION_CONTEXT() REPRESENTATION_CONTEXT('2D SPACE',''
  ) );
#5969 = ADVANCED_FACE('',(#5970),#3210,.F.);
#5970 = FACE_BOUND('',#5971,.F.);
#5971 = EDGE_LOOP('',(#5972,#6104,#6105,#6106,#6200,#6332));
#5972 = ORIENTED_EDGE('',*,*,#5973,.F.);
#5973 = EDGE_CURVE('',#5266,#5974,#5976,.T.);
#5974 = VERTEX_POINT('',#5975);
#5975 = CARTESIAN_POINT('',(79.469389344998,-98.47649329274,0.));
#5976 = SURFACE_CURVE('',#5977,(#6035,#6096),.PCURVE_S1.);
#5977 = B_SPLINE_CURVE_WITH_KNOTS('',6,(#5978,#5979,#5980,#5981,#5982,
    #5983,#5984,#5985,#5986,#5987,#5988,#5989,#5990,#5991,#5992,#5993,
    #5994,#5995,#5996,#5997,#5998,#5999,#6000,#6001,#6002,#6003,#6004,
    #6005,#6006,#6007,#6008,#6009,#6010,#6011,#6012,#6013,#6014,#6015,
    #6016,#6017,#6018,#6019,#6020,#6021,#6022,#6023,#6024,#6025,#6026,
    #6027,#6028,#6029,#6030,#6031,#6032,#6033,#6034),.UNSPECIFIED.,.F.,
  .F.,(7,5,5,5,5,5,5,5,5,5,5,7),(0.,0.164969341888,0.171968162086,
    0.276962681422,0.473993017345,0.722668479663,0.77766847363,
    0.805666161666,0.819664335532,0.826663304402,0.833662275925,1.),
  .UNSPECIFIED.);
#5978 = CARTESIAN_POINT('',(119.91844019193,-98.43494135559,0.));
#5979 = CARTESIAN_POINT('',(113.32512480904,-98.44607606457,0.));
#5980 = CARTESIAN_POINT('',(106.73228275247,-98.45505688102,0.));
#5981 = CARTESIAN_POINT('',(100.13962627979,-98.4622392908,0.));
#5982 = CARTESIAN_POINT('',(93.546935624495,-98.4679533614,0.));
#5983 = CARTESIAN_POINT('',(86.954088878858,-98.4724755414,0.));
#5984 = CARTESIAN_POINT('',(80.081348754525,-98.47617080129,0.));
#5985 = CARTESIAN_POINT('',(79.801636714138,-98.47631925353,0.));
#5986 = CARTESIAN_POINT('',(79.521921763569,-98.47646645864,0.));
#5987 = CARTESIAN_POINT('',(79.242204130127,-98.47661277418,0.));
#5988 = CARTESIAN_POINT('',(78.962484311192,-98.4767582236,0.));
#5989 = CARTESIAN_POINT('',(74.486456268687,-98.47906683859,0.));
#5990 = CARTESIAN_POINT('',(70.289925638475,-98.48099434865,0.));
#5991 = CARTESIAN_POINT('',(66.093193406196,-98.48270425857,0.));
#5992 = CARTESIAN_POINT('',(61.896280884989,-98.48421529418,0.));
#5993 = CARTESIAN_POINT('',(57.699208478516,-98.48554567506,0.));
#5994 = CARTESIAN_POINT('',(45.625601249472,-98.48890390505,0.));
#5995 = CARTESIAN_POINT('',(37.748712100877,-98.49051995904,0.));
#5996 = CARTESIAN_POINT('',(29.871457136564,-98.49167583002,0.));
#5997 = CARTESIAN_POINT('',(21.993949224005,-98.49246479659,0.));
#5998 = CARTESIAN_POINT('',(14.116290979991,-98.49294697225,0.));
#5999 = CARTESIAN_POINT('',(-3.704016727139,-98.49337777644,0.));
#6000 = CARTESIAN_POINT('',(-13.64669692977,-98.49315383903,0.));
#6001 = CARTESIAN_POINT('',(-23.589260782,-98.49249864187,0.));
#6002 = CARTESIAN_POINT('',(-33.53151785165,-98.49134037682,0.));
#6003 = CARTESIAN_POINT('',(-43.47324629973,-98.48949581247,0.));
#6004 = CARTESIAN_POINT('',(-55.6128442743,-98.48612744899,0.));
#6005 = CARTESIAN_POINT('',(-57.81146165331,-98.48547269844,0.));
#6006 = CARTESIAN_POINT('',(-60.01003778527,-98.48477077237,0.));
#6007 = CARTESIAN_POINT('',(-62.20856980737,-98.48401911388,0.));
#6008 = CARTESIAN_POINT('',(-64.40705478026,-98.48321509319,0.));
#6009 = CARTESIAN_POINT('',(-67.72460062379,-98.48191869111,0.));
#6010 = CARTESIAN_POINT('',(-68.84369858654,-98.48146710771,0.));
#6011 = CARTESIAN_POINT('',(-69.96278317879,-98.48100090309,0.));
#6012 = CARTESIAN_POINT('',(-71.08185399879,-98.48051972179,0.));
#6013 = CARTESIAN_POINT('',(-72.20091064057,-98.48002320728,0.));
#6014 = CARTESIAN_POINT('',(-73.87944693526,-98.47925491163,0.));
#6015 = CARTESIAN_POINT('',(-74.43893752985,-98.47899489901,0.));
#6016 = CARTESIAN_POINT('',(-74.99842442647,-98.47873091953,0.));
#6017 = CARTESIAN_POINT('',(-75.55790757365,-98.47846292864,0.));
#6018 = CARTESIAN_POINT('',(-76.11738691969,-98.47819088185,0.));
#6019 = CARTESIAN_POINT('',(-76.95659544049,-98.47777666349,0.));
#6020 = CARTESIAN_POINT('',(-77.23632654417,-98.47763756768,0.));
#6021 = CARTESIAN_POINT('',(-77.51605571081,-98.47749744177,0.));
#6022 = CARTESIAN_POINT('',(-77.79578292749,-98.47735628022,0.));
#6023 = CARTESIAN_POINT('',(-78.07550818121,-98.47721407752,0.));
#6024 = CARTESIAN_POINT('',(-78.63495484285,-98.47692757875,0.));
#6025 = CARTESIAN_POINT('',(-78.91467544423,-98.47678321977,0.));
#6026 = CARTESIAN_POINT('',(-79.19439481345,-98.47663787968,0.));
#6027 = CARTESIAN_POINT('',(-79.47411313099,-98.47649157003,0.));
#6028 = CARTESIAN_POINT('',(-79.75382920759,-98.47634418547,0.));
#6029 = CARTESIAN_POINT('',(-86.68116535101,-98.47266193046,0.));
#6030 = CARTESIAN_POINT('',(-93.32860205135,-98.46814199346,0.));
#6031 = CARTESIAN_POINT('',(-99.9758769947,-98.46241731949,0.));
#6032 = CARTESIAN_POINT('',(-106.6231135045,-98.45520544432,0.));
#6033 = CARTESIAN_POINT('',(-113.2705362546,-98.44616825306,0.));
#6034 = CARTESIAN_POINT('',(-119.9184402039,-98.43494135558,0.));
#6035 = PCURVE('',#3210,#6036);
#6036 = DEFINITIONAL_REPRESENTATION('',(#6037),#6095);
#6037 = B_SPLINE_CURVE_WITH_KNOTS('',6,(#6038,#6039,#6040,#6041,#6042,
    #6043,#6044,#6045,#6046,#6047,#6048,#6049,#6050,#6051,#6052,#6053,
    #6054,#6055,#6056,#6057,#6058,#6059,#6060,#6061,#6062,#6063,#6064,
    #6065,#6066,#6067,#6068,#6069,#6070,#6071,#6072,#6073,#6074,#6075,
    #6076,#6077,#6078,#6079,#6080,#6081,#6082,#6083,#6084,#6085,#6086,
    #6087,#6088,#6089,#6090,#6091,#6092,#6093,#6094),.UNSPECIFIED.,.F.,
  .F.,(7,5,5,5,5,5,5,5,5,5,5,7),(0.,0.164969341888,0.171968162086,
    0.276962681422,0.473993017345,0.722668479663,0.77766847363,
    0.805666161666,0.819664335532,0.826663304402,0.833662275925,1.),
  .UNSPECIFIED.);
#6038 = CARTESIAN_POINT('',(119.99999998492,2.040032351928E-03));
#6039 = CARTESIAN_POINT('',(113.40042334309,1.876157901143E-03));
#6040 = CARTESIAN_POINT('',(106.80037031276,1.723961903199E-03));
#6041 = CARTESIAN_POINT('',(100.20012965129,1.585339610787E-03));
#6042 = CARTESIAN_POINT('',(93.59992184035,1.461690981737E-03));
#6043 = CARTESIAN_POINT('',(86.999869209617,1.353925934541E-03));
#6044 = CARTESIAN_POINT('',(80.120000701468,1.258787451612E-03));
#6045 = CARTESIAN_POINT('',(79.840000255534,1.254950806236E-03));
#6046 = CARTESIAN_POINT('',(79.559999714773,1.251131814655E-03));
#6047 = CARTESIAN_POINT('',(79.27999959838,1.247321251821E-03));
#6048 = CARTESIAN_POINT('',(78.999999880056,1.243518347606E-03));
#6049 = CARTESIAN_POINT('',(74.519512870023,1.182910763578E-03));
#6050 = CARTESIAN_POINT('',(70.319249233326,1.128896710244E-03));
#6051 = CARTESIAN_POINT('',(66.119186930883,1.07789223172E-03));
#6052 = CARTESIAN_POINT('',(61.919304711072,1.030078201101E-03));
#6053 = CARTESIAN_POINT('',(57.719582217679,9.85612759652E-04));
#6054 = CARTESIAN_POINT('',(45.639159139329,8.677264697762E-04));
#6055 = CARTESIAN_POINT('',(37.758812587256,8.030902566646E-04));
#6056 = CARTESIAN_POINT('',(29.878831621113,7.516161749513E-04));
#6057 = CARTESIAN_POINT('',(21.999103500664,7.139103556456E-04));
#6058 = CARTESIAN_POINT('',(14.119525673988,6.903140611358E-04));
#6059 = CARTESIAN_POINT('',(-3.704888352136,6.690775764921E-04));
#6060 = CARTESIAN_POINT('',(-13.64969375888,6.79862238757E-04));
#6061 = CARTESIAN_POINT('',(-23.59461552313,7.134734846435E-04));
#6062 = CARTESIAN_POINT('',(-33.53984398557,7.694897122449E-04));
#6063 = CARTESIAN_POINT('',(-43.4856007676,8.468555332692E-04));
#6064 = CARTESIAN_POINT('',(-55.63203769842,9.652103689255E-04));
#6065 = CARTESIAN_POINT('',(-57.83197059828,9.876026457263E-04));
#6066 = CARTESIAN_POINT('',(-60.03194470612,1.010932044415E-03));
#6067 = CARTESIAN_POINT('',(-62.23196287881,1.035177441216E-03));
#6068 = CARTESIAN_POINT('',(-64.43202804883,1.06031598004E-03));
#6069 = CARTESIAN_POINT('',(-67.75210949845,1.099561955041E-03));
#6070 = CARTESIAN_POINT('',(-68.87208873014,1.113025907364E-03));
#6071 = CARTESIAN_POINT('',(-69.99208131582,1.126711685999E-03));
#6072 = CARTESIAN_POINT('',(-71.1120876561,1.140615933583E-03));
#6073 = CARTESIAN_POINT('',(-72.23210815577,1.154735178844E-03));
#6074 = CARTESIAN_POINT('',(-73.91213394862,1.176230822449E-03));
#6075 = CARTESIAN_POINT('',(-74.4721283152,1.183448656464E-03));
#6076 = CARTESIAN_POINT('',(-75.03212637456,1.19071889064E-03));
#6077 = CARTESIAN_POINT('',(-75.59212817802,1.19804107004E-03));
#6078 = CARTESIAN_POINT('',(-76.15213377709,1.2054147328E-03));
#6079 = CARTESIAN_POINT('',(-76.99214322347,1.216551686155E-03));
#6080 = CARTESIAN_POINT('',(-77.27214322345,1.220276702655E-03));
#6081 = CARTESIAN_POINT('',(-77.55214322343,1.224014400773E-03));
#6082 = CARTESIAN_POINT('',(-77.83214322341,1.227764721243E-03));
#6083 = CARTESIAN_POINT('',(-78.11214322339,1.231527604369E-03));
#6084 = CARTESIAN_POINT('',(-78.6721433295,1.239078377127E-03));
#6085 = CARTESIAN_POINT('',(-78.95214362801,1.242868633936E-03));
#6086 = CARTESIAN_POINT('',(-79.23214351136,1.246668630413E-03));
#6087 = CARTESIAN_POINT('',(-79.51214294722,1.250477694078E-03));
#6088 = CARTESIAN_POINT('',(-79.79214247847,1.254299610017E-03));
#6089 = CARTESIAN_POINT('',(-86.72664759845,1.349475708662E-03));
#6090 = CARTESIAN_POINT('',(-93.38133933843,1.457602158623E-03));
#6091 = CARTESIAN_POINT('',(-100.0361919203,1.581899331317E-03));
#6092 = CARTESIAN_POINT('',(-106.6910815919,1.721442507834E-03));
#6093 = CARTESIAN_POINT('',(-113.3457829493,1.874801122339E-03));
#6094 = CARTESIAN_POINT('',(-119.9999999969,2.040032352055E-03));
#6095 = ( GEOMETRIC_REPRESENTATION_CONTEXT(2) 
PARAMETRIC_REPRESENTATION_CONTEXT() REPRESENTATION_CONTEXT('2D SPACE',''
  ) );
#6096 = PCURVE('',#4378,#6097);
#6097 = DEFINITIONAL_REPRESENTATION('',(#6098),#6103);
#6098 = B_SPLINE_CURVE_WITH_KNOTS('',3,(#6099,#6100,#6101,#6102),
  .UNSPECIFIED.,.F.,.F.,(4,4),(0.166635728876,0.168687813951),
  .PIECEWISE_BEZIER_KNOTS.);
#6099 = CARTESIAN_POINT('',(4.785419396463,0.));
#6100 = CARTESIAN_POINT('',(4.777218098764,0.));
#6101 = CARTESIAN_POINT('',(4.76907885939,0.));
#6102 = CARTESIAN_POINT('',(4.760877446443,0.));
#6103 = ( GEOMETRIC_REPRESENTATION_CONTEXT(2) 
PARAMETRIC_REPRESENTATION_CONTEXT() REPRESENTATION_CONTEXT('2D SPACE',''
  ) );
#6104 = ORIENTED_EDGE('',*,*,#5850,.T.);
#6105 = ORIENTED_EDGE('',*,*,#3189,.F.);
#6106 = ORIENTED_EDGE('',*,*,#6107,.F.);
#6107 = EDGE_CURVE('',#6108,#3167,#6110,.T.);
#6108 = VERTEX_POINT('',#6109);
#6109 = CARTESIAN_POINT('',(-79.96159034485,-98.47621773975,
    8.930468901447E-05));
#6110 = SURFACE_CURVE('',#6111,(#6186,#6193),.PCURVE_S1.);
#6111 = B_SPLINE_CURVE_WITH_KNOTS('',10,(#6112,#6113,#6114,#6115,#6116,
    #6117,#6118,#6119,#6120,#6121,#6122,#6123,#6124,#6125,#6126,#6127,
    #6128,#6129,#6130,#6131,#6132,#6133,#6134,#6135,#6136,#6137,#6138,
    #6139,#6140,#6141,#6142,#6143,#6144,#6145,#6146,#6147,#6148,#6149,
    #6150,#6151,#6152,#6153,#6154,#6155,#6156,#6157,#6158,#6159,#6160,
    #6161,#6162,#6163,#6164,#6165,#6166,#6167,#6168,#6169,#6170,#6171,
    #6172,#6173,#6174,#6175,#6176,#6177,#6178,#6179,#6180,#6181,#6182,
    #6183,#6184,#6185),.UNSPECIFIED.,.F.,.F.,(11,9,9,9,9,9,9,9,11),(
    1.25749365421E-03,8.868839282355E-03,3.225603741177E-02,
    0.125804829929,0.5,0.874195170071,0.967743962588,0.991131160718,1.),
  .UNSPECIFIED.);
#6112 = CARTESIAN_POINT('',(-79.96159034674,-98.47621774244,
    8.928958676021E-05));
#6113 = CARTESIAN_POINT('',(-79.93834157246,-98.44766204369,
    0.159872266946));
#6114 = CARTESIAN_POINT('',(-79.91509238171,-98.41910641207,
    0.319655544972));
#6115 = CARTESIAN_POINT('',(-79.89184261831,-98.3905506569,
    0.479440196739));
#6116 = CARTESIAN_POINT('',(-79.86859255647,-98.36199511932,
    0.639224308423));
#6117 = CARTESIAN_POINT('',(-79.84534264795,-98.33344035674,
    0.799004751571));
#6118 = CARTESIAN_POINT('',(-79.82209230232,-98.3048856368,
    0.958785641365));
#6119 = CARTESIAN_POINT('',(-79.79883998286,-98.27632906669,
    1.118577610835));
#6120 = CARTESIAN_POINT('',(-79.77558961137,-98.24777549549,
    1.278353428042));
#6121 = CARTESIAN_POINT('',(-79.75233749657,-98.21922035594,
    1.438138746333));
#6122 = CARTESIAN_POINT('',(-79.6576389184,-98.10292662597,
    2.088883604587));
#6123 = CARTESIAN_POINT('',(-79.58618899301,-98.01518873897,
    2.579845057002));
#6124 = CARTESIAN_POINT('',(-79.51473553027,-97.92745208225,
    3.070806223534));
#6125 = CARTESIAN_POINT('',(-79.44327851632,-97.83971666731,
    3.561767104285));
#6126 = CARTESIAN_POINT('',(-79.37181793763,-97.75198250607,
    4.052727699391));
#6127 = CARTESIAN_POINT('',(-79.30035378016,-97.66424960977,
    4.543688008942));
#6128 = CARTESIAN_POINT('',(-79.22888603049,-97.57651799045,
    5.034648033079));
#6129 = CARTESIAN_POINT('',(-79.15741467463,-97.48878765944,
    5.525607771898));
#6130 = CARTESIAN_POINT('',(-79.08593969897,-97.40105862856,
    6.016567225524));
#6131 = CARTESIAN_POINT('',(-78.72854665277,-96.96242003265,
    8.471363068253));
#6132 = CARTESIAN_POINT('',(-78.44257412641,-96.61152999691,
    10.435195161837));
#6133 = CARTESIAN_POINT('',(-78.1565425812,-96.26066168607,
    12.399022699891));
#6134 = CARTESIAN_POINT('',(-77.87045108734,-95.9098159835,
    14.362845707386));
#6135 = CARTESIAN_POINT('',(-77.58429871574,-95.55899377357,
    16.326664209476));
#6136 = CARTESIAN_POINT('',(-77.29808453626,-95.20819593922,
    18.290478231056));
#6137 = CARTESIAN_POINT('',(-77.01180761994,-94.85742336499,
    20.254287797307));
#6138 = CARTESIAN_POINT('',(-76.72546703679,-94.50667693403,
    22.218092933162));
#6139 = CARTESIAN_POINT('',(-76.43906185752,-94.15595753042,
    24.181893663721));
#6140 = CARTESIAN_POINT('',(-75.00670833231,-92.40250006718,
    34.000875415115));
#6141 = CARTESIAN_POINT('',(-73.85977515928,-91.00018341992,
    41.855990945358));
#6142 = CARTESIAN_POINT('',(-72.71173259472,-89.59838041114,
    49.711039657961));
#6143 = CARTESIAN_POINT('',(-71.56251615124,-88.19716537417,
    57.566025617551));
#6144 = CARTESIAN_POINT('',(-70.41205885748,-86.79662433836,
    65.420954623894));
#6145 = CARTESIAN_POINT('',(-69.26029422473,-85.39685670883,
    73.275834936206));
#6146 = CARTESIAN_POINT('',(-68.10715921127,-83.99797694389,
    81.130677996848));
#6147 = CARTESIAN_POINT('',(-66.95259718898,-82.60011623476,
    88.98549915552));
#6148 = CARTESIAN_POINT('',(-65.79656090814,-81.20342418345,
    96.840318393177));
#6149 = CARTESIAN_POINT('',(-63.48147001858,-78.41271678013,
    112.55000369884));
#6150 = CARTESIAN_POINT('',(-62.32241624645,-77.018700699,
    120.40486975619));
#6151 = CARTESIAN_POINT('',(-61.16182441125,-75.62619220832,
    128.259785343));
#6152 = CARTESIAN_POINT('',(-59.99967858981,-74.23537715906,
    136.11478139756));
#6153 = CARTESIAN_POINT('',(-58.83598697348,-72.84646044367,
    143.96989570832));
#6154 = CARTESIAN_POINT('',(-57.67079194855,-71.45966433832,
    151.82517406036));
#6155 = CARTESIAN_POINT('',(-56.50417995196,-70.07522202461,
    159.68067048476));
#6156 = CARTESIAN_POINT('',(-55.33629110646,-68.69336629367,
    167.53644661939));
#6157 = CARTESIAN_POINT('',(-54.16732863093,-67.31431342969,
    175.39257017248));
#6158 = CARTESIAN_POINT('',(-52.70512787899,-65.59422448663,
    185.21324807686));
#6159 = CARTESIAN_POINT('',(-52.41263778971,-65.2503929741,
    187.17740980847));
#6160 = CARTESIAN_POINT('',(-52.12010203827,-64.9067506137,
    189.14159881614));
#6161 = CARTESIAN_POINT('',(-51.82752515676,-64.56330006321,
    191.10581622314));
#6162 = CARTESIAN_POINT('',(-51.53491193218,-64.22004376139,
    193.07006314922));
#6163 = CARTESIAN_POINT('',(-51.24226740713,-63.8769839292,
    195.03434071288));
#6164 = CARTESIAN_POINT('',(-50.94959687899,-63.53412256829,
    196.99865002867));
#6165 = CARTESIAN_POINT('',(-50.65690590069,-63.19146146248,
    198.96299220969));
#6166 = CARTESIAN_POINT('',(-50.36420028015,-62.84900217661,
    200.92736836579));
#6167 = CARTESIAN_POINT('',(-49.99830753067,-62.42118202738,
    203.38288241424));
#6168 = CARTESIAN_POINT('',(-49.9251284395,-62.33563069691,
    203.87398741616));
#6169 = CARTESIAN_POINT('',(-49.85194890441,-62.25009208124,
    204.36509462685));
#6170 = CARTESIAN_POINT('',(-49.77876902297,-62.16456619598,
    204.8562040634));
#6171 = CARTESIAN_POINT('',(-49.70558889233,-62.07905305631,
    205.3473157418));
#6172 = CARTESIAN_POINT('',(-49.63240861021,-61.99355267808,
    205.83842967963));
#6173 = CARTESIAN_POINT('',(-49.55922827374,-61.90806507636,
    206.32954589273));
#6174 = CARTESIAN_POINT('',(-49.48604798054,-61.82259026693,
    206.82066439842));
#6175 = CARTESIAN_POINT('',(-49.4128678279,-61.73712826507,
    207.31178521303));
#6176 = CARTESIAN_POINT('',(-49.31193679501,-61.61927524602,
    207.98915093689));
#6177 = CARTESIAN_POINT('',(-49.284185281,-61.58687273427,
    208.17539680108));
#6178 = CARTESIAN_POINT('',(-49.25643608704,-61.55447479181,
    208.36162739893));
#6179 = CARTESIAN_POINT('',(-49.2286818339,-61.52207259048,
    208.54789326971));
#6180 = CARTESIAN_POINT('',(-49.20093349904,-61.48967924923,
    208.7341193238));
#6181 = CARTESIAN_POINT('',(-49.17318229452,-61.45728425351,
    208.92036574667));
#6182 = CARTESIAN_POINT('',(-49.14543062741,-61.42489047686,
    209.10661609936));
#6183 = CARTESIAN_POINT('',(-49.11768003137,-61.39249974636,
    209.29285992566));
#6184 = CARTESIAN_POINT('',(-49.08992979414,-61.36011120364,
    209.47910214056));
#6185 = CARTESIAN_POINT('',(-49.06217895539,-61.32772369439,
    209.66534935538));
#6186 = PCURVE('',#3210,#6187);
#6187 = DEFINITIONAL_REPRESENTATION('',(#6188),#6192);
#6188 = LINE('',#6189,#6190);
#6189 = CARTESIAN_POINT('',(-80.,0.));
#6190 = VECTOR('',#6191,1.);
#6191 = DIRECTION('',(0.,1.));
#6192 = ( GEOMETRIC_REPRESENTATION_CONTEXT(2) 
PARAMETRIC_REPRESENTATION_CONTEXT() REPRESENTATION_CONTEXT('2D SPACE',''
  ) );
#6193 = PCURVE('',#3378,#6194);
#6194 = DEFINITIONAL_REPRESENTATION('',(#6195),#6199);
#6195 = LINE('',#6196,#6197);
#6196 = CARTESIAN_POINT('',(4.712388980385,0.));
#6197 = VECTOR('',#6198,1.);
#6198 = DIRECTION('',(0.,1.));
#6199 = ( GEOMETRIC_REPRESENTATION_CONTEXT(2) 
PARAMETRIC_REPRESENTATION_CONTEXT() REPRESENTATION_CONTEXT('2D SPACE',''
  ) );
#6200 = ORIENTED_EDGE('',*,*,#6201,.F.);
#6201 = EDGE_CURVE('',#6202,#6108,#6204,.T.);
#6202 = VERTEX_POINT('',#6203);
#6203 = CARTESIAN_POINT('',(-79.46938868232,-98.47649332547,0.));
#6204 = SURFACE_CURVE('',#6205,(#6263,#6324),.PCURVE_S1.);
#6205 = B_SPLINE_CURVE_WITH_KNOTS('',6,(#6206,#6207,#6208,#6209,#6210,
    #6211,#6212,#6213,#6214,#6215,#6216,#6217,#6218,#6219,#6220,#6221,
    #6222,#6223,#6224,#6225,#6226,#6227,#6228,#6229,#6230,#6231,#6232,
    #6233,#6234,#6235,#6236,#6237,#6238,#6239,#6240,#6241,#6242,#6243,
    #6244,#6245,#6246,#6247,#6248,#6249,#6250,#6251,#6252,#6253,#6254,
    #6255,#6256,#6257,#6258,#6259,#6260,#6261,#6262),.UNSPECIFIED.,.F.,
  .F.,(7,5,5,5,5,5,5,5,5,5,5,7),(0.,0.164969341888,0.171968162086,
    0.276962681422,0.473993017345,0.722668479663,0.77766847363,
    0.805666161666,0.819664335532,0.826663304402,0.833662275925,1.),
  .UNSPECIFIED.);
#6206 = CARTESIAN_POINT('',(119.91844019193,-98.43494135559,0.));
#6207 = CARTESIAN_POINT('',(113.32512480904,-98.44607606457,0.));
#6208 = CARTESIAN_POINT('',(106.73228275247,-98.45505688102,0.));
#6209 = CARTESIAN_POINT('',(100.13962627979,-98.4622392908,0.));
#6210 = CARTESIAN_POINT('',(93.546935624495,-98.4679533614,0.));
#6211 = CARTESIAN_POINT('',(86.954088878858,-98.4724755414,0.));
#6212 = CARTESIAN_POINT('',(80.081348754525,-98.47617080129,0.));
#6213 = CARTESIAN_POINT('',(79.801636714138,-98.47631925353,0.));
#6214 = CARTESIAN_POINT('',(79.521921763569,-98.47646645864,0.));
#6215 = CARTESIAN_POINT('',(79.242204130127,-98.47661277418,0.));
#6216 = CARTESIAN_POINT('',(78.962484311192,-98.4767582236,0.));
#6217 = CARTESIAN_POINT('',(74.486456268687,-98.47906683859,0.));
#6218 = CARTESIAN_POINT('',(70.289925638475,-98.48099434865,0.));
#6219 = CARTESIAN_POINT('',(66.093193406196,-98.48270425857,0.));
#6220 = CARTESIAN_POINT('',(61.896280884989,-98.48421529418,0.));
#6221 = CARTESIAN_POINT('',(57.699208478516,-98.48554567506,0.));
#6222 = CARTESIAN_POINT('',(45.625601249472,-98.48890390505,0.));
#6223 = CARTESIAN_POINT('',(37.748712100877,-98.49051995904,0.));
#6224 = CARTESIAN_POINT('',(29.871457136564,-98.49167583002,0.));
#6225 = CARTESIAN_POINT('',(21.993949224005,-98.49246479659,0.));
#6226 = CARTESIAN_POINT('',(14.116290979991,-98.49294697225,0.));
#6227 = CARTESIAN_POINT('',(-3.704016727139,-98.49337777644,0.));
#6228 = CARTESIAN_POINT('',(-13.64669692977,-98.49315383903,0.));
#6229 = CARTESIAN_POINT('',(-23.589260782,-98.49249864187,0.));
#6230 = CARTESIAN_POINT('',(-33.53151785165,-98.49134037682,0.));
#6231 = CARTESIAN_POINT('',(-43.47324629973,-98.48949581247,0.));
#6232 = CARTESIAN_POINT('',(-55.6128442743,-98.48612744899,0.));
#6233 = CARTESIAN_POINT('',(-57.81146165331,-98.48547269844,0.));
#6234 = CARTESIAN_POINT('',(-60.01003778527,-98.48477077237,0.));
#6235 = CARTESIAN_POINT('',(-62.20856980737,-98.48401911388,0.));
#6236 = CARTESIAN_POINT('',(-64.40705478026,-98.48321509319,0.));
#6237 = CARTESIAN_POINT('',(-67.72460062379,-98.48191869111,0.));
#6238 = CARTESIAN_POINT('',(-68.84369858654,-98.48146710771,0.));
#6239 = CARTESIAN_POINT('',(-69.96278317879,-98.48100090309,0.));
#6240 = CARTESIAN_POINT('',(-71.08185399879,-98.48051972179,0.));
#6241 = CARTESIAN_POINT('',(-72.20091064057,-98.48002320728,0.));
#6242 = CARTESIAN_POINT('',(-73.87944693526,-98.47925491163,0.));
#6243 = CARTESIAN_POINT('',(-74.43893752985,-98.47899489901,0.));
#6244 = CARTESIAN_POINT('',(-74.99842442647,-98.47873091953,0.));
#6245 = CARTESIAN_POINT('',(-75.55790757365,-98.47846292864,0.));
#6246 = CARTESIAN_POINT('',(-76.11738691969,-98.47819088185,0.));
#6247 = CARTESIAN_POINT('',(-76.95659544049,-98.47777666349,0.));
#6248 = CARTESIAN_POINT('',(-77.23632654417,-98.47763756768,0.));
#6249 = CARTESIAN_POINT('',(-77.51605571081,-98.47749744177,0.));
#6250 = CARTESIAN_POINT('',(-77.79578292749,-98.47735628022,0.));
#6251 = CARTESIAN_POINT('',(-78.07550818121,-98.47721407752,0.));
#6252 = CARTESIAN_POINT('',(-78.63495484285,-98.47692757875,0.));
#6253 = CARTESIAN_POINT('',(-78.91467544423,-98.47678321977,0.));
#6254 = CARTESIAN_POINT('',(-79.19439481345,-98.47663787968,0.));
#6255 = CARTESIAN_POINT('',(-79.47411313099,-98.47649157003,0.));
#6256 = CARTESIAN_POINT('',(-79.75382920759,-98.47634418547,0.));
#6257 = CARTESIAN_POINT('',(-86.68116535101,-98.47266193046,0.));
#6258 = CARTESIAN_POINT('',(-93.32860205135,-98.46814199346,0.));
#6259 = CARTESIAN_POINT('',(-99.9758769947,-98.46241731949,0.));
#6260 = CARTESIAN_POINT('',(-106.6231135045,-98.45520544432,0.));
#6261 = CARTESIAN_POINT('',(-113.2705362546,-98.44616825306,0.));
#6262 = CARTESIAN_POINT('',(-119.9184402039,-98.43494135558,0.));
#6263 = PCURVE('',#3210,#6264);
#6264 = DEFINITIONAL_REPRESENTATION('',(#6265),#6323);
#6265 = B_SPLINE_CURVE_WITH_KNOTS('',6,(#6266,#6267,#6268,#6269,#6270,
    #6271,#6272,#6273,#6274,#6275,#6276,#6277,#6278,#6279,#6280,#6281,
    #6282,#6283,#6284,#6285,#6286,#6287,#6288,#6289,#6290,#6291,#6292,
    #6293,#6294,#6295,#6296,#6297,#6298,#6299,#6300,#6301,#6302,#6303,
    #6304,#6305,#6306,#6307,#6308,#6309,#6310,#6311,#6312,#6313,#6314,
    #6315,#6316,#6317,#6318,#6319,#6320,#6321,#6322),.UNSPECIFIED.,.F.,
  .F.,(7,5,5,5,5,5,5,5,5,5,5,7),(0.,0.164969341888,0.171968162086,
    0.276962681422,0.473993017345,0.722668479663,0.77766847363,
    0.805666161666,0.819664335532,0.826663304402,0.833662275925,1.),
  .UNSPECIFIED.);
#6266 = CARTESIAN_POINT('',(119.99999998492,2.040032351928E-03));
#6267 = CARTESIAN_POINT('',(113.40042334309,1.876157901143E-03));
#6268 = CARTESIAN_POINT('',(106.80037031276,1.723961903199E-03));
#6269 = CARTESIAN_POINT('',(100.20012965129,1.585339610787E-03));
#6270 = CARTESIAN_POINT('',(93.59992184035,1.461690981737E-03));
#6271 = CARTESIAN_POINT('',(86.999869209617,1.353925934541E-03));
#6272 = CARTESIAN_POINT('',(80.120000701468,1.258787451612E-03));
#6273 = CARTESIAN_POINT('',(79.840000255534,1.254950806236E-03));
#6274 = CARTESIAN_POINT('',(79.559999714773,1.251131814655E-03));
#6275 = CARTESIAN_POINT('',(79.27999959838,1.247321251821E-03));
#6276 = CARTESIAN_POINT('',(78.999999880056,1.243518347606E-03));
#6277 = CARTESIAN_POINT('',(74.519512870023,1.182910763578E-03));
#6278 = CARTESIAN_POINT('',(70.319249233326,1.128896710244E-03));
#6279 = CARTESIAN_POINT('',(66.119186930883,1.07789223172E-03));
#6280 = CARTESIAN_POINT('',(61.919304711072,1.030078201101E-03));
#6281 = CARTESIAN_POINT('',(57.719582217679,9.85612759652E-04));
#6282 = CARTESIAN_POINT('',(45.639159139329,8.677264697762E-04));
#6283 = CARTESIAN_POINT('',(37.758812587256,8.030902566646E-04));
#6284 = CARTESIAN_POINT('',(29.878831621113,7.516161749513E-04));
#6285 = CARTESIAN_POINT('',(21.999103500664,7.139103556456E-04));
#6286 = CARTESIAN_POINT('',(14.119525673988,6.903140611358E-04));
#6287 = CARTESIAN_POINT('',(-3.704888352136,6.690775764921E-04));
#6288 = CARTESIAN_POINT('',(-13.64969375888,6.79862238757E-04));
#6289 = CARTESIAN_POINT('',(-23.59461552313,7.134734846435E-04));
#6290 = CARTESIAN_POINT('',(-33.53984398557,7.694897122449E-04));
#6291 = CARTESIAN_POINT('',(-43.4856007676,8.468555332692E-04));
#6292 = CARTESIAN_POINT('',(-55.63203769842,9.652103689255E-04));
#6293 = CARTESIAN_POINT('',(-57.83197059828,9.876026457263E-04));
#6294 = CARTESIAN_POINT('',(-60.03194470612,1.010932044415E-03));
#6295 = CARTESIAN_POINT('',(-62.23196287881,1.035177441216E-03));
#6296 = CARTESIAN_POINT('',(-64.43202804883,1.06031598004E-03));
#6297 = CARTESIAN_POINT('',(-67.75210949845,1.099561955041E-03));
#6298 = CARTESIAN_POINT('',(-68.87208873014,1.113025907364E-03));
#6299 = CARTESIAN_POINT('',(-69.99208131582,1.126711685999E-03));
#6300 = CARTESIAN_POINT('',(-71.1120876561,1.140615933583E-03));
#6301 = CARTESIAN_POINT('',(-72.23210815577,1.154735178844E-03));
#6302 = CARTESIAN_POINT('',(-73.91213394862,1.176230822449E-03));
#6303 = CARTESIAN_POINT('',(-74.4721283152,1.183448656464E-03));
#6304 = CARTESIAN_POINT('',(-75.03212637456,1.19071889064E-03));
#6305 = CARTESIAN_POINT('',(-75.59212817802,1.19804107004E-03));
#6306 = CARTESIAN_POINT('',(-76.15213377709,1.2054147328E-03));
#6307 = CARTESIAN_POINT('',(-76.99214322347,1.216551686155E-03));
#6308 = CARTESIAN_POINT('',(-77.27214322345,1.220276702655E-03));
#6309 = CARTESIAN_POINT('',(-77.55214322343,1.224014400773E-03));
#6310 = CARTESIAN_POINT('',(-77.83214322341,1.227764721243E-03));
#6311 = CARTESIAN_POINT('',(-78.11214322339,1.231527604369E-03));
#6312 = CARTESIAN_POINT('',(-78.6721433295,1.239078377127E-03));
#6313 = CARTESIAN_POINT('',(-78.95214362801,1.242868633936E-03));
#6314 = CARTESIAN_POINT('',(-79.23214351136,1.246668630413E-03));
#6315 = CARTESIAN_POINT('',(-79.51214294722,1.250477694078E-03));
#6316 = CARTESIAN_POINT('',(-79.79214247847,1.254299610017E-03));
#6317 = CARTESIAN_POINT('',(-86.72664759845,1.349475708662E-03));
#6318 = CARTESIAN_POINT('',(-93.38133933843,1.457602158623E-03));
#6319 = CARTESIAN_POINT('',(-100.0361919203,1.581899331317E-03));
#6320 = CARTESIAN_POINT('',(-106.6910815919,1.721442507834E-03));
#6321 = CARTESIAN_POINT('',(-113.3457829493,1.874801122339E-03));
#6322 = CARTESIAN_POINT('',(-119.9999999969,2.040032352055E-03));
#6323 = ( GEOMETRIC_REPRESENTATION_CONTEXT(2) 
PARAMETRIC_REPRESENTATION_CONTEXT() REPRESENTATION_CONTEXT('2D SPACE',''
  ) );
#6324 = PCURVE('',#4207,#6325);
#6325 = DEFINITIONAL_REPRESENTATION('',(#6326),#6331);
#6326 = B_SPLINE_CURVE_WITH_KNOTS('',3,(#6327,#6328,#6329,#6330),
  .UNSPECIFIED.,.F.,.F.,(4,4),(0.831309589688,0.83336221889),
  .PIECEWISE_BEZIER_KNOTS.);
#6327 = CARTESIAN_POINT('',(4.663900548083,0.));
#6328 = CARTESIAN_POINT('',(4.655697124141,0.));
#6329 = CARTESIAN_POINT('',(4.647555889598,0.));
#6330 = CARTESIAN_POINT('',(4.639352603859,0.));
#6331 = ( GEOMETRIC_REPRESENTATION_CONTEXT(2) 
PARAMETRIC_REPRESENTATION_CONTEXT() REPRESENTATION_CONTEXT('2D SPACE',''
  ) );
#6332 = ORIENTED_EDGE('',*,*,#6333,.F.);
#6333 = EDGE_CURVE('',#5974,#6202,#6334,.T.);
#6334 = SURFACE_CURVE('',#6335,(#6393,#6454),.PCURVE_S1.);
#6335 = B_SPLINE_CURVE_WITH_KNOTS('',6,(#6336,#6337,#6338,#6339,#6340,
    #6341,#6342,#6343,#6344,#6345,#6346,#6347,#6348,#6349,#6350,#6351,
    #6352,#6353,#6354,#6355,#6356,#6357,#6358,#6359,#6360,#6361,#6362,
    #6363,#6364,#6365,#6366,#6367,#6368,#6369,#6370,#6371,#6372,#6373,
    #6374,#6375,#6376,#6377,#6378,#6379,#6380,#6381,#6382,#6383,#6384,
    #6385,#6386,#6387,#6388,#6389,#6390,#6391,#6392),.UNSPECIFIED.,.F.,
  .F.,(7,5,5,5,5,5,5,5,5,5,5,7),(0.,0.164969341888,0.171968162086,
    0.276962681422,0.473993017345,0.722668479663,0.77766847363,
    0.805666161666,0.819664335532,0.826663304402,0.833662275925,1.),
  .UNSPECIFIED.);
#6336 = CARTESIAN_POINT('',(119.91844019193,-98.43494135559,0.));
#6337 = CARTESIAN_POINT('',(113.32512480904,-98.44607606457,0.));
#6338 = CARTESIAN_POINT('',(106.73228275247,-98.45505688102,0.));
#6339 = CARTESIAN_POINT('',(100.13962627979,-98.4622392908,0.));
#6340 = CARTESIAN_POINT('',(93.546935624495,-98.4679533614,0.));
#6341 = CARTESIAN_POINT('',(86.954088878858,-98.4724755414,0.));
#6342 = CARTESIAN_POINT('',(80.081348754525,-98.47617080129,0.));
#6343 = CARTESIAN_POINT('',(79.801636714138,-98.47631925353,0.));
#6344 = CARTESIAN_POINT('',(79.521921763569,-98.47646645864,0.));
#6345 = CARTESIAN_POINT('',(79.242204130127,-98.47661277418,0.));
#6346 = CARTESIAN_POINT('',(78.962484311192,-98.4767582236,0.));
#6347 = CARTESIAN_POINT('',(74.486456268687,-98.47906683859,0.));
#6348 = CARTESIAN_POINT('',(70.289925638475,-98.48099434865,0.));
#6349 = CARTESIAN_POINT('',(66.093193406196,-98.48270425857,0.));
#6350 = CARTESIAN_POINT('',(61.896280884989,-98.48421529418,0.));
#6351 = CARTESIAN_POINT('',(57.699208478516,-98.48554567506,0.));
#6352 = CARTESIAN_POINT('',(45.625601249472,-98.48890390505,0.));
#6353 = CARTESIAN_POINT('',(37.748712100877,-98.49051995904,0.));
#6354 = CARTESIAN_POINT('',(29.871457136564,-98.49167583002,0.));
#6355 = CARTESIAN_POINT('',(21.993949224005,-98.49246479659,0.));
#6356 = CARTESIAN_POINT('',(14.116290979991,-98.49294697225,0.));
#6357 = CARTESIAN_POINT('',(-3.704016727139,-98.49337777644,0.));
#6358 = CARTESIAN_POINT('',(-13.64669692977,-98.49315383903,0.));
#6359 = CARTESIAN_POINT('',(-23.589260782,-98.49249864187,0.));
#6360 = CARTESIAN_POINT('',(-33.53151785165,-98.49134037682,0.));
#6361 = CARTESIAN_POINT('',(-43.47324629973,-98.48949581247,0.));
#6362 = CARTESIAN_POINT('',(-55.6128442743,-98.48612744899,0.));
#6363 = CARTESIAN_POINT('',(-57.81146165331,-98.48547269844,0.));
#6364 = CARTESIAN_POINT('',(-60.01003778527,-98.48477077237,0.));
#6365 = CARTESIAN_POINT('',(-62.20856980737,-98.48401911388,0.));
#6366 = CARTESIAN_POINT('',(-64.40705478026,-98.48321509319,0.));
#6367 = CARTESIAN_POINT('',(-67.72460062379,-98.48191869111,0.));
#6368 = CARTESIAN_POINT('',(-68.84369858654,-98.48146710771,0.));
#6369 = CARTESIAN_POINT('',(-69.96278317879,-98.48100090309,0.));
#6370 = CARTESIAN_POINT('',(-71.08185399879,-98.48051972179,0.));
#6371 = CARTESIAN_POINT('',(-72.20091064057,-98.48002320728,0.));
#6372 = CARTESIAN_POINT('',(-73.87944693526,-98.47925491163,0.));
#6373 = CARTESIAN_POINT('',(-74.43893752985,-98.47899489901,0.));
#6374 = CARTESIAN_POINT('',(-74.99842442647,-98.47873091953,0.));
#6375 = CARTESIAN_POINT('',(-75.55790757365,-98.47846292864,0.));
#6376 = CARTESIAN_POINT('',(-76.11738691969,-98.47819088185,0.));
#6377 = CARTESIAN_POINT('',(-76.95659544049,-98.47777666349,0.));
#6378 = CARTESIAN_POINT('',(-77.23632654417,-98.47763756768,0.));
#6379 = CARTESIAN_POINT('',(-77.51605571081,-98.47749744177,0.));
#6380 = CARTESIAN_POINT('',(-77.79578292749,-98.47735628022,0.));
#6381 = CARTESIAN_POINT('',(-78.07550818121,-98.47721407752,0.));
#6382 = CARTESIAN_POINT('',(-78.63495484285,-98.47692757875,0.));
#6383 = CARTESIAN_POINT('',(-78.91467544423,-98.47678321977,0.));
#6384 = CARTESIAN_POINT('',(-79.19439481345,-98.47663787968,0.));
#6385 = CARTESIAN_POINT('',(-79.47411313099,-98.47649157003,0.));
#6386 = CARTESIAN_POINT('',(-79.75382920759,-98.47634418547,0.));
#6387 = CARTESIAN_POINT('',(-86.68116535101,-98.47266193046,0.));
#6388 = CARTESIAN_POINT('',(-93.32860205135,-98.46814199346,0.));
#6389 = CARTESIAN_POINT('',(-99.9758769947,-98.46241731949,0.));
#6390 = CARTESIAN_POINT('',(-106.6231135045,-98.45520544432,0.));
#6391 = CARTESIAN_POINT('',(-113.2705362546,-98.44616825306,0.));
#6392 = CARTESIAN_POINT('',(-119.9184402039,-98.43494135558,0.));
#6393 = PCURVE('',#3210,#6394);
#6394 = DEFINITIONAL_REPRESENTATION('',(#6395),#6453);
#6395 = B_SPLINE_CURVE_WITH_KNOTS('',6,(#6396,#6397,#6398,#6399,#6400,
    #6401,#6402,#6403,#6404,#6405,#6406,#6407,#6408,#6409,#6410,#6411,
    #6412,#6413,#6414,#6415,#6416,#6417,#6418,#6419,#6420,#6421,#6422,
    #6423,#6424,#6425,#6426,#6427,#6428,#6429,#6430,#6431,#6432,#6433,
    #6434,#6435,#6436,#6437,#6438,#6439,#6440,#6441,#6442,#6443,#6444,
    #6445,#6446,#6447,#6448,#6449,#6450,#6451,#6452),.UNSPECIFIED.,.F.,
  .F.,(7,5,5,5,5,5,5,5,5,5,5,7),(0.,0.164969341888,0.171968162086,
    0.276962681422,0.473993017345,0.722668479663,0.77766847363,
    0.805666161666,0.819664335532,0.826663304402,0.833662275925,1.),
  .UNSPECIFIED.);
#6396 = CARTESIAN_POINT('',(119.99999998492,2.040032351928E-03));
#6397 = CARTESIAN_POINT('',(113.40042334309,1.876157901143E-03));
#6398 = CARTESIAN_POINT('',(106.80037031276,1.723961903199E-03));
#6399 = CARTESIAN_POINT('',(100.20012965129,1.585339610787E-03));
#6400 = CARTESIAN_POINT('',(93.59992184035,1.461690981737E-03));
#6401 = CARTESIAN_POINT('',(86.999869209617,1.353925934541E-03));
#6402 = CARTESIAN_POINT('',(80.120000701468,1.258787451612E-03));
#6403 = CARTESIAN_POINT('',(79.840000255534,1.254950806236E-03));
#6404 = CARTESIAN_POINT('',(79.559999714773,1.251131814655E-03));
#6405 = CARTESIAN_POINT('',(79.27999959838,1.247321251821E-03));
#6406 = CARTESIAN_POINT('',(78.999999880056,1.243518347606E-03));
#6407 = CARTESIAN_POINT('',(74.519512870023,1.182910763578E-03));
#6408 = CARTESIAN_POINT('',(70.319249233326,1.128896710244E-03));
#6409 = CARTESIAN_POINT('',(66.119186930883,1.07789223172E-03));
#6410 = CARTESIAN_POINT('',(61.919304711072,1.030078201101E-03));
#6411 = CARTESIAN_POINT('',(57.719582217679,9.85612759652E-04));
#6412 = CARTESIAN_POINT('',(45.639159139329,8.677264697762E-04));
#6413 = CARTESIAN_POINT('',(37.758812587256,8.030902566646E-04));
#6414 = CARTESIAN_POINT('',(29.878831621113,7.516161749513E-04));
#6415 = CARTESIAN_POINT('',(21.999103500664,7.139103556456E-04));
#6416 = CARTESIAN_POINT('',(14.119525673988,6.903140611358E-04));
#6417 = CARTESIAN_POINT('',(-3.704888352136,6.690775764921E-04));
#6418 = CARTESIAN_POINT('',(-13.64969375888,6.79862238757E-04));
#6419 = CARTESIAN_POINT('',(-23.59461552313,7.134734846435E-04));
#6420 = CARTESIAN_POINT('',(-33.53984398557,7.694897122449E-04));
#6421 = CARTESIAN_POINT('',(-43.4856007676,8.468555332692E-04));
#6422 = CARTESIAN_POINT('',(-55.63203769842,9.652103689255E-04));
#6423 = CARTESIAN_POINT('',(-57.83197059828,9.876026457263E-04));
#6424 = CARTESIAN_POINT('',(-60.03194470612,1.010932044415E-03));
#6425 = CARTESIAN_POINT('',(-62.23196287881,1.035177441216E-03));
#6426 = CARTESIAN_POINT('',(-64.43202804883,1.06031598004E-03));
#6427 = CARTESIAN_POINT('',(-67.75210949845,1.099561955041E-03));
#6428 = CARTESIAN_POINT('',(-68.87208873014,1.113025907364E-03));
#6429 = CARTESIAN_POINT('',(-69.99208131582,1.126711685999E-03));
#6430 = CARTESIAN_POINT('',(-71.1120876561,1.140615933583E-03));
#6431 = CARTESIAN_POINT('',(-72.23210815577,1.154735178844E-03));
#6432 = CARTESIAN_POINT('',(-73.91213394862,1.176230822449E-03));
#6433 = CARTESIAN_POINT('',(-74.4721283152,1.183448656464E-03));
#6434 = CARTESIAN_POINT('',(-75.03212637456,1.19071889064E-03));
#6435 = CARTESIAN_POINT('',(-75.59212817802,1.19804107004E-03));
#6436 = CARTESIAN_POINT('',(-76.15213377709,1.2054147328E-03));
#6437 = CARTESIAN_POINT('',(-76.99214322347,1.216551686155E-03));
#6438 = CARTESIAN_POINT('',(-77.27214322345,1.220276702655E-03));
#6439 = CARTESIAN_POINT('',(-77.55214322343,1.224014400773E-03));
#6440 = CARTESIAN_POINT('',(-77.83214322341,1.227764721243E-03));
#6441 = CARTESIAN_POINT('',(-78.11214322339,1.231527604369E-03));
#6442 = CARTESIAN_POINT('',(-78.6721433295,1.239078377127E-03));
#6443 = CARTESIAN_POINT('',(-78.95214362801,1.242868633936E-03));
#6444 = CARTESIAN_POINT('',(-79.23214351136,1.246668630413E-03));
#6445 = CARTESIAN_POINT('',(-79.51214294722,1.250477694078E-03));
#6446 = CARTESIAN_POINT('',(-79.79214247847,1.254299610017E-03));
#6447 = CARTESIAN_POINT('',(-86.72664759845,1.349475708662E-03));
#6448 = CARTESIAN_POINT('',(-93.38133933843,1.457602158623E-03));
#6449 = CARTESIAN_POINT('',(-100.0361919203,1.581899331317E-03));
#6450 = CARTESIAN_POINT('',(-106.6910815919,1.721442507834E-03));
#6451 = CARTESIAN_POINT('',(-113.3457829493,1.874801122339E-03));
#6452 = CARTESIAN_POINT('',(-119.9999999969,2.040032352055E-03));
#6453 = ( GEOMETRIC_REPRESENTATION_CONTEXT(2) 
PARAMETRIC_REPRESENTATION_CONTEXT() REPRESENTATION_CONTEXT('2D SPACE',''
  ) );
#6454 = PCURVE('',#6455,#6460);
#6455 = PLANE('',#6456);
#6456 = AXIS2_PLACEMENT_3D('',#6457,#6458,#6459);
#6457 = CARTESIAN_POINT('',(-80.,-80.,0.));
#6458 = DIRECTION('',(0.,0.,1.));
#6459 = DIRECTION('',(1.,0.,0.));
#6460 = DEFINITIONAL_REPRESENTATION('',(#6461),#6519);
#6461 = B_SPLINE_CURVE_WITH_KNOTS('',6,(#6462,#6463,#6464,#6465,#6466,
    #6467,#6468,#6469,#6470,#6471,#6472,#6473,#6474,#6475,#6476,#6477,
    #6478,#6479,#6480,#6481,#6482,#6483,#6484,#6485,#6486,#6487,#6488,
    #6489,#6490,#6491,#6492,#6493,#6494,#6495,#6496,#6497,#6498,#6499,
    #6500,#6501,#6502,#6503,#6504,#6505,#6506,#6507,#6508,#6509,#6510,
    #6511,#6512,#6513,#6514,#6515,#6516,#6517,#6518),.UNSPECIFIED.,.F.,
  .F.,(7,5,5,5,5,5,5,5,5,5,5,7),(0.,0.164969341888,0.171968162086,
    0.276962681422,0.473993017345,0.722668479663,0.77766847363,
    0.805666161666,0.819664335532,0.826663304402,0.833662275925,1.),
  .UNSPECIFIED.);
#6462 = CARTESIAN_POINT('',(199.91844019193,-18.43494135558));
#6463 = CARTESIAN_POINT('',(193.32512480904,-18.44607606457));
#6464 = CARTESIAN_POINT('',(186.73228275247,-18.45505688102));
#6465 = CARTESIAN_POINT('',(180.13962627979,-18.4622392908));
#6466 = CARTESIAN_POINT('',(173.54693562449,-18.4679533614));
#6467 = CARTESIAN_POINT('',(166.95408887885,-18.4724755414));
#6468 = CARTESIAN_POINT('',(160.08134875452,-18.47617080129));
#6469 = CARTESIAN_POINT('',(159.80163671413,-18.47631925353));
#6470 = CARTESIAN_POINT('',(159.52192176356,-18.47646645864));
#6471 = CARTESIAN_POINT('',(159.24220413012,-18.47661277418));
#6472 = CARTESIAN_POINT('',(158.96248431119,-18.4767582236));
#6473 = CARTESIAN_POINT('',(154.48645626868,-18.47906683859));
#6474 = CARTESIAN_POINT('',(150.28992563847,-18.48099434865));
#6475 = CARTESIAN_POINT('',(146.09319340619,-18.48270425857));
#6476 = CARTESIAN_POINT('',(141.89628088498,-18.48421529417));
#6477 = CARTESIAN_POINT('',(137.69920847851,-18.48554567506));
#6478 = CARTESIAN_POINT('',(125.62560124947,-18.48890390505));
#6479 = CARTESIAN_POINT('',(117.74871210087,-18.49051995904));
#6480 = CARTESIAN_POINT('',(109.87145713656,-18.49167583001));
#6481 = CARTESIAN_POINT('',(101.993949224,-18.49246479659));
#6482 = CARTESIAN_POINT('',(94.116290979991,-18.49294697225));
#6483 = CARTESIAN_POINT('',(76.295983272861,-18.49337777644));
#6484 = CARTESIAN_POINT('',(66.353303070223,-18.49315383902));
#6485 = CARTESIAN_POINT('',(56.410739217993,-18.49249864187));
#6486 = CARTESIAN_POINT('',(46.468482148343,-18.49134037682));
#6487 = CARTESIAN_POINT('',(36.526753700262,-18.48949581247));
#6488 = CARTESIAN_POINT('',(24.387155725696,-18.48612744899));
#6489 = CARTESIAN_POINT('',(22.188538346686,-18.48547269844));
#6490 = CARTESIAN_POINT('',(19.989962214728,-18.48477077237));
#6491 = CARTESIAN_POINT('',(17.791430192627,-18.48401911388));
#6492 = CARTESIAN_POINT('',(15.592945219736,-18.48321509319));
#6493 = CARTESIAN_POINT('',(12.275399376209,-18.48191869111));
#6494 = CARTESIAN_POINT('',(11.156301413455,-18.48146710771));
#6495 = CARTESIAN_POINT('',(10.037216821205,-18.48100090309));
#6496 = CARTESIAN_POINT('',(8.918146001203,-18.48051972179));
#6497 = CARTESIAN_POINT('',(7.799089359423,-18.48002320728));
#6498 = CARTESIAN_POINT('',(6.120553064739,-18.47925491163));
#6499 = CARTESIAN_POINT('',(5.561062470143,-18.47899489901));
#6500 = CARTESIAN_POINT('',(5.001575573525,-18.47873091953));
#6501 = CARTESIAN_POINT('',(4.442092426349,-18.47846292864));
#6502 = CARTESIAN_POINT('',(3.882613080302,-18.47819088185));
#6503 = CARTESIAN_POINT('',(3.043404559504,-18.47777666349));
#6504 = CARTESIAN_POINT('',(2.763673455827,-18.47763756768));
#6505 = CARTESIAN_POINT('',(2.483944289181,-18.47749744177));
#6506 = CARTESIAN_POINT('',(2.20421707251,-18.47735628022));
#6507 = CARTESIAN_POINT('',(1.924491818782,-18.47721407752));
#6508 = CARTESIAN_POINT('',(1.365045157146,-18.47692757875));
#6509 = CARTESIAN_POINT('',(1.085324555764,-18.47678321977));
#6510 = CARTESIAN_POINT('',(0.80560518655,-18.47663787968));
#6511 = CARTESIAN_POINT('',(0.525886869002,-18.47649157003));
#6512 = CARTESIAN_POINT('',(0.246170792409,-18.47634418547));
#6513 = CARTESIAN_POINT('',(-6.681165351017,-18.47266193046));
#6514 = CARTESIAN_POINT('',(-13.32860205135,-18.46814199345));
#6515 = CARTESIAN_POINT('',(-19.9758769947,-18.46241731949));
#6516 = CARTESIAN_POINT('',(-26.62311350455,-18.45520544431));
#6517 = CARTESIAN_POINT('',(-33.27053625461,-18.44616825305));
#6518 = CARTESIAN_POINT('',(-39.91844020397,-18.43494135558));
#6519 = ( GEOMETRIC_REPRESENTATION_CONTEXT(2) 
PARAMETRIC_REPRESENTATION_CONTEXT() REPRESENTATION_CONTEXT('2D SPACE',''
  ) );
#6520 = ADVANCED_FACE('',(#6521),#3378,.F.);
#6521 = FACE_BOUND('',#6522,.F.);
#6522 = EDGE_LOOP('',(#6523,#7106,#7107,#7108));
#6523 = ORIENTED_EDGE('',*,*,#6524,.F.);
#6524 = EDGE_CURVE('',#6108,#6525,#6527,.T.);
#6525 = VERTEX_POINT('',#6526);
#6526 = CARTESIAN_POINT('',(-98.47623374769,-79.96147181185,
    9.053934713066E-08));
#6527 = SURFACE_CURVE('',#6528,(#6580,#7046),.PCURVE_S1.);
#6528 = B_SPLINE_CURVE_WITH_KNOTS('',8,(#6529,#6530,#6531,#6532,#6533,
    #6534,#6535,#6536,#6537,#6538,#6539,#6540,#6541,#6542,#6543,#6544,
    #6545,#6546,#6547,#6548,#6549,#6550,#6551,#6552,#6553,#6554,#6555,
    #6556,#6557,#6558,#6559,#6560,#6561,#6562,#6563,#6564,#6565,#6566,
    #6567,#6568,#6569,#6570,#6571,#6572,#6573,#6574,#6575,#6576,#6577,
    #6578,#6579),.UNSPECIFIED.,.F.,.F.,(9,7,7,7,7,7,7,9),(0.,
    0.175371746368,0.181959295669,0.286561131435,0.503384785951,
    0.828200695389,0.838531110221,1.),.UNSPECIFIED.);
#6529 = CARTESIAN_POINT('',(-72.11349814698,-98.48200770734,0.));
#6530 = CARTESIAN_POINT('',(-73.09058802691,-98.4810456443,0.));
#6531 = CARTESIAN_POINT('',(-74.06767792541,-98.48013786997,0.));
#6532 = CARTESIAN_POINT('',(-75.04476781307,-98.47929315871,0.));
#6533 = CARTESIAN_POINT('',(-76.0218576645,-98.47851921332,0.));
#6534 = CARTESIAN_POINT('',(-76.99894745835,-98.47782266502,0.));
#6535 = CARTESIAN_POINT('',(-77.97603717726,-98.47720907348,0.));
#6536 = CARTESIAN_POINT('',(-78.9531268079,-98.47668292679,0.));
#6537 = CARTESIAN_POINT('',(-79.96691909156,-98.47623129072,0.));
#6538 = CARTESIAN_POINT('',(-80.00361510212,-98.47619516828,0.));
#6539 = CARTESIAN_POINT('',(-80.04030806204,-98.47610059665,0.));
#6540 = CARTESIAN_POINT('',(-80.07700043655,-98.47592118499,0.));
#6541 = CARTESIAN_POINT('',(-80.11369346674,-98.47564282913,0.));
#6542 = CARTESIAN_POINT('',(-80.15038716952,-98.47526371158,0.));
#6543 = CARTESIAN_POINT('',(-80.18708033765,-98.47479430154,0.));
#6544 = CARTESIAN_POINT('',(-80.80636390103,-98.46573132986,0.));
#6545 = CARTESIAN_POINT('',(-81.38865424389,-98.436208102,0.));
#6546 = CARTESIAN_POINT('',(-81.96975312099,-98.38570771212,0.));
#6547 = CARTESIAN_POINT('',(-82.5487790635,-98.31429441061,0.));
#6548 = CARTESIAN_POINT('',(-83.12485767526,-98.22207643059,0.));
#6549 = CARTESIAN_POINT('',(-83.69712172706,-98.10920576114,0.));
#6550 = CARTESIAN_POINT('',(-84.2647112509,-97.97587792042,0.));
#6551 = CARTESIAN_POINT('',(-85.99184324434,-97.5040538886,0.));
#6552 = CARTESIAN_POINT('',(-87.13332025995,-97.09886205583,0.));
#6553 = CARTESIAN_POINT('',(-88.24344126497,-96.6088957668,0.));
#6554 = CARTESIAN_POINT('',(-89.31490263103,-96.03709612183,0.));
#6555 = CARTESIAN_POINT('',(-90.34080127266,-95.3870892736,0.));
#6556 = CARTESIAN_POINT('',(-91.31461778984,-94.66314310374,0.));
#6557 = CARTESIAN_POINT('',(-92.23024199806,-93.87019708771,0.));
#6558 = CARTESIAN_POINT('',(-94.35809081347,-91.73127461994,0.));
#6559 = CARTESIAN_POINT('',(-95.49193551059,-90.30552185104,0.));
#6560 = CARTESIAN_POINT('',(-96.46353911518,-88.75622401264,0.));
#6561 = CARTESIAN_POINT('',(-97.25773259999,-87.10522951861,0.));
#6562 = CARTESIAN_POINT('',(-97.86260141431,-85.37586167258,0.));
#6563 = CARTESIAN_POINT('',(-98.26978486447,-83.59297088871,0.));
#6564 = CARTESIAN_POINT('',(-98.47426331495,-81.78277856278,0.));
#6565 = CARTESIAN_POINT('',(-98.47628703552,-79.91590415012,0.));
#6566 = CARTESIAN_POINT('',(-98.47625196329,-79.85713391299,0.));
#6567 = CARTESIAN_POINT('',(-98.47629215128,-79.7979349214,0.));
#6568 = CARTESIAN_POINT('',(-98.47635354121,-79.73878522388,0.));
#6569 = CARTESIAN_POINT('',(-98.47637401581,-79.67990743884,0.));
#6570 = CARTESIAN_POINT('',(-98.47637369598,-79.62129569216,0.));
#6571 = CARTESIAN_POINT('',(-98.47641682506,-79.56270527059,0.));
#6572 = CARTESIAN_POINT('',(-98.47688938202,-78.57984184104,0.));
#6573 = CARTESIAN_POINT('',(-98.4774136911,-77.65607860671,0.));
#6574 = CARTESIAN_POINT('',(-98.47801503612,-76.7323152968,0.));
#6575 = CARTESIAN_POINT('',(-98.47868942861,-75.80855192338,0.));
#6576 = CARTESIAN_POINT('',(-98.47943202309,-74.88478850167,0.));
#6577 = CARTESIAN_POINT('',(-98.48023711697,-73.9610250501,0.));
#6578 = CARTESIAN_POINT('',(-98.48109815062,-73.03726159028,0.));
#6579 = CARTESIAN_POINT('',(-98.48200770734,-72.11349814698,0.));
#6580 = PCURVE('',#3378,#6581);
#6581 = DEFINITIONAL_REPRESENTATION('',(#6582),#7045);
#6582 = B_SPLINE_CURVE_WITH_KNOTS('',11,(#6583,#6584,#6585,#6586,#6587,
    #6588,#6589,#6590,#6591,#6592,#6593,#6594,#6595,#6596,#6597,#6598,
    #6599,#6600,#6601,#6602,#6603,#6604,#6605,#6606,#6607,#6608,#6609,
    #6610,#6611,#6612,#6613,#6614,#6615,#6616,#6617,#6618,#6619,#6620,
    #6621,#6622,#6623,#6624,#6625,#6626,#6627,#6628,#6629,#6630,#6631,
    #6632,#6633,#6634,#6635,#6636,#6637,#6638,#6639,#6640,#6641,#6642,
    #6643,#6644,#6645,#6646,#6647,#6648,#6649,#6650,#6651,#6652,#6653,
    #6654,#6655,#6656,#6657,#6658,#6659,#6660,#6661,#6662,#6663,#6664,
    #6665,#6666,#6667,#6668,#6669,#6670,#6671,#6672,#6673,#6674,#6675,
    #6676,#6677,#6678,#6679,#6680,#6681,#6682,#6683,#6684,#6685,#6686,
    #6687,#6688,#6689,#6690,#6691,#6692,#6693,#6694,#6695,#6696,#6697,
    #6698,#6699,#6700,#6701,#6702,#6703,#6704,#6705,#6706,#6707,#6708,
    #6709,#6710,#6711,#6712,#6713,#6714,#6715,#6716,#6717,#6718,#6719,
    #6720,#6721,#6722,#6723,#6724,#6725,#6726,#6727,#6728,#6729,#6730,
    #6731,#6732,#6733,#6734,#6735,#6736,#6737,#6738,#6739,#6740,#6741,
    #6742,#6743,#6744,#6745,#6746,#6747,#6748,#6749,#6750,#6751,#6752,
    #6753,#6754,#6755,#6756,#6757,#6758,#6759,#6760,#6761,#6762,#6763,
    #6764,#6765,#6766,#6767,#6768,#6769,#6770,#6771,#6772,#6773,#6774,
    #6775,#6776,#6777,#6778,#6779,#6780,#6781,#6782,#6783,#6784,#6785,
    #6786,#6787,#6788,#6789,#6790,#6791,#6792,#6793,#6794,#6795,#6796,
    #6797,#6798,#6799,#6800,#6801,#6802,#6803,#6804,#6805,#6806,#6807,
    #6808,#6809,#6810,#6811,#6812,#6813,#6814,#6815,#6816,#6817,#6818,
    #6819,#6820,#6821,#6822,#6823,#6824,#6825,#6826,#6827,#6828,#6829,
    #6830,#6831,#6832,#6833,#6834,#6835,#6836,#6837,#6838,#6839,#6840,
    #6841,#6842,#6843,#6844,#6845,#6846,#6847,#6848,#6849,#6850,#6851,
    #6852,#6853,#6854,#6855,#6856,#6857,#6858,#6859,#6860,#6861,#6862,
    #6863,#6864,#6865,#6866,#6867,#6868,#6869,#6870,#6871,#6872,#6873,
    #6874,#6875,#6876,#6877,#6878,#6879,#6880,#6881,#6882,#6883,#6884,
    #6885,#6886,#6887,#6888,#6889,#6890,#6891,#6892,#6893,#6894,#6895,
    #6896,#6897,#6898,#6899,#6900,#6901,#6902,#6903,#6904,#6905,#6906,
    #6907,#6908,#6909,#6910,#6911,#6912,#6913,#6914,#6915,#6916,#6917,
    #6918,#6919,#6920,#6921,#6922,#6923,#6924,#6925,#6926,#6927,#6928,
    #6929,#6930,#6931,#6932,#6933,#6934,#6935,#6936,#6937,#6938,#6939,
    #6940,#6941,#6942,#6943,#6944,#6945,#6946,#6947,#6948,#6949,#6950,
    #6951,#6952,#6953,#6954,#6955,#6956,#6957,#6958,#6959,#6960,#6961,
    #6962,#6963,#6964,#6965,#6966,#6967,#6968,#6969,#6970,#6971,#6972,
    #6973,#6974,#6975,#6976,#6977,#6978,#6979,#6980,#6981,#6982,#6983,
    #6984,#6985,#6986,#6987,#6988,#6989,#6990,#6991,#6992,#6993,#6994,
    #6995,#6996,#6997,#6998,#6999,#7000,#7001,#7002,#7003,#7004,#7005,
    #7006,#7007,#7008,#7009,#7010,#7011,#7012,#7013,#7014,#7015,#7016,
    #7017,#7018,#7019,#7020,#7021,#7022,#7023,#7024,#7025,#7026,#7027,
    #7028,#7029,#7030,#7031,#7032,#7033,#7034,#7035,#7036,#7037,#7038,
    #7039,#7040,#7041,#7042,#7043,#7044),.UNSPECIFIED.,.F.,.F.,(12,10,10
    ,10,10,10,10,10,10,10,10,10,10,10,10,10,10,10,10,10,10,10,10,10,10,
    10,10,10,10,10,10,10,10,10,10,10,10,10,10,10,10,10,10,10,10,10,12),(
    0.,0.125,0.15625,0.171875,0.173828125,0.1748046875,0.17529296875,
    0.175415039062,0.175537109375,0.17578125,0.1796875,0.181640625,
    0.181884765625,0.18212890625,0.1826171875,0.18359375,0.1875,0.25,
    0.28125,0.296875,0.3125,0.375,0.5,0.5078125,0.515625,0.53125,0.5625,
    0.625,0.75,0.8125,0.828125,0.828186035156,0.828247070312,
    0.828369140625,0.82861328125,0.8291015625,0.830078125,0.83203125,
    0.8359375,0.837890625,0.83837890625,0.838623046875,0.8388671875,
    0.83984375,0.84375,0.875,1.),.UNSPECIFIED.);
#6583 = CARTESIAN_POINT('',(5.105088061992,1.09742602111E-03));
#6584 = CARTESIAN_POINT('',(5.07974709145,1.112325011402E-03));
#6585 = CARTESIAN_POINT('',(5.054405935047,1.126563442E-03));
#6586 = CARTESIAN_POINT('',(5.029064526793,1.140143520124E-03));
#6587 = CARTESIAN_POINT('',(5.003722756435,1.153067356518E-03));
#6588 = CARTESIAN_POINT('',(4.978380571758,1.165336932006E-03));
#6589 = CARTESIAN_POINT('',(4.953037935755,1.176954112698E-03));
#6590 = CARTESIAN_POINT('',(4.927694781316,1.187920665222E-03));
#6591 = CARTESIAN_POINT('',(4.902351027823,1.198238250365E-03));
#6592 = CARTESIAN_POINT('',(4.877006644885,1.207908400794E-03));
#6593 = CARTESIAN_POINT('',(4.851661670241,1.216932515476E-03));
#6594 = CARTESIAN_POINT('',(4.819979594715,1.227406784516E-03));
#6595 = CARTESIAN_POINT('',(4.813643137935,1.229461344211E-03));
#6596 = CARTESIAN_POINT('',(4.80730663659,1.231475631023E-03));
#6597 = CARTESIAN_POINT('',(4.800970089383,1.233449665234E-03));
#6598 = CARTESIAN_POINT('',(4.794633496329,1.235383466284E-03));
#6599 = CARTESIAN_POINT('',(4.788296858413,1.237277052896E-03));
#6600 = CARTESIAN_POINT('',(4.781960177339,1.239130443174E-03));
#6601 = CARTESIAN_POINT('',(4.77562345517,1.24094365473E-03));
#6602 = CARTESIAN_POINT('',(4.769286694078,1.242716704788E-03));
#6603 = CARTESIAN_POINT('',(4.762949896,1.244449610302E-03));
#6604 = CARTESIAN_POINT('',(4.753444645543,1.246988776948E-03));
#6605 = CARTESIAN_POINT('',(4.750276220323,1.247825133748E-03));
#6606 = CARTESIAN_POINT('',(4.747107786489,1.248651460673E-03));
#6607 = CARTESIAN_POINT('',(4.743939343769,1.249467759908E-03));
#6608 = CARTESIAN_POINT('',(4.740770891832,1.250274033627E-03));
#6609 = CARTESIAN_POINT('',(4.737602430292,1.251070283972E-03));
#6610 = CARTESIAN_POINT('',(4.734433958701,1.25185651308E-03));
#6611 = CARTESIAN_POINT('',(4.731265476557,1.252632723055E-03));
#6612 = CARTESIAN_POINT('',(4.728096983294,1.253398915992E-03));
#6613 = CARTESIAN_POINT('',(4.724928478295,1.254155093963E-03));
#6614 = CARTESIAN_POINT('',(4.721363896201,1.254994529651E-03));
#6615 = CARTESIAN_POINT('',(4.720967831333,1.255087643831E-03));
#6616 = CARTESIAN_POINT('',(4.720571766271,1.255180601561E-03));
#6617 = CARTESIAN_POINT('',(4.72017570102,1.255273402848E-03));
#6618 = CARTESIAN_POINT('',(4.719779635569,1.255366047693E-03));
#6619 = CARTESIAN_POINT('',(4.719383569929,1.255458536102E-03));
#6620 = CARTESIAN_POINT('',(4.718987504087,1.255550868077E-03));
#6621 = CARTESIAN_POINT('',(4.718591438053,1.255643043623E-03));
#6622 = CARTESIAN_POINT('',(4.718195371817,1.255735062744E-03));
#6623 = CARTESIAN_POINT('',(4.717799305384,1.255826925444E-03));
#6624 = CARTESIAN_POINT('',(4.717205205434,1.255964484867E-03));
#6625 = CARTESIAN_POINT('',(4.717007172066,1.256010298903E-03));
#6626 = CARTESIAN_POINT('',(4.716809138651,1.256056073836E-03));
#6627 = CARTESIAN_POINT('',(4.71661110518,1.256101809665E-03));
#6628 = CARTESIAN_POINT('',(4.716413071668,1.256147506391E-03));
#6629 = CARTESIAN_POINT('',(4.716215038094,1.256193164016E-03));
#6630 = CARTESIAN_POINT('',(4.71601700448,1.256238782536E-03));
#6631 = CARTESIAN_POINT('',(4.715818970807,1.256284361957E-03));
#6632 = CARTESIAN_POINT('',(4.715620937089,1.256329902276E-03));
#6633 = CARTESIAN_POINT('',(4.715422903317,1.256375403495E-03));
#6634 = CARTESIAN_POINT('',(4.715125852583,1.256443596673E-03));
#6635 = CARTESIAN_POINT('',(4.715026835659,1.256466317957E-03));
#6636 = CARTESIAN_POINT('',(4.714927818722,1.256489029466E-03));
#6637 = CARTESIAN_POINT('',(4.714828801771,1.256511731201E-03));
#6638 = CARTESIAN_POINT('',(4.714729784811,1.25653442316E-03));
#6639 = CARTESIAN_POINT('',(4.714630767833,1.256557105346E-03));
#6640 = CARTESIAN_POINT('',(4.714531750848,1.256579777755E-03));
#6641 = CARTESIAN_POINT('',(4.714432733844,1.256602440391E-03));
#6642 = CARTESIAN_POINT('',(4.714333716832,1.256625093251E-03));
#6643 = CARTESIAN_POINT('',(4.714234699804,1.256647736338E-03));
#6644 = CARTESIAN_POINT('',(4.714110928505,1.256676027977E-03));
#6645 = CARTESIAN_POINT('',(4.714086166419,1.256681788827E-03));
#6646 = CARTESIAN_POINT('',(4.714061468828,1.256686699009E-03));
#6647 = CARTESIAN_POINT('',(4.714036515663,1.256694977065E-03));
#6648 = CARTESIAN_POINT('',(4.714012193615,1.256694936288E-03));
#6649 = CARTESIAN_POINT('',(4.713986821362,1.256708736762E-03));
#6650 = CARTESIAN_POINT('',(4.713962631175,1.256706956783E-03));
#6651 = CARTESIAN_POINT('',(4.713937601296,1.25671624347E-03));
#6652 = CARTESIAN_POINT('',(4.713912886217,1.25672138042E-03));
#6653 = CARTESIAN_POINT('',(4.713888069912,1.256727850912E-03));
#6654 = CARTESIAN_POINT('',(4.713838414158,1.256741095676E-03));
#6655 = CARTESIAN_POINT('',(4.713813565713,1.256747988529E-03));
#6656 = CARTESIAN_POINT('',(4.713788696837,1.256755150034E-03));
#6657 = CARTESIAN_POINT('',(4.713763807668,1.256762578375E-03));
#6658 = CARTESIAN_POINT('',(4.713738898342,1.256770271733E-03));
#6659 = CARTESIAN_POINT('',(4.713713968999,1.256778228293E-03));
#6660 = CARTESIAN_POINT('',(4.713689019777,1.256786446236E-03));
#6661 = CARTESIAN_POINT('',(4.713664050811,1.256794923746E-03));
#6662 = CARTESIAN_POINT('',(4.713639062241,1.256803659005E-03));
#6663 = CARTESIAN_POINT('',(4.713614054204,1.256812650196E-03));
#6664 = CARTESIAN_POINT('',(4.713538972105,1.256840386112E-03));
#6665 = CARTESIAN_POINT('',(4.71348884009,1.25685989272E-03));
#6666 = CARTESIAN_POINT('',(4.713438631846,1.256880401401E-03));
#6667 = CARTESIAN_POINT('',(4.713388348435,1.256901898235E-03));
#6668 = CARTESIAN_POINT('',(4.713337990899,1.256924369293E-03));
#6669 = CARTESIAN_POINT('',(4.71328756031,1.256947800659E-03));
#6670 = CARTESIAN_POINT('',(4.713237057705,1.256972178402E-03));
#6671 = CARTESIAN_POINT('',(4.713186484156,1.256997488605E-03));
#6672 = CARTESIAN_POINT('',(4.713135840705,1.25702371734E-03));
#6673 = CARTESIAN_POINT('',(4.713085128415,1.257050850688E-03));
#6674 = CARTESIAN_POINT('',(4.712221867097,1.257527259275E-03));
#6675 = CARTESIAN_POINT('',(4.711392020541,1.258203817302E-03));
#6676 = CARTESIAN_POINT('',(4.710549003034,1.259053197793E-03));
#6677 = CARTESIAN_POINT('',(4.709696500147,1.26002676542E-03));
#6678 = CARTESIAN_POINT('',(4.70883768868,1.261082600535E-03));
#6679 = CARTESIAN_POINT('',(4.707975236616,1.262185499171E-03));
#6680 = CARTESIAN_POINT('',(4.707111303189,1.263306973042E-03));
#6681 = CARTESIAN_POINT('',(4.706247538807,1.264425249541E-03));
#6682 = CARTESIAN_POINT('',(4.705385085119,1.265525271744E-03));
#6683 = CARTESIAN_POINT('',(4.70452457497,1.266598698407E-03));
#6684 = CARTESIAN_POINT('',(4.703236911153,1.268166506746E-03));
#6685 = CARTESIAN_POINT('',(4.70280820678,1.268682054272E-03));
#6686 = CARTESIAN_POINT('',(4.702380034811,1.269190343358E-03));
#6687 = CARTESIAN_POINT('',(4.70195237896,1.269691590555E-03));
#6688 = CARTESIAN_POINT('',(4.701525191125,1.270186432149E-03));
#6689 = CARTESIAN_POINT('',(4.701098391426,1.270675924169E-03));
#6690 = CARTESIAN_POINT('',(4.700671868157,1.271161542374E-03));
#6691 = CARTESIAN_POINT('',(4.700245477838,1.271645182268E-03));
#6692 = CARTESIAN_POINT('',(4.699819045171,1.272129159087E-03));
#6693 = CARTESIAN_POINT('',(4.699392363067,1.272616207809E-03));
#6694 = CARTESIAN_POINT('',(4.69891179633,1.273171142564E-03));
#6695 = CARTESIAN_POINT('',(4.698858392442,1.273232898658E-03));
#6696 = CARTESIAN_POINT('',(4.698804980473,1.273294757998E-03));
#6697 = CARTESIAN_POINT('',(4.698751559926,1.273356727159E-03));
#6698 = CARTESIAN_POINT('',(4.698698130301,1.273418812708E-03));
#6699 = CARTESIAN_POINT('',(4.698644691103,1.273481021221E-03));
#6700 = CARTESIAN_POINT('',(4.698591241833,1.273543359266E-03));
#6701 = CARTESIAN_POINT('',(4.698537781994,1.273605833417E-03));
#6702 = CARTESIAN_POINT('',(4.698484311087,1.273668450244E-03));
#6703 = CARTESIAN_POINT('',(4.698430828616,1.273731216318E-03));
#6704 = CARTESIAN_POINT('',(4.698323839549,1.273857060106E-03));
#6705 = CARTESIAN_POINT('',(4.698270329336,1.273920185639E-03));
#6706 = CARTESIAN_POINT('',(4.698216830149,1.273983161743E-03));
#6707 = CARTESIAN_POINT('',(4.698163261131,1.274047057383E-03));
#6708 = CARTESIAN_POINT('',(4.698109712604,1.274110678436E-03));
#6709 = CARTESIAN_POINT('',(4.698056206937,1.274173729184E-03));
#6710 = CARTESIAN_POINT('',(4.698002676813,1.274237099589E-03));
#6711 = CARTESIAN_POINT('',(4.697949118038,1.274300845094E-03));
#6712 = CARTESIAN_POINT('',(4.697895601672,1.274364026267E-03));
#6713 = CARTESIAN_POINT('',(4.697842063737,1.274427488915E-03));
#6714 = CARTESIAN_POINT('',(4.697681462708,1.274617696921E-03));
#6715 = CARTESIAN_POINT('',(4.697574395423,1.274744486646E-03));
#6716 = CARTESIAN_POINT('',(4.697467328209,1.274871260758E-03));
#6717 = CARTESIAN_POINT('',(4.697360261061,1.274998019254E-03));
#6718 = CARTESIAN_POINT('',(4.697253193986,1.275124762131E-03));
#6719 = CARTESIAN_POINT('',(4.697146126974,1.275251489389E-03));
#6720 = CARTESIAN_POINT('',(4.697039060037,1.275378201024E-03));
#6721 = CARTESIAN_POINT('',(4.696931993164,1.275504897035E-03));
#6722 = CARTESIAN_POINT('',(4.696824926363,1.275631577418E-03));
#6723 = CARTESIAN_POINT('',(4.696717859629,1.275758242173E-03));
#6724 = CARTESIAN_POINT('',(4.696396659637,1.276138189545E-03));
#6725 = CARTESIAN_POINT('',(4.696182526584,1.276391425268E-03));
#6726 = CARTESIAN_POINT('',(4.695968393809,1.276644598451E-03));
#6727 = CARTESIAN_POINT('',(4.695754261307,1.276897709072E-03));
#6728 = CARTESIAN_POINT('',(4.695540129088,1.27715075712E-03));
#6729 = CARTESIAN_POINT('',(4.695325997137,1.277403742572E-03));
#6730 = CARTESIAN_POINT('',(4.695111865472,1.277656665415E-03));
#6731 = CARTESIAN_POINT('',(4.694897734077,1.277909525628E-03));
#6732 = CARTESIAN_POINT('',(4.694683602964,1.278162323197E-03));
#6733 = CARTESIAN_POINT('',(4.694469472128,1.278415058103E-03));
#6734 = CARTESIAN_POINT('',(4.693398819337,1.27967841923E-03));
#6735 = CARTESIAN_POINT('',(4.692542301554,1.280688105236E-03));
#6736 = CARTESIAN_POINT('',(4.691685788235,1.281696787251E-03));
#6737 = CARTESIAN_POINT('',(4.690829279398,1.282704464179E-03));
#6738 = CARTESIAN_POINT('',(4.689972775048,1.28371113493E-03));
#6739 = CARTESIAN_POINT('',(4.689116275215,1.284716798402E-03));
#6740 = CARTESIAN_POINT('',(4.688259779895,1.285721453508E-03));
#6741 = CARTESIAN_POINT('',(4.687403289119,1.286725099148E-03));
#6742 = CARTESIAN_POINT('',(4.686546802889,1.287727734231E-03));
#6743 = CARTESIAN_POINT('',(4.685690321227,1.28872935766E-03));
#6744 = CARTESIAN_POINT('',(4.67113021082,1.305739739249E-03));
#6745 = CARTESIAN_POINT('',(4.657427757243,1.321490242902E-03));
#6746 = CARTESIAN_POINT('',(4.643726493682,1.336977088706E-03));
#6747 = CARTESIAN_POINT('',(4.630026567303,1.35219589658E-03));
#6748 = CARTESIAN_POINT('',(4.616327986021,1.367142603283E-03));
#6749 = CARTESIAN_POINT('',(4.602630665619,1.381813398896E-03));
#6750 = CARTESIAN_POINT('',(4.588934546737,1.396204588235E-03));
#6751 = CARTESIAN_POINT('',(4.575239640718,1.4103125402E-03));
#6752 = CARTESIAN_POINT('',(4.561545973715,1.424133755856E-03));
#6753 = CARTESIAN_POINT('',(4.547853510949,1.437664954323E-03));
#6754 = CARTESIAN_POINT('',(4.527316625037,1.457521937903E-03));
#6755 = CARTESIAN_POINT('',(4.520471297694,1.464067630043E-03));
#6756 = CARTESIAN_POINT('',(4.51362626966,1.470539624001E-03));
#6757 = CARTESIAN_POINT('',(4.506781539143,1.476937532145E-03));
#6758 = CARTESIAN_POINT('',(4.499937104562,1.483260975028E-03));
#6759 = CARTESIAN_POINT('',(4.49309296452,1.489509581361E-03));
#6760 = CARTESIAN_POINT('',(4.486249117835,1.495682988046E-03));
#6761 = CARTESIAN_POINT('',(4.479405563508,1.501780840141E-03));
#6762 = CARTESIAN_POINT('',(4.472562300752,1.507802790889E-03));
#6763 = CARTESIAN_POINT('',(4.465719328972,1.513748501699E-03));
#6764 = CARTESIAN_POINT('',(4.455455307177,1.522552212384E-03));
#6765 = CARTESIAN_POINT('',(4.452034033508,1.525467644759E-03));
#6766 = CARTESIAN_POINT('',(4.448612892145,1.528363842266E-03));
#6767 = CARTESIAN_POINT('',(4.445191542908,1.531241054741E-03));
#6768 = CARTESIAN_POINT('',(4.441771024633,1.534098350391E-03));
#6769 = CARTESIAN_POINT('',(4.438349365956,1.536937386894E-03));
#6770 = CARTESIAN_POINT('',(4.434928882285,1.539756124368E-03));
#6771 = CARTESIAN_POINT('',(4.431507743909,1.542556106948E-03));
#6772 = CARTESIAN_POINT('',(4.428086958016,1.545336423069E-03));
#6773 = CARTESIAN_POINT('',(4.424666148968,1.548097360309E-03));
#6774 = CARTESIAN_POINT('',(4.417824661632,1.553580247813E-03));
#6775 = CARTESIAN_POINT('',(4.41440397394,1.556302203274E-03));
#6776 = CARTESIAN_POINT('',(4.410983342791,1.559004634206E-03));
#6777 = CARTESIAN_POINT('',(4.407562768744,1.561687504366E-03));
#6778 = CARTESIAN_POINT('',(4.404142252371,1.564350777518E-03));
#6779 = CARTESIAN_POINT('',(4.400721794228,1.566994417417E-03));
#6780 = CARTESIAN_POINT('',(4.397301394884,1.569618387827E-03));
#6781 = CARTESIAN_POINT('',(4.393881054903,1.572222652505E-03));
#6782 = CARTESIAN_POINT('',(4.390460774848,1.574807175213E-03));
#6783 = CARTESIAN_POINT('',(4.387040555284,1.577371919709E-03));
#6784 = CARTESIAN_POINT('',(4.369939762738,1.590096569937E-03));
#6785 = CARTESIAN_POINT('',(4.356260101176,1.599959308582E-03));
#6786 = CARTESIAN_POINT('',(4.342581432809,1.609502885271E-03));
#6787 = CARTESIAN_POINT('',(4.328903764941,1.618725249181E-03));
#6788 = CARTESIAN_POINT('',(4.315227092933,1.62762447365E-03));
#6789 = CARTESIAN_POINT('',(4.301551401624,1.63619875073E-03));
#6790 = CARTESIAN_POINT('',(4.287876666832,1.644446385771E-03));
#6791 = CARTESIAN_POINT('',(4.274202856768,1.652365791961E-03));
#6792 = CARTESIAN_POINT('',(4.26052993352,1.659955484906E-03));
#6793 = CARTESIAN_POINT('',(4.246857854494,1.667214077185E-03));
#6794 = CARTESIAN_POINT('',(4.20584401263,1.687992664391E-03));
#6795 = CARTESIAN_POINT('',(4.178504645352,1.700515475205E-03));
#6796 = CARTESIAN_POINT('',(4.151168098151,1.711698354172E-03));
#6797 = CARTESIAN_POINT('',(4.123833946504,1.721532458935E-03));
#6798 = CARTESIAN_POINT('',(4.096501747837,1.730010330403E-03));
#6799 = CARTESIAN_POINT('',(4.069171078024,1.737125799017E-03));
#6800 = CARTESIAN_POINT('',(4.041841571643,1.742873922868E-03));
#6801 = CARTESIAN_POINT('',(4.014512966185,1.747250957644E-03));
#6802 = CARTESIAN_POINT('',(3.987185150014,1.750254358439E-03));
#6803 = CARTESIAN_POINT('',(3.95985821425,1.751882813382E-03));
#6804 = CARTESIAN_POINT('',(3.930824651843,1.752152152611E-03));
#6805 = CARTESIAN_POINT('',(3.929116788631,1.752162625118E-03));
#6806 = CARTESIAN_POINT('',(3.927409006334,1.752167726968E-03));
#6807 = CARTESIAN_POINT('',(3.925701010332,1.752167457327E-03));
#6808 = CARTESIAN_POINT('',(3.923993331346,1.752161817177E-03));
#6809 = CARTESIAN_POINT('',(3.922285527108,1.752150806727E-03));
#6810 = CARTESIAN_POINT('',(3.920577519881,1.752134425033E-03));
#6811 = CARTESIAN_POINT('',(3.918869741841,1.75211267179E-03));
#6812 = CARTESIAN_POINT('',(3.917161804332,1.752085547725E-03));
#6813 = CARTESIAN_POINT('',(3.91545389442,1.752053052121E-03));
#6814 = CARTESIAN_POINT('',(3.912038029764,1.751977318183E-03));
#6815 = CARTESIAN_POINT('',(3.910330081169,1.751934079675E-03));
#6816 = CARTESIAN_POINT('',(3.9086221166,1.751885469666E-03));
#6817 = CARTESIAN_POINT('',(3.906914136347,1.751831488198E-03));
#6818 = CARTESIAN_POINT('',(3.905206140703,1.751772135305E-03));
#6819 = CARTESIAN_POINT('',(3.903498129959,1.751707411031E-03));
#6820 = CARTESIAN_POINT('',(3.901790104408,1.751637315411E-03));
#6821 = CARTESIAN_POINT('',(3.90008206434,1.751561848487E-03));
#6822 = CARTESIAN_POINT('',(3.898374010047,1.751481010296E-03));
#6823 = CARTESIAN_POINT('',(3.896665941821,1.751394800879E-03));
#6824 = CARTESIAN_POINT('',(3.891541696221,1.751120059061E-03));
#6825 = CARTESIAN_POINT('',(3.888125477778,1.75091541364E-03));
#6826 = CARTESIAN_POINT('',(3.884709206741,1.750689285083E-03));
#6827 = CARTESIAN_POINT('',(3.881292885128,1.750441674814E-03));
#6828 = CARTESIAN_POINT('',(3.877876514879,1.750172584615E-03));
#6829 = CARTESIAN_POINT('',(3.87446009783,1.749882016618E-03));
#6830 = CARTESIAN_POINT('',(3.871043635745,1.749569973315E-03));
#6831 = CARTESIAN_POINT('',(3.86762713028,1.749236457544E-03));
#6832 = CARTESIAN_POINT('',(3.864210583017,1.748881472507E-03));
#6833 = CARTESIAN_POINT('',(3.86079399544,1.748505021753E-03));
#6834 = CARTESIAN_POINT('',(3.850544115956,1.747311284057E-03));
#6835 = CARTESIAN_POINT('',(3.843710707593,1.746429611379E-03));
#6836 = CARTESIAN_POINT('',(3.836877154744,1.745462122607E-03));
#6837 = CARTESIAN_POINT('',(3.830043467189,1.744408854452E-03));
#6838 = CARTESIAN_POINT('',(3.823209653614,1.743269848882E-03));
#6839 = CARTESIAN_POINT('',(3.816375721596,1.742045153122E-03));
#6840 = CARTESIAN_POINT('',(3.809541677613,1.740734819653E-03));
#6841 = CARTESIAN_POINT('',(3.802707527038,1.739338906216E-03));
#6842 = CARTESIAN_POINT('',(3.795873274145,1.737857475805E-03));
#6843 = CARTESIAN_POINT('',(3.789038922104,1.736290596674E-03));
#6844 = CARTESIAN_POINT('',(3.768535574734,1.731333833651E-03));
#6845 = CARTESIAN_POINT('',(3.754866289268,1.727687822226E-03));
#6846 = CARTESIAN_POINT('',(3.741196635722,1.723700896321E-03));
#6847 = CARTESIAN_POINT('',(3.727526619475,1.719373723544E-03));
#6848 = CARTESIAN_POINT('',(3.713856233579,1.714707051812E-03));
#6849 = CARTESIAN_POINT('',(3.700185460174,1.709701710298E-03));
#6850 = CARTESIAN_POINT('',(3.686514271922,1.704358610402E-03));
#6851 = CARTESIAN_POINT('',(3.672842633424,1.698678746699E-03));
#6852 = CARTESIAN_POINT('',(3.659170502651,1.692663197902E-03));
#6853 = CARTESIAN_POINT('',(3.645497832367,1.686313127814E-03));
#6854 = CARTESIAN_POINT('',(3.604478049922,1.666263103257E-03));
#6855 = CARTESIAN_POINT('',(3.577129165854,1.651563336296E-03));
#6856 = CARTESIAN_POINT('',(3.549777506894,1.63554050742E-03));
#6857 = CARTESIAN_POINT('',(3.522422601675,1.618206044362E-03));
#6858 = CARTESIAN_POINT('',(3.495063950631,1.599572869173E-03));
#6859 = CARTESIAN_POINT('',(3.467701059047,1.579655507366E-03));
#6860 = CARTESIAN_POINT('',(3.440333472561,1.558470217635E-03));
#6861 = CARTESIAN_POINT('',(3.412960814973,1.536035142099E-03));
#6862 = CARTESIAN_POINT('',(3.38558282851,1.512370477132E-03));
#6863 = CARTESIAN_POINT('',(3.358199416422,1.487498664725E-03));
#6864 = CARTESIAN_POINT('',(3.317116323779,1.44841757427E-03));
#6865 = CARTESIAN_POINT('',(3.303420630038,1.435094980924E-03));
#6866 = CARTESIAN_POINT('',(3.28972362139,1.421479936964E-03));
#6867 = CARTESIAN_POINT('',(3.276025324553,1.407575706602E-03));
#6868 = CARTESIAN_POINT('',(3.262325780521,1.393385712741E-03));
#6869 = CARTESIAN_POINT('',(3.248625046672,1.378913544007E-03));
#6870 = CARTESIAN_POINT('',(3.234923198963,1.36416296182E-03));
#6871 = CARTESIAN_POINT('',(3.221220334033,1.349137907424E-03));
#6872 = CARTESIAN_POINT('',(3.20751657139,1.333842508947E-03));
#6873 = CARTESIAN_POINT('',(3.193812055534,1.318281088448E-03));
#6874 = CARTESIAN_POINT('',(3.176680683764,1.298502439095E-03));
#6875 = CARTESIAN_POINT('',(3.173254373088,1.294530365587E-03));
#6876 = CARTESIAN_POINT('',(3.169828028763,1.290542019081E-03));
#6877 = CARTESIAN_POINT('',(3.166401653577,1.286537471025E-03));
#6878 = CARTESIAN_POINT('',(3.162975250435,1.28251679368E-03));
#6879 = CARTESIAN_POINT('',(3.159548822351,1.278480060113E-03));
#6880 = CARTESIAN_POINT('',(3.156122372462,1.274427344206E-03));
#6881 = CARTESIAN_POINT('',(3.152695904012,1.270358720647E-03));
#6882 = CARTESIAN_POINT('',(3.149269420365,1.266274264937E-03));
#6883 = CARTESIAN_POINT('',(3.145842924997,1.262174053385E-03));
#6884 = CARTESIAN_POINT('',(3.142403036722,1.258042085416E-03));
#6885 = CARTESIAN_POINT('',(3.142389651943,1.258026007481E-03));
#6886 = CARTESIAN_POINT('',(3.142376267163,1.258009929306E-03));
#6887 = CARTESIAN_POINT('',(3.142362882384,1.257993850892E-03));
#6888 = CARTESIAN_POINT('',(3.142349497604,1.257977772238E-03));
#6889 = CARTESIAN_POINT('',(3.142336112825,1.257961693346E-03));
#6890 = CARTESIAN_POINT('',(3.142322728044,1.257945614214E-03));
#6891 = CARTESIAN_POINT('',(3.142309343264,1.257929534843E-03));
#6892 = CARTESIAN_POINT('',(3.142295958484,1.257913455233E-03));
#6893 = CARTESIAN_POINT('',(3.142282573703,1.257897375384E-03));
#6894 = CARTESIAN_POINT('',(3.142255804142,1.257865215207E-03));
#6895 = CARTESIAN_POINT('',(3.142242421131,1.257849160969E-03));
#6896 = CARTESIAN_POINT('',(3.142229030208,1.257832989858E-03));
#6897 = CARTESIAN_POINT('',(3.142215643684,1.257816883349E-03));
#6898 = CARTESIAN_POINT('',(3.142202271354,1.257800985749E-03));
#6899 = CARTESIAN_POINT('',(3.142188913274,1.25778529812E-03));
#6900 = CARTESIAN_POINT('',(3.142175563394,1.257769731228E-03));
#6901 = CARTESIAN_POINT('',(3.142162217372,1.257754221267E-03));
#6902 = CARTESIAN_POINT('',(3.142148878184,1.257738812056E-03));
#6903 = CARTESIAN_POINT('',(3.142135552871,1.257723607486E-03));
#6904 = CARTESIAN_POINT('',(3.14209559623,1.25767827875E-03));
#6905 = CARTESIAN_POINT('',(3.142068992283,1.257648558764E-03));
#6906 = CARTESIAN_POINT('',(3.142042421677,1.257619331443E-03));
#6907 = CARTESIAN_POINT('',(3.142015883936,1.257590590282E-03));
#6908 = CARTESIAN_POINT('',(3.14198937859,1.257562328771E-03));
#6909 = CARTESIAN_POINT('',(3.141962905163,1.25753454041E-03));
#6910 = CARTESIAN_POINT('',(3.141936463183,1.257507218686E-03));
#6911 = CARTESIAN_POINT('',(3.141910052175,1.257480357098E-03));
#6912 = CARTESIAN_POINT('',(3.141883671666,1.257453949136E-03));
#6913 = CARTESIAN_POINT('',(3.141857321184,1.257427988296E-03));
#6914 = CARTESIAN_POINT('',(3.141778358393,1.257351427622E-03));
#6915 = CARTESIAN_POINT('',(3.141725834426,1.257302145424E-03));
#6916 = CARTESIAN_POINT('',(3.141673425005,1.257254575287E-03));
#6917 = CARTESIAN_POINT('',(3.14162112678,1.257208671016E-03));
#6918 = CARTESIAN_POINT('',(3.141568936405,1.257164386422E-03));
#6919 = CARTESIAN_POINT('',(3.141516850528,1.257121675307E-03));
#6920 = CARTESIAN_POINT('',(3.141464865805,1.257080491484E-03));
#6921 = CARTESIAN_POINT('',(3.141412978883,1.257040788757E-03));
#6922 = CARTESIAN_POINT('',(3.141361186417,1.257002520935E-03));
#6923 = CARTESIAN_POINT('',(3.141309485058,1.256965641825E-03));
#6924 = CARTESIAN_POINT('',(3.141154644252,1.256859032054E-03));
#6925 = CARTESIAN_POINT('',(3.141051769641,1.256793349772E-03));
#6926 = CARTESIAN_POINT('',(3.140949223223,1.256732720678E-03));
#6927 = CARTESIAN_POINT('',(3.140846981573,1.256676820079E-03));
#6928 = CARTESIAN_POINT('',(3.140745022246,1.256625336308E-03));
#6929 = CARTESIAN_POINT('',(3.140643323763,1.256577970715E-03));
#6930 = CARTESIAN_POINT('',(3.14054186563,1.256534437676E-03));
#6931 = CARTESIAN_POINT('',(3.140440628317,1.256494464586E-03));
#6932 = CARTESIAN_POINT('',(3.140339593279,1.256457791862E-03));
#6933 = CARTESIAN_POINT('',(3.14023874294,1.256424172943E-03));
#6934 = CARTESIAN_POINT('',(3.139936696219,1.256331776983E-03));
#6935 = CARTESIAN_POINT('',(3.139736003593,1.256281453586E-03));
#6936 = CARTESIAN_POINT('',(3.139535848847,1.256240520277E-03));
#6937 = CARTESIAN_POINT('',(3.139336111871,1.256207278724E-03));
#6938 = CARTESIAN_POINT('',(3.139136685611,1.256180205473E-03));
#6939 = CARTESIAN_POINT('',(3.138937475276,1.256157941351E-03));
#6940 = CARTESIAN_POINT('',(3.138738397509,1.256139280841E-03));
#6941 = CARTESIAN_POINT('',(3.138539379614,1.256123161493E-03));
#6942 = CARTESIAN_POINT('',(3.13834035872,1.2561086533E-03));
#6943 = CARTESIAN_POINT('',(3.138141281001,1.256094948099E-03));
#6944 = CARTESIAN_POINT('',(3.13754374056,1.25605415068E-03));
#6945 = CARTESIAN_POINT('',(3.137144967244,1.256027333002E-03));
#6946 = CARTESIAN_POINT('',(3.13674542458,1.255995432216E-03));
#6947 = CARTESIAN_POINT('',(3.13634488164,1.255954681715E-03));
#6948 = CARTESIAN_POINT('',(3.135943215472,1.255902782261E-03));
#6949 = CARTESIAN_POINT('',(3.135540393667,1.255838672286E-03));
#6950 = CARTESIAN_POINT('',(3.135136456925,1.255762298148E-03));
#6951 = CARTESIAN_POINT('',(3.134731501637,1.255674384436E-03));
#6952 = CARTESIAN_POINT('',(3.134325662438,1.255576204232E-03));
#6953 = CARTESIAN_POINT('',(3.133919094796,1.255469349404E-03));
#6954 = CARTESIAN_POINT('',(3.132697683107,1.255127803824E-03));
#6955 = CARTESIAN_POINT('',(3.131881144431,1.254872318203E-03));
#6956 = CARTESIAN_POINT('',(3.131063672692,1.254603285984E-03));
#6957 = CARTESIAN_POINT('',(3.130246787111,1.254338137035E-03));
#6958 = CARTESIAN_POINT('',(3.129431814881,1.254092479193E-03));
#6959 = CARTESIAN_POINT('',(3.128619629446,1.253876649053E-03));
#6960 = CARTESIAN_POINT('',(3.127810507281,1.253693823499E-03));
#6961 = CARTESIAN_POINT('',(3.127004103011,1.253539691936E-03));
#6962 = CARTESIAN_POINT('',(3.126199543038,1.253403689273E-03));
#6963 = CARTESIAN_POINT('',(3.12539563753,1.253271789612E-03));
#6964 = CARTESIAN_POINT('',(3.124188997543,1.253060396202E-03));
#6965 = CARTESIAN_POINT('',(3.123786650395,1.252987627857E-03));
#6966 = CARTESIAN_POINT('',(3.12338403001,1.25291101342E-03));
#6967 = CARTESIAN_POINT('',(3.122980989504,1.252828956345E-03));
#6968 = CARTESIAN_POINT('',(3.122577390388,1.252740014987E-03));
#6969 = CARTESIAN_POINT('',(3.122173118473,1.252643111843E-03));
#6970 = CARTESIAN_POINT('',(3.121768099709,1.25253774278E-03));
#6971 = CARTESIAN_POINT('',(3.121362316104,1.252424186275E-03));
#6972 = CARTESIAN_POINT('',(3.120955821565,1.252303712647E-03));
#6973 = CARTESIAN_POINT('',(3.120548757804,1.252178793292E-03));
#6974 = CARTESIAN_POINT('',(3.120039523293,1.252021939073E-03));
#6975 = CARTESIAN_POINT('',(3.119937656463,1.25199053711E-03));
#6976 = CARTESIAN_POINT('',(3.119835773536,1.251959164611E-03));
#6977 = CARTESIAN_POINT('',(3.119733878853,1.251927889099E-03));
#6978 = CARTESIAN_POINT('',(3.11963197727,1.251896785038E-03));
#6979 = CARTESIAN_POINT('',(3.119530074158,1.251865933833E-03));
#6980 = CARTESIAN_POINT('',(3.119428175397,1.251835423829E-03));
#6981 = CARTESIAN_POINT('',(3.119326287387,1.251805350309E-03));
#6982 = CARTESIAN_POINT('',(3.119224417036,1.251775815499E-03));
#6983 = CARTESIAN_POINT('',(3.119122571769,1.251746928564E-03));
#6984 = CARTESIAN_POINT('',(3.118969853399,1.251704744132E-03));
#6985 = CARTESIAN_POINT('',(3.118918955063,1.251690863083E-03));
#6986 = CARTESIAN_POINT('',(3.118868065541,1.251677185061E-03));
#6987 = CARTESIAN_POINT('',(3.11881719613,1.251663907862E-03));
#6988 = CARTESIAN_POINT('',(3.118766317525,1.251650471257E-03));
#6989 = CARTESIAN_POINT('',(3.11871545405,1.251637346783E-03));
#6990 = CARTESIAN_POINT('',(3.118664638938,1.251625160205E-03));
#6991 = CARTESIAN_POINT('',(3.11861382982,1.251613077312E-03));
#6992 = CARTESIAN_POINT('',(3.118562966849,1.251599945625E-03));
#6993 = CARTESIAN_POINT('',(3.118512138498,1.251587487172E-03));
#6994 = CARTESIAN_POINT('',(3.118410466962,1.251562274744E-03));
#6995 = CARTESIAN_POINT('',(3.118359631197,1.25154966595E-03));
#6996 = CARTESIAN_POINT('',(3.118308795434,1.251537054578E-03));
#6997 = CARTESIAN_POINT('',(3.118257959675,1.251524440626E-03));
#6998 = CARTESIAN_POINT('',(3.118207123918,1.251511824095E-03));
#6999 = CARTESIAN_POINT('',(3.118156288165,1.251499204984E-03));
#7000 = CARTESIAN_POINT('',(3.118105452413,1.251486583294E-03));
#7001 = CARTESIAN_POINT('',(3.118054616665,1.251473959025E-03));
#7002 = CARTESIAN_POINT('',(3.11800378092,1.251461332177E-03));
#7003 = CARTESIAN_POINT('',(3.117952945177,1.251448702749E-03));
#7004 = CARTESIAN_POINT('',(3.117698766479,1.251385542713E-03));
#7005 = CARTESIAN_POINT('',(3.117495423567,1.251334973416E-03));
#7006 = CARTESIAN_POINT('',(3.117292080699,1.251284362848E-03));
#7007 = CARTESIAN_POINT('',(3.117088737878,1.25123371101E-03));
#7008 = CARTESIAN_POINT('',(3.116885395101,1.251183017901E-03));
#7009 = CARTESIAN_POINT('',(3.116682052372,1.251132283521E-03));
#7010 = CARTESIAN_POINT('',(3.116478709686,1.251081507868E-03));
#7011 = CARTESIAN_POINT('',(3.116275367048,1.251030690944E-03));
#7012 = CARTESIAN_POINT('',(3.116072024453,1.250979832746E-03));
#7013 = CARTESIAN_POINT('',(3.115868681905,1.250928933274E-03));
#7014 = CARTESIAN_POINT('',(3.114851969392,1.250674229546E-03));
#7015 = CARTESIAN_POINT('',(3.114038600109,1.250469806179E-03));
#7016 = CARTESIAN_POINT('',(3.113225231557,1.250264722391E-03));
#7017 = CARTESIAN_POINT('',(3.112411863729,1.250058978149E-03));
#7018 = CARTESIAN_POINT('',(3.111598496637,1.249852573418E-03));
#7019 = CARTESIAN_POINT('',(3.110785130263,1.249645508163E-03));
#7020 = CARTESIAN_POINT('',(3.109971764626,1.24943778235E-03));
#7021 = CARTESIAN_POINT('',(3.10915839971,1.249229395943E-03));
#7022 = CARTESIAN_POINT('',(3.108345035525,1.249020348909E-03));
#7023 = CARTESIAN_POINT('',(3.107531672066,1.248810641212E-03));
#7024 = CARTESIAN_POINT('',(3.100211407479,1.246917325663E-03));
#7025 = CARTESIAN_POINT('',(3.093704552364,1.245192096745E-03));
#7026 = CARTESIAN_POINT('',(3.087197743742,1.24342456614E-03));
#7027 = CARTESIAN_POINT('',(3.080690981371,1.241614713921E-03));
#7028 = CARTESIAN_POINT('',(3.074184264999,1.239762520168E-03));
#7029 = CARTESIAN_POINT('',(3.067677594392,1.23786796495E-03));
#7030 = CARTESIAN_POINT('',(3.06117096929,1.235931028351E-03));
#7031 = CARTESIAN_POINT('',(3.054664389462,1.23395169044E-03));
#7032 = CARTESIAN_POINT('',(3.048157854652,1.231929931296E-03));
#7033 = CARTESIAN_POINT('',(3.041651364621,1.229865730994E-03));
#7034 = CARTESIAN_POINT('',(3.009119137119,1.219332424072E-03));
#7035 = CARTESIAN_POINT('',(2.98309406363,1.210226354529E-03));
#7036 = CARTESIAN_POINT('',(2.957069674609,1.200439462138E-03));
#7037 = CARTESIAN_POINT('',(2.931045937694,1.189970224362E-03));
#7038 = CARTESIAN_POINT('',(2.905022812197,1.178816994977E-03));
#7039 = CARTESIAN_POINT('',(2.879000249109,1.166978004063E-03));
#7040 = CARTESIAN_POINT('',(2.852978191103,1.154451358014E-03));
#7041 = CARTESIAN_POINT('',(2.826956572521,1.14123503953E-03));
#7042 = CARTESIAN_POINT('',(2.800935319393,1.12732690762E-03));
#7043 = CARTESIAN_POINT('',(2.774914349419,1.112724697603E-03));
#7044 = CARTESIAN_POINT('',(2.748893571982,1.097426021107E-03));
#7045 = ( GEOMETRIC_REPRESENTATION_CONTEXT(2) 
PARAMETRIC_REPRESENTATION_CONTEXT() REPRESENTATION_CONTEXT('2D SPACE',''
  ) );
#7046 = PCURVE('',#7047,#7052);
#7047 = PLANE('',#7048);
#7048 = AXIS2_PLACEMENT_3D('',#7049,#7050,#7051);
#7049 = CARTESIAN_POINT('',(-2.750198653498E-09,-2.972186255083E-09,0.)
  );
#7050 = DIRECTION('',(0.,0.,1.));
#7051 = DIRECTION('',(1.,0.,0.));
#7052 = DEFINITIONAL_REPRESENTATION('',(#7053),#7105);
#7053 = B_SPLINE_CURVE_WITH_KNOTS('',8,(#7054,#7055,#7056,#7057,#7058,
    #7059,#7060,#7061,#7062,#7063,#7064,#7065,#7066,#7067,#7068,#7069,
    #7070,#7071,#7072,#7073,#7074,#7075,#7076,#7077,#7078,#7079,#7080,
    #7081,#7082,#7083,#7084,#7085,#7086,#7087,#7088,#7089,#7090,#7091,
    #7092,#7093,#7094,#7095,#7096,#7097,#7098,#7099,#7100,#7101,#7102,
    #7103,#7104),.UNSPECIFIED.,.F.,.F.,(9,7,7,7,7,7,7,9),(0.,
    0.175371746368,0.181959295669,0.286561131435,0.503384785951,
    0.828200695389,0.838531110221,1.),.UNSPECIFIED.);
#7054 = CARTESIAN_POINT('',(-72.11349814423,-98.48200770437));
#7055 = CARTESIAN_POINT('',(-73.09058802416,-98.48104564132));
#7056 = CARTESIAN_POINT('',(-74.06767792266,-98.480137867));
#7057 = CARTESIAN_POINT('',(-75.04476781032,-98.47929315574));
#7058 = CARTESIAN_POINT('',(-76.02185766175,-98.47851921035));
#7059 = CARTESIAN_POINT('',(-76.9989474556,-98.47782266205));
#7060 = CARTESIAN_POINT('',(-77.97603717451,-98.4772090705));
#7061 = CARTESIAN_POINT('',(-78.95312680515,-98.47668292382));
#7062 = CARTESIAN_POINT('',(-79.96691908881,-98.47623128775));
#7063 = CARTESIAN_POINT('',(-80.00361509937,-98.47619516531));
#7064 = CARTESIAN_POINT('',(-80.04030805929,-98.47610059367));
#7065 = CARTESIAN_POINT('',(-80.0770004338,-98.47592118201));
#7066 = CARTESIAN_POINT('',(-80.11369346399,-98.47564282616));
#7067 = CARTESIAN_POINT('',(-80.15038716677,-98.47526370861));
#7068 = CARTESIAN_POINT('',(-80.1870803349,-98.47479429856));
#7069 = CARTESIAN_POINT('',(-80.80636389828,-98.46573132689));
#7070 = CARTESIAN_POINT('',(-81.38865424114,-98.43620809903));
#7071 = CARTESIAN_POINT('',(-81.96975311824,-98.38570770915));
#7072 = CARTESIAN_POINT('',(-82.54877906075,-98.31429440763));
#7073 = CARTESIAN_POINT('',(-83.12485767251,-98.22207642762));
#7074 = CARTESIAN_POINT('',(-83.69712172431,-98.10920575817));
#7075 = CARTESIAN_POINT('',(-84.26471124815,-97.97587791745));
#7076 = CARTESIAN_POINT('',(-85.99184324159,-97.50405388563));
#7077 = CARTESIAN_POINT('',(-87.1333202572,-97.09886205286));
#7078 = CARTESIAN_POINT('',(-88.24344126222,-96.60889576383));
#7079 = CARTESIAN_POINT('',(-89.31490262828,-96.03709611886));
#7080 = CARTESIAN_POINT('',(-90.34080126991,-95.38708927063));
#7081 = CARTESIAN_POINT('',(-91.31461778709,-94.66314310077));
#7082 = CARTESIAN_POINT('',(-92.23024199531,-93.87019708473));
#7083 = CARTESIAN_POINT('',(-94.35809081072,-91.73127461696));
#7084 = CARTESIAN_POINT('',(-95.49193550784,-90.30552184807));
#7085 = CARTESIAN_POINT('',(-96.46353911243,-88.75622400967));
#7086 = CARTESIAN_POINT('',(-97.25773259724,-87.10522951564));
#7087 = CARTESIAN_POINT('',(-97.86260141156,-85.37586166961));
#7088 = CARTESIAN_POINT('',(-98.26978486172,-83.59297088574));
#7089 = CARTESIAN_POINT('',(-98.4742633122,-81.7827785598));
#7090 = CARTESIAN_POINT('',(-98.47628703277,-79.91590414715));
#7091 = CARTESIAN_POINT('',(-98.47625196054,-79.85713391002));
#7092 = CARTESIAN_POINT('',(-98.47629214853,-79.79793491843));
#7093 = CARTESIAN_POINT('',(-98.47635353846,-79.7387852209));
#7094 = CARTESIAN_POINT('',(-98.47637401306,-79.67990743587));
#7095 = CARTESIAN_POINT('',(-98.47637369323,-79.62129568919));
#7096 = CARTESIAN_POINT('',(-98.47641682231,-79.56270526762));
#7097 = CARTESIAN_POINT('',(-98.47688937927,-78.57984183807));
#7098 = CARTESIAN_POINT('',(-98.47741368835,-77.65607860374));
#7099 = CARTESIAN_POINT('',(-98.47801503336,-76.73231529383));
#7100 = CARTESIAN_POINT('',(-98.47868942586,-75.8085519204));
#7101 = CARTESIAN_POINT('',(-98.47943202034,-74.8847884987));
#7102 = CARTESIAN_POINT('',(-98.48023711422,-73.96102504713));
#7103 = CARTESIAN_POINT('',(-98.48109814787,-73.03726158731));
#7104 = CARTESIAN_POINT('',(-98.48200770459,-72.113498144));
#7105 = ( GEOMETRIC_REPRESENTATION_CONTEXT(2) 
PARAMETRIC_REPRESENTATION_CONTEXT() REPRESENTATION_CONTEXT('2D SPACE',''
  ) );
#7106 = ORIENTED_EDGE('',*,*,#6107,.T.);
#7107 = ORIENTED_EDGE('',*,*,#3361,.F.);
#7108 = ORIENTED_EDGE('',*,*,#7109,.F.);
#7109 = EDGE_CURVE('',#6525,#3339,#7110,.T.);
#7110 = SURFACE_CURVE('',#7111,(#7214,#7221),.PCURVE_S1.);
#7111 = B_SPLINE_CURVE_WITH_KNOTS('',11,(#7112,#7113,#7114,#7115,#7116,
    #7117,#7118,#7119,#7120,#7121,#7122,#7123,#7124,#7125,#7126,#7127,
    #7128,#7129,#7130,#7131,#7132,#7133,#7134,#7135,#7136,#7137,#7138,
    #7139,#7140,#7141,#7142,#7143,#7144,#7145,#7146,#7147,#7148,#7149,
    #7150,#7151,#7152,#7153,#7154,#7155,#7156,#7157,#7158,#7159,#7160,
    #7161,#7162,#7163,#7164,#7165,#7166,#7167,#7168,#7169,#7170,#7171,
    #7172,#7173,#7174,#7175,#7176,#7177,#7178,#7179,#7180,#7181,#7182,
    #7183,#7184,#7185,#7186,#7187,#7188,#7189,#7190,#7191,#7192,#7193,
    #7194,#7195,#7196,#7197,#7198,#7199,#7200,#7201,#7202,#7203,#7204,
    #7205,#7206,#7207,#7208,#7209,#7210,#7211,#7212,#7213),
  .UNSPECIFIED.,.F.,.F.,(12,10,10,10,10,10,10,10,10,10,12),(
    1.257153708619E-03,1.442520313315E-03,1.303688030603E-02,
    3.622560029146E-02,0.128980480233,0.5,0.871019519767,0.963774399709,
    0.986963119694,0.998557479687,1.),.UNSPECIFIED.);
#7112 = CARTESIAN_POINT('',(-98.47623370574,-79.96147177904,
    3.30122177027E-07));
#7113 = CARTESIAN_POINT('',(-98.47560152919,-79.96095532468,
    3.537673571853E-03));
#7114 = CARTESIAN_POINT('',(-98.47496935333,-79.96043887063,
    7.075013616746E-03));
#7115 = CARTESIAN_POINT('',(-98.47433717806,-79.95992241682,
    1.061235075787E-02));
#7116 = CARTESIAN_POINT('',(-98.47370500326,-79.95940596314,
    1.414968569383E-02));
#7117 = CARTESIAN_POINT('',(-98.47307282877,-79.95888950948,
    1.768701935172E-02));
#7118 = CARTESIAN_POINT('',(-98.47244065438,-79.95837305567,
    2.122435292131E-02));
#7119 = CARTESIAN_POINT('',(-98.47180847982,-79.9578566015,
    2.476168789285E-02));
#7120 = CARTESIAN_POINT('',(-98.47117630478,-79.95734014672,
    2.829902609875E-02));
#7121 = CARTESIAN_POINT('',(-98.47054412887,-79.956823691,
    3.183636975952E-02));
#7122 = CARTESIAN_POINT('',(-98.46991195162,-79.95630723398,
    3.537372153432E-02));
#7123 = CARTESIAN_POINT('',(-98.42973806279,-79.92348717335,0.2601670147
    ));
#7124 = CARTESIAN_POINT('',(-98.3901966886,-79.89118286679,
    0.481422904037));
#7125 = CARTESIAN_POINT('',(-98.35065565125,-79.8588778549,
    0.702678752694));
#7126 = CARTESIAN_POINT('',(-98.31111495148,-79.82657213666,
    0.92393456077));
#7127 = CARTESIAN_POINT('',(-98.27157459121,-79.7942657118,
    1.145190328376));
#7128 = CARTESIAN_POINT('',(-98.23203457063,-79.76195857897,
    1.366446055605));
#7129 = CARTESIAN_POINT('',(-98.19249489192,-79.72965073807,
    1.587701742571));
#7130 = CARTESIAN_POINT('',(-98.1529555554,-79.69734218783,1.80895738937
    ));
#7131 = CARTESIAN_POINT('',(-98.11341656282,-79.66503292786,
    2.030212996109));
#7132 = CARTESIAN_POINT('',(-98.07387791504,-79.63272295724,
    2.251468562891));
#7133 = CARTESIAN_POINT('',(-97.95526300997,-79.53579091146,
    2.915235143673));
#7134 = CARTESIAN_POINT('',(-97.87618779056,-79.47116670218,
    3.357746038052));
#7135 = CARTESIAN_POINT('',(-97.79711396488,-79.40653964174,
    3.800256773865));
#7136 = CARTESIAN_POINT('',(-97.71804154256,-79.34190972416,
    4.242767351999));
#7137 = CARTESIAN_POINT('',(-97.63897053341,-79.27727694389,
    4.685277773389));
#7138 = CARTESIAN_POINT('',(-97.55990094705,-79.21264129478,
    5.127788038897));
#7139 = CARTESIAN_POINT('',(-97.48083279324,-79.14800277134,
    5.570298149471));
#7140 = CARTESIAN_POINT('',(-97.40176608171,-79.0833613675,
    6.012808105978));
#7141 = CARTESIAN_POINT('',(-97.32270082211,-79.01871707759,
    6.455317909346));
#7142 = CARTESIAN_POINT('',(-97.24363702419,-78.95406989573,
    6.897827560466));
#7143 = CARTESIAN_POINT('',(-96.84832539155,-78.63081949772,
    9.110375059376));
#7144 = CARTESIAN_POINT('',(-96.53209953622,-78.37217277777,
    10.88041061537));
#7145 = CARTESIAN_POINT('',(-96.21589783279,-78.11347931273,
    12.6504438044));
#7146 = CARTESIAN_POINT('',(-95.8997209818,-77.85473875862,
    14.420474702515));
#7147 = CARTESIAN_POINT('',(-95.5835696849,-77.59595077228,
    16.190503385998));
#7148 = CARTESIAN_POINT('',(-95.26744464212,-77.33711500931,
    17.960529930781));
#7149 = CARTESIAN_POINT('',(-94.95134655536,-77.07823112679,
    19.730554413211));
#7150 = CARTESIAN_POINT('',(-94.63527612479,-76.81929878041,
    21.500576909244));
#7151 = CARTESIAN_POINT('',(-94.31923405186,-76.5603176269,
    23.270597495131));
#7152 = CARTESIAN_POINT('',(-94.00322103727,-76.30128732237,
    25.040616246947));
#7153 = CARTESIAN_POINT('',(-92.42330476118,-75.00588832656,
    33.890701216441));
#7154 = CARTESIAN_POINT('',(-91.15985001266,-73.96877762581,
    40.9707415033));
#7155 = CARTESIAN_POINT('',(-89.89692154996,-72.93085616478,
    48.050759929112));
#7156 = CARTESIAN_POINT('',(-88.63457287337,-71.89210638741,
    55.130763545213));
#7157 = CARTESIAN_POINT('',(-87.37286249204,-70.85251383208,
    62.210760740558));
#7158 = CARTESIAN_POINT('',(-86.11185344757,-69.81206852814,
    69.290761356143));
#7159 = CARTESIAN_POINT('',(-84.8516128355,-68.77076638929,
    76.370776798909));
#7160 = CARTESIAN_POINT('',(-83.592211329,-67.72861061056,
    83.450820156029));
#7161 = CARTESIAN_POINT('',(-82.3337227008,-66.68561306194,
    90.53090630911));
#7162 = CARTESIAN_POINT('',(-81.07622334614,-65.64179568457,
    97.611052048172));
#7163 = CARTESIAN_POINT('',(-78.56336026462,-63.55258808606,
    111.77150032387));
#7164 = CARTESIAN_POINT('',(-77.30799653938,-62.50719953871,
    118.85180310004));
#7165 = CARTESIAN_POINT('',(-76.05377623677,-61.46105725949,
    125.93220246151));
#7166 = CARTESIAN_POINT('',(-74.80077722161,-60.41420708412,
    133.01271887669));
#7167 = CARTESIAN_POINT('',(-73.54907652536,-59.36670967374,
    140.09337478642));
#7168 = CARTESIAN_POINT('',(-72.29874725188,-58.31864051936,
    147.17419404725));
#7169 = CARTESIAN_POINT('',(-71.04985548761,-57.27008994828,
    154.25520138597));
#7170 = CARTESIAN_POINT('',(-69.80245720676,-56.22116312843,
    161.33642184086));
#7171 = CARTESIAN_POINT('',(-68.55659518117,-55.1719800745,
    168.41788021591));
#7172 = CARTESIAN_POINT('',(-67.31229588651,-54.12267565279,
    175.49960052443));
#7173 = CARTESIAN_POINT('',(-65.75888404197,-52.81108057037,
    184.3521066688));
#7174 = CARTESIAN_POINT('',(-65.44829975617,-52.54876320132,
    186.12262566225));
#7175 = CARTESIAN_POINT('',(-65.13781366735,-52.28644978024,
    187.89316276979));
#7176 = CARTESIAN_POINT('',(-64.82742580444,-52.02414263546,
    189.66371832879));
#7177 = CARTESIAN_POINT('',(-64.51713611252,-51.76184412359,
    191.4342926677));
#7178 = CARTESIAN_POINT('',(-64.20694445094,-51.49955662869,
    193.20488610029));
#7179 = CARTESIAN_POINT('',(-63.89685059585,-51.23728256341,
    194.97549893372));
#7180 = CARTESIAN_POINT('',(-63.58685423748,-50.97502436776,
    196.7461314595));
#7181 = CARTESIAN_POINT('',(-63.2769549825,-50.71278451017,
    198.51678396165));
#7182 = CARTESIAN_POINT('',(-62.96715235237,-50.45056548674,
    200.28745671076));
#7183 = CARTESIAN_POINT('',(-62.58001914223,-50.12282090542,
    202.50082328162));
#7184 = CARTESIAN_POINT('',(-62.50259850573,-50.05727344775,
    202.94349787759));
#7185 = CARTESIAN_POINT('',(-62.42518386438,-49.99172748795,
    203.38617375926));
#7186 = CARTESIAN_POINT('',(-62.34777520786,-49.92618306521,
    203.82885093001));
#7187 = CARTESIAN_POINT('',(-62.27037252577,-49.86064021886,
    204.27152939435));
#7188 = CARTESIAN_POINT('',(-62.19297580776,-49.79509898803,
    204.71420915489));
#7189 = CARTESIAN_POINT('',(-62.11558504349,-49.7295594121,
    205.15689021678));
#7190 = CARTESIAN_POINT('',(-62.03820022257,-49.66402153017,
    205.59957258243));
#7191 = CARTESIAN_POINT('',(-61.96082133467,-49.59848538162,
    206.04225625665));
#7192 = CARTESIAN_POINT('',(-61.88344836939,-49.5329510056,
    206.48494124255));
#7193 = CARTESIAN_POINT('',(-61.76739778992,-49.43465215931,
    207.14897069503));
#7194 = CARTESIAN_POINT('',(-61.72871574107,-49.40188633019,
    207.3703141746));
#7195 = CARTESIAN_POINT('',(-61.69003516844,-49.36912095907,
    207.59165798385));
#7196 = CARTESIAN_POINT('',(-61.65135607013,-49.3363560506,
    207.8130021219));
#7197 = CARTESIAN_POINT('',(-61.61267844514,-49.3035916102,
    208.03434659148));
#7198 = CARTESIAN_POINT('',(-61.5740022912,-49.27082764213,
    208.25569138995));
#7199 = CARTESIAN_POINT('',(-61.53532760745,-49.238064152,
    208.47703652092));
#7200 = CARTESIAN_POINT('',(-61.49665439176,-49.20530114416,
    208.6983819822));
#7201 = CARTESIAN_POINT('',(-61.45798264294,-49.17253862392,
    208.91972777589));
#7202 = CARTESIAN_POINT('',(-61.41931235925,-49.13977659601,
    209.14107390161));
#7203 = CARTESIAN_POINT('',(-61.37583253119,-49.10293901694,
    209.38995933268));
#7204 = CARTESIAN_POINT('',(-61.37102165569,-49.09886307029,
    209.41749766258));
#7205 = CARTESIAN_POINT('',(-61.36621066302,-49.09478701189,
    209.44503682043));
#7206 = CARTESIAN_POINT('',(-61.36139962067,-49.09071089905,
    209.47257641102));
#7207 = CARTESIAN_POINT('',(-61.35658862541,-49.08663481447,
    209.50011586475));
#7208 = CARTESIAN_POINT('',(-61.35177772362,-49.082558798,
    209.52765490758));
#7209 = CARTESIAN_POINT('',(-61.34696690983,-49.07848284527,
    209.55519357013));
#7210 = CARTESIAN_POINT('',(-61.34215614686,-49.07440692471,
    209.58273207014));
#7211 = CARTESIAN_POINT('',(-61.33734538551,-49.07033099443,
    209.61027069651));
#7212 = CARTESIAN_POINT('',(-61.33253457782,-49.06625501346,
    209.6378097314));
#7213 = CARTESIAN_POINT('',(-61.32772368378,-49.0621789476,
    209.66534941053));
#7214 = PCURVE('',#3378,#7215);
#7215 = DEFINITIONAL_REPRESENTATION('',(#7216),#7220);
#7216 = LINE('',#7217,#7218);
#7217 = CARTESIAN_POINT('',(3.14159265359,0.));
#7218 = VECTOR('',#7219,1.);
#7219 = DIRECTION('',(0.,1.));
#7220 = ( GEOMETRIC_REPRESENTATION_CONTEXT(2) 
PARAMETRIC_REPRESENTATION_CONTEXT() REPRESENTATION_CONTEXT('2D SPACE',''
  ) );
#7221 = PCURVE('',#3550,#7222);
#7222 = DEFINITIONAL_REPRESENTATION('',(#7223),#7227);
#7223 = LINE('',#7224,#7225);
#7224 = CARTESIAN_POINT('',(80.000000000001,0.));
#7225 = VECTOR('',#7226,1.);
#7226 = DIRECTION('',(0.,1.));
#7227 = ( GEOMETRIC_REPRESENTATION_CONTEXT(2) 
PARAMETRIC_REPRESENTATION_CONTEXT() REPRESENTATION_CONTEXT('2D SPACE',''
  ) );
#7228 = ADVANCED_FACE('',(#7229),#3550,.F.);
#7229 = FACE_BOUND('',#7230,.F.);
#7230 = EDGE_LOOP('',(#7231,#7363,#7364,#7365,#7487,#7619));
#7231 = ORIENTED_EDGE('',*,*,#7232,.F.);
#7232 = EDGE_CURVE('',#6525,#7233,#7235,.T.);
#7233 = VERTEX_POINT('',#7234);
#7234 = CARTESIAN_POINT('',(-98.47649329274,-79.46938935672,0.));
#7235 = SURFACE_CURVE('',#7236,(#7294,#7355),.PCURVE_S1.);
#7236 = B_SPLINE_CURVE_WITH_KNOTS('',6,(#7237,#7238,#7239,#7240,#7241,
    #7242,#7243,#7244,#7245,#7246,#7247,#7248,#7249,#7250,#7251,#7252,
    #7253,#7254,#7255,#7256,#7257,#7258,#7259,#7260,#7261,#7262,#7263,
    #7264,#7265,#7266,#7267,#7268,#7269,#7270,#7271,#7272,#7273,#7274,
    #7275,#7276,#7277,#7278,#7279,#7280,#7281,#7282,#7283,#7284,#7285,
    #7286,#7287,#7288,#7289,#7290,#7291,#7292,#7293),.UNSPECIFIED.,.F.,
  .F.,(7,5,5,5,5,5,5,5,5,5,5,7),(0.,0.164969341889,0.171968162086,
    0.276962681423,0.473993017346,0.722668479611,0.777668473578,
    0.805666161614,0.81966433548,0.82666330435,0.833662275873,1.),
  .UNSPECIFIED.);
#7237 = CARTESIAN_POINT('',(-98.43494135558,-119.9184402039,0.));
#7238 = CARTESIAN_POINT('',(-98.44607606456,-113.325124821,0.));
#7239 = CARTESIAN_POINT('',(-98.45505688101,-106.7322827645,0.));
#7240 = CARTESIAN_POINT('',(-98.46223929079,-100.1396262918,0.));
#7241 = CARTESIAN_POINT('',(-98.4679533614,-93.54693563656,0.));
#7242 = CARTESIAN_POINT('',(-98.4724755414,-86.9540888909,0.));
#7243 = CARTESIAN_POINT('',(-98.47617080128,-80.08134876657,0.));
#7244 = CARTESIAN_POINT('',(-98.47631925352,-79.80163672618,0.));
#7245 = CARTESIAN_POINT('',(-98.47646645864,-79.52192177562,0.));
#7246 = CARTESIAN_POINT('',(-98.47661277418,-79.24220414217,0.));
#7247 = CARTESIAN_POINT('',(-98.4767582236,-78.96248432324,0.));
#7248 = CARTESIAN_POINT('',(-98.47906683859,-74.48645628073,0.));
#7249 = CARTESIAN_POINT('',(-98.48099434865,-70.28992565052,0.));
#7250 = CARTESIAN_POINT('',(-98.48270425856,-66.09319341824,0.));
#7251 = CARTESIAN_POINT('',(-98.48421529417,-61.89628089704,0.));
#7252 = CARTESIAN_POINT('',(-98.48554567506,-57.69920849057,0.));
#7253 = CARTESIAN_POINT('',(-98.48890390505,-45.62560126152,0.));
#7254 = CARTESIAN_POINT('',(-98.49051995904,-37.74871211293,0.));
#7255 = CARTESIAN_POINT('',(-98.49167583002,-29.87145714862,0.));
#7256 = CARTESIAN_POINT('',(-98.49246479659,-21.99394923605,0.));
#7257 = CARTESIAN_POINT('',(-98.49294697225,-14.11629099205,0.));
#7258 = CARTESIAN_POINT('',(-98.49337777644,3.704016712967,0.));
#7259 = CARTESIAN_POINT('',(-98.49315383903,13.64669691351,0.));
#7260 = CARTESIAN_POINT('',(-98.49249864187,23.5892607636,0.));
#7261 = CARTESIAN_POINT('',(-98.49134037682,33.531517831176,0.));
#7262 = CARTESIAN_POINT('',(-98.48949581248,43.473246277125,0.));
#7263 = CARTESIAN_POINT('',(-98.486127449,55.612844249591,0.));
#7264 = CARTESIAN_POINT('',(-98.48547269845,57.811461628602,0.));
#7265 = CARTESIAN_POINT('',(-98.48477077238,60.01003776056,0.));
#7266 = CARTESIAN_POINT('',(-98.48401911389,62.208569782661,0.));
#7267 = CARTESIAN_POINT('',(-98.4832150932,64.407054755554,0.));
#7268 = CARTESIAN_POINT('',(-98.48191869111,67.724600599082,0.));
#7269 = CARTESIAN_POINT('',(-98.48146710772,68.843698561837,0.));
#7270 = CARTESIAN_POINT('',(-98.4810009031,69.962783154087,0.));
#7271 = CARTESIAN_POINT('',(-98.4805197218,71.08185397409,0.));
#7272 = CARTESIAN_POINT('',(-98.48002320729,72.20091061587,0.));
#7273 = CARTESIAN_POINT('',(-98.47925491164,73.879446910555,0.));
#7274 = CARTESIAN_POINT('',(-98.47899489902,74.438937505151,0.));
#7275 = CARTESIAN_POINT('',(-98.47873091954,74.998424401769,0.));
#7276 = CARTESIAN_POINT('',(-98.47846292865,75.557907548945,0.));
#7277 = CARTESIAN_POINT('',(-98.47819088186,76.117386894993,0.));
#7278 = CARTESIAN_POINT('',(-98.4777766635,76.956595415791,0.));
#7279 = CARTESIAN_POINT('',(-98.47763756769,77.236326519468,0.));
#7280 = CARTESIAN_POINT('',(-98.47749744178,77.516055686114,0.));
#7281 = CARTESIAN_POINT('',(-98.47735628023,77.795782902786,0.));
#7282 = CARTESIAN_POINT('',(-98.47721407753,78.075508156514,0.));
#7283 = CARTESIAN_POINT('',(-98.47692757876,78.63495481815,0.));
#7284 = CARTESIAN_POINT('',(-98.47678321978,78.914675419532,0.));
#7285 = CARTESIAN_POINT('',(-98.47663787969,79.194394788746,0.));
#7286 = CARTESIAN_POINT('',(-98.47649157004,79.474113106295,0.));
#7287 = CARTESIAN_POINT('',(-98.47634418548,79.753829182887,0.));
#7288 = CARTESIAN_POINT('',(-98.47266193047,86.681165328422,0.));
#7289 = CARTESIAN_POINT('',(-98.46814199347,93.328602030884,0.));
#7290 = CARTESIAN_POINT('',(-98.4624173195,99.97587697631,0.));
#7291 = CARTESIAN_POINT('',(-98.45520544433,106.62311348831,0.));
#7292 = CARTESIAN_POINT('',(-98.44616825307,113.27053624045,0.));
#7293 = CARTESIAN_POINT('',(-98.43494135559,119.91844019193,0.));
#7294 = PCURVE('',#3550,#7295);
#7295 = DEFINITIONAL_REPRESENTATION('',(#7296),#7354);
#7296 = B_SPLINE_CURVE_WITH_KNOTS('',6,(#7297,#7298,#7299,#7300,#7301,
    #7302,#7303,#7304,#7305,#7306,#7307,#7308,#7309,#7310,#7311,#7312,
    #7313,#7314,#7315,#7316,#7317,#7318,#7319,#7320,#7321,#7322,#7323,
    #7324,#7325,#7326,#7327,#7328,#7329,#7330,#7331,#7332,#7333,#7334,
    #7335,#7336,#7337,#7338,#7339,#7340,#7341,#7342,#7343,#7344,#7345,
    #7346,#7347,#7348,#7349,#7350,#7351,#7352,#7353),.UNSPECIFIED.,.F.,
  .F.,(7,5,5,5,5,5,5,5,5,5,5,7),(0.,0.164969341889,0.171968162086,
    0.276962681423,0.473993017346,0.722668479611,0.777668473578,
    0.805666161614,0.81966433548,0.82666330435,0.833662275873,1.),
  .UNSPECIFIED.);
#7297 = CARTESIAN_POINT('',(119.99999999698,2.040032352051E-03));
#7298 = CARTESIAN_POINT('',(113.40042335515,1.876157901258E-03));
#7299 = CARTESIAN_POINT('',(106.80037032486,1.723961903308E-03));
#7300 = CARTESIAN_POINT('',(100.20012966332,1.585339610886E-03));
#7301 = CARTESIAN_POINT('',(93.599921852437,1.46169098183E-03));
#7302 = CARTESIAN_POINT('',(86.999869221678,1.353925934628E-03));
#7303 = CARTESIAN_POINT('',(80.120000713533,1.258787451694E-03));
#7304 = CARTESIAN_POINT('',(79.8400002676,1.254950806318E-03));
#7305 = CARTESIAN_POINT('',(79.559999726838,1.251131814737E-03));
#7306 = CARTESIAN_POINT('',(79.279999610445,1.247321251903E-03));
#7307 = CARTESIAN_POINT('',(78.999999892121,1.243518347687E-03));
#7308 = CARTESIAN_POINT('',(74.519512882089,1.182910763655E-03));
#7309 = CARTESIAN_POINT('',(70.319249245391,1.128896710318E-03));
#7310 = CARTESIAN_POINT('',(66.119186942948,1.077892231791E-03));
#7311 = CARTESIAN_POINT('',(61.919304723137,1.030078201167E-03));
#7312 = CARTESIAN_POINT('',(57.719582229745,9.856127597147E-04));
#7313 = CARTESIAN_POINT('',(45.639159151392,8.677264698271E-04));
#7314 = CARTESIAN_POINT('',(37.758812599323,8.030902567075E-04));
#7315 = CARTESIAN_POINT('',(29.878831633177,7.516161749856E-04));
#7316 = CARTESIAN_POINT('',(21.999103512726,7.139103556709E-04));
#7317 = CARTESIAN_POINT('',(14.119525686055,6.903140611523E-04));
#7318 = CARTESIAN_POINT('',(-3.704888337958,6.690775764905E-04));
#7319 = CARTESIAN_POINT('',(-13.64969374261,6.798622387366E-04));
#7320 = CARTESIAN_POINT('',(-23.59461550472,7.13473484595E-04));
#7321 = CARTESIAN_POINT('',(-33.53984396508,7.694897121587E-04));
#7322 = CARTESIAN_POINT('',(-43.48560074498,8.468555331377E-04));
#7323 = CARTESIAN_POINT('',(-55.63203767369,9.652103687357E-04));
#7324 = CARTESIAN_POINT('',(-57.83197057355,9.876026455298E-04));
#7325 = CARTESIAN_POINT('',(-60.03194468139,1.010932044212E-03));
#7326 = CARTESIAN_POINT('',(-62.23196285408,1.035177441007E-03));
#7327 = CARTESIAN_POINT('',(-64.4320280241,1.060315979824E-03));
#7328 = CARTESIAN_POINT('',(-67.75210947371,1.099561954816E-03));
#7329 = CARTESIAN_POINT('',(-68.87208870541,1.113025907135E-03));
#7330 = CARTESIAN_POINT('',(-69.99208129109,1.126711685767E-03));
#7331 = CARTESIAN_POINT('',(-71.11208763137,1.140615933349E-03));
#7332 = CARTESIAN_POINT('',(-72.23210813104,1.154735178606E-03));
#7333 = CARTESIAN_POINT('',(-73.91213392389,1.176230822206E-03));
#7334 = CARTESIAN_POINT('',(-74.47212829047,1.183448656221E-03));
#7335 = CARTESIAN_POINT('',(-75.03212634983,1.190718890394E-03));
#7336 = CARTESIAN_POINT('',(-75.59212815329,1.198041069794E-03));
#7337 = CARTESIAN_POINT('',(-76.15213375236,1.205414732552E-03));
#7338 = CARTESIAN_POINT('',(-76.99214319874,1.216551685905E-03));
#7339 = CARTESIAN_POINT('',(-77.27214319872,1.220276702404E-03));
#7340 = CARTESIAN_POINT('',(-77.5521431987,1.224014400522E-03));
#7341 = CARTESIAN_POINT('',(-77.83214319868,1.227764720991E-03));
#7342 = CARTESIAN_POINT('',(-78.11214319866,1.231527604116E-03));
#7343 = CARTESIAN_POINT('',(-78.67214330477,1.239078376873E-03));
#7344 = CARTESIAN_POINT('',(-78.95214360328,1.242868633681E-03));
#7345 = CARTESIAN_POINT('',(-79.23214348663,1.246668630157E-03));
#7346 = CARTESIAN_POINT('',(-79.51214292249,1.250477693822E-03));
#7347 = CARTESIAN_POINT('',(-79.79214245374,1.254299609759E-03));
#7348 = CARTESIAN_POINT('',(-86.72664757582,1.3494757084E-03));
#7349 = CARTESIAN_POINT('',(-93.38133931793,1.457602158368E-03));
#7350 = CARTESIAN_POINT('',(-100.0361919018,1.581899331082E-03));
#7351 = CARTESIAN_POINT('',(-106.6910815756,1.721442507625E-03));
#7352 = CARTESIAN_POINT('',(-113.3457829351,1.874801122167E-03));
#7353 = CARTESIAN_POINT('',(-119.9999999849,2.040032351928E-03));
#7354 = ( GEOMETRIC_REPRESENTATION_CONTEXT(2) 
PARAMETRIC_REPRESENTATION_CONTEXT() REPRESENTATION_CONTEXT('2D SPACE',''
  ) );
#7355 = PCURVE('',#4207,#7356);
#7356 = DEFINITIONAL_REPRESENTATION('',(#7357),#7362);
#7357 = B_SPLINE_CURVE_WITH_KNOTS('',3,(#7358,#7359,#7360,#7361),
  .UNSPECIFIED.,.F.,.F.,(4,4),(0.166635728877,0.168687813952),
  .PIECEWISE_BEZIER_KNOTS.);
#7358 = CARTESIAN_POINT('',(3.214623069688,0.));
#7359 = CARTESIAN_POINT('',(3.206421771984,0.));
#7360 = CARTESIAN_POINT('',(3.198282532604,0.));
#7361 = CARTESIAN_POINT('',(3.190081119651,0.));
#7362 = ( GEOMETRIC_REPRESENTATION_CONTEXT(2) 
PARAMETRIC_REPRESENTATION_CONTEXT() REPRESENTATION_CONTEXT('2D SPACE',''
  ) );
#7363 = ORIENTED_EDGE('',*,*,#7109,.T.);
#7364 = ORIENTED_EDGE('',*,*,#3529,.F.);
#7365 = ORIENTED_EDGE('',*,*,#7366,.F.);
#7366 = EDGE_CURVE('',#7367,#3507,#7369,.T.);
#7367 = VERTEX_POINT('',#7368);
#7368 = CARTESIAN_POINT('',(-98.47623377333,79.961471820749,
    -5.291826321585E-08));
#7369 = SURFACE_CURVE('',#7370,(#7473,#7480),.PCURVE_S1.);
#7370 = B_SPLINE_CURVE_WITH_KNOTS('',11,(#7371,#7372,#7373,#7374,#7375,
    #7376,#7377,#7378,#7379,#7380,#7381,#7382,#7383,#7384,#7385,#7386,
    #7387,#7388,#7389,#7390,#7391,#7392,#7393,#7394,#7395,#7396,#7397,
    #7398,#7399,#7400,#7401,#7402,#7403,#7404,#7405,#7406,#7407,#7408,
    #7409,#7410,#7411,#7412,#7413,#7414,#7415,#7416,#7417,#7418,#7419,
    #7420,#7421,#7422,#7423,#7424,#7425,#7426,#7427,#7428,#7429,#7430,
    #7431,#7432,#7433,#7434,#7435,#7436,#7437,#7438,#7439,#7440,#7441,
    #7442,#7443,#7444,#7445,#7446,#7447,#7448,#7449,#7450,#7451,#7452,
    #7453,#7454,#7455,#7456,#7457,#7458,#7459,#7460,#7461,#7462,#7463,
    #7464,#7465,#7466,#7467,#7468,#7469,#7470,#7471,#7472),
  .UNSPECIFIED.,.F.,.F.,(12,10,10,10,10,10,10,10,10,10,12),(
    1.257153025126E-03,1.442520313315E-03,1.303688030603E-02,
    3.622560029146E-02,0.128980480233,0.5,0.871019519767,0.963774399709,
    0.986963119694,0.998557479687,1.),.UNSPECIFIED.);
#7371 = CARTESIAN_POINT('',(-98.47623373138,79.961471787941,
    1.866653574307E-07));
#7372 = CARTESIAN_POINT('',(-98.4756015525,79.96095533168,
    3.537543158238E-03));
#7373 = CARTESIAN_POINT('',(-98.47496937431,79.960438875723,
    7.074896246293E-03));
#7374 = CARTESIAN_POINT('',(-98.47433719671,79.959922420003,
    1.061224643054E-02));
#7375 = CARTESIAN_POINT('',(-98.47370501958,79.959405964426,
    1.414959440958E-02));
#7376 = CARTESIAN_POINT('',(-98.47307284276,79.958889508863,
    1.768694111051E-02));
#7377 = CARTESIAN_POINT('',(-98.47244066603,79.958373053149,
    2.122428772312E-02));
#7378 = CARTESIAN_POINT('',(-98.47180848914,79.957856597075,
    2.476163573766E-02));
#7379 = CARTESIAN_POINT('',(-98.47117631177,79.957340140384,
    2.829898698656E-02));
#7380 = CARTESIAN_POINT('',(-98.47054413353,79.956823682763,
    3.183634369035E-02));
#7381 = CARTESIAN_POINT('',(-98.46991195395,79.956307223835,
    3.537370850822E-02));
#7382 = CARTESIAN_POINT('',(-98.4297380628,79.923487161312,
    0.260167014717));
#7383 = CARTESIAN_POINT('',(-98.3901966886,79.891182854767,
    0.481422904054));
#7384 = CARTESIAN_POINT('',(-98.35065565126,79.858877842881,
    0.702678752712));
#7385 = CARTESIAN_POINT('',(-98.31111495148,79.826572124648,
    0.923934560787));
#7386 = CARTESIAN_POINT('',(-98.27157459124,79.794265699798,
    1.145190328394));
#7387 = CARTESIAN_POINT('',(-98.23203457063,79.761958566982,
    1.366446055622));
#7388 = CARTESIAN_POINT('',(-98.19249489194,79.729650726083,
    1.587701742589));
#7389 = CARTESIAN_POINT('',(-98.15295555542,79.697342175859,
    1.808957389387));
#7390 = CARTESIAN_POINT('',(-98.11341656284,79.665032915897,
    2.030212996127));
#7391 = CARTESIAN_POINT('',(-98.07387791507,79.632722945294,
    2.251468562908));
#7392 = CARTESIAN_POINT('',(-97.95526301001,79.535790899534,
    2.915235143691));
#7393 = CARTESIAN_POINT('',(-97.8761877906,79.471166690273,
    3.357746038069));
#7394 = CARTESIAN_POINT('',(-97.79711396495,79.40653962986,
    3.800256773882));
#7395 = CARTESIAN_POINT('',(-97.71804154257,79.341909712291,
    4.242767352017));
#7396 = CARTESIAN_POINT('',(-97.63897053352,79.277276932051,
    4.685277773406));
#7397 = CARTESIAN_POINT('',(-97.55990094706,79.212641282952,
    5.127788038915));
#7398 = CARTESIAN_POINT('',(-97.48083279335,79.148002759533,
    5.570298149489));
#7399 = CARTESIAN_POINT('',(-97.40176608175,79.083361355707,
    6.012808105995));
#7400 = CARTESIAN_POINT('',(-97.32270082219,79.018717065821,
    6.455317909364));
#7401 = CARTESIAN_POINT('',(-97.24363702428,78.95406988398,
    6.897827560484));
#7402 = CARTESIAN_POINT('',(-96.84832539166,78.63081948606,
    9.110375059394));
#7403 = CARTESIAN_POINT('',(-96.53209953636,78.372172766191,
    10.880410615389));
#7404 = CARTESIAN_POINT('',(-96.21589783291,78.113479301218,
    12.650443804419));
#7405 = CARTESIAN_POINT('',(-95.89972098202,77.854738747204,
    14.420474702535));
#7406 = CARTESIAN_POINT('',(-95.58356968502,77.595950760896,
    16.190503386016));
#7407 = CARTESIAN_POINT('',(-95.26744464241,77.337114998057,
    17.960529930801));
#7408 = CARTESIAN_POINT('',(-94.95134655554,77.078231115573,
    19.730554413231));
#7409 = CARTESIAN_POINT('',(-94.63527612508,76.819298769296,
    21.500576909264));
#7410 = CARTESIAN_POINT('',(-94.31923405212,76.560317615848,
    23.270597495152));
#7411 = CARTESIAN_POINT('',(-94.00322103756,76.301287311396,
    25.040616246968));
#7412 = CARTESIAN_POINT('',(-92.42330476158,75.005888315959,
    33.890701216462));
#7413 = CARTESIAN_POINT('',(-91.15985001314,73.96877761551,
    40.970741503327));
#7414 = CARTESIAN_POINT('',(-89.89692155053,72.930856154792,
    48.050759929128));
#7415 = CARTESIAN_POINT('',(-88.63457287401,71.892106377713,
    55.130763545251));
#7416 = CARTESIAN_POINT('',(-87.37286249279,70.852513822711,
    62.210760740571));
#7417 = CARTESIAN_POINT('',(-86.11185344838,69.812068519047,
    69.290761356183));
#7418 = CARTESIAN_POINT('',(-84.85161283641,68.770766380528,
    76.370776798933));
#7419 = CARTESIAN_POINT('',(-83.59221132998,67.72861060208,
    83.450820156062));
#7420 = CARTESIAN_POINT('',(-82.33372270187,66.685613053776,
    90.530906309141));
#7421 = CARTESIAN_POINT('',(-81.07622334729,65.6417956767,
    97.611052048207));
#7422 = CARTESIAN_POINT('',(-78.56336026594,63.552588078806,
    111.77150032391));
#7423 = CARTESIAN_POINT('',(-77.30799654078,62.507199531758,
    118.85180310009));
#7424 = CARTESIAN_POINT('',(-76.05377623824,61.461057252839,
    125.9322024615));
#7425 = CARTESIAN_POINT('',(-74.80077722319,60.414207077776,
    133.01271887681));
#7426 = CARTESIAN_POINT('',(-73.54907652698,59.3667096677,
    140.09337478634));
#7427 = CARTESIAN_POINT('',(-72.29874725363,58.31864051362,
    147.1741940474));
#7428 = CARTESIAN_POINT('',(-71.04985548939,57.270089942848,
    154.25520138592));
#7429 = CARTESIAN_POINT('',(-69.80245720866,56.221163123295,
    161.33642184096));
#7430 = CARTESIAN_POINT('',(-68.55659518313,55.171980069672,
    168.41788021593));
#7431 = CARTESIAN_POINT('',(-67.31229588856,54.122675648267,
    175.49960052448));
#7432 = CARTESIAN_POINT('',(-65.75888404412,52.811080566218,
    184.35210666885));
#7433 = CARTESIAN_POINT('',(-65.44829975835,52.548763197245,
    186.12262566231));
#7434 = CARTESIAN_POINT('',(-65.13781366954,52.286449776258,
    187.8931627698));
#7435 = CARTESIAN_POINT('',(-64.82742580667,52.024142631515,
    189.66371832892));
#7436 = CARTESIAN_POINT('',(-64.51713611474,51.761844119772,
    191.43429266764));
#7437 = CARTESIAN_POINT('',(-64.20694445321,51.499556624881,
    193.20488610046));
#7438 = CARTESIAN_POINT('',(-63.89685059812,51.237282559741,
    194.97549893367));
#7439 = CARTESIAN_POINT('',(-63.58685423978,50.975024364125,
    196.74613145961));
#7440 = CARTESIAN_POINT('',(-63.27695498482,50.712784506631,
    198.51678396167));
#7441 = CARTESIAN_POINT('',(-62.96715235471,50.450565483274,
    200.28745671081));
#7442 = CARTESIAN_POINT('',(-62.58001914459,50.122820902045,
    202.50082328167));
#7443 = CARTESIAN_POINT('',(-62.50259850809,50.057273444403,
    202.94349787765));
#7444 = CARTESIAN_POINT('',(-62.42518386676,49.991727484605,
    203.38617375928));
#7445 = CARTESIAN_POINT('',(-62.34777521024,49.926183061912,
    203.82885093012));
#7446 = CARTESIAN_POINT('',(-62.27037252815,49.860640215541,
    204.27152939432));
#7447 = CARTESIAN_POINT('',(-62.19297581016,49.795098984771,
    204.71420915503));
#7448 = CARTESIAN_POINT('',(-62.11558504588,49.72955940882,
    205.15689021675));
#7449 = CARTESIAN_POINT('',(-62.03820022497,49.664021526945,
    205.59957258253));
#7450 = CARTESIAN_POINT('',(-61.96082133707,49.598485378396,
    206.04225625668));
#7451 = CARTESIAN_POINT('',(-61.8834483718,49.532951002401,
    206.4849412426));
#7452 = CARTESIAN_POINT('',(-61.76739779233,49.434652156139,
    207.14897069508));
#7453 = CARTESIAN_POINT('',(-61.72871574348,49.401886327018,
    207.37031417464));
#7454 = CARTESIAN_POINT('',(-61.69003517087,49.369120955929,
    207.59165798392));
#7455 = CARTESIAN_POINT('',(-61.65135607253,49.336356047427,
    207.81300212191));
#7456 = CARTESIAN_POINT('',(-61.6126784476,49.3035916071,208.03434659158
    ));
#7457 = CARTESIAN_POINT('',(-61.57400229359,49.27082763896,
    208.25569138995));
#7458 = CARTESIAN_POINT('',(-61.5353276099,49.238064148912,
    208.47703652101));
#7459 = CARTESIAN_POINT('',(-61.49665439418,49.205301141038,
    208.69838198222));
#7460 = CARTESIAN_POINT('',(-61.45798264538,49.172538620832,
    208.91972777595));
#7461 = CARTESIAN_POINT('',(-61.41931236168,49.139776592918,
    209.14107390166));
#7462 = CARTESIAN_POINT('',(-61.37583253363,49.102939013857,
    209.38995933273));
#7463 = CARTESIAN_POINT('',(-61.37102165813,49.09886306721,
    209.41749766263));
#7464 = CARTESIAN_POINT('',(-61.36621066546,49.094787008812,
    209.44503682048));
#7465 = CARTESIAN_POINT('',(-61.36139962311,49.090710895975,
    209.47257641107));
#7466 = CARTESIAN_POINT('',(-61.35658862785,49.086634811398,
    209.5001158648));
#7467 = CARTESIAN_POINT('',(-61.35177772606,49.082558794931,
    209.52765490763));
#7468 = CARTESIAN_POINT('',(-61.34696691227,49.078482842198,
    209.55519357018));
#7469 = CARTESIAN_POINT('',(-61.3421561493,49.074406921643,
    209.58273207019));
#7470 = CARTESIAN_POINT('',(-61.33734538795,49.07033099136,
    209.61027069656));
#7471 = CARTESIAN_POINT('',(-61.33253458026,49.066255010397,
    209.63780973145));
#7472 = CARTESIAN_POINT('',(-61.32772368622,49.062178944528,
    209.66534941058));
#7473 = PCURVE('',#3550,#7474);
#7474 = DEFINITIONAL_REPRESENTATION('',(#7475),#7479);
#7475 = LINE('',#7476,#7477);
#7476 = CARTESIAN_POINT('',(-79.99999998793,0.));
#7477 = VECTOR('',#7478,1.);
#7478 = DIRECTION('',(0.,1.));
#7479 = ( GEOMETRIC_REPRESENTATION_CONTEXT(2) 
PARAMETRIC_REPRESENTATION_CONTEXT() REPRESENTATION_CONTEXT('2D SPACE',''
  ) );
#7480 = PCURVE('',#3718,#7481);
#7481 = DEFINITIONAL_REPRESENTATION('',(#7482),#7486);
#7482 = LINE('',#7483,#7484);
#7483 = CARTESIAN_POINT('',(3.14159265359,0.));
#7484 = VECTOR('',#7485,1.);
#7485 = DIRECTION('',(0.,1.));
#7486 = ( GEOMETRIC_REPRESENTATION_CONTEXT(2) 
PARAMETRIC_REPRESENTATION_CONTEXT() REPRESENTATION_CONTEXT('2D SPACE',''
  ) );
#7487 = ORIENTED_EDGE('',*,*,#7488,.F.);
#7488 = EDGE_CURVE('',#7489,#7367,#7491,.T.);
#7489 = VERTEX_POINT('',#7490);
#7490 = CARTESIAN_POINT('',(-98.47649332547,79.469388670586,0.));
#7491 = SURFACE_CURVE('',#7492,(#7550,#7611),.PCURVE_S1.);
#7492 = B_SPLINE_CURVE_WITH_KNOTS('',6,(#7493,#7494,#7495,#7496,#7497,
    #7498,#7499,#7500,#7501,#7502,#7503,#7504,#7505,#7506,#7507,#7508,
    #7509,#7510,#7511,#7512,#7513,#7514,#7515,#7516,#7517,#7518,#7519,
    #7520,#7521,#7522,#7523,#7524,#7525,#7526,#7527,#7528,#7529,#7530,
    #7531,#7532,#7533,#7534,#7535,#7536,#7537,#7538,#7539,#7540,#7541,
    #7542,#7543,#7544,#7545,#7546,#7547,#7548,#7549),.UNSPECIFIED.,.F.,
  .F.,(7,5,5,5,5,5,5,5,5,5,5,7),(0.,0.164969341889,0.171968162086,
    0.276962681423,0.473993017346,0.722668479611,0.777668473578,
    0.805666161614,0.81966433548,0.82666330435,0.833662275873,1.),
  .UNSPECIFIED.);
#7493 = CARTESIAN_POINT('',(-98.43494135558,-119.9184402039,0.));
#7494 = CARTESIAN_POINT('',(-98.44607606456,-113.325124821,0.));
#7495 = CARTESIAN_POINT('',(-98.45505688101,-106.7322827645,0.));
#7496 = CARTESIAN_POINT('',(-98.46223929079,-100.1396262918,0.));
#7497 = CARTESIAN_POINT('',(-98.4679533614,-93.54693563656,0.));
#7498 = CARTESIAN_POINT('',(-98.4724755414,-86.9540888909,0.));
#7499 = CARTESIAN_POINT('',(-98.47617080128,-80.08134876657,0.));
#7500 = CARTESIAN_POINT('',(-98.47631925352,-79.80163672618,0.));
#7501 = CARTESIAN_POINT('',(-98.47646645864,-79.52192177562,0.));
#7502 = CARTESIAN_POINT('',(-98.47661277418,-79.24220414217,0.));
#7503 = CARTESIAN_POINT('',(-98.4767582236,-78.96248432324,0.));
#7504 = CARTESIAN_POINT('',(-98.47906683859,-74.48645628073,0.));
#7505 = CARTESIAN_POINT('',(-98.48099434865,-70.28992565052,0.));
#7506 = CARTESIAN_POINT('',(-98.48270425856,-66.09319341824,0.));
#7507 = CARTESIAN_POINT('',(-98.48421529417,-61.89628089704,0.));
#7508 = CARTESIAN_POINT('',(-98.48554567506,-57.69920849057,0.));
#7509 = CARTESIAN_POINT('',(-98.48890390505,-45.62560126152,0.));
#7510 = CARTESIAN_POINT('',(-98.49051995904,-37.74871211293,0.));
#7511 = CARTESIAN_POINT('',(-98.49167583002,-29.87145714862,0.));
#7512 = CARTESIAN_POINT('',(-98.49246479659,-21.99394923605,0.));
#7513 = CARTESIAN_POINT('',(-98.49294697225,-14.11629099205,0.));
#7514 = CARTESIAN_POINT('',(-98.49337777644,3.704016712967,0.));
#7515 = CARTESIAN_POINT('',(-98.49315383903,13.64669691351,0.));
#7516 = CARTESIAN_POINT('',(-98.49249864187,23.5892607636,0.));
#7517 = CARTESIAN_POINT('',(-98.49134037682,33.531517831176,0.));
#7518 = CARTESIAN_POINT('',(-98.48949581248,43.473246277125,0.));
#7519 = CARTESIAN_POINT('',(-98.486127449,55.612844249591,0.));
#7520 = CARTESIAN_POINT('',(-98.48547269845,57.811461628602,0.));
#7521 = CARTESIAN_POINT('',(-98.48477077238,60.01003776056,0.));
#7522 = CARTESIAN_POINT('',(-98.48401911389,62.208569782661,0.));
#7523 = CARTESIAN_POINT('',(-98.4832150932,64.407054755554,0.));
#7524 = CARTESIAN_POINT('',(-98.48191869111,67.724600599082,0.));
#7525 = CARTESIAN_POINT('',(-98.48146710772,68.843698561837,0.));
#7526 = CARTESIAN_POINT('',(-98.4810009031,69.962783154087,0.));
#7527 = CARTESIAN_POINT('',(-98.4805197218,71.08185397409,0.));
#7528 = CARTESIAN_POINT('',(-98.48002320729,72.20091061587,0.));
#7529 = CARTESIAN_POINT('',(-98.47925491164,73.879446910555,0.));
#7530 = CARTESIAN_POINT('',(-98.47899489902,74.438937505151,0.));
#7531 = CARTESIAN_POINT('',(-98.47873091954,74.998424401769,0.));
#7532 = CARTESIAN_POINT('',(-98.47846292865,75.557907548945,0.));
#7533 = CARTESIAN_POINT('',(-98.47819088186,76.117386894993,0.));
#7534 = CARTESIAN_POINT('',(-98.4777766635,76.956595415791,0.));
#7535 = CARTESIAN_POINT('',(-98.47763756769,77.236326519468,0.));
#7536 = CARTESIAN_POINT('',(-98.47749744178,77.516055686114,0.));
#7537 = CARTESIAN_POINT('',(-98.47735628023,77.795782902786,0.));
#7538 = CARTESIAN_POINT('',(-98.47721407753,78.075508156514,0.));
#7539 = CARTESIAN_POINT('',(-98.47692757876,78.63495481815,0.));
#7540 = CARTESIAN_POINT('',(-98.47678321978,78.914675419532,0.));
#7541 = CARTESIAN_POINT('',(-98.47663787969,79.194394788746,0.));
#7542 = CARTESIAN_POINT('',(-98.47649157004,79.474113106295,0.));
#7543 = CARTESIAN_POINT('',(-98.47634418548,79.753829182887,0.));
#7544 = CARTESIAN_POINT('',(-98.47266193047,86.681165328422,0.));
#7545 = CARTESIAN_POINT('',(-98.46814199347,93.328602030884,0.));
#7546 = CARTESIAN_POINT('',(-98.4624173195,99.97587697631,0.));
#7547 = CARTESIAN_POINT('',(-98.45520544433,106.62311348831,0.));
#7548 = CARTESIAN_POINT('',(-98.44616825307,113.27053624045,0.));
#7549 = CARTESIAN_POINT('',(-98.43494135559,119.91844019193,0.));
#7550 = PCURVE('',#3550,#7551);
#7551 = DEFINITIONAL_REPRESENTATION('',(#7552),#7610);
#7552 = B_SPLINE_CURVE_WITH_KNOTS('',6,(#7553,#7554,#7555,#7556,#7557,
    #7558,#7559,#7560,#7561,#7562,#7563,#7564,#7565,#7566,#7567,#7568,
    #7569,#7570,#7571,#7572,#7573,#7574,#7575,#7576,#7577,#7578,#7579,
    #7580,#7581,#7582,#7583,#7584,#7585,#7586,#7587,#7588,#7589,#7590,
    #7591,#7592,#7593,#7594,#7595,#7596,#7597,#7598,#7599,#7600,#7601,
    #7602,#7603,#7604,#7605,#7606,#7607,#7608,#7609),.UNSPECIFIED.,.F.,
  .F.,(7,5,5,5,5,5,5,5,5,5,5,7),(0.,0.164969341889,0.171968162086,
    0.276962681423,0.473993017346,0.722668479611,0.777668473578,
    0.805666161614,0.81966433548,0.82666330435,0.833662275873,1.),
  .UNSPECIFIED.);
#7553 = CARTESIAN_POINT('',(119.99999999698,2.040032352051E-03));
#7554 = CARTESIAN_POINT('',(113.40042335515,1.876157901258E-03));
#7555 = CARTESIAN_POINT('',(106.80037032486,1.723961903308E-03));
#7556 = CARTESIAN_POINT('',(100.20012966332,1.585339610886E-03));
#7557 = CARTESIAN_POINT('',(93.599921852437,1.46169098183E-03));
#7558 = CARTESIAN_POINT('',(86.999869221678,1.353925934628E-03));
#7559 = CARTESIAN_POINT('',(80.120000713533,1.258787451694E-03));
#7560 = CARTESIAN_POINT('',(79.8400002676,1.254950806318E-03));
#7561 = CARTESIAN_POINT('',(79.559999726838,1.251131814737E-03));
#7562 = CARTESIAN_POINT('',(79.279999610445,1.247321251903E-03));
#7563 = CARTESIAN_POINT('',(78.999999892121,1.243518347687E-03));
#7564 = CARTESIAN_POINT('',(74.519512882089,1.182910763655E-03));
#7565 = CARTESIAN_POINT('',(70.319249245391,1.128896710318E-03));
#7566 = CARTESIAN_POINT('',(66.119186942948,1.077892231791E-03));
#7567 = CARTESIAN_POINT('',(61.919304723137,1.030078201167E-03));
#7568 = CARTESIAN_POINT('',(57.719582229745,9.856127597147E-04));
#7569 = CARTESIAN_POINT('',(45.639159151392,8.677264698271E-04));
#7570 = CARTESIAN_POINT('',(37.758812599323,8.030902567075E-04));
#7571 = CARTESIAN_POINT('',(29.878831633177,7.516161749856E-04));
#7572 = CARTESIAN_POINT('',(21.999103512726,7.139103556709E-04));
#7573 = CARTESIAN_POINT('',(14.119525686055,6.903140611523E-04));
#7574 = CARTESIAN_POINT('',(-3.704888337958,6.690775764905E-04));
#7575 = CARTESIAN_POINT('',(-13.64969374261,6.798622387366E-04));
#7576 = CARTESIAN_POINT('',(-23.59461550472,7.13473484595E-04));
#7577 = CARTESIAN_POINT('',(-33.53984396508,7.694897121587E-04));
#7578 = CARTESIAN_POINT('',(-43.48560074498,8.468555331377E-04));
#7579 = CARTESIAN_POINT('',(-55.63203767369,9.652103687357E-04));
#7580 = CARTESIAN_POINT('',(-57.83197057355,9.876026455298E-04));
#7581 = CARTESIAN_POINT('',(-60.03194468139,1.010932044212E-03));
#7582 = CARTESIAN_POINT('',(-62.23196285408,1.035177441007E-03));
#7583 = CARTESIAN_POINT('',(-64.4320280241,1.060315979824E-03));
#7584 = CARTESIAN_POINT('',(-67.75210947371,1.099561954816E-03));
#7585 = CARTESIAN_POINT('',(-68.87208870541,1.113025907135E-03));
#7586 = CARTESIAN_POINT('',(-69.99208129109,1.126711685767E-03));
#7587 = CARTESIAN_POINT('',(-71.11208763137,1.140615933349E-03));
#7588 = CARTESIAN_POINT('',(-72.23210813104,1.154735178606E-03));
#7589 = CARTESIAN_POINT('',(-73.91213392389,1.176230822206E-03));
#7590 = CARTESIAN_POINT('',(-74.47212829047,1.183448656221E-03));
#7591 = CARTESIAN_POINT('',(-75.03212634983,1.190718890394E-03));
#7592 = CARTESIAN_POINT('',(-75.59212815329,1.198041069794E-03));
#7593 = CARTESIAN_POINT('',(-76.15213375236,1.205414732552E-03));
#7594 = CARTESIAN_POINT('',(-76.99214319874,1.216551685905E-03));
#7595 = CARTESIAN_POINT('',(-77.27214319872,1.220276702404E-03));
#7596 = CARTESIAN_POINT('',(-77.5521431987,1.224014400522E-03));
#7597 = CARTESIAN_POINT('',(-77.83214319868,1.227764720991E-03));
#7598 = CARTESIAN_POINT('',(-78.11214319866,1.231527604116E-03));
#7599 = CARTESIAN_POINT('',(-78.67214330477,1.239078376873E-03));
#7600 = CARTESIAN_POINT('',(-78.95214360328,1.242868633681E-03));
#7601 = CARTESIAN_POINT('',(-79.23214348663,1.246668630157E-03));
#7602 = CARTESIAN_POINT('',(-79.51214292249,1.250477693822E-03));
#7603 = CARTESIAN_POINT('',(-79.79214245374,1.254299609759E-03));
#7604 = CARTESIAN_POINT('',(-86.72664757582,1.3494757084E-03));
#7605 = CARTESIAN_POINT('',(-93.38133931793,1.457602158368E-03));
#7606 = CARTESIAN_POINT('',(-100.0361919018,1.581899331082E-03));
#7607 = CARTESIAN_POINT('',(-106.6910815756,1.721442507625E-03));
#7608 = CARTESIAN_POINT('',(-113.3457829351,1.874801122167E-03));
#7609 = CARTESIAN_POINT('',(-119.9999999849,2.040032351928E-03));
#7610 = ( GEOMETRIC_REPRESENTATION_CONTEXT(2) 
PARAMETRIC_REPRESENTATION_CONTEXT() REPRESENTATION_CONTEXT('2D SPACE',''
  ) );
#7611 = PCURVE('',#4264,#7612);
#7612 = DEFINITIONAL_REPRESENTATION('',(#7613),#7618);
#7613 = B_SPLINE_CURVE_WITH_KNOTS('',3,(#7614,#7615,#7616,#7617),
  .UNSPECIFIED.,.F.,.F.,(4,4),(0.83130958969,0.833361723994),
  .PIECEWISE_BEZIER_KNOTS.);
#7614 = CARTESIAN_POINT('',(3.093104221292,0.));
#7615 = CARTESIAN_POINT('',(3.08490277523,0.));
#7616 = CARTESIAN_POINT('',(3.0767635445,0.));
#7617 = CARTESIAN_POINT('',(3.068562236562,0.));
#7618 = ( GEOMETRIC_REPRESENTATION_CONTEXT(2) 
PARAMETRIC_REPRESENTATION_CONTEXT() REPRESENTATION_CONTEXT('2D SPACE',''
  ) );
#7619 = ORIENTED_EDGE('',*,*,#7620,.F.);
#7620 = EDGE_CURVE('',#7233,#7489,#7621,.T.);
#7621 = SURFACE_CURVE('',#7622,(#7680,#7741),.PCURVE_S1.);
#7622 = B_SPLINE_CURVE_WITH_KNOTS('',6,(#7623,#7624,#7625,#7626,#7627,
    #7628,#7629,#7630,#7631,#7632,#7633,#7634,#7635,#7636,#7637,#7638,
    #7639,#7640,#7641,#7642,#7643,#7644,#7645,#7646,#7647,#7648,#7649,
    #7650,#7651,#7652,#7653,#7654,#7655,#7656,#7657,#7658,#7659,#7660,
    #7661,#7662,#7663,#7664,#7665,#7666,#7667,#7668,#7669,#7670,#7671,
    #7672,#7673,#7674,#7675,#7676,#7677,#7678,#7679),.UNSPECIFIED.,.F.,
  .F.,(7,5,5,5,5,5,5,5,5,5,5,7),(0.,0.164969341889,0.171968162086,
    0.276962681423,0.473993017346,0.722668479611,0.777668473578,
    0.805666161614,0.81966433548,0.82666330435,0.833662275873,1.),
  .UNSPECIFIED.);
#7623 = CARTESIAN_POINT('',(-98.43494135558,-119.9184402039,0.));
#7624 = CARTESIAN_POINT('',(-98.44607606456,-113.325124821,0.));
#7625 = CARTESIAN_POINT('',(-98.45505688101,-106.7322827645,0.));
#7626 = CARTESIAN_POINT('',(-98.46223929079,-100.1396262918,0.));
#7627 = CARTESIAN_POINT('',(-98.4679533614,-93.54693563656,0.));
#7628 = CARTESIAN_POINT('',(-98.4724755414,-86.9540888909,0.));
#7629 = CARTESIAN_POINT('',(-98.47617080128,-80.08134876657,0.));
#7630 = CARTESIAN_POINT('',(-98.47631925352,-79.80163672618,0.));
#7631 = CARTESIAN_POINT('',(-98.47646645864,-79.52192177562,0.));
#7632 = CARTESIAN_POINT('',(-98.47661277418,-79.24220414217,0.));
#7633 = CARTESIAN_POINT('',(-98.4767582236,-78.96248432324,0.));
#7634 = CARTESIAN_POINT('',(-98.47906683859,-74.48645628073,0.));
#7635 = CARTESIAN_POINT('',(-98.48099434865,-70.28992565052,0.));
#7636 = CARTESIAN_POINT('',(-98.48270425856,-66.09319341824,0.));
#7637 = CARTESIAN_POINT('',(-98.48421529417,-61.89628089704,0.));
#7638 = CARTESIAN_POINT('',(-98.48554567506,-57.69920849057,0.));
#7639 = CARTESIAN_POINT('',(-98.48890390505,-45.62560126152,0.));
#7640 = CARTESIAN_POINT('',(-98.49051995904,-37.74871211293,0.));
#7641 = CARTESIAN_POINT('',(-98.49167583002,-29.87145714862,0.));
#7642 = CARTESIAN_POINT('',(-98.49246479659,-21.99394923605,0.));
#7643 = CARTESIAN_POINT('',(-98.49294697225,-14.11629099205,0.));
#7644 = CARTESIAN_POINT('',(-98.49337777644,3.704016712967,0.));
#7645 = CARTESIAN_POINT('',(-98.49315383903,13.64669691351,0.));
#7646 = CARTESIAN_POINT('',(-98.49249864187,23.5892607636,0.));
#7647 = CARTESIAN_POINT('',(-98.49134037682,33.531517831176,0.));
#7648 = CARTESIAN_POINT('',(-98.48949581248,43.473246277125,0.));
#7649 = CARTESIAN_POINT('',(-98.486127449,55.612844249591,0.));
#7650 = CARTESIAN_POINT('',(-98.48547269845,57.811461628602,0.));
#7651 = CARTESIAN_POINT('',(-98.48477077238,60.01003776056,0.));
#7652 = CARTESIAN_POINT('',(-98.48401911389,62.208569782661,0.));
#7653 = CARTESIAN_POINT('',(-98.4832150932,64.407054755554,0.));
#7654 = CARTESIAN_POINT('',(-98.48191869111,67.724600599082,0.));
#7655 = CARTESIAN_POINT('',(-98.48146710772,68.843698561837,0.));
#7656 = CARTESIAN_POINT('',(-98.4810009031,69.962783154087,0.));
#7657 = CARTESIAN_POINT('',(-98.4805197218,71.08185397409,0.));
#7658 = CARTESIAN_POINT('',(-98.48002320729,72.20091061587,0.));
#7659 = CARTESIAN_POINT('',(-98.47925491164,73.879446910555,0.));
#7660 = CARTESIAN_POINT('',(-98.47899489902,74.438937505151,0.));
#7661 = CARTESIAN_POINT('',(-98.47873091954,74.998424401769,0.));
#7662 = CARTESIAN_POINT('',(-98.47846292865,75.557907548945,0.));
#7663 = CARTESIAN_POINT('',(-98.47819088186,76.117386894993,0.));
#7664 = CARTESIAN_POINT('',(-98.4777766635,76.956595415791,0.));
#7665 = CARTESIAN_POINT('',(-98.47763756769,77.236326519468,0.));
#7666 = CARTESIAN_POINT('',(-98.47749744178,77.516055686114,0.));
#7667 = CARTESIAN_POINT('',(-98.47735628023,77.795782902786,0.));
#7668 = CARTESIAN_POINT('',(-98.47721407753,78.075508156514,0.));
#7669 = CARTESIAN_POINT('',(-98.47692757876,78.63495481815,0.));
#7670 = CARTESIAN_POINT('',(-98.47678321978,78.914675419532,0.));
#7671 = CARTESIAN_POINT('',(-98.47663787969,79.194394788746,0.));
#7672 = CARTESIAN_POINT('',(-98.47649157004,79.474113106295,0.));
#7673 = CARTESIAN_POINT('',(-98.47634418548,79.753829182887,0.));
#7674 = CARTESIAN_POINT('',(-98.47266193047,86.681165328422,0.));
#7675 = CARTESIAN_POINT('',(-98.46814199347,93.328602030884,0.));
#7676 = CARTESIAN_POINT('',(-98.4624173195,99.97587697631,0.));
#7677 = CARTESIAN_POINT('',(-98.45520544433,106.62311348831,0.));
#7678 = CARTESIAN_POINT('',(-98.44616825307,113.27053624045,0.));
#7679 = CARTESIAN_POINT('',(-98.43494135559,119.91844019193,0.));
#7680 = PCURVE('',#3550,#7681);
#7681 = DEFINITIONAL_REPRESENTATION('',(#7682),#7740);
#7682 = B_SPLINE_CURVE_WITH_KNOTS('',6,(#7683,#7684,#7685,#7686,#7687,
    #7688,#7689,#7690,#7691,#7692,#7693,#7694,#7695,#7696,#7697,#7698,
    #7699,#7700,#7701,#7702,#7703,#7704,#7705,#7706,#7707,#7708,#7709,
    #7710,#7711,#7712,#7713,#7714,#7715,#7716,#7717,#7718,#7719,#7720,
    #7721,#7722,#7723,#7724,#7725,#7726,#7727,#7728,#7729,#7730,#7731,
    #7732,#7733,#7734,#7735,#7736,#7737,#7738,#7739),.UNSPECIFIED.,.F.,
  .F.,(7,5,5,5,5,5,5,5,5,5,5,7),(0.,0.164969341889,0.171968162086,
    0.276962681423,0.473993017346,0.722668479611,0.777668473578,
    0.805666161614,0.81966433548,0.82666330435,0.833662275873,1.),
  .UNSPECIFIED.);
#7683 = CARTESIAN_POINT('',(119.99999999698,2.040032352051E-03));
#7684 = CARTESIAN_POINT('',(113.40042335515,1.876157901258E-03));
#7685 = CARTESIAN_POINT('',(106.80037032486,1.723961903308E-03));
#7686 = CARTESIAN_POINT('',(100.20012966332,1.585339610886E-03));
#7687 = CARTESIAN_POINT('',(93.599921852437,1.46169098183E-03));
#7688 = CARTESIAN_POINT('',(86.999869221678,1.353925934628E-03));
#7689 = CARTESIAN_POINT('',(80.120000713533,1.258787451694E-03));
#7690 = CARTESIAN_POINT('',(79.8400002676,1.254950806318E-03));
#7691 = CARTESIAN_POINT('',(79.559999726838,1.251131814737E-03));
#7692 = CARTESIAN_POINT('',(79.279999610445,1.247321251903E-03));
#7693 = CARTESIAN_POINT('',(78.999999892121,1.243518347687E-03));
#7694 = CARTESIAN_POINT('',(74.519512882089,1.182910763655E-03));
#7695 = CARTESIAN_POINT('',(70.319249245391,1.128896710318E-03));
#7696 = CARTESIAN_POINT('',(66.119186942948,1.077892231791E-03));
#7697 = CARTESIAN_POINT('',(61.919304723137,1.030078201167E-03));
#7698 = CARTESIAN_POINT('',(57.719582229745,9.856127597147E-04));
#7699 = CARTESIAN_POINT('',(45.639159151392,8.677264698271E-04));
#7700 = CARTESIAN_POINT('',(37.758812599323,8.030902567075E-04));
#7701 = CARTESIAN_POINT('',(29.878831633177,7.516161749856E-04));
#7702 = CARTESIAN_POINT('',(21.999103512726,7.139103556709E-04));
#7703 = CARTESIAN_POINT('',(14.119525686055,6.903140611523E-04));
#7704 = CARTESIAN_POINT('',(-3.704888337958,6.690775764905E-04));
#7705 = CARTESIAN_POINT('',(-13.64969374261,6.798622387366E-04));
#7706 = CARTESIAN_POINT('',(-23.59461550472,7.13473484595E-04));
#7707 = CARTESIAN_POINT('',(-33.53984396508,7.694897121587E-04));
#7708 = CARTESIAN_POINT('',(-43.48560074498,8.468555331377E-04));
#7709 = CARTESIAN_POINT('',(-55.63203767369,9.652103687357E-04));
#7710 = CARTESIAN_POINT('',(-57.83197057355,9.876026455298E-04));
#7711 = CARTESIAN_POINT('',(-60.03194468139,1.010932044212E-03));
#7712 = CARTESIAN_POINT('',(-62.23196285408,1.035177441007E-03));
#7713 = CARTESIAN_POINT('',(-64.4320280241,1.060315979824E-03));
#7714 = CARTESIAN_POINT('',(-67.75210947371,1.099561954816E-03));
#7715 = CARTESIAN_POINT('',(-68.87208870541,1.113025907135E-03));
#7716 = CARTESIAN_POINT('',(-69.99208129109,1.126711685767E-03));
#7717 = CARTESIAN_POINT('',(-71.11208763137,1.140615933349E-03));
#7718 = CARTESIAN_POINT('',(-72.23210813104,1.154735178606E-03));
#7719 = CARTESIAN_POINT('',(-73.91213392389,1.176230822206E-03));
#7720 = CARTESIAN_POINT('',(-74.47212829047,1.183448656221E-03));
#7721 = CARTESIAN_POINT('',(-75.03212634983,1.190718890394E-03));
#7722 = CARTESIAN_POINT('',(-75.59212815329,1.198041069794E-03));
#7723 = CARTESIAN_POINT('',(-76.15213375236,1.205414732552E-03));
#7724 = CARTESIAN_POINT('',(-76.99214319874,1.216551685905E-03));
#7725 = CARTESIAN_POINT('',(-77.27214319872,1.220276702404E-03));
#7726 = CARTESIAN_POINT('',(-77.5521431987,1.224014400522E-03));
#7727 = CARTESIAN_POINT('',(-77.83214319868,1.227764720991E-03));
#7728 = CARTESIAN_POINT('',(-78.11214319866,1.231527604116E-03));
#7729 = CARTESIAN_POINT('',(-78.67214330477,1.239078376873E-03));
#7730 = CARTESIAN_POINT('',(-78.95214360328,1.242868633681E-03));
#7731 = CARTESIAN_POINT('',(-79.23214348663,1.246668630157E-03));
#7732 = CARTESIAN_POINT('',(-79.51214292249,1.250477693822E-03));
#7733 = CARTESIAN_POINT('',(-79.79214245374,1.254299609759E-03));
#7734 = CARTESIAN_POINT('',(-86.72664757582,1.3494757084E-03));
#7735 = CARTESIAN_POINT('',(-93.38133931793,1.457602158368E-03));
#7736 = CARTESIAN_POINT('',(-100.0361919018,1.581899331082E-03));
#7737 = CARTESIAN_POINT('',(-106.6910815756,1.721442507625E-03));
#7738 = CARTESIAN_POINT('',(-113.3457829351,1.874801122167E-03));
#7739 = CARTESIAN_POINT('',(-119.9999999849,2.040032351928E-03));
#7740 = ( GEOMETRIC_REPRESENTATION_CONTEXT(2) 
PARAMETRIC_REPRESENTATION_CONTEXT() REPRESENTATION_CONTEXT('2D SPACE',''
  ) );
#7741 = PCURVE('',#7742,#7747);
#7742 = PLANE('',#7743);
#7743 = AXIS2_PLACEMENT_3D('',#7744,#7745,#7746);
#7744 = CARTESIAN_POINT('',(-80.,-80.,0.));
#7745 = DIRECTION('',(0.,0.,1.));
#7746 = DIRECTION('',(1.,0.,0.));
#7747 = DEFINITIONAL_REPRESENTATION('',(#7748),#7806);
#7748 = B_SPLINE_CURVE_WITH_KNOTS('',6,(#7749,#7750,#7751,#7752,#7753,
    #7754,#7755,#7756,#7757,#7758,#7759,#7760,#7761,#7762,#7763,#7764,
    #7765,#7766,#7767,#7768,#7769,#7770,#7771,#7772,#7773,#7774,#7775,
    #7776,#7777,#7778,#7779,#7780,#7781,#7782,#7783,#7784,#7785,#7786,
    #7787,#7788,#7789,#7790,#7791,#7792,#7793,#7794,#7795,#7796,#7797,
    #7798,#7799,#7800,#7801,#7802,#7803,#7804,#7805),.UNSPECIFIED.,.F.,
  .F.,(7,5,5,5,5,5,5,5,5,5,5,7),(0.,0.164969341889,0.171968162086,
    0.276962681423,0.473993017346,0.722668479611,0.777668473578,
    0.805666161614,0.81966433548,0.82666330435,0.833662275873,1.),
  .UNSPECIFIED.);
#7749 = CARTESIAN_POINT('',(-18.43494135558,-39.91844020397));
#7750 = CARTESIAN_POINT('',(-18.44607606456,-33.32512482107));
#7751 = CARTESIAN_POINT('',(-18.45505688101,-26.73228276454));
#7752 = CARTESIAN_POINT('',(-18.46223929079,-20.1396262918));
#7753 = CARTESIAN_POINT('',(-18.4679533614,-13.54693563656));
#7754 = CARTESIAN_POINT('',(-18.4724755414,-6.954088890902));
#7755 = CARTESIAN_POINT('',(-18.47617080128,-8.13487665749E-02));
#7756 = CARTESIAN_POINT('',(-18.47631925352,0.198363273812));
#7757 = CARTESIAN_POINT('',(-18.47646645864,0.478078224381));
#7758 = CARTESIAN_POINT('',(-18.47661277418,0.757795857823));
#7759 = CARTESIAN_POINT('',(-18.4767582236,1.037515676758));
#7760 = CARTESIAN_POINT('',(-18.47906683859,5.513543719262));
#7761 = CARTESIAN_POINT('',(-18.48099434865,9.710074349473));
#7762 = CARTESIAN_POINT('',(-18.48270425856,13.906806581752));
#7763 = CARTESIAN_POINT('',(-18.48421529417,18.103719102958));
#7764 = CARTESIAN_POINT('',(-18.48554567506,22.300791509429));
#7765 = CARTESIAN_POINT('',(-18.48890390505,34.374398738475));
#7766 = CARTESIAN_POINT('',(-18.49051995904,42.251287887063));
#7767 = CARTESIAN_POINT('',(-18.49167583002,50.128542851379));
#7768 = CARTESIAN_POINT('',(-18.49246479659,58.006050763941));
#7769 = CARTESIAN_POINT('',(-18.49294697225,65.883709007949));
#7770 = CARTESIAN_POINT('',(-18.49337777644,83.704016712968));
#7771 = CARTESIAN_POINT('',(-18.49315383903,93.64669691351));
#7772 = CARTESIAN_POINT('',(-18.49249864187,103.5892607636));
#7773 = CARTESIAN_POINT('',(-18.49134037682,113.53151783117));
#7774 = CARTESIAN_POINT('',(-18.48949581248,123.47324627712));
#7775 = CARTESIAN_POINT('',(-18.486127449,135.61284424959));
#7776 = CARTESIAN_POINT('',(-18.48547269845,137.8114616286));
#7777 = CARTESIAN_POINT('',(-18.48477077238,140.01003776056));
#7778 = CARTESIAN_POINT('',(-18.48401911389,142.20856978266));
#7779 = CARTESIAN_POINT('',(-18.4832150932,144.40705475555));
#7780 = CARTESIAN_POINT('',(-18.48191869111,147.72460059908));
#7781 = CARTESIAN_POINT('',(-18.48146710772,148.84369856183));
#7782 = CARTESIAN_POINT('',(-18.4810009031,149.96278315408));
#7783 = CARTESIAN_POINT('',(-18.4805197218,151.08185397409));
#7784 = CARTESIAN_POINT('',(-18.48002320729,152.20091061587));
#7785 = CARTESIAN_POINT('',(-18.47925491164,153.87944691055));
#7786 = CARTESIAN_POINT('',(-18.47899489902,154.43893750515));
#7787 = CARTESIAN_POINT('',(-18.47873091954,154.99842440177));
#7788 = CARTESIAN_POINT('',(-18.47846292865,155.55790754894));
#7789 = CARTESIAN_POINT('',(-18.47819088186,156.11738689499));
#7790 = CARTESIAN_POINT('',(-18.4777766635,156.95659541579));
#7791 = CARTESIAN_POINT('',(-18.47763756769,157.23632651946));
#7792 = CARTESIAN_POINT('',(-18.47749744178,157.51605568611));
#7793 = CARTESIAN_POINT('',(-18.47735628023,157.79578290278));
#7794 = CARTESIAN_POINT('',(-18.47721407753,158.07550815651));
#7795 = CARTESIAN_POINT('',(-18.47692757876,158.63495481815));
#7796 = CARTESIAN_POINT('',(-18.47678321978,158.91467541953));
#7797 = CARTESIAN_POINT('',(-18.47663787969,159.19439478874));
#7798 = CARTESIAN_POINT('',(-18.47649157004,159.47411310629));
#7799 = CARTESIAN_POINT('',(-18.47634418548,159.75382918288));
#7800 = CARTESIAN_POINT('',(-18.47266193047,166.68116532842));
#7801 = CARTESIAN_POINT('',(-18.46814199347,173.32860203088));
#7802 = CARTESIAN_POINT('',(-18.4624173195,179.97587697631));
#7803 = CARTESIAN_POINT('',(-18.45520544433,186.62311348831));
#7804 = CARTESIAN_POINT('',(-18.44616825307,193.27053624046));
#7805 = CARTESIAN_POINT('',(-18.43494135559,199.91844019193));
#7806 = ( GEOMETRIC_REPRESENTATION_CONTEXT(2) 
PARAMETRIC_REPRESENTATION_CONTEXT() REPRESENTATION_CONTEXT('2D SPACE',''
  ) );
#7807 = ADVANCED_FACE('',(#7808),#3718,.F.);
#7808 = FACE_BOUND('',#7809,.F.);
#7809 = EDGE_LOOP('',(#7810,#8393,#8394,#8395));
#7810 = ORIENTED_EDGE('',*,*,#7811,.F.);
#7811 = EDGE_CURVE('',#7367,#7812,#7814,.T.);
#7812 = VERTEX_POINT('',#7813);
#7813 = CARTESIAN_POINT('',(-79.96147181185,98.476233747691,
    9.053933097691E-08));
#7814 = SURFACE_CURVE('',#7815,(#7867,#8333),.PCURVE_S1.);
#7815 = B_SPLINE_CURVE_WITH_KNOTS('',8,(#7816,#7817,#7818,#7819,#7820,
    #7821,#7822,#7823,#7824,#7825,#7826,#7827,#7828,#7829,#7830,#7831,
    #7832,#7833,#7834,#7835,#7836,#7837,#7838,#7839,#7840,#7841,#7842,
    #7843,#7844,#7845,#7846,#7847,#7848,#7849,#7850,#7851,#7852,#7853,
    #7854,#7855,#7856,#7857,#7858,#7859,#7860,#7861,#7862,#7863,#7864,
    #7865,#7866),.UNSPECIFIED.,.F.,.F.,(9,7,7,7,7,7,7,9),(0.,
    0.175371745004,0.181959294253,0.286561129206,0.503384782126,
    0.828200689402,0.838531104552,1.),.UNSPECIFIED.);
#7816 = CARTESIAN_POINT('',(-98.48200770734,72.113498134929,0.));
#7817 = CARTESIAN_POINT('',(-98.4810456443,73.090588014866,0.));
#7818 = CARTESIAN_POINT('',(-98.48013786997,74.067677913362,0.));
#7819 = CARTESIAN_POINT('',(-98.47929315871,75.04476780102,0.));
#7820 = CARTESIAN_POINT('',(-98.47851921332,76.021857652457,0.));
#7821 = CARTESIAN_POINT('',(-98.47782266502,76.998947446306,0.));
#7822 = CARTESIAN_POINT('',(-98.47720907348,77.976037165218,0.));
#7823 = CARTESIAN_POINT('',(-98.47668292679,78.953126795858,0.));
#7824 = CARTESIAN_POINT('',(-98.47623129072,79.966919079512,0.));
#7825 = CARTESIAN_POINT('',(-98.47619516828,80.003615090074,0.));
#7826 = CARTESIAN_POINT('',(-98.47610059665,80.040308049993,0.));
#7827 = CARTESIAN_POINT('',(-98.47592118499,80.077000424509,0.));
#7828 = CARTESIAN_POINT('',(-98.47564282913,80.113693454698,0.));
#7829 = CARTESIAN_POINT('',(-98.47526371159,80.150387157478,0.));
#7830 = CARTESIAN_POINT('',(-98.47479430154,80.187080325602,0.));
#7831 = CARTESIAN_POINT('',(-98.46573132986,80.806363888984,0.));
#7832 = CARTESIAN_POINT('',(-98.43620810201,81.388654231842,0.));
#7833 = CARTESIAN_POINT('',(-98.38570771212,81.969753108947,0.));
#7834 = CARTESIAN_POINT('',(-98.31429441061,82.548779051455,0.));
#7835 = CARTESIAN_POINT('',(-98.2220764306,83.124857663215,0.));
#7836 = CARTESIAN_POINT('',(-98.10920576114,83.697121715021,0.));
#7837 = CARTESIAN_POINT('',(-97.97587792043,84.264711238861,0.));
#7838 = CARTESIAN_POINT('',(-97.50405388847,85.991843232796,0.));
#7839 = CARTESIAN_POINT('',(-97.09886205549,87.133320248872,0.));
#7840 = CARTESIAN_POINT('',(-96.60889576618,88.243441254336,0.));
#7841 = CARTESIAN_POINT('',(-96.03709612086,89.31490262081,0.));
#7842 = CARTESIAN_POINT('',(-95.38708927222,90.340801262796,0.));
#7843 = CARTESIAN_POINT('',(-94.66314310191,91.31461778028,0.));
#7844 = CARTESIAN_POINT('',(-93.87019708536,92.230241988739,0.));
#7845 = CARTESIAN_POINT('',(-91.73127461531,94.358090805466,0.));
#7846 = CARTESIAN_POINT('',(-90.30552184436,95.491935503411,0.));
#7847 = CARTESIAN_POINT('',(-88.75622400383,96.463539108368,0.));
#7848 = CARTESIAN_POINT('',(-87.10522950724,97.257732593117,0.));
#7849 = CARTESIAN_POINT('',(-85.37586165896,97.862601406886,0.));
#7850 = CARTESIAN_POINT('',(-83.59297087257,98.269784855983,0.));
#7851 = CARTESIAN_POINT('',(-81.78277854441,98.474263304924,0.));
#7852 = CARTESIAN_POINT('',(-79.91590412749,98.476287023434,0.));
#7853 = CARTESIAN_POINT('',(-79.85713389017,98.476251951289,0.));
#7854 = CARTESIAN_POINT('',(-79.79793489919,98.476292139266,0.));
#7855 = CARTESIAN_POINT('',(-79.7387852022,98.476353529155,0.));
#7856 = CARTESIAN_POINT('',(-79.6799074172,98.476374003762,0.));
#7857 = CARTESIAN_POINT('',(-79.6212956701,98.476373683964,0.));
#7858 = CARTESIAN_POINT('',(-79.56270524808,98.47641681303,0.));
#7859 = CARTESIAN_POINT('',(-78.57984182173,98.476889369984,0.));
#7860 = CARTESIAN_POINT('',(-77.65607859016,98.477413679067,0.));
#7861 = CARTESIAN_POINT('',(-76.73231528301,98.478015024081,0.));
#7862 = CARTESIAN_POINT('',(-75.80855191234,98.478689416579,0.));
#7863 = CARTESIAN_POINT('',(-74.8847884934,98.479432011051,0.));
#7864 = CARTESIAN_POINT('',(-73.96102504459,98.480237104927,0.));
#7865 = CARTESIAN_POINT('',(-73.03726158753,98.481098138573,0.));
#7866 = CARTESIAN_POINT('',(-72.11349814699,98.482007695294,0.));
#7867 = PCURVE('',#3718,#7868);
#7868 = DEFINITIONAL_REPRESENTATION('',(#7869),#8332);
#7869 = B_SPLINE_CURVE_WITH_KNOTS('',11,(#7870,#7871,#7872,#7873,#7874,
    #7875,#7876,#7877,#7878,#7879,#7880,#7881,#7882,#7883,#7884,#7885,
    #7886,#7887,#7888,#7889,#7890,#7891,#7892,#7893,#7894,#7895,#7896,
    #7897,#7898,#7899,#7900,#7901,#7902,#7903,#7904,#7905,#7906,#7907,
    #7908,#7909,#7910,#7911,#7912,#7913,#7914,#7915,#7916,#7917,#7918,
    #7919,#7920,#7921,#7922,#7923,#7924,#7925,#7926,#7927,#7928,#7929,
    #7930,#7931,#7932,#7933,#7934,#7935,#7936,#7937,#7938,#7939,#7940,
    #7941,#7942,#7943,#7944,#7945,#7946,#7947,#7948,#7949,#7950,#7951,
    #7952,#7953,#7954,#7955,#7956,#7957,#7958,#7959,#7960,#7961,#7962,
    #7963,#7964,#7965,#7966,#7967,#7968,#7969,#7970,#7971,#7972,#7973,
    #7974,#7975,#7976,#7977,#7978,#7979,#7980,#7981,#7982,#7983,#7984,
    #7985,#7986,#7987,#7988,#7989,#7990,#7991,#7992,#7993,#7994,#7995,
    #7996,#7997,#7998,#7999,#8000,#8001,#8002,#8003,#8004,#8005,#8006,
    #8007,#8008,#8009,#8010,#8011,#8012,#8013,#8014,#8015,#8016,#8017,
    #8018,#8019,#8020,#8021,#8022,#8023,#8024,#8025,#8026,#8027,#8028,
    #8029,#8030,#8031,#8032,#8033,#8034,#8035,#8036,#8037,#8038,#8039,
    #8040,#8041,#8042,#8043,#8044,#8045,#8046,#8047,#8048,#8049,#8050,
    #8051,#8052,#8053,#8054,#8055,#8056,#8057,#8058,#8059,#8060,#8061,
    #8062,#8063,#8064,#8065,#8066,#8067,#8068,#8069,#8070,#8071,#8072,
    #8073,#8074,#8075,#8076,#8077,#8078,#8079,#8080,#8081,#8082,#8083,
    #8084,#8085,#8086,#8087,#8088,#8089,#8090,#8091,#8092,#8093,#8094,
    #8095,#8096,#8097,#8098,#8099,#8100,#8101,#8102,#8103,#8104,#8105,
    #8106,#8107,#8108,#8109,#8110,#8111,#8112,#8113,#8114,#8115,#8116,
    #8117,#8118,#8119,#8120,#8121,#8122,#8123,#8124,#8125,#8126,#8127,
    #8128,#8129,#8130,#8131,#8132,#8133,#8134,#8135,#8136,#8137,#8138,
    #8139,#8140,#8141,#8142,#8143,#8144,#8145,#8146,#8147,#8148,#8149,
    #8150,#8151,#8152,#8153,#8154,#8155,#8156,#8157,#8158,#8159,#8160,
    #8161,#8162,#8163,#8164,#8165,#8166,#8167,#8168,#8169,#8170,#8171,
    #8172,#8173,#8174,#8175,#8176,#8177,#8178,#8179,#8180,#8181,#8182,
    #8183,#8184,#8185,#8186,#8187,#8188,#8189,#8190,#8191,#8192,#8193,
    #8194,#8195,#8196,#8197,#8198,#8199,#8200,#8201,#8202,#8203,#8204,
    #8205,#8206,#8207,#8208,#8209,#8210,#8211,#8212,#8213,#8214,#8215,
    #8216,#8217,#8218,#8219,#8220,#8221,#8222,#8223,#8224,#8225,#8226,
    #8227,#8228,#8229,#8230,#8231,#8232,#8233,#8234,#8235,#8236,#8237,
    #8238,#8239,#8240,#8241,#8242,#8243,#8244,#8245,#8246,#8247,#8248,
    #8249,#8250,#8251,#8252,#8253,#8254,#8255,#8256,#8257,#8258,#8259,
    #8260,#8261,#8262,#8263,#8264,#8265,#8266,#8267,#8268,#8269,#8270,
    #8271,#8272,#8273,#8274,#8275,#8276,#8277,#8278,#8279,#8280,#8281,
    #8282,#8283,#8284,#8285,#8286,#8287,#8288,#8289,#8290,#8291,#8292,
    #8293,#8294,#8295,#8296,#8297,#8298,#8299,#8300,#8301,#8302,#8303,
    #8304,#8305,#8306,#8307,#8308,#8309,#8310,#8311,#8312,#8313,#8314,
    #8315,#8316,#8317,#8318,#8319,#8320,#8321,#8322,#8323,#8324,#8325,
    #8326,#8327,#8328,#8329,#8330,#8331),.UNSPECIFIED.,.F.,.F.,(12,10,10
    ,10,10,10,10,10,10,10,10,10,10,10,10,10,10,10,10,10,10,10,10,10,10,
    10,10,10,10,10,10,10,10,10,10,10,10,10,10,10,10,10,10,10,10,10,12),(
    0.,0.125,0.15625,0.171875,0.173828125,0.1748046875,0.17529296875,
    0.175415039062,0.175537109375,0.17578125,0.1796875,0.181640625,
    0.181884765625,0.18212890625,0.1826171875,0.18359375,0.1875,0.25,
    0.28125,0.296875,0.3125,0.375,0.5,0.5078125,0.515625,0.53125,0.5625,
    0.625,0.75,0.8125,0.828125,0.828186035156,0.828247070312,
    0.828369140625,0.82861328125,0.8291015625,0.830078125,0.83203125,
    0.8359375,0.837890625,0.83837890625,0.838623046875,0.8388671875,
    0.83984375,0.84375,0.875,1.),.UNSPECIFIED.);
#7870 = CARTESIAN_POINT('',(3.534291735197,1.097426021035E-03));
#7871 = CARTESIAN_POINT('',(3.508950764458,1.11232501144E-03));
#7872 = CARTESIAN_POINT('',(3.483609607858,1.126563442142E-03));
#7873 = CARTESIAN_POINT('',(3.458268199406,1.140143520359E-03));
#7874 = CARTESIAN_POINT('',(3.432926428851,1.15306735684E-03));
#7875 = CARTESIAN_POINT('',(3.407584243978,1.165336932398E-03));
#7876 = CARTESIAN_POINT('',(3.382241607777,1.176954113159E-03));
#7877 = CARTESIAN_POINT('',(3.35689845314,1.187920665733E-03));
#7878 = CARTESIAN_POINT('',(3.33155469945,1.198238250923E-03));
#7879 = CARTESIAN_POINT('',(3.306210316316,1.207908401385E-03));
#7880 = CARTESIAN_POINT('',(3.280865341475,1.216932516093E-03));
#7881 = CARTESIAN_POINT('',(3.249183265702,1.227406785151E-03));
#7882 = CARTESIAN_POINT('',(3.242846808872,1.229461344849E-03));
#7883 = CARTESIAN_POINT('',(3.236510307476,1.231475631664E-03));
#7884 = CARTESIAN_POINT('',(3.230173760223,1.233449665876E-03));
#7885 = CARTESIAN_POINT('',(3.223837167116,1.235383466928E-03));
#7886 = CARTESIAN_POINT('',(3.217500529156,1.23727705354E-03));
#7887 = CARTESIAN_POINT('',(3.211163848028,1.239130443818E-03));
#7888 = CARTESIAN_POINT('',(3.204827125813,1.240943655374E-03));
#7889 = CARTESIAN_POINT('',(3.19849036467,1.242716705431E-03));
#7890 = CARTESIAN_POINT('',(3.192153566544,1.244449610943E-03));
#7891 = CARTESIAN_POINT('',(3.182648316012,1.246988777586E-03));
#7892 = CARTESIAN_POINT('',(3.179479890767,1.247825134384E-03));
#7893 = CARTESIAN_POINT('',(3.176311456909,1.248651461308E-03));
#7894 = CARTESIAN_POINT('',(3.173143014162,1.249467760541E-03));
#7895 = CARTESIAN_POINT('',(3.169974562202,1.250274034259E-03));
#7896 = CARTESIAN_POINT('',(3.166806100636,1.251070284602E-03));
#7897 = CARTESIAN_POINT('',(3.163637629021,1.251856513707E-03));
#7898 = CARTESIAN_POINT('',(3.160469146851,1.25263272368E-03));
#7899 = CARTESIAN_POINT('',(3.157300653564,1.253398916616E-03));
#7900 = CARTESIAN_POINT('',(3.154132148539,1.254155094584E-03));
#7901 = CARTESIAN_POINT('',(3.150567566417,1.254994530269E-03));
#7902 = CARTESIAN_POINT('',(3.150171501546,1.255087644448E-03));
#7903 = CARTESIAN_POINT('',(3.149775436482,1.255180602179E-03));
#7904 = CARTESIAN_POINT('',(3.149379371225,1.255273403465E-03));
#7905 = CARTESIAN_POINT('',(3.148983305775,1.255366048309E-03));
#7906 = CARTESIAN_POINT('',(3.148587240127,1.255458536718E-03));
#7907 = CARTESIAN_POINT('',(3.148191174287,1.255550868693E-03));
#7908 = CARTESIAN_POINT('',(3.147795108246,1.255643044239E-03));
#7909 = CARTESIAN_POINT('',(3.147399042009,1.255735063359E-03));
#7910 = CARTESIAN_POINT('',(3.147002975572,1.255826926059E-03));
#7911 = CARTESIAN_POINT('',(3.146408875617,1.255964485481E-03));
#7912 = CARTESIAN_POINT('',(3.146210842249,1.256010299517E-03));
#7913 = CARTESIAN_POINT('',(3.14601280883,1.25605607445E-03));
#7914 = CARTESIAN_POINT('',(3.145814775361,1.256101810279E-03));
#7915 = CARTESIAN_POINT('',(3.145616741842,1.256147507006E-03));
#7916 = CARTESIAN_POINT('',(3.145418708273,1.256193164628E-03));
#7917 = CARTESIAN_POINT('',(3.145220674651,1.256238783151E-03));
#7918 = CARTESIAN_POINT('',(3.145022640981,1.25628436257E-03));
#7919 = CARTESIAN_POINT('',(3.144824607259,1.25632990289E-03));
#7920 = CARTESIAN_POINT('',(3.144626573486,1.256375404108E-03));
#7921 = CARTESIAN_POINT('',(3.14432952275,1.256443597286E-03));
#7922 = CARTESIAN_POINT('',(3.144230505825,1.25646631857E-03));
#7923 = CARTESIAN_POINT('',(3.144131488887,1.256489030079E-03));
#7924 = CARTESIAN_POINT('',(3.144032471938,1.256511731813E-03));
#7925 = CARTESIAN_POINT('',(3.143933454972,1.256534423773E-03));
#7926 = CARTESIAN_POINT('',(3.143834438,1.256557105957E-03));
#7927 = CARTESIAN_POINT('',(3.143735421007,1.256579778368E-03));
#7928 = CARTESIAN_POINT('',(3.143636404008,1.256602441002E-03));
#7929 = CARTESIAN_POINT('',(3.143537386992,1.256625093864E-03));
#7930 = CARTESIAN_POINT('',(3.143438369965,1.25664773695E-03));
#7931 = CARTESIAN_POINT('',(3.143314598664,1.256676028589E-03));
#7932 = CARTESIAN_POINT('',(3.143289836579,1.256681789422E-03));
#7933 = CARTESIAN_POINT('',(3.14326513898,1.256686699703E-03));
#7934 = CARTESIAN_POINT('',(3.143240185836,1.256694977503E-03));
#7935 = CARTESIAN_POINT('',(3.14321586376,1.256694937058E-03));
#7936 = CARTESIAN_POINT('',(3.143190491518,1.256708737422E-03));
#7937 = CARTESIAN_POINT('',(3.14316630135,1.256706957144E-03));
#7938 = CARTESIAN_POINT('',(3.143141271442,1.256716244251E-03));
#7939 = CARTESIAN_POINT('',(3.143116556372,1.256721381059E-03));
#7940 = CARTESIAN_POINT('',(3.143091740062,1.256727851612E-03));
#7941 = CARTESIAN_POINT('',(3.143042084304,1.256741096438E-03));
#7942 = CARTESIAN_POINT('',(3.143017235856,1.25674798932E-03));
#7943 = CARTESIAN_POINT('',(3.142992366977,1.256755150855E-03));
#7944 = CARTESIAN_POINT('',(3.142967477806,1.256762579226E-03));
#7945 = CARTESIAN_POINT('',(3.142942568478,1.256770272614E-03));
#7946 = CARTESIAN_POINT('',(3.142917639133,1.256778229203E-03));
#7947 = CARTESIAN_POINT('',(3.142892689907,1.256786447176E-03));
#7948 = CARTESIAN_POINT('',(3.14286772094,1.256794924715E-03));
#7949 = CARTESIAN_POINT('',(3.142842732367,1.256803660003E-03));
#7950 = CARTESIAN_POINT('',(3.142817724328,1.256812651222E-03));
#7951 = CARTESIAN_POINT('',(3.142742642221,1.256840387224E-03));
#7952 = CARTESIAN_POINT('',(3.142692510201,1.256859893888E-03));
#7953 = CARTESIAN_POINT('',(3.142642301955,1.256880402625E-03));
#7954 = CARTESIAN_POINT('',(3.142592018535,1.256901899513E-03));
#7955 = CARTESIAN_POINT('',(3.142541661001,1.256924370626E-03));
#7956 = CARTESIAN_POINT('',(3.1424912304,1.256947802045E-03));
#7957 = CARTESIAN_POINT('',(3.142440727797,1.256972179842E-03));
#7958 = CARTESIAN_POINT('',(3.142390154239,1.256997490097E-03));
#7959 = CARTESIAN_POINT('',(3.142339510787,1.257023718884E-03));
#7960 = CARTESIAN_POINT('',(3.142288798491,1.257050852282E-03));
#7961 = CARTESIAN_POINT('',(3.141425537102,1.257527261723E-03));
#7962 = CARTESIAN_POINT('',(3.140595690492,1.258203820382E-03));
#7963 = CARTESIAN_POINT('',(3.139752672941,1.259053201351E-03));
#7964 = CARTESIAN_POINT('',(3.138900170024,1.260026769321E-03));
#7965 = CARTESIAN_POINT('',(3.13804135853,1.261082604661E-03));
#7966 = CARTESIAN_POINT('',(3.137178906455,1.262185503423E-03));
#7967 = CARTESIAN_POINT('',(3.136314973014,1.263306977337E-03));
#7968 = CARTESIAN_POINT('',(3.135451208629,1.264425253818E-03));
#7969 = CARTESIAN_POINT('',(3.134588754939,1.265525275958E-03));
#7970 = CARTESIAN_POINT('',(3.133728244791,1.266598702534E-03));
#7971 = CARTESIAN_POINT('',(3.132440580974,1.268166510733E-03));
#7972 = CARTESIAN_POINT('',(3.132011876601,1.268682058211E-03));
#7973 = CARTESIAN_POINT('',(3.131583704634,1.26919034725E-03));
#7974 = CARTESIAN_POINT('',(3.131156048781,1.269691594403E-03));
#7975 = CARTESIAN_POINT('',(3.130728860949,1.27018643596E-03));
#7976 = CARTESIAN_POINT('',(3.130302061244,1.270675927949E-03));
#7977 = CARTESIAN_POINT('',(3.129875537978,1.271161546136E-03));
#7978 = CARTESIAN_POINT('',(3.129449147654,1.271645186024E-03));
#7979 = CARTESIAN_POINT('',(3.129022714984,1.272129162854E-03));
#7980 = CARTESIAN_POINT('',(3.128596032874,1.272616211604E-03));
#7981 = CARTESIAN_POINT('',(3.12811546613,1.273171146414E-03));
#7982 = CARTESIAN_POINT('',(3.128062062241,1.273232902513E-03));
#7983 = CARTESIAN_POINT('',(3.128008650271,1.273294761861E-03));
#7984 = CARTESIAN_POINT('',(3.127955229723,1.273356731028E-03));
#7985 = CARTESIAN_POINT('',(3.127901800097,1.273418816586E-03));
#7986 = CARTESIAN_POINT('',(3.127848360899,1.273481025106E-03));
#7987 = CARTESIAN_POINT('',(3.127794911627,1.27354336316E-03));
#7988 = CARTESIAN_POINT('',(3.127741451787,1.273605837318E-03));
#7989 = CARTESIAN_POINT('',(3.127687980879,1.273668454154E-03));
#7990 = CARTESIAN_POINT('',(3.127634498407,1.273731220238E-03));
#7991 = CARTESIAN_POINT('',(3.127527509338,1.273857064045E-03));
#7992 = CARTESIAN_POINT('',(3.127473999124,1.273920189579E-03));
#7993 = CARTESIAN_POINT('',(3.127420499934,1.27398316572E-03));
#7994 = CARTESIAN_POINT('',(3.127366930916,1.274047061359E-03));
#7995 = CARTESIAN_POINT('',(3.127313382389,1.274110682393E-03));
#7996 = CARTESIAN_POINT('',(3.127259876723,1.274173733141E-03));
#7997 = CARTESIAN_POINT('',(3.127206346596,1.274237103556E-03));
#7998 = CARTESIAN_POINT('',(3.127152787822,1.274300849061E-03));
#7999 = CARTESIAN_POINT('',(3.127099271455,1.274364030229E-03));
#8000 = CARTESIAN_POINT('',(3.12704573352,1.27442749288E-03));
#8001 = CARTESIAN_POINT('',(3.126885132489,1.274617700886E-03));
#8002 = CARTESIAN_POINT('',(3.126778065205,1.274744490612E-03));
#8003 = CARTESIAN_POINT('',(3.126670997988,1.274871264724E-03));
#8004 = CARTESIAN_POINT('',(3.126563930842,1.274998023221E-03));
#8005 = CARTESIAN_POINT('',(3.126456863762,1.275124766098E-03));
#8006 = CARTESIAN_POINT('',(3.126349796754,1.275251493358E-03));
#8007 = CARTESIAN_POINT('',(3.126242729812,1.275378204992E-03));
#8008 = CARTESIAN_POINT('',(3.126135662941,1.275504901004E-03));
#8009 = CARTESIAN_POINT('',(3.126028596138,1.275631581388E-03));
#8010 = CARTESIAN_POINT('',(3.125921529404,1.275758246144E-03));
#8011 = CARTESIAN_POINT('',(3.125600329409,1.276138193517E-03));
#8012 = CARTESIAN_POINT('',(3.125386196354,1.276391429241E-03));
#8013 = CARTESIAN_POINT('',(3.125172063577,1.276644602424E-03));
#8014 = CARTESIAN_POINT('',(3.124957931074,1.276897713048E-03));
#8015 = CARTESIAN_POINT('',(3.124743798852,1.277150761095E-03));
#8016 = CARTESIAN_POINT('',(3.124529666902,1.277403746549E-03));
#8017 = CARTESIAN_POINT('',(3.124315535233,1.277656669392E-03));
#8018 = CARTESIAN_POINT('',(3.124101403838,1.277909529607E-03));
#8019 = CARTESIAN_POINT('',(3.123887272723,1.278162327177E-03));
#8020 = CARTESIAN_POINT('',(3.123673141885,1.278415062083E-03));
#8021 = CARTESIAN_POINT('',(3.122602489086,1.279678423216E-03));
#8022 = CARTESIAN_POINT('',(3.121745971296,1.280688109226E-03));
#8023 = CARTESIAN_POINT('',(3.120889457972,1.281696791244E-03));
#8024 = CARTESIAN_POINT('',(3.120032949124,1.282704468177E-03));
#8025 = CARTESIAN_POINT('',(3.119176444776,1.28371113893E-03));
#8026 = CARTESIAN_POINT('',(3.118319944926,1.284716802408E-03));
#8027 = CARTESIAN_POINT('',(3.117463449608,1.285721457517E-03));
#8028 = CARTESIAN_POINT('',(3.116606958819,1.286725103161E-03));
#8029 = CARTESIAN_POINT('',(3.115750472586,1.287727738247E-03));
#8030 = CARTESIAN_POINT('',(3.114893990916,1.28872936168E-03));
#8031 = CARTESIAN_POINT('',(3.100333880398,1.305739743333E-03));
#8032 = CARTESIAN_POINT('',(3.086631426714,1.321490247039E-03));
#8033 = CARTESIAN_POINT('',(3.072930163053,1.336977092891E-03));
#8034 = CARTESIAN_POINT('',(3.059230236563,1.352195900808E-03));
#8035 = CARTESIAN_POINT('',(3.045531655182,1.367142607555E-03));
#8036 = CARTESIAN_POINT('',(3.031834334664,1.381813403202E-03));
#8037 = CARTESIAN_POINT('',(3.018138215682,1.396204592573E-03));
#8038 = CARTESIAN_POINT('',(3.004443309553,1.410312544561E-03));
#8039 = CARTESIAN_POINT('',(2.990749642446,1.424133760237E-03));
#8040 = CARTESIAN_POINT('',(2.977057179573,1.437664958718E-03));
#8041 = CARTESIAN_POINT('',(2.956520293502,1.45752194231E-03));
#8042 = CARTESIAN_POINT('',(2.949674966106,1.464067634454E-03));
#8043 = CARTESIAN_POINT('',(2.942829938018,1.470539628412E-03));
#8044 = CARTESIAN_POINT('',(2.935985207449,1.476937536557E-03));
#8045 = CARTESIAN_POINT('',(2.929140772815,1.483260979437E-03));
#8046 = CARTESIAN_POINT('',(2.92229663272,1.48950958577E-03));
#8047 = CARTESIAN_POINT('',(2.915452785981,1.495682992449E-03));
#8048 = CARTESIAN_POINT('',(2.908609231602,1.50178084454E-03));
#8049 = CARTESIAN_POINT('',(2.901765968792,1.50780279528E-03));
#8050 = CARTESIAN_POINT('',(2.89492299696,1.513748506082E-03));
#8051 = CARTESIAN_POINT('',(2.884658975084,1.522552216752E-03));
#8052 = CARTESIAN_POINT('',(2.88123770139,1.525467649123E-03));
#8053 = CARTESIAN_POINT('',(2.877816559998,1.528363846624E-03));
#8054 = CARTESIAN_POINT('',(2.874395210737,1.531241059094E-03));
#8055 = CARTESIAN_POINT('',(2.870974692433,1.534098354737E-03));
#8056 = CARTESIAN_POINT('',(2.867553033732,1.536937391234E-03));
#8057 = CARTESIAN_POINT('',(2.864132550034,1.5397561287E-03));
#8058 = CARTESIAN_POINT('',(2.860711411631,1.542556111273E-03));
#8059 = CARTESIAN_POINT('',(2.857290625712,1.545336427387E-03));
#8060 = CARTESIAN_POINT('',(2.853869816637,1.548097364619E-03));
#8061 = CARTESIAN_POINT('',(2.847028329248,1.553580252106E-03));
#8062 = CARTESIAN_POINT('',(2.84360764153,1.556302207559E-03));
#8063 = CARTESIAN_POINT('',(2.840187010354,1.559004638482E-03));
#8064 = CARTESIAN_POINT('',(2.836766436281,1.561687508633E-03));
#8065 = CARTESIAN_POINT('',(2.83334591988,1.564350781775E-03));
#8066 = CARTESIAN_POINT('',(2.829925461711,1.566994421663E-03));
#8067 = CARTESIAN_POINT('',(2.826505062341,1.569618392064E-03));
#8068 = CARTESIAN_POINT('',(2.823084722333,1.57222265673E-03));
#8069 = CARTESIAN_POINT('',(2.819664442252,1.574807179427E-03));
#8070 = CARTESIAN_POINT('',(2.816244222661,1.577371923912E-03));
#8071 = CARTESIAN_POINT('',(2.799143429983,1.590096574081E-03));
#8072 = CARTESIAN_POINT('',(2.785463768314,1.599959312672E-03));
#8073 = CARTESIAN_POINT('',(2.771785099842,1.609502889303E-03));
#8074 = CARTESIAN_POINT('',(2.758107431868,1.618725253149E-03));
#8075 = CARTESIAN_POINT('',(2.744430759754,1.627624477547E-03));
#8076 = CARTESIAN_POINT('',(2.730755068338,1.636198754552E-03));
#8077 = CARTESIAN_POINT('',(2.717080333442,1.644446389511E-03));
#8078 = CARTESIAN_POINT('',(2.70340652327,1.652365795614E-03));
#8079 = CARTESIAN_POINT('',(2.689733599917,1.659955488466E-03));
#8080 = CARTESIAN_POINT('',(2.676061520784,1.667214080647E-03));
#8081 = CARTESIAN_POINT('',(2.635047678603,1.687992667539E-03));
#8082 = CARTESIAN_POINT('',(2.607708311112,1.700515478122E-03));
#8083 = CARTESIAN_POINT('',(2.580371763701,1.711698356834E-03));
#8084 = CARTESIAN_POINT('',(2.553037611839,1.72153246132E-03));
#8085 = CARTESIAN_POINT('',(2.525705412963,1.730010332489E-03));
#8086 = CARTESIAN_POINT('',(2.498374742934,1.737125800781E-03));
#8087 = CARTESIAN_POINT('',(2.471045236344,1.742873924287E-03));
#8088 = CARTESIAN_POINT('',(2.443716630672,1.747250958698E-03));
#8089 = CARTESIAN_POINT('',(2.416388814289,1.750254359104E-03));
#8090 = CARTESIAN_POINT('',(2.389061878312,1.751882813637E-03));
#8091 = CARTESIAN_POINT('',(2.36002831568,1.752152152407E-03));
#8092 = CARTESIAN_POINT('',(2.358320452454,1.752162624888E-03));
#8093 = CARTESIAN_POINT('',(2.356612670145,1.75216772671E-03));
#8094 = CARTESIAN_POINT('',(2.354904674129,1.752167457043E-03));
#8095 = CARTESIAN_POINT('',(2.35319699513,1.752161816864E-03));
#8096 = CARTESIAN_POINT('',(2.351489190878,1.752150806388E-03));
#8097 = CARTESIAN_POINT('',(2.349781183638,1.752134424665E-03));
#8098 = CARTESIAN_POINT('',(2.348073405585,1.752112671395E-03));
#8099 = CARTESIAN_POINT('',(2.346365468062,1.752085547303E-03));
#8100 = CARTESIAN_POINT('',(2.344657558137,1.752053051671E-03));
#8101 = CARTESIAN_POINT('',(2.341241693454,1.751977317678E-03));
#8102 = CARTESIAN_POINT('',(2.339533744846,1.751934079142E-03));
#8103 = CARTESIAN_POINT('',(2.337825780264,1.751885469105E-03));
#8104 = CARTESIAN_POINT('',(2.336117799997,1.751831487608E-03));
#8105 = CARTESIAN_POINT('',(2.334409804341,1.751772134688E-03));
#8106 = CARTESIAN_POINT('',(2.332701793581,1.751707410385E-03));
#8107 = CARTESIAN_POINT('',(2.330993768019,1.751637314737E-03));
#8108 = CARTESIAN_POINT('',(2.329285727935,1.751561847785E-03));
#8109 = CARTESIAN_POINT('',(2.32757767363,1.751481009566E-03));
#8110 = CARTESIAN_POINT('',(2.325869605391,1.751394800119E-03));
#8111 = CARTESIAN_POINT('',(2.32074535975,1.751120058216E-03));
#8112 = CARTESIAN_POINT('',(2.317329141281,1.750915412738E-03));
#8113 = CARTESIAN_POINT('',(2.313912870217,1.750689284122E-03));
#8114 = CARTESIAN_POINT('',(2.310496548578,1.750441673796E-03));
#8115 = CARTESIAN_POINT('',(2.307080178301,1.750172583537E-03));
#8116 = CARTESIAN_POINT('',(2.303663761227,1.749882015482E-03));
#8117 = CARTESIAN_POINT('',(2.300247299113,1.749569972119E-03));
#8118 = CARTESIAN_POINT('',(2.296830793623,1.74923645629E-03));
#8119 = CARTESIAN_POINT('',(2.293414246333,1.748881471192E-03));
#8120 = CARTESIAN_POINT('',(2.289997658729,1.748505020377E-03));
#8121 = CARTESIAN_POINT('',(2.279747779166,1.7473112825E-03));
#8122 = CARTESIAN_POINT('',(2.272914370749,1.7464296097E-03));
#8123 = CARTESIAN_POINT('',(2.266080817846,1.745462120804E-03));
#8124 = CARTESIAN_POINT('',(2.259247130238,1.744408852525E-03));
#8125 = CARTESIAN_POINT('',(2.25241331661,1.743269846828E-03));
#8126 = CARTESIAN_POINT('',(2.245579384538,1.742045150941E-03));
#8127 = CARTESIAN_POINT('',(2.238745340501,1.740734817343E-03));
#8128 = CARTESIAN_POINT('',(2.231911189874,1.739338903776E-03));
#8129 = CARTESIAN_POINT('',(2.225076936927,1.737857473234E-03));
#8130 = CARTESIAN_POINT('',(2.218242584832,1.736290593971E-03));
#8131 = CARTESIAN_POINT('',(2.197739237303,1.731333830547E-03));
#8132 = CARTESIAN_POINT('',(2.18406995173,1.727687818849E-03));
#8133 = CARTESIAN_POINT('',(2.170400298077,1.723700892667E-03));
#8134 = CARTESIAN_POINT('',(2.156730281724,1.719373719609E-03));
#8135 = CARTESIAN_POINT('',(2.14305989572,1.714707047589E-03));
#8136 = CARTESIAN_POINT('',(2.129389122211,1.709701705784E-03));
#8137 = CARTESIAN_POINT('',(2.115717933849,1.704358605593E-03));
#8138 = CARTESIAN_POINT('',(2.102046295246,1.69867874159E-03));
#8139 = CARTESIAN_POINT('',(2.088374164366,1.692663192487E-03));
#8140 = CARTESIAN_POINT('',(2.074701493975,1.68631312209E-03));
#8141 = CARTESIAN_POINT('',(2.033681711209,1.666263096593E-03));
#8142 = CARTESIAN_POINT('',(2.006332826927,1.651563328986E-03));
#8143 = CARTESIAN_POINT('',(1.978981167753,1.635540499451E-03));
#8144 = CARTESIAN_POINT('',(1.95162626232,1.618206035715E-03));
#8145 = CARTESIAN_POINT('',(1.92426761106,1.599572859837E-03));
#8146 = CARTESIAN_POINT('',(1.896904719262,1.579655497323E-03));
#8147 = CARTESIAN_POINT('',(1.86953713256,1.558470206875E-03));
#8148 = CARTESIAN_POINT('',(1.842164474757,1.536035130608E-03));
#8149 = CARTESIAN_POINT('',(1.814786488079,1.512370464901E-03));
#8150 = CARTESIAN_POINT('',(1.787403075775,1.487498651744E-03));
#8151 = CARTESIAN_POINT('',(1.746319982808,1.448417560153E-03));
#8152 = CARTESIAN_POINT('',(1.73262428896,1.435094966426E-03));
#8153 = CARTESIAN_POINT('',(1.718927280203,1.421479922083E-03));
#8154 = CARTESIAN_POINT('',(1.70522898326,1.407575691337E-03));
#8155 = CARTESIAN_POINT('',(1.691529439117,1.39338569709E-03));
#8156 = CARTESIAN_POINT('',(1.677828705163,1.37891352797E-03));
#8157 = CARTESIAN_POINT('',(1.664126857344,1.364162945396E-03));
#8158 = CARTESIAN_POINT('',(1.650423992308,1.349137890611E-03));
#8159 = CARTESIAN_POINT('',(1.636720229557,1.333842491746E-03));
#8160 = CARTESIAN_POINT('',(1.623015713594,1.318281070858E-03));
#8161 = CARTESIAN_POINT('',(1.60588434169,1.298502421019E-03));
#8162 = CARTESIAN_POINT('',(1.602458030987,1.294530347414E-03));
#8163 = CARTESIAN_POINT('',(1.599031686635,1.290542000811E-03));
#8164 = CARTESIAN_POINT('',(1.595605311422,1.286537452658E-03));
#8165 = CARTESIAN_POINT('',(1.592178908253,1.282516775214E-03));
#8166 = CARTESIAN_POINT('',(1.588752480143,1.278480041552E-03));
#8167 = CARTESIAN_POINT('',(1.585326030227,1.274427325546E-03));
#8168 = CARTESIAN_POINT('',(1.58189956175,1.270358701891E-03));
#8169 = CARTESIAN_POINT('',(1.578473078076,1.266274246084E-03));
#8170 = CARTESIAN_POINT('',(1.575046582682,1.262174034435E-03));
#8171 = CARTESIAN_POINT('',(1.57160669438,1.258042066369E-03));
#8172 = CARTESIAN_POINT('',(1.5715933096,1.258025988433E-03));
#8173 = CARTESIAN_POINT('',(1.571579924821,1.258009910258E-03));
#8174 = CARTESIAN_POINT('',(1.571566540041,1.257993831843E-03));
#8175 = CARTESIAN_POINT('',(1.571553155261,1.25797775319E-03));
#8176 = CARTESIAN_POINT('',(1.571539770482,1.257961674296E-03));
#8177 = CARTESIAN_POINT('',(1.5715263857,1.257945595165E-03));
#8178 = CARTESIAN_POINT('',(1.571513000921,1.257929515793E-03));
#8179 = CARTESIAN_POINT('',(1.57149961614,1.257913436183E-03));
#8180 = CARTESIAN_POINT('',(1.57148623136,1.257897356333E-03));
#8181 = CARTESIAN_POINT('',(1.571459461799,1.257865196155E-03));
#8182 = CARTESIAN_POINT('',(1.571446078782,1.257849141837E-03));
#8183 = CARTESIAN_POINT('',(1.571432687862,1.257832970781E-03));
#8184 = CARTESIAN_POINT('',(1.571419301351,1.257816864433E-03));
#8185 = CARTESIAN_POINT('',(1.571405929029,1.257800967009E-03));
#8186 = CARTESIAN_POINT('',(1.571392570962,1.257785279522E-03));
#8187 = CARTESIAN_POINT('',(1.571379221087,1.257769712739E-03));
#8188 = CARTESIAN_POINT('',(1.571365875074,1.257754202884E-03));
#8189 = CARTESIAN_POINT('',(1.571352535893,1.257738793798E-03));
#8190 = CARTESIAN_POINT('',(1.57133921059,1.25772358936E-03));
#8191 = CARTESIAN_POINT('',(1.571299253973,1.257678260992E-03));
#8192 = CARTESIAN_POINT('',(1.571272650043,1.257648541249E-03));
#8193 = CARTESIAN_POINT('',(1.571246079452,1.257619314168E-03));
#8194 = CARTESIAN_POINT('',(1.571219541727,1.257590573243E-03));
#8195 = CARTESIAN_POINT('',(1.571193036398,1.257562311968E-03));
#8196 = CARTESIAN_POINT('',(1.571166562985,1.257534523837E-03));
#8197 = CARTESIAN_POINT('',(1.571140121021,1.257507202343E-03));
#8198 = CARTESIAN_POINT('',(1.571113710028,1.25748034098E-03));
#8199 = CARTESIAN_POINT('',(1.571087329534,1.257453933243E-03));
#8200 = CARTESIAN_POINT('',(1.571060979067,1.257427972624E-03));
#8201 = CARTESIAN_POINT('',(1.57098201632,1.257351412605E-03));
#8202 = CARTESIAN_POINT('',(1.570929492381,1.257302130834E-03));
#8203 = CARTESIAN_POINT('',(1.570877082988,1.257254561113E-03));
#8204 = CARTESIAN_POINT('',(1.57082478479,1.25720865725E-03));
#8205 = CARTESIAN_POINT('',(1.57077259444,1.257164373049E-03));
#8206 = CARTESIAN_POINT('',(1.570720508591,1.257121662324E-03));
#8207 = CARTESIAN_POINT('',(1.570668523891,1.257080478875E-03));
#8208 = CARTESIAN_POINT('',(1.570616636995,1.257040776517E-03));
#8209 = CARTESIAN_POINT('',(1.570564844552,1.257002509053E-03));
#8210 = CARTESIAN_POINT('',(1.570513143215,1.256965630293E-03));
#8211 = CARTESIAN_POINT('',(1.570358302477,1.256859021542E-03));
#8212 = CARTESIAN_POINT('',(1.570255427908,1.256793339905E-03));
#8213 = CARTESIAN_POINT('',(1.57015288153,1.25673271142E-03));
#8214 = CARTESIAN_POINT('',(1.570050639919,1.256676811398E-03));
#8215 = CARTESIAN_POINT('',(1.569948680626,1.256625328171E-03));
#8216 = CARTESIAN_POINT('',(1.569846982178,1.256577963092E-03));
#8217 = CARTESIAN_POINT('',(1.569745524075,1.256534430537E-03));
#8218 = CARTESIAN_POINT('',(1.569644286792,1.256494457901E-03));
#8219 = CARTESIAN_POINT('',(1.569543251782,1.256457785605E-03));
#8220 = CARTESIAN_POINT('',(1.569442401468,1.256424167086E-03));
#8221 = CARTESIAN_POINT('',(1.569140354819,1.25633177225E-03));
#8222 = CARTESIAN_POINT('',(1.568939662234,1.256281449501E-03));
#8223 = CARTESIAN_POINT('',(1.568739507522,1.256240516745E-03));
#8224 = CARTESIAN_POINT('',(1.568539770574,1.256207275659E-03));
#8225 = CARTESIAN_POINT('',(1.56834034434,1.256180202797E-03));
#8226 = CARTESIAN_POINT('',(1.56814113402,1.256157938991E-03));
#8227 = CARTESIAN_POINT('',(1.567942056271,1.256139278734E-03));
#8228 = CARTESIAN_POINT('',(1.567743038384,1.256123159579E-03));
#8229 = CARTESIAN_POINT('',(1.5675440175,1.256108651527E-03));
#8230 = CARTESIAN_POINT('',(1.567344939784,1.25609494642E-03));
#8231 = CARTESIAN_POINT('',(1.56674739935,1.25605414916E-03));
#8232 = CARTESIAN_POINT('',(1.566348626028,1.256027331422E-03));
#8233 = CARTESIAN_POINT('',(1.56594908335,1.255995430454E-03));
#8234 = CARTESIAN_POINT('',(1.565548540393,1.255954679682E-03));
#8235 = CARTESIAN_POINT('',(1.565146874205,1.255902779907E-03));
#8236 = CARTESIAN_POINT('',(1.564744052379,1.255838669578E-03));
#8237 = CARTESIAN_POINT('',(1.564340115619,1.255762295086E-03));
#8238 = CARTESIAN_POINT('',(1.563935160313,1.25567438103E-03));
#8239 = CARTESIAN_POINT('',(1.563529321102,1.255576200511E-03));
#8240 = CARTESIAN_POINT('',(1.563122753449,1.255469345402E-03));
#8241 = CARTESIAN_POINT('',(1.561901341744,1.255127799114E-03));
#8242 = CARTESIAN_POINT('',(1.561084803074,1.254872313194E-03));
#8243 = CARTESIAN_POINT('',(1.56026733136,1.254603280906E-03));
#8244 = CARTESIAN_POINT('',(1.559450445826,1.254338132115E-03));
#8245 = CARTESIAN_POINT('',(1.558635473654,1.254092474621E-03));
#8246 = CARTESIAN_POINT('',(1.557823288289,1.253876644944E-03));
#8247 = CARTESIAN_POINT('',(1.557014166193,1.253693819884E-03));
#8248 = CARTESIAN_POINT('',(1.556207761988,1.253539688753E-03));
#8249 = CARTESIAN_POINT('',(1.555403202067,1.253403686387E-03));
#8250 = CARTESIAN_POINT('',(1.554599296595,1.253271786837E-03));
#8251 = CARTESIAN_POINT('',(1.553392656637,1.253060393317E-03));
#8252 = CARTESIAN_POINT('',(1.552990309494,1.252987624888E-03));
#8253 = CARTESIAN_POINT('',(1.55258768911,1.252911010322E-03));
#8254 = CARTESIAN_POINT('',(1.5521846486,1.252828953073E-03));
#8255 = CARTESIAN_POINT('',(1.55178104948,1.252740011505E-03));
#8256 = CARTESIAN_POINT('',(1.551376777553,1.252643108123E-03));
#8257 = CARTESIAN_POINT('',(1.55097175878,1.252537738811E-03));
#8258 = CARTESIAN_POINT('',(1.550565975163,1.252424182064E-03));
#8259 = CARTESIAN_POINT('',(1.550159480616,1.252303708228E-03));
#8260 = CARTESIAN_POINT('',(1.549752416849,1.252178788729E-03));
#8261 = CARTESIAN_POINT('',(1.54924318234,1.252021934463E-03));
#8262 = CARTESIAN_POINT('',(1.549141315512,1.251990532497E-03));
#8263 = CARTESIAN_POINT('',(1.549039432586,1.251959160002E-03));
#8264 = CARTESIAN_POINT('',(1.548937537906,1.251927884502E-03));
#8265 = CARTESIAN_POINT('',(1.548835636325,1.251896780461E-03));
#8266 = CARTESIAN_POINT('',(1.548733733216,1.251865929287E-03));
#8267 = CARTESIAN_POINT('',(1.548631834459,1.251835419321E-03));
#8268 = CARTESIAN_POINT('',(1.548529946454,1.251805345852E-03));
#8269 = CARTESIAN_POINT('',(1.548428076108,1.251775811103E-03));
#8270 = CARTESIAN_POINT('',(1.548326230847,1.251746924242E-03));
#8271 = CARTESIAN_POINT('',(1.548173512489,1.25170473994E-03));
#8272 = CARTESIAN_POINT('',(1.548122614154,1.251690858888E-03));
#8273 = CARTESIAN_POINT('',(1.548071724645,1.251677181105E-03));
#8274 = CARTESIAN_POINT('',(1.548020855228,1.251663903725E-03));
#8275 = CARTESIAN_POINT('',(1.547969976625,1.251650467151E-03));
#8276 = CARTESIAN_POINT('',(1.54791911317,1.251637343006E-03));
#8277 = CARTESIAN_POINT('',(1.547868298062,1.251625156484E-03));
#8278 = CARTESIAN_POINT('',(1.547817488935,1.251613073358E-03));
#8279 = CARTESIAN_POINT('',(1.54776662597,1.251599941775E-03));
#8280 = CARTESIAN_POINT('',(1.54771579762,1.251587483308E-03));
#8281 = CARTESIAN_POINT('',(1.547614126088,1.251562270879E-03));
#8282 = CARTESIAN_POINT('',(1.547563290325,1.251549662086E-03));
#8283 = CARTESIAN_POINT('',(1.547512454564,1.251537050713E-03));
#8284 = CARTESIAN_POINT('',(1.547461618807,1.25152443676E-03));
#8285 = CARTESIAN_POINT('',(1.547410783051,1.25151182023E-03));
#8286 = CARTESIAN_POINT('',(1.547359947301,1.251499201118E-03));
#8287 = CARTESIAN_POINT('',(1.547309111551,1.251486579429E-03));
#8288 = CARTESIAN_POINT('',(1.547258275805,1.251473955159E-03));
#8289 = CARTESIAN_POINT('',(1.547207440061,1.251461328311E-03));
#8290 = CARTESIAN_POINT('',(1.547156604321,1.251448698883E-03));
#8291 = CARTESIAN_POINT('',(1.546902425633,1.251385538846E-03));
#8292 = CARTESIAN_POINT('',(1.546699082728,1.251334969548E-03));
#8293 = CARTESIAN_POINT('',(1.546495739869,1.25128435898E-03));
#8294 = CARTESIAN_POINT('',(1.546292397054,1.25123370714E-03));
#8295 = CARTESIAN_POINT('',(1.546089054287,1.251183014032E-03));
#8296 = CARTESIAN_POINT('',(1.545885711563,1.25113227965E-03));
#8297 = CARTESIAN_POINT('',(1.545682368887,1.251081503998E-03));
#8298 = CARTESIAN_POINT('',(1.545479026255,1.251030687072E-03));
#8299 = CARTESIAN_POINT('',(1.545275683669,1.250979828874E-03));
#8300 = CARTESIAN_POINT('',(1.545072341128,1.250928929401E-03));
#8301 = CARTESIAN_POINT('',(1.544055628654,1.25067422567E-03));
#8302 = CARTESIAN_POINT('',(1.543242259402,1.2504698023E-03));
#8303 = CARTESIAN_POINT('',(1.542428890881,1.25026471851E-03));
#8304 = CARTESIAN_POINT('',(1.541615523085,1.250058974266E-03));
#8305 = CARTESIAN_POINT('',(1.540802156021,1.249852569532E-03));
#8306 = CARTESIAN_POINT('',(1.539988789681,1.249645504275E-03));
#8307 = CARTESIAN_POINT('',(1.539175424073,1.249437778459E-03));
#8308 = CARTESIAN_POINT('',(1.538362059189,1.24922939205E-03));
#8309 = CARTESIAN_POINT('',(1.537548695035,1.249020345014E-03));
#8310 = CARTESIAN_POINT('',(1.536735331607,1.248810637314E-03));
#8311 = CARTESIAN_POINT('',(1.529415067299,1.246917321747E-03));
#8312 = CARTESIAN_POINT('',(1.522908212431,1.245192092816E-03));
#8313 = CARTESIAN_POINT('',(1.516401404059,1.2434245622E-03));
#8314 = CARTESIAN_POINT('',(1.509894641933,1.241614709974E-03));
#8315 = CARTESIAN_POINT('',(1.503387925813,1.239762516216E-03));
#8316 = CARTESIAN_POINT('',(1.496881255449,1.237867960999E-03));
#8317 = CARTESIAN_POINT('',(1.4903746306,1.235931024401E-03));
#8318 = CARTESIAN_POINT('',(1.483868051017,1.233951686497E-03));
#8319 = CARTESIAN_POINT('',(1.477361516456,1.231929927362E-03));
#8320 = CARTESIAN_POINT('',(1.470855026672,1.229865727072E-03));
#8321 = CARTESIAN_POINT('',(1.43832280041,1.219332420226E-03));
#8322 = CARTESIAN_POINT('',(1.412297727912,1.210226350796E-03));
#8323 = CARTESIAN_POINT('',(1.386273339884,1.200439458569E-03));
#8324 = CARTESIAN_POINT('',(1.36024960396,1.189970221009E-03));
#8325 = CARTESIAN_POINT('',(1.334226479454,1.178816991892E-03));
#8326 = CARTESIAN_POINT('',(1.308203917359,1.166978001298E-03));
#8327 = CARTESIAN_POINT('',(1.282181860342,1.154451355622E-03));
#8328 = CARTESIAN_POINT('',(1.256160242753,1.141235037561E-03));
#8329 = CARTESIAN_POINT('',(1.230138990615,1.127326906129E-03));
#8330 = CARTESIAN_POINT('',(1.204118021633,1.112724696642E-03));
#8331 = CARTESIAN_POINT('',(1.178097245187,1.097426020729E-03));
#8332 = ( GEOMETRIC_REPRESENTATION_CONTEXT(2) 
PARAMETRIC_REPRESENTATION_CONTEXT() REPRESENTATION_CONTEXT('2D SPACE',''
  ) );
#8333 = PCURVE('',#8334,#8339);
#8334 = PLANE('',#8335);
#8335 = AXIS2_PLACEMENT_3D('',#8336,#8337,#8338);
#8336 = CARTESIAN_POINT('',(-2.750198653498E-09,-2.972186255083E-09,0.)
  );
#8337 = DIRECTION('',(0.,0.,1.));
#8338 = DIRECTION('',(1.,0.,0.));
#8339 = DEFINITIONAL_REPRESENTATION('',(#8340),#8392);
#8340 = B_SPLINE_CURVE_WITH_KNOTS('',8,(#8341,#8342,#8343,#8344,#8345,
    #8346,#8347,#8348,#8349,#8350,#8351,#8352,#8353,#8354,#8355,#8356,
    #8357,#8358,#8359,#8360,#8361,#8362,#8363,#8364,#8365,#8366,#8367,
    #8368,#8369,#8370,#8371,#8372,#8373,#8374,#8375,#8376,#8377,#8378,
    #8379,#8380,#8381,#8382,#8383,#8384,#8385,#8386,#8387,#8388,#8389,
    #8390,#8391),.UNSPECIFIED.,.F.,.F.,(9,7,7,7,7,7,7,9),(0.,
    0.175371745004,0.181959294253,0.286561129206,0.503384782126,
    0.828200689402,0.838531104552,1.),.UNSPECIFIED.);
#8341 = CARTESIAN_POINT('',(-98.48200770459,72.113498137902));
#8342 = CARTESIAN_POINT('',(-98.48104564155,73.090588017838));
#8343 = CARTESIAN_POINT('',(-98.48013786722,74.067677916334));
#8344 = CARTESIAN_POINT('',(-98.47929315596,75.044767803992));
#8345 = CARTESIAN_POINT('',(-98.47851921057,76.021857655429));
#8346 = CARTESIAN_POINT('',(-98.47782266227,76.998947449278));
#8347 = CARTESIAN_POINT('',(-98.47720907073,77.97603716819));
#8348 = CARTESIAN_POINT('',(-98.47668292404,78.95312679883));
#8349 = CARTESIAN_POINT('',(-98.47623128797,79.966919082484));
#8350 = CARTESIAN_POINT('',(-98.47619516553,80.003615093046));
#8351 = CARTESIAN_POINT('',(-98.4761005939,80.040308052965));
#8352 = CARTESIAN_POINT('',(-98.47592118224,80.077000427481));
#8353 = CARTESIAN_POINT('',(-98.47564282638,80.113693457671));
#8354 = CARTESIAN_POINT('',(-98.47526370884,80.15038716045));
#8355 = CARTESIAN_POINT('',(-98.47479429879,80.187080328574));
#8356 = CARTESIAN_POINT('',(-98.46573132711,80.806363891956));
#8357 = CARTESIAN_POINT('',(-98.43620809925,81.388654234814));
#8358 = CARTESIAN_POINT('',(-98.38570770937,81.969753111919));
#8359 = CARTESIAN_POINT('',(-98.31429440786,82.548779054427));
#8360 = CARTESIAN_POINT('',(-98.22207642785,83.124857666187));
#8361 = CARTESIAN_POINT('',(-98.10920575839,83.697121717993));
#8362 = CARTESIAN_POINT('',(-97.97587791768,84.264711241833));
#8363 = CARTESIAN_POINT('',(-97.50405388572,85.991843235769));
#8364 = CARTESIAN_POINT('',(-97.09886205274,87.133320251844));
#8365 = CARTESIAN_POINT('',(-96.60889576343,88.243441257308));
#8366 = CARTESIAN_POINT('',(-96.03709611811,89.314902623782));
#8367 = CARTESIAN_POINT('',(-95.38708926947,90.340801265768));
#8368 = CARTESIAN_POINT('',(-94.66314309916,91.314617783252));
#8369 = CARTESIAN_POINT('',(-93.87019708261,92.230241991711));
#8370 = CARTESIAN_POINT('',(-91.73127461256,94.358090808438));
#8371 = CARTESIAN_POINT('',(-90.30552184161,95.491935506384));
#8372 = CARTESIAN_POINT('',(-88.75622400108,96.463539111341));
#8373 = CARTESIAN_POINT('',(-87.10522950449,97.257732596089));
#8374 = CARTESIAN_POINT('',(-85.37586165621,97.862601409858));
#8375 = CARTESIAN_POINT('',(-83.59297086982,98.269784858955));
#8376 = CARTESIAN_POINT('',(-81.78277854166,98.474263307896));
#8377 = CARTESIAN_POINT('',(-79.91590412474,98.476287026406));
#8378 = CARTESIAN_POINT('',(-79.85713388742,98.476251954262));
#8379 = CARTESIAN_POINT('',(-79.79793489644,98.476292142239));
#8380 = CARTESIAN_POINT('',(-79.73878519945,98.476353532127));
#8381 = CARTESIAN_POINT('',(-79.67990741445,98.476374006734));
#8382 = CARTESIAN_POINT('',(-79.62129566735,98.476373686936));
#8383 = CARTESIAN_POINT('',(-79.56270524533,98.476416816002));
#8384 = CARTESIAN_POINT('',(-78.57984181897,98.476889372956));
#8385 = CARTESIAN_POINT('',(-77.65607858741,98.477413682039));
#8386 = CARTESIAN_POINT('',(-76.73231528026,98.478015027053));
#8387 = CARTESIAN_POINT('',(-75.80855190959,98.478689419551));
#8388 = CARTESIAN_POINT('',(-74.88478849065,98.479432014023));
#8389 = CARTESIAN_POINT('',(-73.96102504184,98.480237107899));
#8390 = CARTESIAN_POINT('',(-73.03726158478,98.481098141546));
#8391 = CARTESIAN_POINT('',(-72.11349814424,98.482007698266));
#8392 = ( GEOMETRIC_REPRESENTATION_CONTEXT(2) 
PARAMETRIC_REPRESENTATION_CONTEXT() REPRESENTATION_CONTEXT('2D SPACE',''
  ) );
#8393 = ORIENTED_EDGE('',*,*,#7366,.T.);
#8394 = ORIENTED_EDGE('',*,*,#3701,.F.);
#8395 = ORIENTED_EDGE('',*,*,#8396,.F.);
#8396 = EDGE_CURVE('',#7812,#3679,#8397,.T.);
#8397 = SURFACE_CURVE('',#8398,(#8501,#8508),.PCURVE_S1.);
#8398 = B_SPLINE_CURVE_WITH_KNOTS('',11,(#8399,#8400,#8401,#8402,#8403,
    #8404,#8405,#8406,#8407,#8408,#8409,#8410,#8411,#8412,#8413,#8414,
    #8415,#8416,#8417,#8418,#8419,#8420,#8421,#8422,#8423,#8424,#8425,
    #8426,#8427,#8428,#8429,#8430,#8431,#8432,#8433,#8434,#8435,#8436,
    #8437,#8438,#8439,#8440,#8441,#8442,#8443,#8444,#8445,#8446,#8447,
    #8448,#8449,#8450,#8451,#8452,#8453,#8454,#8455,#8456,#8457,#8458,
    #8459,#8460,#8461,#8462,#8463,#8464,#8465,#8466,#8467,#8468,#8469,
    #8470,#8471,#8472,#8473,#8474,#8475,#8476,#8477,#8478,#8479,#8480,
    #8481,#8482,#8483,#8484,#8485,#8486,#8487,#8488,#8489,#8490,#8491,
    #8492,#8493,#8494,#8495,#8496,#8497,#8498,#8499,#8500),
  .UNSPECIFIED.,.F.,.F.,(12,10,10,10,10,10,10,10,10,10,12),(
    1.257153708639E-03,1.442520312924E-03,1.303688030565E-02,
    3.622560029109E-02,0.128980480233,0.5,0.871019519767,0.963774399709,
    0.986963119694,0.998557479687,1.),.UNSPECIFIED.);
#8399 = CARTESIAN_POINT('',(-79.96147177904,98.476233705739,
    3.301221850965E-07));
#8400 = CARTESIAN_POINT('',(-79.96095532468,98.475601529199,
    3.537673564013E-03));
#8401 = CARTESIAN_POINT('',(-79.96043887063,98.474969353339,
    7.075013601058E-03));
#8402 = CARTESIAN_POINT('',(-79.95992241682,98.474337178071,
    1.061235073433E-02));
#8403 = CARTESIAN_POINT('',(-79.95940596315,98.473705003272,
    1.414968566244E-02));
#8404 = CARTESIAN_POINT('',(-79.95888950949,98.47307282878,
    1.768701931249E-02));
#8405 = CARTESIAN_POINT('',(-79.95837305568,98.472440654387,
    2.122435287423E-02));
#8406 = CARTESIAN_POINT('',(-79.95785660151,98.471808479833,
    2.476168783792E-02));
#8407 = CARTESIAN_POINT('',(-79.95734014673,98.471176304795,
    2.829902603597E-02));
#8408 = CARTESIAN_POINT('',(-79.95682369101,98.470544128887,
    3.18363696889E-02));
#8409 = CARTESIAN_POINT('',(-79.95630723399,98.469911951641,
    3.537372145585E-02));
#8410 = CARTESIAN_POINT('',(-79.92348717337,98.429738062818,
    0.260167014613));
#8411 = CARTESIAN_POINT('',(-79.89118286679,98.390196688597,
    0.481422903951));
#8412 = CARTESIAN_POINT('',(-79.85887785497,98.350655651322,
    0.702678752609));
#8413 = CARTESIAN_POINT('',(-79.82657213658,98.311114951399,
    0.923934560684));
#8414 = CARTESIAN_POINT('',(-79.79426571194,98.27157459136,
    1.145190328291));
#8415 = CARTESIAN_POINT('',(-79.76195857885,98.23203457051,
    1.366446055519));
#8416 = CARTESIAN_POINT('',(-79.72965073818,98.192494892029,
    1.587701742487));
#8417 = CARTESIAN_POINT('',(-79.69734218779,98.152955555363,
    1.808957389285));
#8418 = CARTESIAN_POINT('',(-79.6650329279,98.113416562853,
    2.030212996025));
#8419 = CARTESIAN_POINT('',(-79.63272295726,98.073877915051,
    2.251468562806));
#8420 = CARTESIAN_POINT('',(-79.53579091148,97.955263009991,
    2.915235143589));
#8421 = CARTESIAN_POINT('',(-79.47116670218,97.876187790539,
    3.357746037968));
#8422 = CARTESIAN_POINT('',(-79.40653964183,97.797113964977,
    3.800256773782));
#8423 = CARTESIAN_POINT('',(-79.34190972407,97.718041542407,
    4.242767351916));
#8424 = CARTESIAN_POINT('',(-79.27727694408,97.638970533629,
    4.685277773307));
#8425 = CARTESIAN_POINT('',(-79.21264129465,97.559900946845,
    5.127788038814));
#8426 = CARTESIAN_POINT('',(-79.14800277149,97.480832793408,
    5.57029814939));
#8427 = CARTESIAN_POINT('',(-79.08336136747,97.401766081617,
    6.012808105895));
#8428 = CARTESIAN_POINT('',(-79.01871707765,97.322700822139,
    6.455317909265));
#8429 = CARTESIAN_POINT('',(-78.95406989577,97.243637024188,
    6.897827560385));
#8430 = CARTESIAN_POINT('',(-78.63081949777,96.84832539155,
    9.110375059297));
#8431 = CARTESIAN_POINT('',(-78.37217277781,96.532099536182,
    10.880410615292));
#8432 = CARTESIAN_POINT('',(-78.1134793128,96.215897832818,
    12.650443804325));
#8433 = CARTESIAN_POINT('',(-77.85473875867,95.899720981687,
    14.420474702437));
#8434 = CARTESIAN_POINT('',(-77.59595077235,95.583569684979,
    16.190503385928));
#8435 = CARTESIAN_POINT('',(-77.33711500939,95.267444641981,
    17.960529930705));
#8436 = CARTESIAN_POINT('',(-77.07823112687,94.951346555395,
    19.730554413143));
#8437 = CARTESIAN_POINT('',(-76.81929878051,94.635276124702,
    21.500576909174));
#8438 = CARTESIAN_POINT('',(-76.560317627,94.319234051819,
    23.270597495063));
#8439 = CARTESIAN_POINT('',(-76.30128732247,94.003221037206,
    25.04061624688));
#8440 = CARTESIAN_POINT('',(-75.00588832669,92.423304761092,
    33.89070121638));
#8441 = CARTESIAN_POINT('',(-73.96877762596,91.159850012552,
    40.970741503251));
#8442 = CARTESIAN_POINT('',(-72.93085616497,89.896921549821,
    48.050759929053));
#8443 = CARTESIAN_POINT('',(-71.89210638759,88.634572873226,
    55.130763545186));
#8444 = CARTESIAN_POINT('',(-70.85251383234,87.372862491857,
    62.2107607405));
#8445 = CARTESIAN_POINT('',(-69.81206852838,86.111853447387,
    69.290761356134));
#8446 = CARTESIAN_POINT('',(-68.77076638958,84.851612835266,
    76.370776798862));
#8447 = CARTESIAN_POINT('',(-67.72861061087,83.592211328773,
    83.450820156026));
#8448 = CARTESIAN_POINT('',(-66.68561306227,82.333722700527,
    90.530906309083));
#8449 = CARTESIAN_POINT('',(-65.64179568493,81.076223345863,
    97.61105204817));
#8450 = CARTESIAN_POINT('',(-63.55258808647,78.563360264289,
    111.77150032386));
#8451 = CARTESIAN_POINT('',(-62.50719953917,77.307996539058,
    118.85180310012));
#8452 = CARTESIAN_POINT('',(-61.4610572599,76.053776236332,
    125.93220246133));
#8453 = CARTESIAN_POINT('',(-60.41420708469,74.80077722132,
    133.01271887704));
#8454 = CARTESIAN_POINT('',(-59.36670967416,73.54907652483,
    140.09337478603));
#8455 = CARTESIAN_POINT('',(-58.31864051998,72.298747251548,
    147.17419404768));
#8456 = CARTESIAN_POINT('',(-57.27008994878,71.049855487077,
    154.25520138569));
#8457 = CARTESIAN_POINT('',(-56.22116312904,69.802457206324,
    161.33642184109));
#8458 = CARTESIAN_POINT('',(-55.1719800751,68.556595180649,
    168.41788021587));
#8459 = CARTESIAN_POINT('',(-54.12267565343,67.312295885995,
    175.49960052451));
#8460 = CARTESIAN_POINT('',(-52.81108057103,65.758884041419,
    184.35210666885));
#8461 = CARTESIAN_POINT('',(-52.548763202,65.448299755648,
    186.12262566239));
#8462 = CARTESIAN_POINT('',(-52.2864497809,65.137813666714,
    187.89316276964));
#8463 = CARTESIAN_POINT('',(-52.02414263618,64.827425804019,
    189.66371832925));
#8464 = CARTESIAN_POINT('',(-51.76184412423,64.517136111774,
    191.43429266725));
#8465 = CARTESIAN_POINT('',(-51.49955662942,64.206944450537,
    193.20488610087));
#8466 = CARTESIAN_POINT('',(-51.23728256408,63.89685059515,
    194.97549893342));
#8467 = CARTESIAN_POINT('',(-50.97502436848,63.586854236961,
    196.74613145977));
#8468 = CARTESIAN_POINT('',(-50.71278451088,63.27695498189,
    198.51678396165));
#8469 = CARTESIAN_POINT('',(-50.45056548746,62.96715235178,
    200.28745671085));
#8470 = CARTESIAN_POINT('',(-50.12282090615,62.580019141627,
    202.5008232817));
#8471 = CARTESIAN_POINT('',(-50.05727344847,62.502598505108,
    202.94349787765));
#8472 = CARTESIAN_POINT('',(-49.99172748871,62.42518386382,
    203.38617375941));
#8473 = CARTESIAN_POINT('',(-49.92618306589,62.347775207183,
    203.82885092997));
#8474 = CARTESIAN_POINT('',(-49.86064021966,62.270372525245,
    204.27152939456));
#8475 = CARTESIAN_POINT('',(-49.79509898871,62.192975807083,
    204.71420915487));
#8476 = CARTESIAN_POINT('',(-49.72955941287,62.115585042929,
    205.15689021689));
#8477 = CARTESIAN_POINT('',(-49.6640215309,62.03820022194,
    205.59957258251));
#8478 = CARTESIAN_POINT('',(-49.59848538237,61.960821334059,
    206.04225625671));
#8479 = CARTESIAN_POINT('',(-49.53295100635,61.883448368781,
    206.48494124264));
#8480 = CARTESIAN_POINT('',(-49.43465216006,61.767397789299,
    207.1489706951));
#8481 = CARTESIAN_POINT('',(-49.40188633096,61.728715740486,
    207.37031417478));
#8482 = CARTESIAN_POINT('',(-49.36912095976,61.690035167743,
    207.59165798367));
#8483 = CARTESIAN_POINT('',(-49.33635605144,61.651356069643,
    207.8130021224));
#8484 = CARTESIAN_POINT('',(-49.30359161083,61.612678444367,
    208.03434659107));
#8485 = CARTESIAN_POINT('',(-49.27082764298,61.574002290718,
    208.25569139047));
#8486 = CARTESIAN_POINT('',(-49.23806415268,61.535327606731,
    208.47703652072));
#8487 = CARTESIAN_POINT('',(-49.20530114495,61.496654391194,
    208.69838198242));
#8488 = CARTESIAN_POINT('',(-49.17253862466,61.457982642304,
    208.91972777593));
#8489 = CARTESIAN_POINT('',(-49.13977659676,61.419312358628,
    209.14107390169));
#8490 = CARTESIAN_POINT('',(-49.10293901769,61.375832530573,
    209.38995933276));
#8491 = CARTESIAN_POINT('',(-49.09886307104,61.371021655066,
    209.41749766265));
#8492 = CARTESIAN_POINT('',(-49.09478701265,61.366210662403,
    209.44503682049));
#8493 = CARTESIAN_POINT('',(-49.09071089981,61.36139962005,
    209.47257641107));
#8494 = CARTESIAN_POINT('',(-49.08663481523,61.356588624793,
    209.5001158648));
#8495 = CARTESIAN_POINT('',(-49.08255879876,61.351777723001,
    209.52765490762));
#8496 = CARTESIAN_POINT('',(-49.07848284603,61.346966909218,
    209.55519357016));
#8497 = CARTESIAN_POINT('',(-49.07440692548,61.342156146248,
    209.58273207017));
#8498 = CARTESIAN_POINT('',(-49.07033099519,61.337345384898,
    209.61027069653));
#8499 = CARTESIAN_POINT('',(-49.06625501423,61.332534577208,
    209.63780973141));
#8500 = CARTESIAN_POINT('',(-49.06217894836,61.327723683173,
    209.66534941053));
#8501 = PCURVE('',#3718,#8502);
#8502 = DEFINITIONAL_REPRESENTATION('',(#8503),#8507);
#8503 = LINE('',#8504,#8505);
#8504 = CARTESIAN_POINT('',(1.570796326795,0.));
#8505 = VECTOR('',#8506,1.);
#8506 = DIRECTION('',(0.,1.));
#8507 = ( GEOMETRIC_REPRESENTATION_CONTEXT(2) 
PARAMETRIC_REPRESENTATION_CONTEXT() REPRESENTATION_CONTEXT('2D SPACE',''
  ) );
#8508 = PCURVE('',#3890,#8509);
#8509 = DEFINITIONAL_REPRESENTATION('',(#8510),#8514);
#8510 = LINE('',#8511,#8512);
#8511 = CARTESIAN_POINT('',(80.,0.));
#8512 = VECTOR('',#8513,1.);
#8513 = DIRECTION('',(0.,1.));
#8514 = ( GEOMETRIC_REPRESENTATION_CONTEXT(2) 
PARAMETRIC_REPRESENTATION_CONTEXT() REPRESENTATION_CONTEXT('2D SPACE',''
  ) );
#8515 = ADVANCED_FACE('',(#8516),#3890,.F.);
#8516 = FACE_BOUND('',#8517,.F.);
#8517 = EDGE_LOOP('',(#8518,#8650,#8651,#8652,#8746,#8878));
#8518 = ORIENTED_EDGE('',*,*,#8519,.F.);
#8519 = EDGE_CURVE('',#7812,#8520,#8522,.T.);
#8520 = VERTEX_POINT('',#8521);
#8521 = CARTESIAN_POINT('',(-79.46938911387,98.476493292872,0.));
#8522 = SURFACE_CURVE('',#8523,(#8581,#8642),.PCURVE_S1.);
#8523 = B_SPLINE_CURVE_WITH_KNOTS('',6,(#8524,#8525,#8526,#8527,#8528,
    #8529,#8530,#8531,#8532,#8533,#8534,#8535,#8536,#8537,#8538,#8539,
    #8540,#8541,#8542,#8543,#8544,#8545,#8546,#8547,#8548,#8549,#8550,
    #8551,#8552,#8553,#8554,#8555,#8556,#8557,#8558,#8559,#8560,#8561,
    #8562,#8563,#8564,#8565,#8566,#8567,#8568,#8569,#8570,#8571,#8572,
    #8573,#8574,#8575,#8576,#8577,#8578,#8579,#8580),.UNSPECIFIED.,.F.,
  .F.,(7,5,5,5,5,5,5,5,5,5,5,7),(0.,0.164969341888,0.171968162086,
    0.276962681422,0.473993017345,0.722668479621,0.777668473589,
    0.805666161624,0.81966433549,0.82666330436,0.833662275883,1.),
  .UNSPECIFIED.);
#8524 = CARTESIAN_POINT('',(-119.9184402069,98.434941355578,0.));
#8525 = CARTESIAN_POINT('',(-113.3251248235,98.446076064565,0.));
#8526 = CARTESIAN_POINT('',(-106.7322827665,98.455056881015,0.));
#8527 = CARTESIAN_POINT('',(-100.1396262932,98.462239290797,0.));
#8528 = CARTESIAN_POINT('',(-93.54693563762,98.467953361403,0.));
#8529 = CARTESIAN_POINT('',(-86.95408889141,98.472475541405,0.));
#8530 = CARTESIAN_POINT('',(-80.08134876658,98.476170801288,0.));
#8531 = CARTESIAN_POINT('',(-79.80163672617,98.476319253528,0.));
#8532 = CARTESIAN_POINT('',(-79.52192177558,98.476466458647,0.));
#8533 = CARTESIAN_POINT('',(-79.24220414212,98.476612774184,0.));
#8534 = CARTESIAN_POINT('',(-78.96248432316,98.476758223605,0.));
#8535 = CARTESIAN_POINT('',(-74.48645628032,98.479066838597,0.));
#8536 = CARTESIAN_POINT('',(-70.28992564979,98.480994348655,0.));
#8537 = CARTESIAN_POINT('',(-66.0931934172,98.48270425857,0.));
#8538 = CARTESIAN_POINT('',(-61.89628089568,98.48421529418,0.));
#8539 = CARTESIAN_POINT('',(-57.69920848889,98.485545675066,0.));
#8540 = CARTESIAN_POINT('',(-45.62560125893,98.488903905051,0.));
#8541 = CARTESIAN_POINT('',(-37.74871210975,98.490519959042,0.));
#8542 = CARTESIAN_POINT('',(-29.87145714484,98.491675830021,0.));
#8543 = CARTESIAN_POINT('',(-21.99394923169,98.492464796596,0.));
#8544 = CARTESIAN_POINT('',(-14.11629098708,98.492946972253,0.));
#8545 = CARTESIAN_POINT('',(3.704016719711,98.493377776448,0.));
#8546 = CARTESIAN_POINT('',(13.646696921442,98.493153839031,0.));
#8547 = CARTESIAN_POINT('',(23.589260772725,98.492498641876,0.));
#8548 = CARTESIAN_POINT('',(33.531517841473,98.491340376826,0.));
#8549 = CARTESIAN_POINT('',(43.47324628862,98.489495812482,0.));
#8550 = CARTESIAN_POINT('',(55.612844262433,98.486127449002,0.));
#8551 = CARTESIAN_POINT('',(57.811461641609,98.48547269845,0.));
#8552 = CARTESIAN_POINT('',(60.010037773733,98.484770772383,0.));
#8553 = CARTESIAN_POINT('',(62.208569796,98.484019113891,0.));
#8554 = CARTESIAN_POINT('',(64.407054769057,98.483215093201,0.));
#8555 = CARTESIAN_POINT('',(67.724600612835,98.481918691115,0.));
#8556 = CARTESIAN_POINT('',(68.843698575674,98.48146710772,0.));
#8557 = CARTESIAN_POINT('',(69.962783168008,98.481000903099,0.));
#8558 = CARTESIAN_POINT('',(71.081853988095,98.480519721796,0.));
#8559 = CARTESIAN_POINT('',(72.20091062996,98.480023207294,0.));
#8560 = CARTESIAN_POINT('',(73.87944692477,98.479254911639,0.));
#8561 = CARTESIAN_POINT('',(74.438937519408,98.478994899019,0.));
#8562 = CARTESIAN_POINT('',(74.998424416069,98.478730919541,0.));
#8563 = CARTESIAN_POINT('',(75.557907563287,98.478462928653,0.));
#8564 = CARTESIAN_POINT('',(76.117386909376,98.478190881861,0.));
#8565 = CARTESIAN_POINT('',(76.956595430238,98.4777766635,0.));
#8566 = CARTESIAN_POINT('',(77.236326533936,98.477637567693,0.));
#8567 = CARTESIAN_POINT('',(77.516055700603,98.47749744178,0.));
#8568 = CARTESIAN_POINT('',(77.795782917295,98.477356280232,0.));
#8569 = CARTESIAN_POINT('',(78.075508171045,98.477214077533,0.));
#8570 = CARTESIAN_POINT('',(78.634954832722,98.476927578757,0.));
#8571 = CARTESIAN_POINT('',(78.914675434125,98.47678321978,0.));
#8572 = CARTESIAN_POINT('',(79.194394803361,98.476637879691,0.));
#8573 = CARTESIAN_POINT('',(79.47411312093,98.476491570039,0.));
#8574 = CARTESIAN_POINT('',(79.753829197544,98.476344185477,0.));
#8575 = CARTESIAN_POINT('',(86.681165343177,98.472661930469,0.));
#8576 = CARTESIAN_POINT('',(93.328602045624,98.468141993464,0.));
#8577 = CARTESIAN_POINT('',(99.975876991266,98.462417319496,0.));
#8578 = CARTESIAN_POINT('',(106.62311350317,98.455205444321,0.));
#8579 = CARTESIAN_POINT('',(113.27053625546,98.446168253057,0.));
#8580 = CARTESIAN_POINT('',(119.91844020698,98.434941355574,0.));
#8581 = PCURVE('',#3890,#8582);
#8582 = DEFINITIONAL_REPRESENTATION('',(#8583),#8641);
#8583 = B_SPLINE_CURVE_WITH_KNOTS('',6,(#8584,#8585,#8586,#8587,#8588,
    #8589,#8590,#8591,#8592,#8593,#8594,#8595,#8596,#8597,#8598,#8599,
    #8600,#8601,#8602,#8603,#8604,#8605,#8606,#8607,#8608,#8609,#8610,
    #8611,#8612,#8613,#8614,#8615,#8616,#8617,#8618,#8619,#8620,#8621,
    #8622,#8623,#8624,#8625,#8626,#8627,#8628,#8629,#8630,#8631,#8632,
    #8633,#8634,#8635,#8636,#8637,#8638,#8639,#8640),.UNSPECIFIED.,.F.,
  .F.,(7,5,5,5,5,5,5,5,5,5,5,7),(0.,0.164969341888,0.171968162086,
    0.276962681422,0.473993017345,0.722668479621,0.777668473589,
    0.805666161624,0.81966433549,0.82666330436,0.833662275883,1.),
  .UNSPECIFIED.);
#8584 = CARTESIAN_POINT('',(120.,2.040032352137E-03));
#8585 = CARTESIAN_POINT('',(113.40042335765,1.876157901331E-03));
#8586 = CARTESIAN_POINT('',(106.80037032692,1.723961903369E-03));
#8587 = CARTESIAN_POINT('',(100.20012966477,1.585339610933E-03));
#8588 = CARTESIAN_POINT('',(93.599921853507,1.461690981869E-03));
#8589 = CARTESIAN_POINT('',(86.999869222191,1.353925934656E-03));
#8590 = CARTESIAN_POINT('',(80.120000713541,1.258787451714E-03));
#8591 = CARTESIAN_POINT('',(79.840000267586,1.254950806338E-03));
#8592 = CARTESIAN_POINT('',(79.559999726804,1.251131814756E-03));
#8593 = CARTESIAN_POINT('',(79.279999610389,1.247321251922E-03));
#8594 = CARTESIAN_POINT('',(78.999999892045,1.243518347706E-03));
#8595 = CARTESIAN_POINT('',(74.519512881675,1.182910763669E-03));
#8596 = CARTESIAN_POINT('',(70.31924924466,1.128896710327E-03));
#8597 = CARTESIAN_POINT('',(66.1191869419,1.077892231796E-03));
#8598 = CARTESIAN_POINT('',(61.919304721772,1.030078201169E-03));
#8599 = CARTESIAN_POINT('',(57.719582228064,9.856127597134E-04));
#8600 = CARTESIAN_POINT('',(45.639159148802,8.677264698182E-04));
#8601 = CARTESIAN_POINT('',(37.758812596134,8.030902566953E-04));
#8602 = CARTESIAN_POINT('',(29.878831629397,7.516161749723E-04));
#8603 = CARTESIAN_POINT('',(21.999103508354,7.139103556585E-04));
#8604 = CARTESIAN_POINT('',(14.119525681086,6.903140611427E-04));
#8605 = CARTESIAN_POINT('',(-3.704888344705,6.690775764917E-04));
#8606 = CARTESIAN_POINT('',(-13.64969375055,6.798622387491E-04));
#8607 = CARTESIAN_POINT('',(-23.59461551384,7.134734846236E-04));
#8608 = CARTESIAN_POINT('',(-33.53984397539,7.694897122084E-04));
#8609 = CARTESIAN_POINT('',(-43.48560075648,8.46855533213E-04));
#8610 = CARTESIAN_POINT('',(-55.63203768654,9.652103688451E-04));
#8611 = CARTESIAN_POINT('',(-57.83197058657,9.876026456446E-04));
#8612 = CARTESIAN_POINT('',(-60.03194469457,1.010932044332E-03));
#8613 = CARTESIAN_POINT('',(-62.23196286742,1.035177441133E-03));
#8614 = CARTESIAN_POINT('',(-64.43202803761,1.060315979956E-03));
#8615 = CARTESIAN_POINT('',(-67.75210948748,1.099561954956E-03));
#8616 = CARTESIAN_POINT('',(-68.87208871926,1.113025907278E-03));
#8617 = CARTESIAN_POINT('',(-69.99208130502,1.126711685913E-03));
#8618 = CARTESIAN_POINT('',(-71.11208764539,1.140615933498E-03));
#8619 = CARTESIAN_POINT('',(-72.23210814514,1.154735178758E-03));
#8620 = CARTESIAN_POINT('',(-73.91213393812,1.176230822363E-03));
#8621 = CARTESIAN_POINT('',(-74.47212830474,1.183448656378E-03));
#8622 = CARTESIAN_POINT('',(-75.03212636415,1.190718890554E-03));
#8623 = CARTESIAN_POINT('',(-75.59212816765,1.198041069954E-03));
#8624 = CARTESIAN_POINT('',(-76.15213376676,1.205414732714E-03));
#8625 = CARTESIAN_POINT('',(-76.9921432132,1.216551686069E-03));
#8626 = CARTESIAN_POINT('',(-77.2721432132,1.220276702569E-03));
#8627 = CARTESIAN_POINT('',(-77.5521432132,1.224014400688E-03));
#8628 = CARTESIAN_POINT('',(-77.8321432132,1.227764721157E-03));
#8629 = CARTESIAN_POINT('',(-78.1121432132,1.231527604283E-03));
#8630 = CARTESIAN_POINT('',(-78.67214331935,1.239078377041E-03));
#8631 = CARTESIAN_POINT('',(-78.95214361789,1.24286863385E-03));
#8632 = CARTESIAN_POINT('',(-79.23214350126,1.246668630327E-03));
#8633 = CARTESIAN_POINT('',(-79.51214293714,1.250477693993E-03));
#8634 = CARTESIAN_POINT('',(-79.79214246842,1.254299609931E-03));
#8635 = CARTESIAN_POINT('',(-86.7266475906,1.349475708588E-03));
#8636 = CARTESIAN_POINT('',(-93.38133933271,1.45760215857E-03));
#8637 = CARTESIAN_POINT('',(-100.0361919168,1.581899331301E-03));
#8638 = CARTESIAN_POINT('',(-106.6910815905,1.721442507857E-03));
#8639 = CARTESIAN_POINT('',(-113.3457829501,1.874801122415E-03));
#8640 = CARTESIAN_POINT('',(-120.,2.040032352189E-03));
#8641 = ( GEOMETRIC_REPRESENTATION_CONTEXT(2) 
PARAMETRIC_REPRESENTATION_CONTEXT() REPRESENTATION_CONTEXT('2D SPACE',''
  ) );
#8642 = PCURVE('',#4264,#8643);
#8643 = DEFINITIONAL_REPRESENTATION('',(#8644),#8649);
#8644 = B_SPLINE_CURVE_WITH_KNOTS('',3,(#8645,#8646,#8647,#8648),
  .UNSPECIFIED.,.F.,.F.,(4,4),(0.166635728876,0.168687814965),
  .PIECEWISE_BEZIER_KNOTS.);
#8645 = CARTESIAN_POINT('',(1.64382674285,0.));
#8646 = CARTESIAN_POINT('',(1.635625441099,0.));
#8647 = CARTESIAN_POINT('',(1.6274861977,0.));
#8648 = CARTESIAN_POINT('',(1.619284780699,0.));
#8649 = ( GEOMETRIC_REPRESENTATION_CONTEXT(2) 
PARAMETRIC_REPRESENTATION_CONTEXT() REPRESENTATION_CONTEXT('2D SPACE',''
  ) );
#8650 = ORIENTED_EDGE('',*,*,#8396,.T.);
#8651 = ORIENTED_EDGE('',*,*,#3869,.F.);
#8652 = ORIENTED_EDGE('',*,*,#8653,.F.);
#8653 = EDGE_CURVE('',#8654,#3847,#8656,.T.);
#8654 = VERTEX_POINT('',#8655);
#8655 = CARTESIAN_POINT('',(79.961590344868,98.476217727701,
    8.930468900614E-05));
#8656 = SURFACE_CURVE('',#8657,(#8732,#8739),.PCURVE_S1.);
#8657 = B_SPLINE_CURVE_WITH_KNOTS('',10,(#8658,#8659,#8660,#8661,#8662,
    #8663,#8664,#8665,#8666,#8667,#8668,#8669,#8670,#8671,#8672,#8673,
    #8674,#8675,#8676,#8677,#8678,#8679,#8680,#8681,#8682,#8683,#8684,
    #8685,#8686,#8687,#8688,#8689,#8690,#8691,#8692,#8693,#8694,#8695,
    #8696,#8697,#8698,#8699,#8700,#8701,#8702,#8703,#8704,#8705,#8706,
    #8707,#8708,#8709,#8710,#8711,#8712,#8713,#8714,#8715,#8716,#8717,
    #8718,#8719,#8720,#8721,#8722,#8723,#8724,#8725,#8726,#8727,#8728,
    #8729,#8730,#8731),.UNSPECIFIED.,.F.,.F.,(11,9,9,9,9,9,9,9,11),(
    1.25749365387E-03,8.868839282025E-03,3.225603741145E-02,
    0.125804829929,0.5,0.874195170071,0.967743962589,0.991131160718,1.),
  .UNSPECIFIED.);
#8658 = CARTESIAN_POINT('',(79.96159034676,98.476217730391,
    8.928958677178E-05));
#8659 = CARTESIAN_POINT('',(79.938341572478,98.447662031653,
    0.159872266947));
#8660 = CARTESIAN_POINT('',(79.915092381733,98.41910640004,
    0.319655544972));
#8661 = CARTESIAN_POINT('',(79.891842618336,98.390550644875,
    0.47944019674));
#8662 = CARTESIAN_POINT('',(79.868592556491,98.361995107305,
    0.639224308424));
#8663 = CARTESIAN_POINT('',(79.845342647976,98.333440344731,
    0.799004751572));
#8664 = CARTESIAN_POINT('',(79.822092302346,98.304885624803,
    0.958785641367));
#8665 = CARTESIAN_POINT('',(79.798839982884,98.276329054701,
    1.118577610836));
#8666 = CARTESIAN_POINT('',(79.775589611394,98.247775483507,
    1.278353428043));
#8667 = CARTESIAN_POINT('',(79.752337496598,98.219220343964,
    1.438138746334));
#8668 = CARTESIAN_POINT('',(79.657638918436,98.102926614032,
    2.088883604589));
#8669 = CARTESIAN_POINT('',(79.586188993036,98.015188727033,
    2.579845057005));
#8670 = CARTESIAN_POINT('',(79.514735530349,97.9274520704,3.070806223536
    ));
#8671 = CARTESIAN_POINT('',(79.44327851632,97.839716655395,
    3.561767104289));
#8672 = CARTESIAN_POINT('',(79.371817937729,97.751982494273,
    4.052727699394));
#8673 = CARTESIAN_POINT('',(79.300353780184,97.664249597913,
    4.543688008947));
#8674 = CARTESIAN_POINT('',(79.228886030573,97.576517978671,
    5.034648033083));
#8675 = CARTESIAN_POINT('',(79.157414674686,97.488787647665,
    5.525607771902));
#8676 = CARTESIAN_POINT('',(79.085939699045,97.401058616816,
    6.016567225529));
#8677 = CARTESIAN_POINT('',(78.728546652858,96.962420021014,
    8.471363068258));
#8678 = CARTESIAN_POINT('',(78.442574126537,96.611529985411,
    10.435195161849));
#8679 = CARTESIAN_POINT('',(78.156542581277,96.260661674575,
    12.39902269989));
#8680 = CARTESIAN_POINT('',(77.870451087565,95.909815972268,
    14.362845707411));
#8681 = CARTESIAN_POINT('',(77.584298715807,95.558993762214,
    16.326664209469));
#8682 = CARTESIAN_POINT('',(77.298084536518,95.208195928185,
    18.290478231084));
#8683 = CARTESIAN_POINT('',(77.011807620089,94.857423353895,
    20.254287797311));
#8684 = CARTESIAN_POINT('',(76.725467037024,94.506676923118,
    22.218092933181));
#8685 = CARTESIAN_POINT('',(76.439061857747,94.155957519577,
    24.181893663736));
#8686 = CARTESIAN_POINT('',(75.00670833264,92.402500056835,
    34.000875415143));
#8687 = CARTESIAN_POINT('',(73.859775159639,91.000183409927,
    41.855990945364));
#8688 = CARTESIAN_POINT('',(72.711732595239,89.598380401634,
    49.711039658037));
#8689 = CARTESIAN_POINT('',(71.56251615169,88.197165364904,
    57.566025617523));
#8690 = CARTESIAN_POINT('',(70.412058858166,86.796624329658,
    65.420954624002));
#8691 = CARTESIAN_POINT('',(69.260294225336,85.396856700366,
    73.275834936201));
#8692 = CARTESIAN_POINT('',(68.107159212044,83.997976935922,
    81.130677996928));
#8693 = CARTESIAN_POINT('',(66.952597189778,82.600116227136,
    88.985499155566));
#8694 = CARTESIAN_POINT('',(65.796560909022,81.203424176229,
    96.84031839324));
#8695 = CARTESIAN_POINT('',(63.481470019593,78.412716773696,
    112.55000369892));
#8696 = CARTESIAN_POINT('',(62.322416247541,77.018700692962,
    120.40486975627));
#8697 = CARTESIAN_POINT('',(61.161824412412,75.626192202666,
    128.25978534308));
#8698 = CARTESIAN_POINT('',(59.999678591027,74.235377153817,
    136.11478139764));
#8699 = CARTESIAN_POINT('',(58.835986974796,72.846460438798,
    143.96989570843));
#8700 = CARTESIAN_POINT('',(57.670791949912,71.459664333858,
    151.82517406044));
#8701 = CARTESIAN_POINT('',(56.504179953421,70.075222020532,
    159.68067048487));
#8702 = CARTESIAN_POINT('',(55.336291107986,68.693366289996,
    167.53644661949));
#8703 = CARTESIAN_POINT('',(54.167328632534,67.314313426396,
    175.39257017259));
#8704 = CARTESIAN_POINT('',(52.705127880689,65.594224483827,
    185.21324807698));
#8705 = CARTESIAN_POINT('',(52.412637791423,65.250392971383,
    187.17740980857));
#8706 = CARTESIAN_POINT('',(52.120102040014,64.906750611128,
    189.14159881629));
#8707 = CARTESIAN_POINT('',(51.827525158509,64.563300060654,
    191.10581622323));
#8708 = CARTESIAN_POINT('',(51.53491193396,64.220043759031,
    193.07006314938));
#8709 = CARTESIAN_POINT('',(51.242267408926,63.876983926845,
    195.03434071299));
#8710 = CARTESIAN_POINT('',(50.949596880806,63.534122566099,
    196.9986500288));
#8711 = CARTESIAN_POINT('',(50.656905902532,63.191461460354,
    198.96299220982));
#8712 = CARTESIAN_POINT('',(50.364200282,62.849002174587,200.92736836591
    ));
#8713 = CARTESIAN_POINT('',(49.998307532548,62.42118202548,
    203.38288241438));
#8714 = CARTESIAN_POINT('',(49.925128441372,62.335630695028,
    203.87398741625));
#8715 = CARTESIAN_POINT('',(49.851948906331,62.250092079421,
    204.36509462708));
#8716 = CARTESIAN_POINT('',(49.77876902482,62.164566194103,
    204.85620406337));
#8717 = CARTESIAN_POINT('',(49.705588894274,62.079053054569,
    205.3473157421));
#8718 = CARTESIAN_POINT('',(49.632408612079,61.993552676251,
    205.83842967962));
#8719 = CARTESIAN_POINT('',(49.559228275673,61.908065074642,
    206.32954589295));
#8720 = CARTESIAN_POINT('',(49.486047982446,61.822590265188,
    206.82066439851));
#8721 = CARTESIAN_POINT('',(49.412867829823,61.737128263366,
    207.31178521317));
#8722 = CARTESIAN_POINT('',(49.311936796938,61.619275244346,
    207.98915093701));
#8723 = CARTESIAN_POINT('',(49.284185282932,61.586872732615,
    208.17539680121));
#8724 = CARTESIAN_POINT('',(49.256436088974,61.554474790153,
    208.36162739903));
#8725 = CARTESIAN_POINT('',(49.228681835844,61.522072588847,
    208.54789326982));
#8726 = CARTESIAN_POINT('',(49.200933500977,61.489679247603,
    208.7341193239));
#8727 = CARTESIAN_POINT('',(49.173182296459,61.457284251891,
    208.92036574675));
#8728 = CARTESIAN_POINT('',(49.145430629359,61.424890475253,
    209.10661609945));
#8729 = CARTESIAN_POINT('',(49.117680033324,61.392499744763,
    209.29285992573));
#8730 = CARTESIAN_POINT('',(49.089929796089,61.360111202052,
    209.47910214063));
#8731 = CARTESIAN_POINT('',(49.062178957344,61.327723692814,
    209.66534935545));
#8732 = PCURVE('',#3890,#8733);
#8733 = DEFINITIONAL_REPRESENTATION('',(#8734),#8738);
#8734 = LINE('',#8735,#8736);
#8735 = CARTESIAN_POINT('',(-80.,0.));
#8736 = VECTOR('',#8737,1.);
#8737 = DIRECTION('',(0.,1.));
#8738 = ( GEOMETRIC_REPRESENTATION_CONTEXT(2) 
PARAMETRIC_REPRESENTATION_CONTEXT() REPRESENTATION_CONTEXT('2D SPACE',''
  ) );
#8739 = PCURVE('',#4036,#8740);
#8740 = DEFINITIONAL_REPRESENTATION('',(#8741),#8745);
#8741 = LINE('',#8742,#8743);
#8742 = CARTESIAN_POINT('',(1.570796326795,0.));
#8743 = VECTOR('',#8744,1.);
#8744 = DIRECTION('',(0.,1.));
#8745 = ( GEOMETRIC_REPRESENTATION_CONTEXT(2) 
PARAMETRIC_REPRESENTATION_CONTEXT() REPRESENTATION_CONTEXT('2D SPACE',''
  ) );
#8746 = ORIENTED_EDGE('',*,*,#8747,.F.);
#8747 = EDGE_CURVE('',#8748,#8654,#8750,.T.);
#8748 = VERTEX_POINT('',#8749);
#8749 = CARTESIAN_POINT('',(79.469388439494,98.476493325598,0.));
#8750 = SURFACE_CURVE('',#8751,(#8809,#8870),.PCURVE_S1.);
#8751 = B_SPLINE_CURVE_WITH_KNOTS('',6,(#8752,#8753,#8754,#8755,#8756,
    #8757,#8758,#8759,#8760,#8761,#8762,#8763,#8764,#8765,#8766,#8767,
    #8768,#8769,#8770,#8771,#8772,#8773,#8774,#8775,#8776,#8777,#8778,
    #8779,#8780,#8781,#8782,#8783,#8784,#8785,#8786,#8787,#8788,#8789,
    #8790,#8791,#8792,#8793,#8794,#8795,#8796,#8797,#8798,#8799,#8800,
    #8801,#8802,#8803,#8804,#8805,#8806,#8807,#8808),.UNSPECIFIED.,.F.,
  .F.,(7,5,5,5,5,5,5,5,5,5,5,7),(0.,0.164969341888,0.171968162086,
    0.276962681422,0.473993017345,0.722668479621,0.777668473589,
    0.805666161624,0.81966433549,0.82666330436,0.833662275883,1.),
  .UNSPECIFIED.);
#8752 = CARTESIAN_POINT('',(-119.9184402069,98.434941355578,0.));
#8753 = CARTESIAN_POINT('',(-113.3251248235,98.446076064565,0.));
#8754 = CARTESIAN_POINT('',(-106.7322827665,98.455056881015,0.));
#8755 = CARTESIAN_POINT('',(-100.1396262932,98.462239290797,0.));
#8756 = CARTESIAN_POINT('',(-93.54693563762,98.467953361403,0.));
#8757 = CARTESIAN_POINT('',(-86.95408889141,98.472475541405,0.));
#8758 = CARTESIAN_POINT('',(-80.08134876658,98.476170801288,0.));
#8759 = CARTESIAN_POINT('',(-79.80163672617,98.476319253528,0.));
#8760 = CARTESIAN_POINT('',(-79.52192177558,98.476466458647,0.));
#8761 = CARTESIAN_POINT('',(-79.24220414212,98.476612774184,0.));
#8762 = CARTESIAN_POINT('',(-78.96248432316,98.476758223605,0.));
#8763 = CARTESIAN_POINT('',(-74.48645628032,98.479066838597,0.));
#8764 = CARTESIAN_POINT('',(-70.28992564979,98.480994348655,0.));
#8765 = CARTESIAN_POINT('',(-66.0931934172,98.48270425857,0.));
#8766 = CARTESIAN_POINT('',(-61.89628089568,98.48421529418,0.));
#8767 = CARTESIAN_POINT('',(-57.69920848889,98.485545675066,0.));
#8768 = CARTESIAN_POINT('',(-45.62560125893,98.488903905051,0.));
#8769 = CARTESIAN_POINT('',(-37.74871210975,98.490519959042,0.));
#8770 = CARTESIAN_POINT('',(-29.87145714484,98.491675830021,0.));
#8771 = CARTESIAN_POINT('',(-21.99394923169,98.492464796596,0.));
#8772 = CARTESIAN_POINT('',(-14.11629098708,98.492946972253,0.));
#8773 = CARTESIAN_POINT('',(3.704016719711,98.493377776448,0.));
#8774 = CARTESIAN_POINT('',(13.646696921442,98.493153839031,0.));
#8775 = CARTESIAN_POINT('',(23.589260772725,98.492498641876,0.));
#8776 = CARTESIAN_POINT('',(33.531517841473,98.491340376826,0.));
#8777 = CARTESIAN_POINT('',(43.47324628862,98.489495812482,0.));
#8778 = CARTESIAN_POINT('',(55.612844262433,98.486127449002,0.));
#8779 = CARTESIAN_POINT('',(57.811461641609,98.48547269845,0.));
#8780 = CARTESIAN_POINT('',(60.010037773733,98.484770772383,0.));
#8781 = CARTESIAN_POINT('',(62.208569796,98.484019113891,0.));
#8782 = CARTESIAN_POINT('',(64.407054769057,98.483215093201,0.));
#8783 = CARTESIAN_POINT('',(67.724600612835,98.481918691115,0.));
#8784 = CARTESIAN_POINT('',(68.843698575674,98.48146710772,0.));
#8785 = CARTESIAN_POINT('',(69.962783168008,98.481000903099,0.));
#8786 = CARTESIAN_POINT('',(71.081853988095,98.480519721796,0.));
#8787 = CARTESIAN_POINT('',(72.20091062996,98.480023207294,0.));
#8788 = CARTESIAN_POINT('',(73.87944692477,98.479254911639,0.));
#8789 = CARTESIAN_POINT('',(74.438937519408,98.478994899019,0.));
#8790 = CARTESIAN_POINT('',(74.998424416069,98.478730919541,0.));
#8791 = CARTESIAN_POINT('',(75.557907563287,98.478462928653,0.));
#8792 = CARTESIAN_POINT('',(76.117386909376,98.478190881861,0.));
#8793 = CARTESIAN_POINT('',(76.956595430238,98.4777766635,0.));
#8794 = CARTESIAN_POINT('',(77.236326533936,98.477637567693,0.));
#8795 = CARTESIAN_POINT('',(77.516055700603,98.47749744178,0.));
#8796 = CARTESIAN_POINT('',(77.795782917295,98.477356280232,0.));
#8797 = CARTESIAN_POINT('',(78.075508171045,98.477214077533,0.));
#8798 = CARTESIAN_POINT('',(78.634954832722,98.476927578757,0.));
#8799 = CARTESIAN_POINT('',(78.914675434125,98.47678321978,0.));
#8800 = CARTESIAN_POINT('',(79.194394803361,98.476637879691,0.));
#8801 = CARTESIAN_POINT('',(79.47411312093,98.476491570039,0.));
#8802 = CARTESIAN_POINT('',(79.753829197544,98.476344185477,0.));
#8803 = CARTESIAN_POINT('',(86.681165343177,98.472661930469,0.));
#8804 = CARTESIAN_POINT('',(93.328602045624,98.468141993464,0.));
#8805 = CARTESIAN_POINT('',(99.975876991266,98.462417319496,0.));
#8806 = CARTESIAN_POINT('',(106.62311350317,98.455205444321,0.));
#8807 = CARTESIAN_POINT('',(113.27053625546,98.446168253057,0.));
#8808 = CARTESIAN_POINT('',(119.91844020698,98.434941355574,0.));
#8809 = PCURVE('',#3890,#8810);
#8810 = DEFINITIONAL_REPRESENTATION('',(#8811),#8869);
#8811 = B_SPLINE_CURVE_WITH_KNOTS('',6,(#8812,#8813,#8814,#8815,#8816,
    #8817,#8818,#8819,#8820,#8821,#8822,#8823,#8824,#8825,#8826,#8827,
    #8828,#8829,#8830,#8831,#8832,#8833,#8834,#8835,#8836,#8837,#8838,
    #8839,#8840,#8841,#8842,#8843,#8844,#8845,#8846,#8847,#8848,#8849,
    #8850,#8851,#8852,#8853,#8854,#8855,#8856,#8857,#8858,#8859,#8860,
    #8861,#8862,#8863,#8864,#8865,#8866,#8867,#8868),.UNSPECIFIED.,.F.,
  .F.,(7,5,5,5,5,5,5,5,5,5,5,7),(0.,0.164969341888,0.171968162086,
    0.276962681422,0.473993017345,0.722668479621,0.777668473589,
    0.805666161624,0.81966433549,0.82666330436,0.833662275883,1.),
  .UNSPECIFIED.);
#8812 = CARTESIAN_POINT('',(120.,2.040032352137E-03));
#8813 = CARTESIAN_POINT('',(113.40042335765,1.876157901331E-03));
#8814 = CARTESIAN_POINT('',(106.80037032692,1.723961903369E-03));
#8815 = CARTESIAN_POINT('',(100.20012966477,1.585339610933E-03));
#8816 = CARTESIAN_POINT('',(93.599921853507,1.461690981869E-03));
#8817 = CARTESIAN_POINT('',(86.999869222191,1.353925934656E-03));
#8818 = CARTESIAN_POINT('',(80.120000713541,1.258787451714E-03));
#8819 = CARTESIAN_POINT('',(79.840000267586,1.254950806338E-03));
#8820 = CARTESIAN_POINT('',(79.559999726804,1.251131814756E-03));
#8821 = CARTESIAN_POINT('',(79.279999610389,1.247321251922E-03));
#8822 = CARTESIAN_POINT('',(78.999999892045,1.243518347706E-03));
#8823 = CARTESIAN_POINT('',(74.519512881675,1.182910763669E-03));
#8824 = CARTESIAN_POINT('',(70.31924924466,1.128896710327E-03));
#8825 = CARTESIAN_POINT('',(66.1191869419,1.077892231796E-03));
#8826 = CARTESIAN_POINT('',(61.919304721772,1.030078201169E-03));
#8827 = CARTESIAN_POINT('',(57.719582228064,9.856127597134E-04));
#8828 = CARTESIAN_POINT('',(45.639159148802,8.677264698182E-04));
#8829 = CARTESIAN_POINT('',(37.758812596134,8.030902566953E-04));
#8830 = CARTESIAN_POINT('',(29.878831629397,7.516161749723E-04));
#8831 = CARTESIAN_POINT('',(21.999103508354,7.139103556585E-04));
#8832 = CARTESIAN_POINT('',(14.119525681086,6.903140611427E-04));
#8833 = CARTESIAN_POINT('',(-3.704888344705,6.690775764917E-04));
#8834 = CARTESIAN_POINT('',(-13.64969375055,6.798622387491E-04));
#8835 = CARTESIAN_POINT('',(-23.59461551384,7.134734846236E-04));
#8836 = CARTESIAN_POINT('',(-33.53984397539,7.694897122084E-04));
#8837 = CARTESIAN_POINT('',(-43.48560075648,8.46855533213E-04));
#8838 = CARTESIAN_POINT('',(-55.63203768654,9.652103688451E-04));
#8839 = CARTESIAN_POINT('',(-57.83197058657,9.876026456446E-04));
#8840 = CARTESIAN_POINT('',(-60.03194469457,1.010932044332E-03));
#8841 = CARTESIAN_POINT('',(-62.23196286742,1.035177441133E-03));
#8842 = CARTESIAN_POINT('',(-64.43202803761,1.060315979956E-03));
#8843 = CARTESIAN_POINT('',(-67.75210948748,1.099561954956E-03));
#8844 = CARTESIAN_POINT('',(-68.87208871926,1.113025907278E-03));
#8845 = CARTESIAN_POINT('',(-69.99208130502,1.126711685913E-03));
#8846 = CARTESIAN_POINT('',(-71.11208764539,1.140615933498E-03));
#8847 = CARTESIAN_POINT('',(-72.23210814514,1.154735178758E-03));
#8848 = CARTESIAN_POINT('',(-73.91213393812,1.176230822363E-03));
#8849 = CARTESIAN_POINT('',(-74.47212830474,1.183448656378E-03));
#8850 = CARTESIAN_POINT('',(-75.03212636415,1.190718890554E-03));
#8851 = CARTESIAN_POINT('',(-75.59212816765,1.198041069954E-03));
#8852 = CARTESIAN_POINT('',(-76.15213376676,1.205414732714E-03));
#8853 = CARTESIAN_POINT('',(-76.9921432132,1.216551686069E-03));
#8854 = CARTESIAN_POINT('',(-77.2721432132,1.220276702569E-03));
#8855 = CARTESIAN_POINT('',(-77.5521432132,1.224014400688E-03));
#8856 = CARTESIAN_POINT('',(-77.8321432132,1.227764721157E-03));
#8857 = CARTESIAN_POINT('',(-78.1121432132,1.231527604283E-03));
#8858 = CARTESIAN_POINT('',(-78.67214331935,1.239078377041E-03));
#8859 = CARTESIAN_POINT('',(-78.95214361789,1.24286863385E-03));
#8860 = CARTESIAN_POINT('',(-79.23214350126,1.246668630327E-03));
#8861 = CARTESIAN_POINT('',(-79.51214293714,1.250477693993E-03));
#8862 = CARTESIAN_POINT('',(-79.79214246842,1.254299609931E-03));
#8863 = CARTESIAN_POINT('',(-86.7266475906,1.349475708588E-03));
#8864 = CARTESIAN_POINT('',(-93.38133933271,1.45760215857E-03));
#8865 = CARTESIAN_POINT('',(-100.0361919168,1.581899331301E-03));
#8866 = CARTESIAN_POINT('',(-106.6910815905,1.721442507857E-03));
#8867 = CARTESIAN_POINT('',(-113.3457829501,1.874801122415E-03));
#8868 = CARTESIAN_POINT('',(-120.,2.040032352189E-03));
#8869 = ( GEOMETRIC_REPRESENTATION_CONTEXT(2) 
PARAMETRIC_REPRESENTATION_CONTEXT() REPRESENTATION_CONTEXT('2D SPACE',''
  ) );
#8870 = PCURVE('',#4321,#8871);
#8871 = DEFINITIONAL_REPRESENTATION('',(#8872),#8877);
#8872 = B_SPLINE_CURVE_WITH_KNOTS('',3,(#8873,#8874,#8875,#8876),
  .UNSPECIFIED.,.F.,.F.,(4,4),(0.831309588676,0.83336221889),
  .PIECEWISE_BEZIER_KNOTS.);
#8873 = CARTESIAN_POINT('',(1.522307906649,0.));
#8874 = CARTESIAN_POINT('',(1.51410447866,0.));
#8875 = CARTESIAN_POINT('',(1.505963240054,0.));
#8876 = CARTESIAN_POINT('',(1.497759950267,0.));
#8877 = ( GEOMETRIC_REPRESENTATION_CONTEXT(2) 
PARAMETRIC_REPRESENTATION_CONTEXT() REPRESENTATION_CONTEXT('2D SPACE',''
  ) );
#8878 = ORIENTED_EDGE('',*,*,#8879,.F.);
#8879 = EDGE_CURVE('',#8520,#8748,#8880,.T.);
#8880 = SURFACE_CURVE('',#8881,(#8939,#9000),.PCURVE_S1.);
#8881 = B_SPLINE_CURVE_WITH_KNOTS('',6,(#8882,#8883,#8884,#8885,#8886,
    #8887,#8888,#8889,#8890,#8891,#8892,#8893,#8894,#8895,#8896,#8897,
    #8898,#8899,#8900,#8901,#8902,#8903,#8904,#8905,#8906,#8907,#8908,
    #8909,#8910,#8911,#8912,#8913,#8914,#8915,#8916,#8917,#8918,#8919,
    #8920,#8921,#8922,#8923,#8924,#8925,#8926,#8927,#8928,#8929,#8930,
    #8931,#8932,#8933,#8934,#8935,#8936,#8937,#8938),.UNSPECIFIED.,.F.,
  .F.,(7,5,5,5,5,5,5,5,5,5,5,7),(0.,0.164969341888,0.171968162086,
    0.276962681422,0.473993017345,0.722668479621,0.777668473589,
    0.805666161624,0.81966433549,0.82666330436,0.833662275883,1.),
  .UNSPECIFIED.);
#8882 = CARTESIAN_POINT('',(-119.9184402069,98.434941355578,0.));
#8883 = CARTESIAN_POINT('',(-113.3251248235,98.446076064565,0.));
#8884 = CARTESIAN_POINT('',(-106.7322827665,98.455056881015,0.));
#8885 = CARTESIAN_POINT('',(-100.1396262932,98.462239290797,0.));
#8886 = CARTESIAN_POINT('',(-93.54693563762,98.467953361403,0.));
#8887 = CARTESIAN_POINT('',(-86.95408889141,98.472475541405,0.));
#8888 = CARTESIAN_POINT('',(-80.08134876658,98.476170801288,0.));
#8889 = CARTESIAN_POINT('',(-79.80163672617,98.476319253528,0.));
#8890 = CARTESIAN_POINT('',(-79.52192177558,98.476466458647,0.));
#8891 = CARTESIAN_POINT('',(-79.24220414212,98.476612774184,0.));
#8892 = CARTESIAN_POINT('',(-78.96248432316,98.476758223605,0.));
#8893 = CARTESIAN_POINT('',(-74.48645628032,98.479066838597,0.));
#8894 = CARTESIAN_POINT('',(-70.28992564979,98.480994348655,0.));
#8895 = CARTESIAN_POINT('',(-66.0931934172,98.48270425857,0.));
#8896 = CARTESIAN_POINT('',(-61.89628089568,98.48421529418,0.));
#8897 = CARTESIAN_POINT('',(-57.69920848889,98.485545675066,0.));
#8898 = CARTESIAN_POINT('',(-45.62560125893,98.488903905051,0.));
#8899 = CARTESIAN_POINT('',(-37.74871210975,98.490519959042,0.));
#8900 = CARTESIAN_POINT('',(-29.87145714484,98.491675830021,0.));
#8901 = CARTESIAN_POINT('',(-21.99394923169,98.492464796596,0.));
#8902 = CARTESIAN_POINT('',(-14.11629098708,98.492946972253,0.));
#8903 = CARTESIAN_POINT('',(3.704016719711,98.493377776448,0.));
#8904 = CARTESIAN_POINT('',(13.646696921442,98.493153839031,0.));
#8905 = CARTESIAN_POINT('',(23.589260772725,98.492498641876,0.));
#8906 = CARTESIAN_POINT('',(33.531517841473,98.491340376826,0.));
#8907 = CARTESIAN_POINT('',(43.47324628862,98.489495812482,0.));
#8908 = CARTESIAN_POINT('',(55.612844262433,98.486127449002,0.));
#8909 = CARTESIAN_POINT('',(57.811461641609,98.48547269845,0.));
#8910 = CARTESIAN_POINT('',(60.010037773733,98.484770772383,0.));
#8911 = CARTESIAN_POINT('',(62.208569796,98.484019113891,0.));
#8912 = CARTESIAN_POINT('',(64.407054769057,98.483215093201,0.));
#8913 = CARTESIAN_POINT('',(67.724600612835,98.481918691115,0.));
#8914 = CARTESIAN_POINT('',(68.843698575674,98.48146710772,0.));
#8915 = CARTESIAN_POINT('',(69.962783168008,98.481000903099,0.));
#8916 = CARTESIAN_POINT('',(71.081853988095,98.480519721796,0.));
#8917 = CARTESIAN_POINT('',(72.20091062996,98.480023207294,0.));
#8918 = CARTESIAN_POINT('',(73.87944692477,98.479254911639,0.));
#8919 = CARTESIAN_POINT('',(74.438937519408,98.478994899019,0.));
#8920 = CARTESIAN_POINT('',(74.998424416069,98.478730919541,0.));
#8921 = CARTESIAN_POINT('',(75.557907563287,98.478462928653,0.));
#8922 = CARTESIAN_POINT('',(76.117386909376,98.478190881861,0.));
#8923 = CARTESIAN_POINT('',(76.956595430238,98.4777766635,0.));
#8924 = CARTESIAN_POINT('',(77.236326533936,98.477637567693,0.));
#8925 = CARTESIAN_POINT('',(77.516055700603,98.47749744178,0.));
#8926 = CARTESIAN_POINT('',(77.795782917295,98.477356280232,0.));
#8927 = CARTESIAN_POINT('',(78.075508171045,98.477214077533,0.));
#8928 = CARTESIAN_POINT('',(78.634954832722,98.476927578757,0.));
#8929 = CARTESIAN_POINT('',(78.914675434125,98.47678321978,0.));
#8930 = CARTESIAN_POINT('',(79.194394803361,98.476637879691,0.));
#8931 = CARTESIAN_POINT('',(79.47411312093,98.476491570039,0.));
#8932 = CARTESIAN_POINT('',(79.753829197544,98.476344185477,0.));
#8933 = CARTESIAN_POINT('',(86.681165343177,98.472661930469,0.));
#8934 = CARTESIAN_POINT('',(93.328602045624,98.468141993464,0.));
#8935 = CARTESIAN_POINT('',(99.975876991266,98.462417319496,0.));
#8936 = CARTESIAN_POINT('',(106.62311350317,98.455205444321,0.));
#8937 = CARTESIAN_POINT('',(113.27053625546,98.446168253057,0.));
#8938 = CARTESIAN_POINT('',(119.91844020698,98.434941355574,0.));
#8939 = PCURVE('',#3890,#8940);
#8940 = DEFINITIONAL_REPRESENTATION('',(#8941),#8999);
#8941 = B_SPLINE_CURVE_WITH_KNOTS('',6,(#8942,#8943,#8944,#8945,#8946,
    #8947,#8948,#8949,#8950,#8951,#8952,#8953,#8954,#8955,#8956,#8957,
    #8958,#8959,#8960,#8961,#8962,#8963,#8964,#8965,#8966,#8967,#8968,
    #8969,#8970,#8971,#8972,#8973,#8974,#8975,#8976,#8977,#8978,#8979,
    #8980,#8981,#8982,#8983,#8984,#8985,#8986,#8987,#8988,#8989,#8990,
    #8991,#8992,#8993,#8994,#8995,#8996,#8997,#8998),.UNSPECIFIED.,.F.,
  .F.,(7,5,5,5,5,5,5,5,5,5,5,7),(0.,0.164969341888,0.171968162086,
    0.276962681422,0.473993017345,0.722668479621,0.777668473589,
    0.805666161624,0.81966433549,0.82666330436,0.833662275883,1.),
  .UNSPECIFIED.);
#8942 = CARTESIAN_POINT('',(120.,2.040032352137E-03));
#8943 = CARTESIAN_POINT('',(113.40042335765,1.876157901331E-03));
#8944 = CARTESIAN_POINT('',(106.80037032692,1.723961903369E-03));
#8945 = CARTESIAN_POINT('',(100.20012966477,1.585339610933E-03));
#8946 = CARTESIAN_POINT('',(93.599921853507,1.461690981869E-03));
#8947 = CARTESIAN_POINT('',(86.999869222191,1.353925934656E-03));
#8948 = CARTESIAN_POINT('',(80.120000713541,1.258787451714E-03));
#8949 = CARTESIAN_POINT('',(79.840000267586,1.254950806338E-03));
#8950 = CARTESIAN_POINT('',(79.559999726804,1.251131814756E-03));
#8951 = CARTESIAN_POINT('',(79.279999610389,1.247321251922E-03));
#8952 = CARTESIAN_POINT('',(78.999999892045,1.243518347706E-03));
#8953 = CARTESIAN_POINT('',(74.519512881675,1.182910763669E-03));
#8954 = CARTESIAN_POINT('',(70.31924924466,1.128896710327E-03));
#8955 = CARTESIAN_POINT('',(66.1191869419,1.077892231796E-03));
#8956 = CARTESIAN_POINT('',(61.919304721772,1.030078201169E-03));
#8957 = CARTESIAN_POINT('',(57.719582228064,9.856127597134E-04));
#8958 = CARTESIAN_POINT('',(45.639159148802,8.677264698182E-04));
#8959 = CARTESIAN_POINT('',(37.758812596134,8.030902566953E-04));
#8960 = CARTESIAN_POINT('',(29.878831629397,7.516161749723E-04));
#8961 = CARTESIAN_POINT('',(21.999103508354,7.139103556585E-04));
#8962 = CARTESIAN_POINT('',(14.119525681086,6.903140611427E-04));
#8963 = CARTESIAN_POINT('',(-3.704888344705,6.690775764917E-04));
#8964 = CARTESIAN_POINT('',(-13.64969375055,6.798622387491E-04));
#8965 = CARTESIAN_POINT('',(-23.59461551384,7.134734846236E-04));
#8966 = CARTESIAN_POINT('',(-33.53984397539,7.694897122084E-04));
#8967 = CARTESIAN_POINT('',(-43.48560075648,8.46855533213E-04));
#8968 = CARTESIAN_POINT('',(-55.63203768654,9.652103688451E-04));
#8969 = CARTESIAN_POINT('',(-57.83197058657,9.876026456446E-04));
#8970 = CARTESIAN_POINT('',(-60.03194469457,1.010932044332E-03));
#8971 = CARTESIAN_POINT('',(-62.23196286742,1.035177441133E-03));
#8972 = CARTESIAN_POINT('',(-64.43202803761,1.060315979956E-03));
#8973 = CARTESIAN_POINT('',(-67.75210948748,1.099561954956E-03));
#8974 = CARTESIAN_POINT('',(-68.87208871926,1.113025907278E-03));
#8975 = CARTESIAN_POINT('',(-69.99208130502,1.126711685913E-03));
#8976 = CARTESIAN_POINT('',(-71.11208764539,1.140615933498E-03));
#8977 = CARTESIAN_POINT('',(-72.23210814514,1.154735178758E-03));
#8978 = CARTESIAN_POINT('',(-73.91213393812,1.176230822363E-03));
#8979 = CARTESIAN_POINT('',(-74.47212830474,1.183448656378E-03));
#8980 = CARTESIAN_POINT('',(-75.03212636415,1.190718890554E-03));
#8981 = CARTESIAN_POINT('',(-75.59212816765,1.198041069954E-03));
#8982 = CARTESIAN_POINT('',(-76.15213376676,1.205414732714E-03));
#8983 = CARTESIAN_POINT('',(-76.9921432132,1.216551686069E-03));
#8984 = CARTESIAN_POINT('',(-77.2721432132,1.220276702569E-03));
#8985 = CARTESIAN_POINT('',(-77.5521432132,1.224014400688E-03));
#8986 = CARTESIAN_POINT('',(-77.8321432132,1.227764721157E-03));
#8987 = CARTESIAN_POINT('',(-78.1121432132,1.231527604283E-03));
#8988 = CARTESIAN_POINT('',(-78.67214331935,1.239078377041E-03));
#8989 = CARTESIAN_POINT('',(-78.95214361789,1.24286863385E-03));
#8990 = CARTESIAN_POINT('',(-79.23214350126,1.246668630327E-03));
#8991 = CARTESIAN_POINT('',(-79.51214293714,1.250477693993E-03));
#8992 = CARTESIAN_POINT('',(-79.79214246842,1.254299609931E-03));
#8993 = CARTESIAN_POINT('',(-86.7266475906,1.349475708588E-03));
#8994 = CARTESIAN_POINT('',(-93.38133933271,1.45760215857E-03));
#8995 = CARTESIAN_POINT('',(-100.0361919168,1.581899331301E-03));
#8996 = CARTESIAN_POINT('',(-106.6910815905,1.721442507857E-03));
#8997 = CARTESIAN_POINT('',(-113.3457829501,1.874801122415E-03));
#8998 = CARTESIAN_POINT('',(-120.,2.040032352189E-03));
#8999 = ( GEOMETRIC_REPRESENTATION_CONTEXT(2) 
PARAMETRIC_REPRESENTATION_CONTEXT() REPRESENTATION_CONTEXT('2D SPACE',''
  ) );
#9000 = PCURVE('',#9001,#9006);
#9001 = PLANE('',#9002);
#9002 = AXIS2_PLACEMENT_3D('',#9003,#9004,#9005);
#9003 = CARTESIAN_POINT('',(-80.,-80.,0.));
#9004 = DIRECTION('',(0.,0.,1.));
#9005 = DIRECTION('',(1.,0.,0.));
#9006 = DEFINITIONAL_REPRESENTATION('',(#9007),#9065);
#9007 = B_SPLINE_CURVE_WITH_KNOTS('',6,(#9008,#9009,#9010,#9011,#9012,
    #9013,#9014,#9015,#9016,#9017,#9018,#9019,#9020,#9021,#9022,#9023,
    #9024,#9025,#9026,#9027,#9028,#9029,#9030,#9031,#9032,#9033,#9034,
    #9035,#9036,#9037,#9038,#9039,#9040,#9041,#9042,#9043,#9044,#9045,
    #9046,#9047,#9048,#9049,#9050,#9051,#9052,#9053,#9054,#9055,#9056,
    #9057,#9058,#9059,#9060,#9061,#9062,#9063,#9064),.UNSPECIFIED.,.F.,
  .F.,(7,5,5,5,5,5,5,5,5,5,5,7),(0.,0.164969341888,0.171968162086,
    0.276962681422,0.473993017345,0.722668479621,0.777668473589,
    0.805666161624,0.81966433549,0.82666330436,0.833662275883,1.),
  .UNSPECIFIED.);
#9008 = CARTESIAN_POINT('',(-39.91844020698,178.43494135557));
#9009 = CARTESIAN_POINT('',(-33.32512482357,178.44607606456));
#9010 = CARTESIAN_POINT('',(-26.73228276659,178.45505688101));
#9011 = CARTESIAN_POINT('',(-20.13962629327,178.46223929079));
#9012 = CARTESIAN_POINT('',(-13.54693563762,178.4679533614));
#9013 = CARTESIAN_POINT('',(-6.954088891416,178.4724755414));
#9014 = CARTESIAN_POINT('',(-8.134876658468E-02,178.47617080128));
#9015 = CARTESIAN_POINT('',(0.198363273823,178.47631925352));
#9016 = CARTESIAN_POINT('',(0.478078224414,178.47646645864));
#9017 = CARTESIAN_POINT('',(0.757795857877,178.47661277418));
#9018 = CARTESIAN_POINT('',(1.037515676833,178.4767582236));
#9019 = CARTESIAN_POINT('',(5.513543719674,178.47906683859));
#9020 = CARTESIAN_POINT('',(9.710074350201,178.48099434865));
#9021 = CARTESIAN_POINT('',(13.906806582797,178.48270425857));
#9022 = CARTESIAN_POINT('',(18.10371910432,178.48421529418));
#9023 = CARTESIAN_POINT('',(22.300791511107,178.48554567506));
#9024 = CARTESIAN_POINT('',(34.374398741061,178.48890390505));
#9025 = CARTESIAN_POINT('',(42.251287890248,178.49051995904));
#9026 = CARTESIAN_POINT('',(50.128542855156,178.49167583002));
#9027 = CARTESIAN_POINT('',(58.006050768309,178.49246479659));
#9028 = CARTESIAN_POINT('',(65.883709012914,178.49294697225));
#9029 = CARTESIAN_POINT('',(83.704016719711,178.49337777644));
#9030 = CARTESIAN_POINT('',(93.646696921442,178.49315383903));
#9031 = CARTESIAN_POINT('',(103.58926077272,178.49249864187));
#9032 = CARTESIAN_POINT('',(113.53151784147,178.49134037682));
#9033 = CARTESIAN_POINT('',(123.47324628862,178.48949581248));
#9034 = CARTESIAN_POINT('',(135.61284426243,178.486127449));
#9035 = CARTESIAN_POINT('',(137.8114616416,178.48547269845));
#9036 = CARTESIAN_POINT('',(140.01003777373,178.48477077238));
#9037 = CARTESIAN_POINT('',(142.208569796,178.48401911389));
#9038 = CARTESIAN_POINT('',(144.40705476905,178.4832150932));
#9039 = CARTESIAN_POINT('',(147.72460061283,178.48191869111));
#9040 = CARTESIAN_POINT('',(148.84369857567,178.48146710772));
#9041 = CARTESIAN_POINT('',(149.962783168,178.48100090309));
#9042 = CARTESIAN_POINT('',(151.08185398809,178.48051972179));
#9043 = CARTESIAN_POINT('',(152.20091062996,178.48002320729));
#9044 = CARTESIAN_POINT('',(153.87944692477,178.47925491164));
#9045 = CARTESIAN_POINT('',(154.4389375194,178.47899489902));
#9046 = CARTESIAN_POINT('',(154.99842441606,178.47873091954));
#9047 = CARTESIAN_POINT('',(155.55790756328,178.47846292865));
#9048 = CARTESIAN_POINT('',(156.11738690937,178.47819088186));
#9049 = CARTESIAN_POINT('',(156.95659543023,178.4777766635));
#9050 = CARTESIAN_POINT('',(157.23632653393,178.47763756769));
#9051 = CARTESIAN_POINT('',(157.5160557006,178.47749744178));
#9052 = CARTESIAN_POINT('',(157.79578291729,178.47735628023));
#9053 = CARTESIAN_POINT('',(158.07550817104,178.47721407753));
#9054 = CARTESIAN_POINT('',(158.63495483272,178.47692757875));
#9055 = CARTESIAN_POINT('',(158.91467543412,178.47678321978));
#9056 = CARTESIAN_POINT('',(159.19439480336,178.47663787969));
#9057 = CARTESIAN_POINT('',(159.47411312093,178.47649157004));
#9058 = CARTESIAN_POINT('',(159.75382919754,178.47634418547));
#9059 = CARTESIAN_POINT('',(166.68116534317,178.47266193047));
#9060 = CARTESIAN_POINT('',(173.32860204562,178.46814199346));
#9061 = CARTESIAN_POINT('',(179.97587699126,178.46241731949));
#9062 = CARTESIAN_POINT('',(186.62311350317,178.45520544432));
#9063 = CARTESIAN_POINT('',(193.27053625546,178.44616825305));
#9064 = CARTESIAN_POINT('',(199.91844020698,178.43494135557));
#9065 = ( GEOMETRIC_REPRESENTATION_CONTEXT(2) 
PARAMETRIC_REPRESENTATION_CONTEXT() REPRESENTATION_CONTEXT('2D SPACE',''
  ) );
#9066 = ADVANCED_FACE('',(#9067),#4036,.F.);
#9067 = FACE_BOUND('',#9068,.F.);
#9068 = EDGE_LOOP('',(#9069,#9650,#9651,#9652));
#9069 = ORIENTED_EDGE('',*,*,#9070,.F.);
#9070 = EDGE_CURVE('',#8654,#4429,#9071,.T.);
#9071 = SURFACE_CURVE('',#9072,(#9124,#9590),.PCURVE_S1.);
#9072 = B_SPLINE_CURVE_WITH_KNOTS('',8,(#9073,#9074,#9075,#9076,#9077,
    #9078,#9079,#9080,#9081,#9082,#9083,#9084,#9085,#9086,#9087,#9088,
    #9089,#9090,#9091,#9092,#9093,#9094,#9095,#9096,#9097,#9098,#9099,
    #9100,#9101,#9102,#9103,#9104,#9105,#9106,#9107,#9108,#9109,#9110,
    #9111,#9112,#9113,#9114,#9115,#9116,#9117,#9118,#9119,#9120,#9121,
    #9122,#9123),.UNSPECIFIED.,.F.,.F.,(9,7,7,7,7,7,7,9),(0.,
    0.175371747347,0.181959296684,0.286561133034,0.50338478869,
    0.828200699682,0.838531114284,1.),.UNSPECIFIED.);
#9073 = CARTESIAN_POINT('',(72.113498146993,98.482007695291,0.));
#9074 = CARTESIAN_POINT('',(73.090588026929,98.481045632248,0.));
#9075 = CARTESIAN_POINT('',(74.067677925425,98.480137857921,0.));
#9076 = CARTESIAN_POINT('',(75.044767813082,98.479293146666,0.));
#9077 = CARTESIAN_POINT('',(76.021857664519,98.478519201274,0.));
#9078 = CARTESIAN_POINT('',(76.998947458368,98.477822652973,0.));
#9079 = CARTESIAN_POINT('',(77.97603717728,98.477209061429,0.));
#9080 = CARTESIAN_POINT('',(78.953126807919,98.476682914741,0.));
#9081 = CARTESIAN_POINT('',(79.966919091573,98.476231278675,0.));
#9082 = CARTESIAN_POINT('',(80.003615102135,98.476195156232,0.));
#9083 = CARTESIAN_POINT('',(80.040308062054,98.476100584601,0.));
#9084 = CARTESIAN_POINT('',(80.07700043657,98.475921172941,0.));
#9085 = CARTESIAN_POINT('',(80.113693466759,98.475642817083,0.));
#9086 = CARTESIAN_POINT('',(80.150387169539,98.475263699539,0.));
#9087 = CARTESIAN_POINT('',(80.187080337662,98.47479428949,0.));
#9088 = CARTESIAN_POINT('',(80.806363901044,98.465731317813,0.));
#9089 = CARTESIAN_POINT('',(81.388654243901,98.436208089957,0.));
#9090 = CARTESIAN_POINT('',(81.969753121005,98.385707700074,0.));
#9091 = CARTESIAN_POINT('',(82.548779063513,98.31429439856,0.));
#9092 = CARTESIAN_POINT('',(83.124857675272,98.222076418548,0.));
#9093 = CARTESIAN_POINT('',(83.697121727077,98.109205749097,0.));
#9094 = CARTESIAN_POINT('',(84.264711250916,97.97587790838,0.));
#9095 = CARTESIAN_POINT('',(85.991843243985,97.504053876662,0.));
#9096 = CARTESIAN_POINT('',(87.133320259225,97.098862044048,0.));
#9097 = CARTESIAN_POINT('',(88.24344126391,96.608895755229,0.));
#9098 = CARTESIAN_POINT('',(89.314902629675,96.037096110517,0.));
#9099 = CARTESIAN_POINT('',(90.340801271032,95.387089262597,0.));
#9100 = CARTESIAN_POINT('',(91.314617787983,94.663143093092,0.));
#9101 = CARTESIAN_POINT('',(92.230241996021,93.870197077439,0.));
#9102 = CARTESIAN_POINT('',(94.358090810494,91.73127461132,0.));
#9103 = CARTESIAN_POINT('',(95.491935507073,90.305521843856,0.));
#9104 = CARTESIAN_POINT('',(96.463539111374,88.756224007081,0.));
#9105 = CARTESIAN_POINT('',(97.257732596308,87.105229514697,0.));
#9106 = CARTESIAN_POINT('',(97.862601410977,85.375861670446,0.));
#9107 = CARTESIAN_POINT('',(98.269784861929,83.592970888241,0.));
#9108 = CARTESIAN_POINT('',(98.474263313508,81.782778563927,0.));
#9109 = CARTESIAN_POINT('',(98.476287035553,79.915904154308,0.));
#9110 = CARTESIAN_POINT('',(98.476251963261,79.85713391731,0.));
#9111 = CARTESIAN_POINT('',(98.476292151265,79.797934925282,0.));
#9112 = CARTESIAN_POINT('',(98.476353541233,79.738785227371,0.));
#9113 = CARTESIAN_POINT('',(98.476374015826,79.679907442304,0.));
#9114 = CARTESIAN_POINT('',(98.476373695964,79.621295695941,0.));
#9115 = CARTESIAN_POINT('',(98.476416825064,79.562705274679,0.));
#9116 = CARTESIAN_POINT('',(98.476889382017,78.579841842848,0.));
#9117 = CARTESIAN_POINT('',(98.4774136911,77.656078606538,0.));
#9118 = CARTESIAN_POINT('',(98.478015036115,76.732315294651,0.));
#9119 = CARTESIAN_POINT('',(98.478689428615,75.808551919245,0.));
#9120 = CARTESIAN_POINT('',(98.479432023091,74.884788495559,0.));
#9121 = CARTESIAN_POINT('',(98.480237116971,73.961025042014,0.));
#9122 = CARTESIAN_POINT('',(98.481098150621,73.03726158021,0.));
#9123 = CARTESIAN_POINT('',(98.482007707346,72.113498134929,0.));
#9124 = PCURVE('',#4036,#9125);
#9125 = DEFINITIONAL_REPRESENTATION('',(#9126),#9589);
#9126 = B_SPLINE_CURVE_WITH_KNOTS('',11,(#9127,#9128,#9129,#9130,#9131,
    #9132,#9133,#9134,#9135,#9136,#9137,#9138,#9139,#9140,#9141,#9142,
    #9143,#9144,#9145,#9146,#9147,#9148,#9149,#9150,#9151,#9152,#9153,
    #9154,#9155,#9156,#9157,#9158,#9159,#9160,#9161,#9162,#9163,#9164,
    #9165,#9166,#9167,#9168,#9169,#9170,#9171,#9172,#9173,#9174,#9175,
    #9176,#9177,#9178,#9179,#9180,#9181,#9182,#9183,#9184,#9185,#9186,
    #9187,#9188,#9189,#9190,#9191,#9192,#9193,#9194,#9195,#9196,#9197,
    #9198,#9199,#9200,#9201,#9202,#9203,#9204,#9205,#9206,#9207,#9208,
    #9209,#9210,#9211,#9212,#9213,#9214,#9215,#9216,#9217,#9218,#9219,
    #9220,#9221,#9222,#9223,#9224,#9225,#9226,#9227,#9228,#9229,#9230,
    #9231,#9232,#9233,#9234,#9235,#9236,#9237,#9238,#9239,#9240,#9241,
    #9242,#9243,#9244,#9245,#9246,#9247,#9248,#9249,#9250,#9251,#9252,
    #9253,#9254,#9255,#9256,#9257,#9258,#9259,#9260,#9261,#9262,#9263,
    #9264,#9265,#9266,#9267,#9268,#9269,#9270,#9271,#9272,#9273,#9274,
    #9275,#9276,#9277,#9278,#9279,#9280,#9281,#9282,#9283,#9284,#9285,
    #9286,#9287,#9288,#9289,#9290,#9291,#9292,#9293,#9294,#9295,#9296,
    #9297,#9298,#9299,#9300,#9301,#9302,#9303,#9304,#9305,#9306,#9307,
    #9308,#9309,#9310,#9311,#9312,#9313,#9314,#9315,#9316,#9317,#9318,
    #9319,#9320,#9321,#9322,#9323,#9324,#9325,#9326,#9327,#9328,#9329,
    #9330,#9331,#9332,#9333,#9334,#9335,#9336,#9337,#9338,#9339,#9340,
    #9341,#9342,#9343,#9344,#9345,#9346,#9347,#9348,#9349,#9350,#9351,
    #9352,#9353,#9354,#9355,#9356,#9357,#9358,#9359,#9360,#9361,#9362,
    #9363,#9364,#9365,#9366,#9367,#9368,#9369,#9370,#9371,#9372,#9373,
    #9374,#9375,#9376,#9377,#9378,#9379,#9380,#9381,#9382,#9383,#9384,
    #9385,#9386,#9387,#9388,#9389,#9390,#9391,#9392,#9393,#9394,#9395,
    #9396,#9397,#9398,#9399,#9400,#9401,#9402,#9403,#9404,#9405,#9406,
    #9407,#9408,#9409,#9410,#9411,#9412,#9413,#9414,#9415,#9416,#9417,
    #9418,#9419,#9420,#9421,#9422,#9423,#9424,#9425,#9426,#9427,#9428,
    #9429,#9430,#9431,#9432,#9433,#9434,#9435,#9436,#9437,#9438,#9439,
    #9440,#9441,#9442,#9443,#9444,#9445,#9446,#9447,#9448,#9449,#9450,
    #9451,#9452,#9453,#9454,#9455,#9456,#9457,#9458,#9459,#9460,#9461,
    #9462,#9463,#9464,#9465,#9466,#9467,#9468,#9469,#9470,#9471,#9472,
    #9473,#9474,#9475,#9476,#9477,#9478,#9479,#9480,#9481,#9482,#9483,
    #9484,#9485,#9486,#9487,#9488,#9489,#9490,#9491,#9492,#9493,#9494,
    #9495,#9496,#9497,#9498,#9499,#9500,#9501,#9502,#9503,#9504,#9505,
    #9506,#9507,#9508,#9509,#9510,#9511,#9512,#9513,#9514,#9515,#9516,
    #9517,#9518,#9519,#9520,#9521,#9522,#9523,#9524,#9525,#9526,#9527,
    #9528,#9529,#9530,#9531,#9532,#9533,#9534,#9535,#9536,#9537,#9538,
    #9539,#9540,#9541,#9542,#9543,#9544,#9545,#9546,#9547,#9548,#9549,
    #9550,#9551,#9552,#9553,#9554,#9555,#9556,#9557,#9558,#9559,#9560,
    #9561,#9562,#9563,#9564,#9565,#9566,#9567,#9568,#9569,#9570,#9571,
    #9572,#9573,#9574,#9575,#9576,#9577,#9578,#9579,#9580,#9581,#9582,
    #9583,#9584,#9585,#9586,#9587,#9588),.UNSPECIFIED.,.F.,.F.,(12,10,10
    ,10,10,10,10,10,10,10,10,10,10,10,10,10,10,10,10,10,10,10,10,10,10,
    10,10,10,10,10,10,10,10,10,10,10,10,10,10,10,10,10,10,10,10,10,12),(
    0.,0.125,0.15625,0.171875,0.173828125,0.1748046875,0.17529296875,
    0.175415039062,0.175537109375,0.17578125,0.1796875,0.181640625,
    0.181884765625,0.18212890625,0.1826171875,0.18359375,0.1875,0.25,
    0.28125,0.296875,0.3125,0.375,0.5,0.5078125,0.515625,0.53125,0.5625,
    0.625,0.75,0.8125,0.828125,0.828186035156,0.828247070312,
    0.828369140625,0.82861328125,0.8291015625,0.830078125,0.83203125,
    0.8359375,0.837890625,0.83837890625,0.838623046875,0.8388671875,
    0.83984375,0.84375,0.875,1.),.UNSPECIFIED.);
#9127 = CARTESIAN_POINT('',(1.963495408402,1.097426020759E-03));
#9128 = CARTESIAN_POINT('',(1.938154438002,1.112325010968E-03));
#9129 = CARTESIAN_POINT('',(1.91281328174,1.126563441491E-03));
#9130 = CARTESIAN_POINT('',(1.887471873628,1.140143519546E-03));
#9131 = CARTESIAN_POINT('',(1.862130103409,1.15306735588E-03));
#9132 = CARTESIAN_POINT('',(1.836787918877,1.165336931313E-03));
#9133 = CARTESIAN_POINT('',(1.811445283012,1.176954111962E-03));
#9134 = CARTESIAN_POINT('',(1.786102128717,1.187920664444E-03));
#9135 = CARTESIAN_POINT('',(1.760758375364,1.198238249558E-03));
#9136 = CARTESIAN_POINT('',(1.735413992568,1.207908399961E-03));
#9137 = CARTESIAN_POINT('',(1.710069018066,1.216932514627E-03));
#9138 = CARTESIAN_POINT('',(1.678386942717,1.227406783655E-03));
#9139 = CARTESIAN_POINT('',(1.672050485972,1.229461343347E-03));
#9140 = CARTESIAN_POINT('',(1.665713984661,1.231475630158E-03));
#9141 = CARTESIAN_POINT('',(1.659377437492,1.233449664367E-03));
#9142 = CARTESIAN_POINT('',(1.653040844469,1.235383465418E-03));
#9143 = CARTESIAN_POINT('',(1.646704206593,1.237277052028E-03));
#9144 = CARTESIAN_POINT('',(1.64036752555,1.239130442307E-03));
#9145 = CARTESIAN_POINT('',(1.634030803419,1.240943653864E-03));
#9146 = CARTESIAN_POINT('',(1.627694042361,1.242716703924E-03));
#9147 = CARTESIAN_POINT('',(1.621357244319,1.244449609439E-03));
#9148 = CARTESIAN_POINT('',(1.611851993916,1.246988776088E-03));
#9149 = CARTESIAN_POINT('',(1.608683568713,1.247825132888E-03));
#9150 = CARTESIAN_POINT('',(1.605515134897,1.248651459814E-03));
#9151 = CARTESIAN_POINT('',(1.602346692194,1.249467759052E-03));
#9152 = CARTESIAN_POINT('',(1.599178240276,1.25027403277E-03));
#9153 = CARTESIAN_POINT('',(1.596009778753,1.251070283119E-03));
#9154 = CARTESIAN_POINT('',(1.592841307181,1.251856512226E-03));
#9155 = CARTESIAN_POINT('',(1.589672825054,1.252632722205E-03));
#9156 = CARTESIAN_POINT('',(1.58650433181,1.253398915143E-03));
#9157 = CARTESIAN_POINT('',(1.583335826828,1.254155093116E-03));
#9158 = CARTESIAN_POINT('',(1.579771244755,1.254994528807E-03));
#9159 = CARTESIAN_POINT('',(1.579375179889,1.255087642987E-03));
#9160 = CARTESIAN_POINT('',(1.57897911483,1.255180600717E-03));
#9161 = CARTESIAN_POINT('',(1.578583049579,1.255273402005E-03));
#9162 = CARTESIAN_POINT('',(1.578186984133,1.255366046849E-03));
#9163 = CARTESIAN_POINT('',(1.577790918492,1.255458535259E-03));
#9164 = CARTESIAN_POINT('',(1.577394852655,1.255550867234E-03));
#9165 = CARTESIAN_POINT('',(1.576998786621,1.255643042781E-03));
#9166 = CARTESIAN_POINT('',(1.576602720389,1.255735061902E-03));
#9167 = CARTESIAN_POINT('',(1.576206653958,1.255826924602E-03));
#9168 = CARTESIAN_POINT('',(1.575612554011,1.255964484025E-03));
#9169 = CARTESIAN_POINT('',(1.575414520645,1.256010298062E-03));
#9170 = CARTESIAN_POINT('',(1.575216487229,1.256056072995E-03));
#9171 = CARTESIAN_POINT('',(1.575018453762,1.256101808823E-03));
#9172 = CARTESIAN_POINT('',(1.574820420247,1.256147505552E-03));
#9173 = CARTESIAN_POINT('',(1.574622386678,1.256193163173E-03));
#9174 = CARTESIAN_POINT('',(1.574424353062,1.256238781697E-03));
#9175 = CARTESIAN_POINT('',(1.574226319393,1.256284361116E-03));
#9176 = CARTESIAN_POINT('',(1.574028285674,1.256329901436E-03));
#9177 = CARTESIAN_POINT('',(1.573830251904,1.256375402655E-03));
#9178 = CARTESIAN_POINT('',(1.573533201172,1.256443595833E-03));
#9179 = CARTESIAN_POINT('',(1.573434184248,1.256466317117E-03));
#9180 = CARTESIAN_POINT('',(1.573335167312,1.256489028627E-03));
#9181 = CARTESIAN_POINT('',(1.573236150363,1.256511730362E-03));
#9182 = CARTESIAN_POINT('',(1.573137133401,1.25653442232E-03));
#9183 = CARTESIAN_POINT('',(1.573038116426,1.256557104506E-03));
#9184 = CARTESIAN_POINT('',(1.572939099438,1.256579776915E-03));
#9185 = CARTESIAN_POINT('',(1.572840082438,1.256602439552E-03));
#9186 = CARTESIAN_POINT('',(1.572741065425,1.256625092412E-03));
#9187 = CARTESIAN_POINT('',(1.572642048398,1.256647735499E-03));
#9188 = CARTESIAN_POINT('',(1.572518277099,1.256676027138E-03));
#9189 = CARTESIAN_POINT('',(1.572493515013,1.256681788E-03));
#9190 = CARTESIAN_POINT('',(1.572468817428,1.256686698111E-03));
#9191 = CARTESIAN_POINT('',(1.572443864249,1.25669497635E-03));
#9192 = CARTESIAN_POINT('',(1.572419542219,1.256694935336E-03));
#9193 = CARTESIAN_POINT('',(1.57239416996,1.256708735889E-03));
#9194 = CARTESIAN_POINT('',(1.572369979757,1.256706956123E-03));
#9195 = CARTESIAN_POINT('',(1.572344949901,1.256716242509E-03));
#9196 = CARTESIAN_POINT('',(1.572320234814,1.256721379561E-03));
#9197 = CARTESIAN_POINT('',(1.572295418512,1.256727850009E-03));
#9198 = CARTESIAN_POINT('',(1.572245762763,1.25674109473E-03));
#9199 = CARTESIAN_POINT('',(1.572220914319,1.256747987561E-03));
#9200 = CARTESIAN_POINT('',(1.572196045445,1.256755149044E-03));
#9201 = CARTESIAN_POINT('',(1.572171156277,1.256762577364E-03));
#9202 = CARTESIAN_POINT('',(1.572146246954,1.256770270701E-03));
#9203 = CARTESIAN_POINT('',(1.572121317612,1.25677822724E-03));
#9204 = CARTESIAN_POINT('',(1.572096368391,1.256786445162E-03));
#9205 = CARTESIAN_POINT('',(1.572071399427,1.256794922651E-03));
#9206 = CARTESIAN_POINT('',(1.572046410859,1.256803657889E-03));
#9207 = CARTESIAN_POINT('',(1.572021402824,1.25681264906E-03));
#9208 = CARTESIAN_POINT('',(1.571946320729,1.256840384914E-03));
#9209 = CARTESIAN_POINT('',(1.571896188718,1.256859891482E-03));
#9210 = CARTESIAN_POINT('',(1.571845980479,1.256880400124E-03));
#9211 = CARTESIAN_POINT('',(1.571795697068,1.256901896917E-03));
#9212 = CARTESIAN_POINT('',(1.571745339539,1.256924367937E-03));
#9213 = CARTESIAN_POINT('',(1.571694908949,1.256947799263E-03));
#9214 = CARTESIAN_POINT('',(1.571644406351,1.25697217697E-03));
#9215 = CARTESIAN_POINT('',(1.571593832803,1.256997487134E-03));
#9216 = CARTESIAN_POINT('',(1.571543189356,1.257023715833E-03));
#9217 = CARTESIAN_POINT('',(1.571492477069,1.257050849144E-03));
#9218 = CARTESIAN_POINT('',(1.570629215802,1.25752725712E-03));
#9219 = CARTESIAN_POINT('',(1.569799369285,1.258203814693E-03));
#9220 = CARTESIAN_POINT('',(1.568956351807,1.25905319484E-03));
#9221 = CARTESIAN_POINT('',(1.568103848947,1.260026762222E-03));
#9222 = CARTESIAN_POINT('',(1.567245037491,1.261082597175E-03));
#9223 = CARTESIAN_POINT('',(1.566382585445,1.262185495722E-03));
#9224 = CARTESIAN_POINT('',(1.565518652019,1.263306969559E-03));
#9225 = CARTESIAN_POINT('',(1.564654887645,1.264425246073E-03));
#9226 = CARTESIAN_POINT('',(1.563792433956,1.26552526832E-03));
#9227 = CARTESIAN_POINT('',(1.562931923808,1.266598695046E-03));
#9228 = CARTESIAN_POINT('',(1.561644259989,1.268166503485E-03));
#9229 = CARTESIAN_POINT('',(1.561215555615,1.268682051046E-03));
#9230 = CARTESIAN_POINT('',(1.560787383648,1.269190340166E-03));
#9231 = CARTESIAN_POINT('',(1.560359727794,1.269691587393E-03));
#9232 = CARTESIAN_POINT('',(1.559932539963,1.270186429015E-03));
#9233 = CARTESIAN_POINT('',(1.55950574026,1.270675921055E-03));
#9234 = CARTESIAN_POINT('',(1.559079216996,1.271161539274E-03));
#9235 = CARTESIAN_POINT('',(1.558652826677,1.271645179171E-03));
#9236 = CARTESIAN_POINT('',(1.558226394014,1.272129155984E-03));
#9237 = CARTESIAN_POINT('',(1.557799711913,1.272616204686E-03));
#9238 = CARTESIAN_POINT('',(1.557319145182,1.273171139401E-03));
#9239 = CARTESIAN_POINT('',(1.557265741295,1.27323289549E-03));
#9240 = CARTESIAN_POINT('',(1.557212329327,1.273294754826E-03));
#9241 = CARTESIAN_POINT('',(1.55715890878,1.273356723981E-03));
#9242 = CARTESIAN_POINT('',(1.557105479156,1.273418809525E-03));
#9243 = CARTESIAN_POINT('',(1.557052039959,1.273481018033E-03));
#9244 = CARTESIAN_POINT('',(1.556998590689,1.273543356072E-03));
#9245 = CARTESIAN_POINT('',(1.556945130851,1.273605830217E-03));
#9246 = CARTESIAN_POINT('',(1.556891659945,1.273668447037E-03));
#9247 = CARTESIAN_POINT('',(1.556838177474,1.273731213105E-03));
#9248 = CARTESIAN_POINT('',(1.556731188409,1.273857056879E-03));
#9249 = CARTESIAN_POINT('',(1.556677678196,1.273920182411E-03));
#9250 = CARTESIAN_POINT('',(1.556624179012,1.273983158489E-03));
#9251 = CARTESIAN_POINT('',(1.556570609994,1.274047054129E-03));
#9252 = CARTESIAN_POINT('',(1.556517061466,1.274110675196E-03));
#9253 = CARTESIAN_POINT('',(1.556463555799,1.274173725943E-03));
#9254 = CARTESIAN_POINT('',(1.556410025676,1.274237096341E-03));
#9255 = CARTESIAN_POINT('',(1.556356466902,1.274300841846E-03));
#9256 = CARTESIAN_POINT('',(1.556302950535,1.274364023023E-03));
#9257 = CARTESIAN_POINT('',(1.556249412601,1.274427485669E-03));
#9258 = CARTESIAN_POINT('',(1.556088811573,1.274617693674E-03));
#9259 = CARTESIAN_POINT('',(1.555981744289,1.274744483399E-03));
#9260 = CARTESIAN_POINT('',(1.555874677074,1.274871257511E-03));
#9261 = CARTESIAN_POINT('',(1.555767609929,1.274998016005E-03));
#9262 = CARTESIAN_POINT('',(1.555660542851,1.275124758884E-03));
#9263 = CARTESIAN_POINT('',(1.555553475844,1.27525148614E-03));
#9264 = CARTESIAN_POINT('',(1.555446408904,1.275378197776E-03));
#9265 = CARTESIAN_POINT('',(1.555339342034,1.275504893785E-03));
#9266 = CARTESIAN_POINT('',(1.555232275232,1.275631574169E-03));
#9267 = CARTESIAN_POINT('',(1.5551252085,1.275758238923E-03));
#9268 = CARTESIAN_POINT('',(1.554804008509,1.276138186294E-03));
#9269 = CARTESIAN_POINT('',(1.554589875458,1.276391422017E-03));
#9270 = CARTESIAN_POINT('',(1.554375742683,1.276644595198E-03));
#9271 = CARTESIAN_POINT('',(1.554161610184,1.27689770582E-03));
#9272 = CARTESIAN_POINT('',(1.553947477963,1.277150753865E-03));
#9273 = CARTESIAN_POINT('',(1.553733346016,1.277403739318E-03));
#9274 = CARTESIAN_POINT('',(1.55351921435,1.277656662159E-03));
#9275 = CARTESIAN_POINT('',(1.553305082958,1.277909522373E-03));
#9276 = CARTESIAN_POINT('',(1.553090951846,1.27816231994E-03));
#9277 = CARTESIAN_POINT('',(1.552876821011,1.278415054845E-03));
#9278 = CARTESIAN_POINT('',(1.551806168226,1.279678415969E-03));
#9279 = CARTESIAN_POINT('',(1.550949650447,1.280688101971E-03));
#9280 = CARTESIAN_POINT('',(1.550093137134,1.281696783984E-03));
#9281 = CARTESIAN_POINT('',(1.549236628299,1.282704460909E-03));
#9282 = CARTESIAN_POINT('',(1.548380123959,1.283711131657E-03));
#9283 = CARTESIAN_POINT('',(1.547523624125,1.284716795126E-03));
#9284 = CARTESIAN_POINT('',(1.546667128814,1.28572145023E-03));
#9285 = CARTESIAN_POINT('',(1.545810638039,1.286725095866E-03));
#9286 = CARTESIAN_POINT('',(1.544954151816,1.287727730947E-03));
#9287 = CARTESIAN_POINT('',(1.544097670158,1.288729354373E-03));
#9288 = CARTESIAN_POINT('',(1.529537559832,1.305739735915E-03));
#9289 = CARTESIAN_POINT('',(1.515835106328,1.321490239527E-03));
#9290 = CARTESIAN_POINT('',(1.502133842845,1.336977085294E-03));
#9291 = CARTESIAN_POINT('',(1.488433916537,1.352195893133E-03));
#9292 = CARTESIAN_POINT('',(1.474735335339,1.367142599806E-03));
#9293 = CARTESIAN_POINT('',(1.461038015006,1.38181339539E-03));
#9294 = CARTESIAN_POINT('',(1.447341896206,1.396204584706E-03));
#9295 = CARTESIAN_POINT('',(1.43364699026,1.410312536651E-03));
#9296 = CARTESIAN_POINT('',(1.419953323334,1.424133752293E-03));
#9297 = CARTESIAN_POINT('',(1.406260860644,1.437664950748E-03));
#9298 = CARTESIAN_POINT('',(1.385723974846,1.457521934316E-03));
#9299 = CARTESIAN_POINT('',(1.378878647541,1.464067626454E-03));
#9300 = CARTESIAN_POINT('',(1.372033619544,1.470539620409E-03));
#9301 = CARTESIAN_POINT('',(1.365188889067,1.476937528553E-03));
#9302 = CARTESIAN_POINT('',(1.358344454522,1.483260971435E-03));
#9303 = CARTESIAN_POINT('',(1.351500314521,1.489509577771E-03));
#9304 = CARTESIAN_POINT('',(1.344656467871,1.495682984457E-03));
#9305 = CARTESIAN_POINT('',(1.337812913584,1.501780836556E-03));
#9306 = CARTESIAN_POINT('',(1.330969650865,1.507802787308E-03));
#9307 = CARTESIAN_POINT('',(1.324126679124,1.513748498123E-03));
#9308 = CARTESIAN_POINT('',(1.313862657385,1.522552208817E-03));
#9309 = CARTESIAN_POINT('',(1.310441383735,1.525467641196E-03));
#9310 = CARTESIAN_POINT('',(1.307020242391,1.528363838706E-03));
#9311 = CARTESIAN_POINT('',(1.303598893172,1.531241051186E-03));
#9312 = CARTESIAN_POINT('',(1.300178374918,1.534098346839E-03));
#9313 = CARTESIAN_POINT('',(1.296756716258,1.536937383346E-03));
#9314 = CARTESIAN_POINT('',(1.293336232609,1.539756120825E-03));
#9315 = CARTESIAN_POINT('',(1.28991509425,1.54255610341E-03));
#9316 = CARTESIAN_POINT('',(1.286494308377,1.545336419536E-03));
#9317 = CARTESIAN_POINT('',(1.283073499347,1.548097356782E-03));
#9318 = CARTESIAN_POINT('',(1.276232012049,1.553580244297E-03));
#9319 = CARTESIAN_POINT('',(1.272811324377,1.556302199764E-03));
#9320 = CARTESIAN_POINT('',(1.269390693246,1.559004630702E-03));
#9321 = CARTESIAN_POINT('',(1.26597011922,1.561687500869E-03));
#9322 = CARTESIAN_POINT('',(1.262549602864,1.564350774027E-03));
#9323 = CARTESIAN_POINT('',(1.259129144741,1.566994413934E-03));
#9324 = CARTESIAN_POINT('',(1.255708745416,1.56961838435E-03));
#9325 = CARTESIAN_POINT('',(1.252288405454,1.572222649036E-03));
#9326 = CARTESIAN_POINT('',(1.248868125418,1.574807171751E-03));
#9327 = CARTESIAN_POINT('',(1.245447905873,1.577371916256E-03));
#9328 = CARTESIAN_POINT('',(1.228347113422,1.590096566524E-03));
#9329 = CARTESIAN_POINT('',(1.214667451936,1.599959305206E-03));
#9330 = CARTESIAN_POINT('',(1.200988783645,1.609502881937E-03));
#9331 = CARTESIAN_POINT('',(1.187311115854,1.618725245892E-03));
#9332 = CARTESIAN_POINT('',(1.173634443919,1.62762447041E-03));
#9333 = CARTESIAN_POINT('',(1.159958752689,1.636198747544E-03));
#9334 = CARTESIAN_POINT('',(1.146284017972,1.644446382643E-03));
#9335 = CARTESIAN_POINT('',(1.132610207984,1.652365788894E-03));
#9336 = CARTESIAN_POINT('',(1.118937284812,1.659955481904E-03));
#9337 = CARTESIAN_POINT('',(1.105265205861,1.667214074254E-03));
#9338 = CARTESIAN_POINT('',(1.064251364226,1.687992661683E-03));
#9339 = CARTESIAN_POINT('',(1.0369119971,1.700515472662E-03));
#9340 = CARTESIAN_POINT('',(1.009575450052,1.71169835181E-03));
#9341 = CARTESIAN_POINT('',(0.982241298554,1.721532456771E-03));
#9342 = CARTESIAN_POINT('',(0.954909100043,1.730010328453E-03));
#9343 = CARTESIAN_POINT('',(0.927578430379,1.737125797298E-03));
#9344 = CARTESIAN_POINT('',(0.900248924153,1.742873921395E-03));
#9345 = CARTESIAN_POINT('',(0.872920318846,1.747250956435E-03));
#9346 = CARTESIAN_POINT('',(0.845592502827,1.750254357508E-03));
#9347 = CARTESIAN_POINT('',(0.818265567215,1.751882812745E-03));
#9348 = CARTESIAN_POINT('',(0.789232004971,1.752152152303E-03));
#9349 = CARTESIAN_POINT('',(0.787524141767,1.75216262483E-03));
#9350 = CARTESIAN_POINT('',(0.785816359481,1.752167726698E-03));
#9351 = CARTESIAN_POINT('',(0.784108363487,1.752167457078E-03));
#9352 = CARTESIAN_POINT('',(0.782400684511,1.752161816946E-03));
#9353 = CARTESIAN_POINT('',(0.780692880283,1.752150806517E-03));
#9354 = CARTESIAN_POINT('',(0.778984873066,1.752134424842E-03));
#9355 = CARTESIAN_POINT('',(0.777277095035,1.752112671619E-03));
#9356 = CARTESIAN_POINT('',(0.775569157536,1.752085547574E-03));
#9357 = CARTESIAN_POINT('',(0.773861247633,1.752053051989E-03));
#9358 = CARTESIAN_POINT('',(0.770445382996,1.751977318092E-03));
#9359 = CARTESIAN_POINT('',(0.768737434411,1.751934079604E-03));
#9360 = CARTESIAN_POINT('',(0.767029469851,1.751885469615E-03));
#9361 = CARTESIAN_POINT('',(0.765321489609,1.751831488167E-03));
#9362 = CARTESIAN_POINT('',(0.763613493974,1.751772135294E-03));
#9363 = CARTESIAN_POINT('',(0.76190548324,1.751707411041E-03));
#9364 = CARTESIAN_POINT('',(0.760197457697,1.751637315441E-03));
#9365 = CARTESIAN_POINT('',(0.758489417639,1.751561848537E-03));
#9366 = CARTESIAN_POINT('',(0.756781363356,1.751481010367E-03));
#9367 = CARTESIAN_POINT('',(0.75507329514,1.75139480097E-03));
#9368 = CARTESIAN_POINT('',(0.749949049568,1.751120059214E-03));
#9369 = CARTESIAN_POINT('',(0.746532831145,1.750915413834E-03));
#9370 = CARTESIAN_POINT('',(0.743116560126,1.750689285319E-03));
#9371 = CARTESIAN_POINT('',(0.739700238534,1.750441675092E-03));
#9372 = CARTESIAN_POINT('',(0.736283868302,1.750172584935E-03));
#9373 = CARTESIAN_POINT('',(0.732867451274,1.74988201698E-03));
#9374 = CARTESIAN_POINT('',(0.729450989206,1.749569973719E-03));
#9375 = CARTESIAN_POINT('',(0.726034483762,1.749236457992E-03));
#9376 = CARTESIAN_POINT('',(0.722617936518,1.748881472998E-03));
#9377 = CARTESIAN_POINT('',(0.719201348959,1.748505022286E-03));
#9378 = CARTESIAN_POINT('',(0.708951469534,1.747311284721E-03));
#9379 = CARTESIAN_POINT('',(0.702118061209,1.746429612131E-03));
#9380 = CARTESIAN_POINT('',(0.695284508397,1.745462123448E-03));
#9381 = CARTESIAN_POINT('',(0.688450820881,1.744408855382E-03));
#9382 = CARTESIAN_POINT('',(0.681617007344,1.743269849904E-03));
#9383 = CARTESIAN_POINT('',(0.674783075365,1.742045154235E-03));
#9384 = CARTESIAN_POINT('',(0.667949031419,1.74073482086E-03));
#9385 = CARTESIAN_POINT('',(0.661114880883,1.739338907515E-03));
#9386 = CARTESIAN_POINT('',(0.654280628029,1.737857477199E-03));
#9387 = CARTESIAN_POINT('',(0.647446276025,1.736290598163E-03));
#9388 = CARTESIAN_POINT('',(0.62694292877,1.731333835428E-03));
#9389 = CARTESIAN_POINT('',(0.613273643381,1.727687824199E-03));
#9390 = CARTESIAN_POINT('',(0.599603989911,1.723700898494E-03));
#9391 = CARTESIAN_POINT('',(0.585933973741,1.71937372592E-03));
#9392 = CARTESIAN_POINT('',(0.572263587921,1.714707054393E-03));
#9393 = CARTESIAN_POINT('',(0.558592814593,1.709701713089E-03));
#9394 = CARTESIAN_POINT('',(0.544921626417,1.704358613407E-03));
#9395 = CARTESIAN_POINT('',(0.531249987996,1.69867874992E-03));
#9396 = CARTESIAN_POINT('',(0.517577857299,1.692663201342E-03));
#9397 = CARTESIAN_POINT('',(0.503905187092,1.686313131477E-03));
#9398 = CARTESIAN_POINT('',(0.462885404876,1.666263107598E-03));
#9399 = CARTESIAN_POINT('',(0.435536520962,1.6515633411E-03));
#9400 = CARTESIAN_POINT('',(0.408184862155,1.635540512701E-03));
#9401 = CARTESIAN_POINT('',(0.380829957092,1.61820605013E-03));
#9402 = CARTESIAN_POINT('',(0.353471306199,1.599572875441E-03));
#9403 = CARTESIAN_POINT('',(0.326108414771,1.579655514141E-03));
#9404 = CARTESIAN_POINT('',(0.298740828438,1.558470224929E-03));
#9405 = CARTESIAN_POINT('',(0.271368171005,1.536035149918E-03));
#9406 = CARTESIAN_POINT('',(0.243990184697,1.512370485486E-03));
#9407 = CARTESIAN_POINT('',(0.216606772763,1.487498673621E-03));
#9408 = CARTESIAN_POINT('',(0.175523680352,1.448417583987E-03));
#9409 = CARTESIAN_POINT('',(0.161827986689,1.435094990916E-03));
#9410 = CARTESIAN_POINT('',(0.148130978116,1.421479947232E-03));
#9411 = CARTESIAN_POINT('',(0.134432681359,1.407575717147E-03));
#9412 = CARTESIAN_POINT('',(0.120733137402,1.393385723565E-03));
#9413 = CARTESIAN_POINT('',(0.107032403633,1.37891355511E-03));
#9414 = CARTESIAN_POINT('',(9.333055599829E-02,1.364162973204E-03));
#9415 = CARTESIAN_POINT('',(7.962769114727E-02,1.349137919087E-03));
#9416 = CARTESIAN_POINT('',(6.592392858121E-02,1.333842520892E-03));
#9417 = CARTESIAN_POINT('',(5.221941280251E-02,1.318281100674E-03));
#9418 = CARTESIAN_POINT('',(3.50880411285E-02,1.298502451673E-03));
#9419 = CARTESIAN_POINT('',(3.166173047162E-02,1.294530378235E-03));
#9420 = CARTESIAN_POINT('',(2.823538616597E-02,1.290542031799E-03));
#9421 = CARTESIAN_POINT('',(2.480901099974E-02,1.286537483813E-03));
#9422 = CARTESIAN_POINT('',(2.138260787588E-02,1.282516806537E-03));
#9423 = CARTESIAN_POINT('',(1.795617981225E-02,1.278480073042E-03));
#9424 = CARTESIAN_POINT('',(1.452972994141E-02,1.274427357204E-03));
#9425 = CARTESIAN_POINT('',(1.110326151089E-02,1.270358733716E-03));
#9426 = CARTESIAN_POINT('',(7.676777882931E-03,1.266274278076E-03));
#9427 = CARTESIAN_POINT('',(4.250282534668E-03,1.262174066595E-03));
#9428 = CARTESIAN_POINT('',(8.103942788197E-04,1.258042098696E-03));
#9429 = CARTESIAN_POINT('',(7.970094994903E-04,1.258026020761E-03));
#9430 = CARTESIAN_POINT('',(7.836247200372E-04,1.258009942586E-03));
#9431 = CARTESIAN_POINT('',(7.702399404609E-04,1.257993864173E-03));
#9432 = CARTESIAN_POINT('',(7.568551607611E-04,1.257977785518E-03));
#9433 = CARTESIAN_POINT('',(7.434703809391E-04,1.257961706628E-03));
#9434 = CARTESIAN_POINT('',(7.300856009934E-04,1.257945627495E-03));
#9435 = CARTESIAN_POINT('',(7.167008209261E-04,1.257929548125E-03));
#9436 = CARTESIAN_POINT('',(7.033160407359E-04,1.257913468515E-03));
#9437 = CARTESIAN_POINT('',(6.899312604239E-04,1.257897388666E-03));
#9438 = CARTESIAN_POINT('',(6.631616995562E-04,1.257865228489E-03));
#9439 = CARTESIAN_POINT('',(6.497786920576E-04,1.25784917431E-03));
#9440 = CARTESIAN_POINT('',(6.363877661303E-04,1.257833003158E-03));
#9441 = CARTESIAN_POINT('',(6.230012363211E-04,1.257816896534E-03));
#9442 = CARTESIAN_POINT('',(6.096288947126E-04,1.257800998808E-03));
#9443 = CARTESIAN_POINT('',(5.962708104555E-04,1.257785311077E-03));
#9444 = CARTESIAN_POINT('',(5.829209233688E-04,1.257769744108E-03));
#9445 = CARTESIAN_POINT('',(5.695748977565E-04,1.25775423407E-03));
#9446 = CARTESIAN_POINT('',(5.562357026002E-04,1.25773882477E-03));
#9447 = CARTESIAN_POINT('',(5.429103842802E-04,1.257723620106E-03));
#9448 = CARTESIAN_POINT('',(5.029537253781E-04,1.257678291106E-03));
#9449 = CARTESIAN_POINT('',(4.763497666854E-04,1.257648570946E-03));
#9450 = CARTESIAN_POINT('',(4.497791484083E-04,1.257619343453E-03));
#9451 = CARTESIAN_POINT('',(4.232413970535E-04,1.257590602121E-03));
#9452 = CARTESIAN_POINT('',(3.967360391283E-04,1.257562340444E-03));
#9453 = CARTESIAN_POINT('',(3.70262601139E-04,1.257534551914E-03));
#9454 = CARTESIAN_POINT('',(3.438206095931E-04,1.257507230028E-03));
#9455 = CARTESIAN_POINT('',(3.174095909971E-04,1.257480368276E-03));
#9456 = CARTESIAN_POINT('',(2.910290718581E-04,1.257453960155E-03));
#9457 = CARTESIAN_POINT('',(2.646785786829E-04,1.257427999156E-03));
#9458 = CARTESIAN_POINT('',(1.857157565694E-04,1.257351438012E-03));
#9459 = CARTESIAN_POINT('',(1.33191769451E-04,1.257302155509E-03));
#9460 = CARTESIAN_POINT('',(8.078232819289E-05,1.257254585073E-03));
#9461 = CARTESIAN_POINT('',(2.848408436502E-05,1.257208680511E-03));
#9462 = CARTESIAN_POINT('',(-2.3706310463E-05,1.257164395631E-03));
#9463 = CARTESIAN_POINT('',(-7.579220472122E-05,1.257121684241E-03));
#9464 = CARTESIAN_POINT('',(-1.2777694684E-04,1.257080500146E-03));
#9465 = CARTESIAN_POINT('',(-1.796638852495E-04,1.257040797157E-03));
#9466 = CARTESIAN_POINT('',(-2.3145636838E-04,1.257002529078E-03));
#9467 = CARTESIAN_POINT('',(-2.831577446616E-04,1.256965649717E-03));
#9468 = CARTESIAN_POINT('',(-4.379985982507E-04,1.256859039214E-03));
#9469 = CARTESIAN_POINT('',(-5.408732401906E-04,1.256793356471E-03));
#9470 = CARTESIAN_POINT('',(-6.434196871155E-04,1.256732726938E-03));
#9471 = CARTESIAN_POINT('',(-7.456613629193E-04,1.256676825927E-03));
#9472 = CARTESIAN_POINT('',(-8.476207166186E-04,1.256625341764E-03));
#9473 = CARTESIAN_POINT('',(-9.493192223533E-04,1.256577975805E-03));
#9474 = CARTESIAN_POINT('',(-1.050777379385E-03,1.256534442418E-03));
#9475 = CARTESIAN_POINT('',(-1.152014712099E-03,1.256494469003E-03));
#9476 = CARTESIAN_POINT('',(-1.253049770002E-03,1.256457795972E-03));
#9477 = CARTESIAN_POINT('',(-1.353900127726E-03,1.256424176766E-03));
#9478 = CARTESIAN_POINT('',(-1.655946899617E-03,1.25633178E-03));
#9479 = CARTESIAN_POINT('',(-1.856639555126E-03,1.256281456139E-03));
#9480 = CARTESIAN_POINT('',(-2.056794326101E-03,1.256240522434E-03));
#9481 = CARTESIAN_POINT('',(-2.25653132328E-03,1.256207280545E-03));
#9482 = CARTESIAN_POINT('',(-2.455957598481E-03,1.256180207017E-03));
#9483 = CARTESIAN_POINT('',(-2.655167949492E-03,1.256157942666E-03));
#9484 = CARTESIAN_POINT('',(-2.854245724968E-03,1.256139281977E-03));
#9485 = CARTESIAN_POINT('',(-3.053263629321E-03,1.25612316249E-03));
#9486 = CARTESIAN_POINT('',(-3.252284527613E-03,1.256108654196E-03));
#9487 = CARTESIAN_POINT('',(-3.451362250451E-03,1.256094948927E-03));
#9488 = CARTESIAN_POINT('',(-4.048902695733E-03,1.256054151394E-03));
#9489 = CARTESIAN_POINT('',(-4.44767600674E-03,1.256027333759E-03));
#9490 = CARTESIAN_POINT('',(-4.847218662047E-03,1.255995433105E-03));
#9491 = CARTESIAN_POINT('',(-5.247761589124E-03,1.255954682796E-03));
#9492 = CARTESIAN_POINT('',(-5.649427742519E-03,1.255902783575E-03));
#9493 = CARTESIAN_POINT('',(-6.05224953367E-03,1.25583867385E-03));
#9494 = CARTESIAN_POINT('',(-6.456186260617E-03,1.255762299968E-03));
#9495 = CARTESIAN_POINT('',(-6.861141537845E-03,1.255674386501E-03));
#9496 = CARTESIAN_POINT('',(-7.266980725994E-03,1.255576206525E-03));
#9497 = CARTESIAN_POINT('',(-7.673548361677E-03,1.255469351896E-03));
#9498 = CARTESIAN_POINT('',(-8.894960038327E-03,1.255127806825E-03));
#9499 = CARTESIAN_POINT('',(-9.711498718568E-03,1.254872321417E-03));
#9500 = CARTESIAN_POINT('',(-1.052897047724E-02,1.254603289249E-03));
#9501 = CARTESIAN_POINT('',(-1.134585608819E-02,1.254338140186E-03));
#9502 = CARTESIAN_POINT('',(-1.216082836419E-02,1.254092482095E-03));
#9503 = CARTESIAN_POINT('',(-1.29730138456E-02,1.253876651623E-03));
#9504 = CARTESIAN_POINT('',(-1.37821360637E-02,1.253693825714E-03));
#9505 = CARTESIAN_POINT('',(-1.458854037805E-02,1.253539693841E-03));
#9506 = CARTESIAN_POINT('',(-1.539310038871E-02,1.253403690966E-03));
#9507 = CARTESIAN_POINT('',(-1.619700592247E-02,1.253271791225E-03));
#9508 = CARTESIAN_POINT('',(-1.740364592943E-02,1.253060397895E-03));
#9509 = CARTESIAN_POINT('',(-1.780599308206E-02,1.252987629609E-03));
#9510 = CARTESIAN_POINT('',(-1.820861346728E-02,1.252911015265E-03));
#9511 = CARTESIAN_POINT('',(-1.861165397293E-02,1.252828958313E-03));
#9512 = CARTESIAN_POINT('',(-1.901525308148E-02,1.252740017107E-03));
#9513 = CARTESIAN_POINT('',(-1.941952499292E-02,1.252643114132E-03));
#9514 = CARTESIAN_POINT('',(-1.982454374689E-02,1.252537745249E-03));
#9515 = CARTESIAN_POINT('',(-2.023032734575E-02,1.252424188917E-03));
#9516 = CARTESIAN_POINT('',(-2.063682187672E-02,1.252303715439E-03));
#9517 = CARTESIAN_POINT('',(-2.104388563477E-02,1.252178796186E-03));
#9518 = CARTESIAN_POINT('',(-2.155312014757E-02,1.252021942002E-03));
#9519 = CARTESIAN_POINT('',(-2.165498697738E-02,1.251990540041E-03));
#9520 = CARTESIAN_POINT('',(-2.175686990565E-02,1.251959167538E-03));
#9521 = CARTESIAN_POINT('',(-2.185876459003E-02,1.251927892018E-03));
#9522 = CARTESIAN_POINT('',(-2.196066617457E-02,1.251896787943E-03));
#9523 = CARTESIAN_POINT('',(-2.206256928981E-02,1.251865936717E-03));
#9524 = CARTESIAN_POINT('',(-2.216446805267E-02,1.251835426684E-03));
#9525 = CARTESIAN_POINT('',(-2.226635606658E-02,1.251805353128E-03));
#9526 = CARTESIAN_POINT('',(-2.236822642132E-02,1.251775818274E-03));
#9527 = CARTESIAN_POINT('',(-2.247007169319E-02,1.251746931286E-03));
#9528 = CARTESIAN_POINT('',(-2.262279007072E-02,1.251704746761E-03));
#9529 = CARTESIAN_POINT('',(-2.267368840772E-02,1.251690865714E-03));
#9530 = CARTESIAN_POINT('',(-2.272457794048E-02,1.251677187521E-03));
#9531 = CARTESIAN_POINT('',(-2.277544734467E-02,1.251663910451E-03));
#9532 = CARTESIAN_POINT('',(-2.282632595359E-02,1.251650473824E-03));
#9533 = CARTESIAN_POINT('',(-2.287718944044E-02,1.251637349113E-03));
#9534 = CARTESIAN_POINT('',(-2.292800455713E-02,1.251625162497E-03));
#9535 = CARTESIAN_POINT('',(-2.297881366684E-02,1.25161307977E-03));
#9536 = CARTESIAN_POINT('',(-2.302967664447E-02,1.251599948009E-03));
#9537 = CARTESIAN_POINT('',(-2.308050499589E-02,1.251587489566E-03));
#9538 = CARTESIAN_POINT('',(-2.318217653482E-02,1.251562277138E-03));
#9539 = CARTESIAN_POINT('',(-2.323301230143E-02,1.251549668344E-03));
#9540 = CARTESIAN_POINT('',(-2.328384806519E-02,1.251537056972E-03));
#9541 = CARTESIAN_POINT('',(-2.333468382611E-02,1.25152444302E-03));
#9542 = CARTESIAN_POINT('',(-2.338551958417E-02,1.251511826489E-03));
#9543 = CARTESIAN_POINT('',(-2.34363553394E-02,1.251499207378E-03));
#9544 = CARTESIAN_POINT('',(-2.348719109176E-02,1.251486585689E-03));
#9545 = CARTESIAN_POINT('',(-2.353802684128E-02,1.25147396142E-03));
#9546 = CARTESIAN_POINT('',(-2.358886258795E-02,1.251461334571E-03));
#9547 = CARTESIAN_POINT('',(-2.363969833177E-02,1.251448705144E-03));
#9548 = CARTESIAN_POINT('',(-2.389387703663E-02,1.251385545109E-03));
#9549 = CARTESIAN_POINT('',(-2.409721995494E-02,1.251334975811E-03));
#9550 = CARTESIAN_POINT('',(-2.430056282768E-02,1.251284365245E-03));
#9551 = CARTESIAN_POINT('',(-2.450390565483E-02,1.251233713406E-03));
#9552 = CARTESIAN_POINT('',(-2.470724843643E-02,1.251183020299E-03));
#9553 = CARTESIAN_POINT('',(-2.491059117244E-02,1.251132285918E-03));
#9554 = CARTESIAN_POINT('',(-2.511393386291E-02,1.251081510267E-03));
#9555 = CARTESIAN_POINT('',(-2.53172765078E-02,1.251030693342E-03));
#9556 = CARTESIAN_POINT('',(-2.552061910714E-02,1.250979835145E-03));
#9557 = CARTESIAN_POINT('',(-2.572396166093E-02,1.250928935674E-03));
#9558 = CARTESIAN_POINT('',(-2.674067420212E-02,1.250674231948E-03));
#9559 = CARTESIAN_POINT('',(-2.755404350631E-02,1.250469808582E-03));
#9560 = CARTESIAN_POINT('',(-2.836741208194E-02,1.250264724797E-03));
#9561 = CARTESIAN_POINT('',(-2.918077992919E-02,1.250058980556E-03));
#9562 = CARTESIAN_POINT('',(-2.999414704827E-02,1.249852575828E-03));
#9563 = CARTESIAN_POINT('',(-3.080751343935E-02,1.249645510573E-03));
#9564 = CARTESIAN_POINT('',(-3.162087910267E-02,1.249437784763E-03));
#9565 = CARTESIAN_POINT('',(-3.243424403837E-02,1.249229398356E-03));
#9566 = CARTESIAN_POINT('',(-3.324760824668E-02,1.249020351324E-03));
#9567 = CARTESIAN_POINT('',(-3.406097172778E-02,1.248810643628E-03));
#9568 = CARTESIAN_POINT('',(-4.138123651456E-02,1.246917328093E-03));
#9569 = CARTESIAN_POINT('',(-4.788809180777E-02,1.245192099184E-03));
#9570 = CARTESIAN_POINT('',(-5.439490060682E-02,1.243424568586E-03));
#9571 = CARTESIAN_POINT('',(-6.090166315711E-02,1.241614716372E-03));
#9572 = CARTESIAN_POINT('',(-6.740837970384E-02,1.239762522621E-03));
#9573 = CARTESIAN_POINT('',(-7.391505049258E-02,1.237867967405E-03));
#9574 = CARTESIAN_POINT('',(-8.042167576836E-02,1.235931030803E-03));
#9575 = CARTESIAN_POINT('',(-8.692825577683E-02,1.233951692888E-03));
#9576 = CARTESIAN_POINT('',(-9.343479076308E-02,1.231929933738E-03));
#9577 = CARTESIAN_POINT('',(-9.994128097259E-02,1.229865733427E-03));
#9578 = CARTESIAN_POINT('',(-0.132473509363,1.219332426449E-03));
#9579 = CARTESIAN_POINT('',(-0.158498583563,1.210226356825E-03));
#9580 = CARTESIAN_POINT('',(-0.184522973295,1.200439464317E-03));
#9581 = CARTESIAN_POINT('',(-0.210546710921,1.189970226386E-03));
#9582 = CARTESIAN_POINT('',(-0.236569837129,1.178816996811E-03));
#9583 = CARTESIAN_POINT('',(-0.262592400927,1.166978005667E-03));
#9584 = CARTESIAN_POINT('',(-0.288614459645,1.154451359354E-03));
#9585 = CARTESIAN_POINT('',(-0.314636078936,1.141235040566E-03));
#9586 = CARTESIAN_POINT('',(-0.340657332776,1.127326908317E-03));
#9587 = CARTESIAN_POINT('',(-0.36667830346,1.112724697922E-03));
#9588 = CARTESIAN_POINT('',(-0.392699081608,1.09742602101E-03));
#9589 = ( GEOMETRIC_REPRESENTATION_CONTEXT(2) 
PARAMETRIC_REPRESENTATION_CONTEXT() REPRESENTATION_CONTEXT('2D SPACE',''
  ) );
#9590 = PCURVE('',#9591,#9596);
#9591 = PLANE('',#9592);
#9592 = AXIS2_PLACEMENT_3D('',#9593,#9594,#9595);
#9593 = CARTESIAN_POINT('',(-2.750198653498E-09,-2.972186255083E-09,0.)
  );
#9594 = DIRECTION('',(0.,0.,1.));
#9595 = DIRECTION('',(1.,0.,0.));
#9596 = DEFINITIONAL_REPRESENTATION('',(#9597),#9649);
#9597 = B_SPLINE_CURVE_WITH_KNOTS('',8,(#9598,#9599,#9600,#9601,#9602,
    #9603,#9604,#9605,#9606,#9607,#9608,#9609,#9610,#9611,#9612,#9613,
    #9614,#9615,#9616,#9617,#9618,#9619,#9620,#9621,#9622,#9623,#9624,
    #9625,#9626,#9627,#9628,#9629,#9630,#9631,#9632,#9633,#9634,#9635,
    #9636,#9637,#9638,#9639,#9640,#9641,#9642,#9643,#9644,#9645,#9646,
    #9647,#9648),.UNSPECIFIED.,.F.,.F.,(9,7,7,7,7,7,7,9),(0.,
    0.175371747347,0.181959296684,0.286561133034,0.50338478869,
    0.828200699682,0.838531114284,1.),.UNSPECIFIED.);
#9598 = CARTESIAN_POINT('',(72.113498149743,98.482007698263));
#9599 = CARTESIAN_POINT('',(73.090588029679,98.481045635221));
#9600 = CARTESIAN_POINT('',(74.067677928175,98.480137860893));
#9601 = CARTESIAN_POINT('',(75.044767815832,98.479293149638));
#9602 = CARTESIAN_POINT('',(76.021857667269,98.478519204246));
#9603 = CARTESIAN_POINT('',(76.998947461118,98.477822655946));
#9604 = CARTESIAN_POINT('',(77.97603718003,98.477209064401));
#9605 = CARTESIAN_POINT('',(78.953126810669,98.476682917714));
#9606 = CARTESIAN_POINT('',(79.966919094323,98.476231281647));
#9607 = CARTESIAN_POINT('',(80.003615104885,98.476195159204));
#9608 = CARTESIAN_POINT('',(80.040308064804,98.476100587573));
#9609 = CARTESIAN_POINT('',(80.07700043932,98.475921175913));
#9610 = CARTESIAN_POINT('',(80.113693469509,98.475642820056));
#9611 = CARTESIAN_POINT('',(80.150387172289,98.475263702511));
#9612 = CARTESIAN_POINT('',(80.187080340413,98.474794292462));
#9613 = CARTESIAN_POINT('',(80.806363903794,98.465731320785));
#9614 = CARTESIAN_POINT('',(81.388654246651,98.436208092929));
#9615 = CARTESIAN_POINT('',(81.969753123755,98.385707703046));
#9616 = CARTESIAN_POINT('',(82.548779066263,98.314294401532));
#9617 = CARTESIAN_POINT('',(83.124857678022,98.22207642152));
#9618 = CARTESIAN_POINT('',(83.697121729827,98.109205752069));
#9619 = CARTESIAN_POINT('',(84.264711253666,97.975877911352));
#9620 = CARTESIAN_POINT('',(85.991843246735,97.504053879634));
#9621 = CARTESIAN_POINT('',(87.133320261975,97.09886204702));
#9622 = CARTESIAN_POINT('',(88.243441266661,96.608895758202));
#9623 = CARTESIAN_POINT('',(89.314902632425,96.03709611349));
#9624 = CARTESIAN_POINT('',(90.340801273782,95.387089265569));
#9625 = CARTESIAN_POINT('',(91.314617790733,94.663143096064));
#9626 = CARTESIAN_POINT('',(92.230241998772,93.870197080412));
#9627 = CARTESIAN_POINT('',(94.358090813244,91.731274614292));
#9628 = CARTESIAN_POINT('',(95.491935509824,90.305521846828));
#9629 = CARTESIAN_POINT('',(96.463539114124,88.756224010053));
#9630 = CARTESIAN_POINT('',(97.257732599059,87.105229517669));
#9631 = CARTESIAN_POINT('',(97.862601413727,85.375861673418));
#9632 = CARTESIAN_POINT('',(98.26978486468,83.592970891213));
#9633 = CARTESIAN_POINT('',(98.474263316258,81.782778566899));
#9634 = CARTESIAN_POINT('',(98.476287038303,79.91590415728));
#9635 = CARTESIAN_POINT('',(98.476251966012,79.857133920283));
#9636 = CARTESIAN_POINT('',(98.476292154015,79.797934928255));
#9637 = CARTESIAN_POINT('',(98.476353543983,79.738785230343));
#9638 = CARTESIAN_POINT('',(98.476374018576,79.679907445276));
#9639 = CARTESIAN_POINT('',(98.476373698714,79.621295698913));
#9640 = CARTESIAN_POINT('',(98.476416827814,79.562705277651));
#9641 = CARTESIAN_POINT('',(98.476889384767,78.579841845821));
#9642 = CARTESIAN_POINT('',(98.477413693851,77.65607860951));
#9643 = CARTESIAN_POINT('',(98.478015038866,76.732315297623));
#9644 = CARTESIAN_POINT('',(98.478689431365,75.808551922217));
#9645 = CARTESIAN_POINT('',(98.479432025841,74.884788498531));
#9646 = CARTESIAN_POINT('',(98.480237119721,73.961025044986));
#9647 = CARTESIAN_POINT('',(98.481098153371,73.037261583182));
#9648 = CARTESIAN_POINT('',(98.482007710096,72.113498137901));
#9649 = ( GEOMETRIC_REPRESENTATION_CONTEXT(2) 
PARAMETRIC_REPRESENTATION_CONTEXT() REPRESENTATION_CONTEXT('2D SPACE',''
  ) );
#9650 = ORIENTED_EDGE('',*,*,#8653,.T.);
#9651 = ORIENTED_EDGE('',*,*,#4019,.F.);
#9652 = ORIENTED_EDGE('',*,*,#4550,.F.);
#9653 = ADVANCED_FACE('',(#9654),#4207,.F.);
#9654 = FACE_BOUND('',#9655,.F.);
#9655 = EDGE_LOOP('',(#9656,#9679,#9680,#9703,#9725,#9726,#9748,#9749));
#9656 = ORIENTED_EDGE('',*,*,#9657,.T.);
#9657 = EDGE_CURVE('',#9658,#4189,#9660,.T.);
#9658 = VERTEX_POINT('',#9659);
#9659 = CARTESIAN_POINT('',(-98.5,-78.5,0.));
#9660 = SURFACE_CURVE('',#9661,(#9665,#9672),.PCURVE_S1.);
#9661 = LINE('',#9662,#9663);
#9662 = CARTESIAN_POINT('',(-98.5,-78.5,0.));
#9663 = VECTOR('',#9664,1.);
#9664 = DIRECTION('',(0.,0.,-1.));
#9665 = PCURVE('',#4207,#9666);
#9666 = DEFINITIONAL_REPRESENTATION('',(#9667),#9671);
#9667 = LINE('',#9668,#9669);
#9668 = CARTESIAN_POINT('',(3.14159265359,0.));
#9669 = VECTOR('',#9670,1.);
#9670 = DIRECTION('',(0.,-1.));
#9671 = ( GEOMETRIC_REPRESENTATION_CONTEXT(2) 
PARAMETRIC_REPRESENTATION_CONTEXT() REPRESENTATION_CONTEXT('2D SPACE',''
  ) );
#9672 = PCURVE('',#4235,#9673);
#9673 = DEFINITIONAL_REPRESENTATION('',(#9674),#9678);
#9674 = LINE('',#9675,#9676);
#9675 = CARTESIAN_POINT('',(0.,0.));
#9676 = VECTOR('',#9677,1.);
#9677 = DIRECTION('',(0.,-1.));
#9678 = ( GEOMETRIC_REPRESENTATION_CONTEXT(2) 
PARAMETRIC_REPRESENTATION_CONTEXT() REPRESENTATION_CONTEXT('2D SPACE',''
  ) );
#9679 = ORIENTED_EDGE('',*,*,#4188,.T.);
#9680 = ORIENTED_EDGE('',*,*,#9681,.F.);
#9681 = EDGE_CURVE('',#9682,#4191,#9684,.T.);
#9682 = VERTEX_POINT('',#9683);
#9683 = CARTESIAN_POINT('',(-78.5,-98.5,0.));
#9684 = SURFACE_CURVE('',#9685,(#9689,#9696),.PCURVE_S1.);
#9685 = LINE('',#9686,#9687);
#9686 = CARTESIAN_POINT('',(-78.5,-98.5,0.));
#9687 = VECTOR('',#9688,1.);
#9688 = DIRECTION('',(0.,0.,-1.));
#9689 = PCURVE('',#4207,#9690);
#9690 = DEFINITIONAL_REPRESENTATION('',(#9691),#9695);
#9691 = LINE('',#9692,#9693);
#9692 = CARTESIAN_POINT('',(4.712388980385,0.));
#9693 = VECTOR('',#9694,1.);
#9694 = DIRECTION('',(0.,-1.));
#9695 = ( GEOMETRIC_REPRESENTATION_CONTEXT(2) 
PARAMETRIC_REPRESENTATION_CONTEXT() REPRESENTATION_CONTEXT('2D SPACE',''
  ) );
#9696 = PCURVE('',#4404,#9697);
#9697 = DEFINITIONAL_REPRESENTATION('',(#9698),#9702);
#9698 = LINE('',#9699,#9700);
#9699 = CARTESIAN_POINT('',(0.,0.));
#9700 = VECTOR('',#9701,1.);
#9701 = DIRECTION('',(0.,-1.));
#9702 = ( GEOMETRIC_REPRESENTATION_CONTEXT(2) 
PARAMETRIC_REPRESENTATION_CONTEXT() REPRESENTATION_CONTEXT('2D SPACE',''
  ) );
#9703 = ORIENTED_EDGE('',*,*,#9704,.F.);
#9704 = EDGE_CURVE('',#6202,#9682,#9705,.T.);
#9705 = SURFACE_CURVE('',#9706,(#9711,#9718),.PCURVE_S1.);
#9706 = CIRCLE('',#9707,20.);
#9707 = AXIS2_PLACEMENT_3D('',#9708,#9709,#9710);
#9708 = CARTESIAN_POINT('',(-78.5,-78.5,0.));
#9709 = DIRECTION('',(0.,0.,1.));
#9710 = DIRECTION('',(1.,0.,0.));
#9711 = PCURVE('',#4207,#9712);
#9712 = DEFINITIONAL_REPRESENTATION('',(#9713),#9717);
#9713 = LINE('',#9714,#9715);
#9714 = CARTESIAN_POINT('',(0.,0.));
#9715 = VECTOR('',#9716,1.);
#9716 = DIRECTION('',(1.,0.));
#9717 = ( GEOMETRIC_REPRESENTATION_CONTEXT(2) 
PARAMETRIC_REPRESENTATION_CONTEXT() REPRESENTATION_CONTEXT('2D SPACE',''
  ) );
#9718 = PCURVE('',#6455,#9719);
#9719 = DEFINITIONAL_REPRESENTATION('',(#9720),#9724);
#9720 = CIRCLE('',#9721,20.);
#9721 = AXIS2_PLACEMENT_2D('',#9722,#9723);
#9722 = CARTESIAN_POINT('',(1.5,1.5));
#9723 = DIRECTION('',(1.,0.));
#9724 = ( GEOMETRIC_REPRESENTATION_CONTEXT(2) 
PARAMETRIC_REPRESENTATION_CONTEXT() REPRESENTATION_CONTEXT('2D SPACE',''
  ) );
#9725 = ORIENTED_EDGE('',*,*,#6201,.T.);
#9726 = ORIENTED_EDGE('',*,*,#9727,.F.);
#9727 = EDGE_CURVE('',#6525,#6108,#9728,.T.);
#9728 = SURFACE_CURVE('',#9729,(#9734,#9741),.PCURVE_S1.);
#9729 = CIRCLE('',#9730,20.);
#9730 = AXIS2_PLACEMENT_3D('',#9731,#9732,#9733);
#9731 = CARTESIAN_POINT('',(-78.5,-78.5,0.));
#9732 = DIRECTION('',(0.,0.,1.));
#9733 = DIRECTION('',(1.,0.,0.));
#9734 = PCURVE('',#4207,#9735);
#9735 = DEFINITIONAL_REPRESENTATION('',(#9736),#9740);
#9736 = LINE('',#9737,#9738);
#9737 = CARTESIAN_POINT('',(0.,0.));
#9738 = VECTOR('',#9739,1.);
#9739 = DIRECTION('',(1.,0.));
#9740 = ( GEOMETRIC_REPRESENTATION_CONTEXT(2) 
PARAMETRIC_REPRESENTATION_CONTEXT() REPRESENTATION_CONTEXT('2D SPACE',''
  ) );
#9741 = PCURVE('',#7047,#9742);
#9742 = DEFINITIONAL_REPRESENTATION('',(#9743),#9747);
#9743 = CIRCLE('',#9744,20.);
#9744 = AXIS2_PLACEMENT_2D('',#9745,#9746);
#9745 = CARTESIAN_POINT('',(-78.49999999725,-78.49999999702));
#9746 = DIRECTION('',(1.,0.));
#9747 = ( GEOMETRIC_REPRESENTATION_CONTEXT(2) 
PARAMETRIC_REPRESENTATION_CONTEXT() REPRESENTATION_CONTEXT('2D SPACE',''
  ) );
#9748 = ORIENTED_EDGE('',*,*,#7232,.T.);
#9749 = ORIENTED_EDGE('',*,*,#9750,.F.);
#9750 = EDGE_CURVE('',#9658,#7233,#9751,.T.);
#9751 = SURFACE_CURVE('',#9752,(#9757,#9764),.PCURVE_S1.);
#9752 = CIRCLE('',#9753,20.);
#9753 = AXIS2_PLACEMENT_3D('',#9754,#9755,#9756);
#9754 = CARTESIAN_POINT('',(-78.5,-78.5,0.));
#9755 = DIRECTION('',(0.,0.,1.));
#9756 = DIRECTION('',(1.,0.,0.));
#9757 = PCURVE('',#4207,#9758);
#9758 = DEFINITIONAL_REPRESENTATION('',(#9759),#9763);
#9759 = LINE('',#9760,#9761);
#9760 = CARTESIAN_POINT('',(0.,0.));
#9761 = VECTOR('',#9762,1.);
#9762 = DIRECTION('',(1.,0.));
#9763 = ( GEOMETRIC_REPRESENTATION_CONTEXT(2) 
PARAMETRIC_REPRESENTATION_CONTEXT() REPRESENTATION_CONTEXT('2D SPACE',''
  ) );
#9764 = PCURVE('',#7742,#9765);
#9765 = DEFINITIONAL_REPRESENTATION('',(#9766),#9770);
#9766 = CIRCLE('',#9767,20.);
#9767 = AXIS2_PLACEMENT_2D('',#9768,#9769);
#9768 = CARTESIAN_POINT('',(1.5,1.5));
#9769 = DIRECTION('',(1.,0.));
#9770 = ( GEOMETRIC_REPRESENTATION_CONTEXT(2) 
PARAMETRIC_REPRESENTATION_CONTEXT() REPRESENTATION_CONTEXT('2D SPACE',''
  ) );
#9771 = ADVANCED_FACE('',(#9772),#4235,.T.);
#9772 = FACE_BOUND('',#9773,.T.);
#9773 = EDGE_LOOP('',(#9774,#9775,#9776,#9799));
#9774 = ORIENTED_EDGE('',*,*,#9657,.T.);
#9775 = ORIENTED_EDGE('',*,*,#4219,.T.);
#9776 = ORIENTED_EDGE('',*,*,#9777,.F.);
#9777 = EDGE_CURVE('',#9778,#4220,#9780,.T.);
#9778 = VERTEX_POINT('',#9779);
#9779 = CARTESIAN_POINT('',(-98.5,78.499999988343,0.));
#9780 = SURFACE_CURVE('',#9781,(#9785,#9792),.PCURVE_S1.);
#9781 = LINE('',#9782,#9783);
#9782 = CARTESIAN_POINT('',(-98.5,78.499999988343,0.));
#9783 = VECTOR('',#9784,1.);
#9784 = DIRECTION('',(0.,0.,-1.));
#9785 = PCURVE('',#4235,#9786);
#9786 = DEFINITIONAL_REPRESENTATION('',(#9787),#9791);
#9787 = LINE('',#9788,#9789);
#9788 = CARTESIAN_POINT('',(156.99999998834,0.));
#9789 = VECTOR('',#9790,1.);
#9790 = DIRECTION('',(0.,-1.));
#9791 = ( GEOMETRIC_REPRESENTATION_CONTEXT(2) 
PARAMETRIC_REPRESENTATION_CONTEXT() REPRESENTATION_CONTEXT('2D SPACE',''
  ) );
#9792 = PCURVE('',#4264,#9793);
#9793 = DEFINITIONAL_REPRESENTATION('',(#9794),#9798);
#9794 = LINE('',#9795,#9796);
#9795 = CARTESIAN_POINT('',(3.14159265359,0.));
#9796 = VECTOR('',#9797,1.);
#9797 = DIRECTION('',(0.,-1.));
#9798 = ( GEOMETRIC_REPRESENTATION_CONTEXT(2) 
PARAMETRIC_REPRESENTATION_CONTEXT() REPRESENTATION_CONTEXT('2D SPACE',''
  ) );
#9799 = ORIENTED_EDGE('',*,*,#9800,.F.);
#9800 = EDGE_CURVE('',#9658,#9778,#9801,.T.);
#9801 = SURFACE_CURVE('',#9802,(#9806,#9813),.PCURVE_S1.);
#9802 = LINE('',#9803,#9804);
#9803 = CARTESIAN_POINT('',(-98.5,6.750155989721E-13,0.));
#9804 = VECTOR('',#9805,1.);
#9805 = DIRECTION('',(0.,1.,0.));
#9806 = PCURVE('',#4235,#9807);
#9807 = DEFINITIONAL_REPRESENTATION('',(#9808),#9812);
#9808 = LINE('',#9809,#9810);
#9809 = CARTESIAN_POINT('',(78.500000000001,0.));
#9810 = VECTOR('',#9811,1.);
#9811 = DIRECTION('',(1.,0.));
#9812 = ( GEOMETRIC_REPRESENTATION_CONTEXT(2) 
PARAMETRIC_REPRESENTATION_CONTEXT() REPRESENTATION_CONTEXT('2D SPACE',''
  ) );
#9813 = PCURVE('',#7742,#9814);
#9814 = DEFINITIONAL_REPRESENTATION('',(#9815),#9819);
#9815 = LINE('',#9816,#9817);
#9816 = CARTESIAN_POINT('',(-18.5,80.000000000001));
#9817 = VECTOR('',#9818,1.);
#9818 = DIRECTION('',(0.,1.));
#9819 = ( GEOMETRIC_REPRESENTATION_CONTEXT(2) 
PARAMETRIC_REPRESENTATION_CONTEXT() REPRESENTATION_CONTEXT('2D SPACE',''
  ) );
#9820 = ADVANCED_FACE('',(#9821),#4404,.F.);
#9821 = FACE_BOUND('',#9822,.F.);
#9822 = EDGE_LOOP('',(#9823,#9824,#9825,#9848));
#9823 = ORIENTED_EDGE('',*,*,#9681,.T.);
#9824 = ORIENTED_EDGE('',*,*,#4390,.T.);
#9825 = ORIENTED_EDGE('',*,*,#9826,.F.);
#9826 = EDGE_CURVE('',#9827,#4362,#9829,.T.);
#9827 = VERTEX_POINT('',#9828);
#9828 = CARTESIAN_POINT('',(78.499999988342,-98.49999999999,0.));
#9829 = SURFACE_CURVE('',#9830,(#9834,#9841),.PCURVE_S1.);
#9830 = LINE('',#9831,#9832);
#9831 = CARTESIAN_POINT('',(78.499999988342,-98.49999999999,0.));
#9832 = VECTOR('',#9833,1.);
#9833 = DIRECTION('',(0.,0.,-1.));
#9834 = PCURVE('',#4404,#9835);
#9835 = DEFINITIONAL_REPRESENTATION('',(#9836),#9840);
#9836 = LINE('',#9837,#9838);
#9837 = CARTESIAN_POINT('',(156.99999998834,0.));
#9838 = VECTOR('',#9839,1.);
#9839 = DIRECTION('',(0.,-1.));
#9840 = ( GEOMETRIC_REPRESENTATION_CONTEXT(2) 
PARAMETRIC_REPRESENTATION_CONTEXT() REPRESENTATION_CONTEXT('2D SPACE',''
  ) );
#9841 = PCURVE('',#4378,#9842);
#9842 = DEFINITIONAL_REPRESENTATION('',(#9843),#9847);
#9843 = LINE('',#9844,#9845);
#9844 = CARTESIAN_POINT('',(4.712388980385,0.));
#9845 = VECTOR('',#9846,1.);
#9846 = DIRECTION('',(0.,-1.));
#9847 = ( GEOMETRIC_REPRESENTATION_CONTEXT(2) 
PARAMETRIC_REPRESENTATION_CONTEXT() REPRESENTATION_CONTEXT('2D SPACE',''
  ) );
#9848 = ORIENTED_EDGE('',*,*,#9849,.F.);
#9849 = EDGE_CURVE('',#9682,#9827,#9850,.T.);
#9850 = SURFACE_CURVE('',#9851,(#9855,#9862),.PCURVE_S1.);
#9851 = LINE('',#9852,#9853);
#9852 = CARTESIAN_POINT('',(0.,-98.49999999999,0.));
#9853 = VECTOR('',#9854,1.);
#9854 = DIRECTION('',(1.,0.,0.));
#9855 = PCURVE('',#4404,#9856);
#9856 = DEFINITIONAL_REPRESENTATION('',(#9857),#9861);
#9857 = LINE('',#9858,#9859);
#9858 = CARTESIAN_POINT('',(78.5,0.));
#9859 = VECTOR('',#9860,1.);
#9860 = DIRECTION('',(1.,0.));
#9861 = ( GEOMETRIC_REPRESENTATION_CONTEXT(2) 
PARAMETRIC_REPRESENTATION_CONTEXT() REPRESENTATION_CONTEXT('2D SPACE',''
  ) );
#9862 = PCURVE('',#6455,#9863);
#9863 = DEFINITIONAL_REPRESENTATION('',(#9864),#9868);
#9864 = LINE('',#9865,#9866);
#9865 = CARTESIAN_POINT('',(80.,-18.49999999999));
#9866 = VECTOR('',#9867,1.);
#9867 = DIRECTION('',(1.,0.));
#9868 = ( GEOMETRIC_REPRESENTATION_CONTEXT(2) 
PARAMETRIC_REPRESENTATION_CONTEXT() REPRESENTATION_CONTEXT('2D SPACE',''
  ) );
#9869 = ADVANCED_FACE('',(#9870),#4264,.F.);
#9870 = FACE_BOUND('',#9871,.F.);
#9871 = EDGE_LOOP('',(#9872,#9895,#9896,#9897,#9919,#9920,#9942,#9943));
#9872 = ORIENTED_EDGE('',*,*,#9873,.T.);
#9873 = EDGE_CURVE('',#9874,#4248,#9876,.T.);
#9874 = VERTEX_POINT('',#9875);
#9875 = CARTESIAN_POINT('',(-78.5,98.499999994172,0.));
#9876 = SURFACE_CURVE('',#9877,(#9881,#9888),.PCURVE_S1.);
#9877 = LINE('',#9878,#9879);
#9878 = CARTESIAN_POINT('',(-78.5,98.499999994172,0.));
#9879 = VECTOR('',#9880,1.);
#9880 = DIRECTION('',(0.,0.,-1.));
#9881 = PCURVE('',#4264,#9882);
#9882 = DEFINITIONAL_REPRESENTATION('',(#9883),#9887);
#9883 = LINE('',#9884,#9885);
#9884 = CARTESIAN_POINT('',(1.570796326795,0.));
#9885 = VECTOR('',#9886,1.);
#9886 = DIRECTION('',(0.,-1.));
#9887 = ( GEOMETRIC_REPRESENTATION_CONTEXT(2) 
PARAMETRIC_REPRESENTATION_CONTEXT() REPRESENTATION_CONTEXT('2D SPACE',''
  ) );
#9888 = PCURVE('',#4292,#9889);
#9889 = DEFINITIONAL_REPRESENTATION('',(#9890),#9894);
#9890 = LINE('',#9891,#9892);
#9891 = CARTESIAN_POINT('',(0.,0.));
#9892 = VECTOR('',#9893,1.);
#9893 = DIRECTION('',(0.,-1.));
#9894 = ( GEOMETRIC_REPRESENTATION_CONTEXT(2) 
PARAMETRIC_REPRESENTATION_CONTEXT() REPRESENTATION_CONTEXT('2D SPACE',''
  ) );
#9895 = ORIENTED_EDGE('',*,*,#4247,.T.);
#9896 = ORIENTED_EDGE('',*,*,#9777,.F.);
#9897 = ORIENTED_EDGE('',*,*,#9898,.F.);
#9898 = EDGE_CURVE('',#7489,#9778,#9899,.T.);
#9899 = SURFACE_CURVE('',#9900,(#9905,#9912),.PCURVE_S1.);
#9900 = CIRCLE('',#9901,20.);
#9901 = AXIS2_PLACEMENT_3D('',#9902,#9903,#9904);
#9902 = CARTESIAN_POINT('',(-78.5,78.499999988343,0.));
#9903 = DIRECTION('',(0.,0.,1.));
#9904 = DIRECTION('',(1.,0.,0.));
#9905 = PCURVE('',#4264,#9906);
#9906 = DEFINITIONAL_REPRESENTATION('',(#9907),#9911);
#9907 = LINE('',#9908,#9909);
#9908 = CARTESIAN_POINT('',(0.,0.));
#9909 = VECTOR('',#9910,1.);
#9910 = DIRECTION('',(1.,0.));
#9911 = ( GEOMETRIC_REPRESENTATION_CONTEXT(2) 
PARAMETRIC_REPRESENTATION_CONTEXT() REPRESENTATION_CONTEXT('2D SPACE',''
  ) );
#9912 = PCURVE('',#7742,#9913);
#9913 = DEFINITIONAL_REPRESENTATION('',(#9914),#9918);
#9914 = CIRCLE('',#9915,20.);
#9915 = AXIS2_PLACEMENT_2D('',#9916,#9917);
#9916 = CARTESIAN_POINT('',(1.5,158.49999998834));
#9917 = DIRECTION('',(1.,0.));
#9918 = ( GEOMETRIC_REPRESENTATION_CONTEXT(2) 
PARAMETRIC_REPRESENTATION_CONTEXT() REPRESENTATION_CONTEXT('2D SPACE',''
  ) );
#9919 = ORIENTED_EDGE('',*,*,#7488,.T.);
#9920 = ORIENTED_EDGE('',*,*,#9921,.F.);
#9921 = EDGE_CURVE('',#7812,#7367,#9922,.T.);
#9922 = SURFACE_CURVE('',#9923,(#9928,#9935),.PCURVE_S1.);
#9923 = CIRCLE('',#9924,20.);
#9924 = AXIS2_PLACEMENT_3D('',#9925,#9926,#9927);
#9925 = CARTESIAN_POINT('',(-78.5,78.499999988343,0.));
#9926 = DIRECTION('',(0.,0.,1.));
#9927 = DIRECTION('',(1.,0.,0.));
#9928 = PCURVE('',#4264,#9929);
#9929 = DEFINITIONAL_REPRESENTATION('',(#9930),#9934);
#9930 = LINE('',#9931,#9932);
#9931 = CARTESIAN_POINT('',(0.,0.));
#9932 = VECTOR('',#9933,1.);
#9933 = DIRECTION('',(1.,0.));
#9934 = ( GEOMETRIC_REPRESENTATION_CONTEXT(2) 
PARAMETRIC_REPRESENTATION_CONTEXT() REPRESENTATION_CONTEXT('2D SPACE',''
  ) );
#9935 = PCURVE('',#8334,#9936);
#9936 = DEFINITIONAL_REPRESENTATION('',(#9937),#9941);
#9937 = CIRCLE('',#9938,20.);
#9938 = AXIS2_PLACEMENT_2D('',#9939,#9940);
#9939 = CARTESIAN_POINT('',(-78.49999999725,78.499999991315));
#9940 = DIRECTION('',(1.,0.));
#9941 = ( GEOMETRIC_REPRESENTATION_CONTEXT(2) 
PARAMETRIC_REPRESENTATION_CONTEXT() REPRESENTATION_CONTEXT('2D SPACE',''
  ) );
#9942 = ORIENTED_EDGE('',*,*,#8519,.T.);
#9943 = ORIENTED_EDGE('',*,*,#9944,.F.);
#9944 = EDGE_CURVE('',#9874,#8520,#9945,.T.);
#9945 = SURFACE_CURVE('',#9946,(#9951,#9958),.PCURVE_S1.);
#9946 = CIRCLE('',#9947,20.);
#9947 = AXIS2_PLACEMENT_3D('',#9948,#9949,#9950);
#9948 = CARTESIAN_POINT('',(-78.5,78.499999988343,0.));
#9949 = DIRECTION('',(0.,0.,1.));
#9950 = DIRECTION('',(1.,0.,0.));
#9951 = PCURVE('',#4264,#9952);
#9952 = DEFINITIONAL_REPRESENTATION('',(#9953),#9957);
#9953 = LINE('',#9954,#9955);
#9954 = CARTESIAN_POINT('',(0.,0.));
#9955 = VECTOR('',#9956,1.);
#9956 = DIRECTION('',(1.,0.));
#9957 = ( GEOMETRIC_REPRESENTATION_CONTEXT(2) 
PARAMETRIC_REPRESENTATION_CONTEXT() REPRESENTATION_CONTEXT('2D SPACE',''
  ) );
#9958 = PCURVE('',#9001,#9959);
#9959 = DEFINITIONAL_REPRESENTATION('',(#9960),#9964);
#9960 = CIRCLE('',#9961,20.);
#9961 = AXIS2_PLACEMENT_2D('',#9962,#9963);
#9962 = CARTESIAN_POINT('',(1.5,158.49999998834));
#9963 = DIRECTION('',(1.,0.));
#9964 = ( GEOMETRIC_REPRESENTATION_CONTEXT(2) 
PARAMETRIC_REPRESENTATION_CONTEXT() REPRESENTATION_CONTEXT('2D SPACE',''
  ) );
#9965 = ADVANCED_FACE('',(#9966),#4378,.F.);
#9966 = FACE_BOUND('',#9967,.F.);
#9967 = EDGE_LOOP('',(#9968,#9969,#9970,#9993,#10015,#10016,#10038,
    #10039));
#9968 = ORIENTED_EDGE('',*,*,#9826,.T.);
#9969 = ORIENTED_EDGE('',*,*,#4361,.T.);
#9970 = ORIENTED_EDGE('',*,*,#9971,.F.);
#9971 = EDGE_CURVE('',#9972,#4334,#9974,.T.);
#9972 = VERTEX_POINT('',#9973);
#9973 = CARTESIAN_POINT('',(98.499999994171,-78.49999999999,0.));
#9974 = SURFACE_CURVE('',#9975,(#9979,#9986),.PCURVE_S1.);
#9975 = LINE('',#9976,#9977);
#9976 = CARTESIAN_POINT('',(98.499999994171,-78.49999999999,0.));
#9977 = VECTOR('',#9978,1.);
#9978 = DIRECTION('',(0.,0.,-1.));
#9979 = PCURVE('',#4378,#9980);
#9980 = DEFINITIONAL_REPRESENTATION('',(#9981),#9985);
#9981 = LINE('',#9982,#9983);
#9982 = CARTESIAN_POINT('',(6.28318530718,0.));
#9983 = VECTOR('',#9984,1.);
#9984 = DIRECTION('',(0.,-1.));
#9985 = ( GEOMETRIC_REPRESENTATION_CONTEXT(2) 
PARAMETRIC_REPRESENTATION_CONTEXT() REPRESENTATION_CONTEXT('2D SPACE',''
  ) );
#9986 = PCURVE('',#4349,#9987);
#9987 = DEFINITIONAL_REPRESENTATION('',(#9988),#9992);
#9988 = LINE('',#9989,#9990);
#9989 = CARTESIAN_POINT('',(0.,0.));
#9990 = VECTOR('',#9991,1.);
#9991 = DIRECTION('',(0.,-1.));
#9992 = ( GEOMETRIC_REPRESENTATION_CONTEXT(2) 
PARAMETRIC_REPRESENTATION_CONTEXT() REPRESENTATION_CONTEXT('2D SPACE',''
  ) );
#9993 = ORIENTED_EDGE('',*,*,#9994,.F.);
#9994 = EDGE_CURVE('',#4977,#9972,#9995,.T.);
#9995 = SURFACE_CURVE('',#9996,(#10001,#10008),.PCURVE_S1.);
#9996 = CIRCLE('',#9997,20.);
#9997 = AXIS2_PLACEMENT_3D('',#9998,#9999,#10000);
#9998 = CARTESIAN_POINT('',(78.499999988342,-78.49999999999,0.));
#9999 = DIRECTION('',(0.,0.,1.));
#10000 = DIRECTION('',(1.,0.,0.));
#10001 = PCURVE('',#4378,#10002);
#10002 = DEFINITIONAL_REPRESENTATION('',(#10003),#10007);
#10003 = LINE('',#10004,#10005);
#10004 = CARTESIAN_POINT('',(0.,0.));
#10005 = VECTOR('',#10006,1.);
#10006 = DIRECTION('',(1.,0.));
#10007 = ( GEOMETRIC_REPRESENTATION_CONTEXT(2) 
PARAMETRIC_REPRESENTATION_CONTEXT() REPRESENTATION_CONTEXT('2D SPACE',''
  ) );
#10008 = PCURVE('',#4913,#10009);
#10009 = DEFINITIONAL_REPRESENTATION('',(#10010),#10014);
#10010 = CIRCLE('',#10011,20.);
#10011 = AXIS2_PLACEMENT_2D('',#10012,#10013);
#10012 = CARTESIAN_POINT('',(158.49999998834,1.500000000001));
#10013 = DIRECTION('',(1.,0.));
#10014 = ( GEOMETRIC_REPRESENTATION_CONTEXT(2) 
PARAMETRIC_REPRESENTATION_CONTEXT() REPRESENTATION_CONTEXT('2D SPACE',''
  ) );
#10015 = ORIENTED_EDGE('',*,*,#5182,.T.);
#10016 = ORIENTED_EDGE('',*,*,#10017,.F.);
#10017 = EDGE_CURVE('',#5266,#5089,#10018,.T.);
#10018 = SURFACE_CURVE('',#10019,(#10024,#10031),.PCURVE_S1.);
#10019 = CIRCLE('',#10020,20.);
#10020 = AXIS2_PLACEMENT_3D('',#10021,#10022,#10023);
#10021 = CARTESIAN_POINT('',(78.499999988342,-78.49999999999,0.));
#10022 = DIRECTION('',(0.,0.,1.));
#10023 = DIRECTION('',(1.,0.,0.));
#10024 = PCURVE('',#4378,#10025);
#10025 = DEFINITIONAL_REPRESENTATION('',(#10026),#10030);
#10026 = LINE('',#10027,#10028);
#10027 = CARTESIAN_POINT('',(0.,0.));
#10028 = VECTOR('',#10029,1.);
#10029 = DIRECTION('',(1.,0.));
#10030 = ( GEOMETRIC_REPRESENTATION_CONTEXT(2) 
PARAMETRIC_REPRESENTATION_CONTEXT() REPRESENTATION_CONTEXT('2D SPACE',''
  ) );
#10031 = PCURVE('',#5788,#10032);
#10032 = DEFINITIONAL_REPRESENTATION('',(#10033),#10037);
#10033 = CIRCLE('',#10034,20.);
#10034 = AXIS2_PLACEMENT_2D('',#10035,#10036);
#10035 = CARTESIAN_POINT('',(78.499999991093,-78.49999999702));
#10036 = DIRECTION('',(1.,0.));
#10037 = ( GEOMETRIC_REPRESENTATION_CONTEXT(2) 
PARAMETRIC_REPRESENTATION_CONTEXT() REPRESENTATION_CONTEXT('2D SPACE',''
  ) );
#10038 = ORIENTED_EDGE('',*,*,#5973,.T.);
#10039 = ORIENTED_EDGE('',*,*,#10040,.F.);
#10040 = EDGE_CURVE('',#9827,#5974,#10041,.T.);
#10041 = SURFACE_CURVE('',#10042,(#10047,#10054),.PCURVE_S1.);
#10042 = CIRCLE('',#10043,20.);
#10043 = AXIS2_PLACEMENT_3D('',#10044,#10045,#10046);
#10044 = CARTESIAN_POINT('',(78.499999988342,-78.49999999999,0.));
#10045 = DIRECTION('',(0.,0.,1.));
#10046 = DIRECTION('',(1.,0.,0.));
#10047 = PCURVE('',#4378,#10048);
#10048 = DEFINITIONAL_REPRESENTATION('',(#10049),#10053);
#10049 = LINE('',#10050,#10051);
#10050 = CARTESIAN_POINT('',(0.,0.));
#10051 = VECTOR('',#10052,1.);
#10052 = DIRECTION('',(1.,0.));
#10053 = ( GEOMETRIC_REPRESENTATION_CONTEXT(2) 
PARAMETRIC_REPRESENTATION_CONTEXT() REPRESENTATION_CONTEXT('2D SPACE',''
  ) );
#10054 = PCURVE('',#6455,#10055);
#10055 = DEFINITIONAL_REPRESENTATION('',(#10056),#10060);
#10056 = CIRCLE('',#10057,20.);
#10057 = AXIS2_PLACEMENT_2D('',#10058,#10059);
#10058 = CARTESIAN_POINT('',(158.49999998834,1.500000000001));
#10059 = DIRECTION('',(1.,0.));
#10060 = ( GEOMETRIC_REPRESENTATION_CONTEXT(2) 
PARAMETRIC_REPRESENTATION_CONTEXT() REPRESENTATION_CONTEXT('2D SPACE',''
  ) );
#10061 = ADVANCED_FACE('',(#10062),#4292,.T.);
#10062 = FACE_BOUND('',#10063,.T.);
#10063 = EDGE_LOOP('',(#10064,#10065,#10066,#10089));
#10064 = ORIENTED_EDGE('',*,*,#9873,.T.);
#10065 = ORIENTED_EDGE('',*,*,#4276,.T.);
#10066 = ORIENTED_EDGE('',*,*,#10067,.F.);
#10067 = EDGE_CURVE('',#10068,#4277,#10070,.T.);
#10068 = VERTEX_POINT('',#10069);
#10069 = CARTESIAN_POINT('',(78.5,98.499999994172,0.));
#10070 = SURFACE_CURVE('',#10071,(#10075,#10082),.PCURVE_S1.);
#10071 = LINE('',#10072,#10073);
#10072 = CARTESIAN_POINT('',(78.5,98.499999994172,0.));
#10073 = VECTOR('',#10074,1.);
#10074 = DIRECTION('',(0.,0.,-1.));
#10075 = PCURVE('',#4292,#10076);
#10076 = DEFINITIONAL_REPRESENTATION('',(#10077),#10081);
#10077 = LINE('',#10078,#10079);
#10078 = CARTESIAN_POINT('',(157.,0.));
#10079 = VECTOR('',#10080,1.);
#10080 = DIRECTION('',(0.,-1.));
#10081 = ( GEOMETRIC_REPRESENTATION_CONTEXT(2) 
PARAMETRIC_REPRESENTATION_CONTEXT() REPRESENTATION_CONTEXT('2D SPACE',''
  ) );
#10082 = PCURVE('',#4321,#10083);
#10083 = DEFINITIONAL_REPRESENTATION('',(#10084),#10088);
#10084 = LINE('',#10085,#10086);
#10085 = CARTESIAN_POINT('',(1.570796326795,0.));
#10086 = VECTOR('',#10087,1.);
#10087 = DIRECTION('',(0.,-1.));
#10088 = ( GEOMETRIC_REPRESENTATION_CONTEXT(2) 
PARAMETRIC_REPRESENTATION_CONTEXT() REPRESENTATION_CONTEXT('2D SPACE',''
  ) );
#10089 = ORIENTED_EDGE('',*,*,#10090,.F.);
#10090 = EDGE_CURVE('',#9874,#10068,#10091,.T.);
#10091 = SURFACE_CURVE('',#10092,(#10096,#10103),.PCURVE_S1.);
#10092 = LINE('',#10093,#10094);
#10093 = CARTESIAN_POINT('',(0.,98.500000000001,0.));
#10094 = VECTOR('',#10095,1.);
#10095 = DIRECTION('',(1.,0.,0.));
#10096 = PCURVE('',#4292,#10097);
#10097 = DEFINITIONAL_REPRESENTATION('',(#10098),#10102);
#10098 = LINE('',#10099,#10100);
#10099 = CARTESIAN_POINT('',(78.5,0.));
#10100 = VECTOR('',#10101,1.);
#10101 = DIRECTION('',(1.,0.));
#10102 = ( GEOMETRIC_REPRESENTATION_CONTEXT(2) 
PARAMETRIC_REPRESENTATION_CONTEXT() REPRESENTATION_CONTEXT('2D SPACE',''
  ) );
#10103 = PCURVE('',#9001,#10104);
#10104 = DEFINITIONAL_REPRESENTATION('',(#10105),#10109);
#10105 = LINE('',#10106,#10107);
#10106 = CARTESIAN_POINT('',(80.,178.5));
#10107 = VECTOR('',#10108,1.);
#10108 = DIRECTION('',(1.,0.));
#10109 = ( GEOMETRIC_REPRESENTATION_CONTEXT(2) 
PARAMETRIC_REPRESENTATION_CONTEXT() REPRESENTATION_CONTEXT('2D SPACE',''
  ) );
#10110 = ADVANCED_FACE('',(#10111),#4349,.F.);
#10111 = FACE_BOUND('',#10112,.F.);
#10112 = EDGE_LOOP('',(#10113,#10114,#10115,#10138));
#10113 = ORIENTED_EDGE('',*,*,#9971,.T.);
#10114 = ORIENTED_EDGE('',*,*,#4333,.T.);
#10115 = ORIENTED_EDGE('',*,*,#10116,.F.);
#10116 = EDGE_CURVE('',#10117,#4305,#10119,.T.);
#10117 = VERTEX_POINT('',#10118);
#10118 = CARTESIAN_POINT('',(98.5,78.499999988343,0.));
#10119 = SURFACE_CURVE('',#10120,(#10124,#10131),.PCURVE_S1.);
#10120 = LINE('',#10121,#10122);
#10121 = CARTESIAN_POINT('',(98.5,78.499999988343,0.));
#10122 = VECTOR('',#10123,1.);
#10123 = DIRECTION('',(0.,0.,-1.));
#10124 = PCURVE('',#4349,#10125);
#10125 = DEFINITIONAL_REPRESENTATION('',(#10126),#10130);
#10126 = LINE('',#10127,#10128);
#10127 = CARTESIAN_POINT('',(156.99999998834,0.));
#10128 = VECTOR('',#10129,1.);
#10129 = DIRECTION('',(0.,-1.));
#10130 = ( GEOMETRIC_REPRESENTATION_CONTEXT(2) 
PARAMETRIC_REPRESENTATION_CONTEXT() REPRESENTATION_CONTEXT('2D SPACE',''
  ) );
#10131 = PCURVE('',#4321,#10132);
#10132 = DEFINITIONAL_REPRESENTATION('',(#10133),#10137);
#10133 = LINE('',#10134,#10135);
#10134 = CARTESIAN_POINT('',(0.,0.));
#10135 = VECTOR('',#10136,1.);
#10136 = DIRECTION('',(0.,-1.));
#10137 = ( GEOMETRIC_REPRESENTATION_CONTEXT(2) 
PARAMETRIC_REPRESENTATION_CONTEXT() REPRESENTATION_CONTEXT('2D SPACE',''
  ) );
#10138 = ORIENTED_EDGE('',*,*,#10139,.F.);
#10139 = EDGE_CURVE('',#9972,#10117,#10140,.T.);
#10140 = SURFACE_CURVE('',#10141,(#10145,#10152),.PCURVE_S1.);
#10141 = LINE('',#10142,#10143);
#10142 = CARTESIAN_POINT('',(98.5,6.750155989721E-13,0.));
#10143 = VECTOR('',#10144,1.);
#10144 = DIRECTION('',(0.,1.,0.));
#10145 = PCURVE('',#4349,#10146);
#10146 = DEFINITIONAL_REPRESENTATION('',(#10147),#10151);
#10147 = LINE('',#10148,#10149);
#10148 = CARTESIAN_POINT('',(78.5,0.));
#10149 = VECTOR('',#10150,1.);
#10150 = DIRECTION('',(1.,0.));
#10151 = ( GEOMETRIC_REPRESENTATION_CONTEXT(2) 
PARAMETRIC_REPRESENTATION_CONTEXT() REPRESENTATION_CONTEXT('2D SPACE',''
  ) );
#10152 = PCURVE('',#4913,#10153);
#10153 = DEFINITIONAL_REPRESENTATION('',(#10154),#10158);
#10154 = LINE('',#10155,#10156);
#10155 = CARTESIAN_POINT('',(178.5,80.000000000001));
#10156 = VECTOR('',#10157,1.);
#10157 = DIRECTION('',(0.,1.));
#10158 = ( GEOMETRIC_REPRESENTATION_CONTEXT(2) 
PARAMETRIC_REPRESENTATION_CONTEXT() REPRESENTATION_CONTEXT('2D SPACE',''
  ) );
#10159 = ADVANCED_FACE('',(#10160),#4321,.F.);
#10160 = FACE_BOUND('',#10161,.F.);
#10161 = EDGE_LOOP('',(#10162,#10163,#10164,#10165,#10187,#10188,#10210,
    #10211));
#10162 = ORIENTED_EDGE('',*,*,#10116,.T.);
#10163 = ORIENTED_EDGE('',*,*,#4304,.T.);
#10164 = ORIENTED_EDGE('',*,*,#10067,.F.);
#10165 = ORIENTED_EDGE('',*,*,#10166,.F.);
#10166 = EDGE_CURVE('',#8748,#10068,#10167,.T.);
#10167 = SURFACE_CURVE('',#10168,(#10173,#10180),.PCURVE_S1.);
#10168 = CIRCLE('',#10169,20.);
#10169 = AXIS2_PLACEMENT_3D('',#10170,#10171,#10172);
#10170 = CARTESIAN_POINT('',(78.5,78.499999988343,0.));
#10171 = DIRECTION('',(0.,0.,1.));
#10172 = DIRECTION('',(1.,0.,0.));
#10173 = PCURVE('',#4321,#10174);
#10174 = DEFINITIONAL_REPRESENTATION('',(#10175),#10179);
#10175 = LINE('',#10176,#10177);
#10176 = CARTESIAN_POINT('',(0.,0.));
#10177 = VECTOR('',#10178,1.);
#10178 = DIRECTION('',(1.,0.));
#10179 = ( GEOMETRIC_REPRESENTATION_CONTEXT(2) 
PARAMETRIC_REPRESENTATION_CONTEXT() REPRESENTATION_CONTEXT('2D SPACE',''
  ) );
#10180 = PCURVE('',#9001,#10181);
#10181 = DEFINITIONAL_REPRESENTATION('',(#10182),#10186);
#10182 = CIRCLE('',#10183,20.);
#10183 = AXIS2_PLACEMENT_2D('',#10184,#10185);
#10184 = CARTESIAN_POINT('',(158.5,158.49999998834));
#10185 = DIRECTION('',(1.,0.));
#10186 = ( GEOMETRIC_REPRESENTATION_CONTEXT(2) 
PARAMETRIC_REPRESENTATION_CONTEXT() REPRESENTATION_CONTEXT('2D SPACE',''
  ) );
#10187 = ORIENTED_EDGE('',*,*,#8747,.T.);
#10188 = ORIENTED_EDGE('',*,*,#10189,.F.);
#10189 = EDGE_CURVE('',#4429,#8654,#10190,.T.);
#10190 = SURFACE_CURVE('',#10191,(#10196,#10203),.PCURVE_S1.);
#10191 = CIRCLE('',#10192,20.);
#10192 = AXIS2_PLACEMENT_3D('',#10193,#10194,#10195);
#10193 = CARTESIAN_POINT('',(78.5,78.499999988343,0.));
#10194 = DIRECTION('',(0.,0.,1.));
#10195 = DIRECTION('',(1.,0.,0.));
#10196 = PCURVE('',#4321,#10197);
#10197 = DEFINITIONAL_REPRESENTATION('',(#10198),#10202);
#10198 = LINE('',#10199,#10200);
#10199 = CARTESIAN_POINT('',(0.,0.));
#10200 = VECTOR('',#10201,1.);
#10201 = DIRECTION('',(1.,0.));
#10202 = ( GEOMETRIC_REPRESENTATION_CONTEXT(2) 
PARAMETRIC_REPRESENTATION_CONTEXT() REPRESENTATION_CONTEXT('2D SPACE',''
  ) );
#10203 = PCURVE('',#9591,#10204);
#10204 = DEFINITIONAL_REPRESENTATION('',(#10205),#10209);
#10205 = CIRCLE('',#10206,20.);
#10206 = AXIS2_PLACEMENT_2D('',#10207,#10208);
#10207 = CARTESIAN_POINT('',(78.50000000275,78.499999991315));
#10208 = DIRECTION('',(1.,0.));
#10209 = ( GEOMETRIC_REPRESENTATION_CONTEXT(2) 
PARAMETRIC_REPRESENTATION_CONTEXT() REPRESENTATION_CONTEXT('2D SPACE',''
  ) );
#10210 = ORIENTED_EDGE('',*,*,#4428,.T.);
#10211 = ORIENTED_EDGE('',*,*,#10212,.F.);
#10212 = EDGE_CURVE('',#10117,#4431,#10213,.T.);
#10213 = SURFACE_CURVE('',#10214,(#10219,#10226),.PCURVE_S1.);
#10214 = CIRCLE('',#10215,20.);
#10215 = AXIS2_PLACEMENT_3D('',#10216,#10217,#10218);
#10216 = CARTESIAN_POINT('',(78.5,78.499999988343,0.));
#10217 = DIRECTION('',(0.,0.,1.));
#10218 = DIRECTION('',(1.,0.,0.));
#10219 = PCURVE('',#4321,#10220);
#10220 = DEFINITIONAL_REPRESENTATION('',(#10221),#10225);
#10221 = LINE('',#10222,#10223);
#10222 = CARTESIAN_POINT('',(0.,0.));
#10223 = VECTOR('',#10224,1.);
#10224 = DIRECTION('',(1.,0.));
#10225 = ( GEOMETRIC_REPRESENTATION_CONTEXT(2) 
PARAMETRIC_REPRESENTATION_CONTEXT() REPRESENTATION_CONTEXT('2D SPACE',''
  ) );
#10226 = PCURVE('',#4913,#10227);
#10227 = DEFINITIONAL_REPRESENTATION('',(#10228),#10232);
#10228 = CIRCLE('',#10229,20.);
#10229 = AXIS2_PLACEMENT_2D('',#10230,#10231);
#10230 = CARTESIAN_POINT('',(158.5,158.49999998834));
#10231 = DIRECTION('',(1.,0.));
#10232 = ( GEOMETRIC_REPRESENTATION_CONTEXT(2) 
PARAMETRIC_REPRESENTATION_CONTEXT() REPRESENTATION_CONTEXT('2D SPACE',''
  ) );
#10233 = ADVANCED_FACE('',(#10234),#4913,.F.);
#10234 = FACE_BOUND('',#10235,.F.);
#10235 = EDGE_LOOP('',(#10236,#10237,#10238,#10239,#10240));
#10236 = ORIENTED_EDGE('',*,*,#10212,.T.);
#10237 = ORIENTED_EDGE('',*,*,#4803,.T.);
#10238 = ORIENTED_EDGE('',*,*,#4976,.T.);
#10239 = ORIENTED_EDGE('',*,*,#9994,.T.);
#10240 = ORIENTED_EDGE('',*,*,#10139,.T.);
#10241 = ADVANCED_FACE('',(#10242),#5788,.T.);
#10242 = FACE_BOUND('',#10243,.T.);
#10243 = EDGE_LOOP('',(#10244,#10245));
#10244 = ORIENTED_EDGE('',*,*,#10017,.F.);
#10245 = ORIENTED_EDGE('',*,*,#5265,.F.);
#10246 = ADVANCED_FACE('',(#10247),#6455,.F.);
#10247 = FACE_BOUND('',#10248,.F.);
#10248 = EDGE_LOOP('',(#10249,#10250,#10251,#10252));
#10249 = ORIENTED_EDGE('',*,*,#6333,.T.);
#10250 = ORIENTED_EDGE('',*,*,#9704,.T.);
#10251 = ORIENTED_EDGE('',*,*,#9849,.T.);
#10252 = ORIENTED_EDGE('',*,*,#10040,.T.);
#10253 = ADVANCED_FACE('',(#10254),#7047,.T.);
#10254 = FACE_BOUND('',#10255,.T.);
#10255 = EDGE_LOOP('',(#10256,#10257));
#10256 = ORIENTED_EDGE('',*,*,#9727,.F.);
#10257 = ORIENTED_EDGE('',*,*,#6524,.F.);
#10258 = ADVANCED_FACE('',(#10259),#7742,.F.);
#10259 = FACE_BOUND('',#10260,.F.);
#10260 = EDGE_LOOP('',(#10261,#10262,#10263,#10264));
#10261 = ORIENTED_EDGE('',*,*,#7620,.T.);
#10262 = ORIENTED_EDGE('',*,*,#9898,.T.);
#10263 = ORIENTED_EDGE('',*,*,#9800,.F.);
#10264 = ORIENTED_EDGE('',*,*,#9750,.T.);
#10265 = ADVANCED_FACE('',(#10266),#8334,.T.);
#10266 = FACE_BOUND('',#10267,.T.);
#10267 = EDGE_LOOP('',(#10268,#10269));
#10268 = ORIENTED_EDGE('',*,*,#7811,.F.);
#10269 = ORIENTED_EDGE('',*,*,#9921,.F.);
#10270 = ADVANCED_FACE('',(#10271),#9001,.F.);
#10271 = FACE_BOUND('',#10272,.F.);
#10272 = EDGE_LOOP('',(#10273,#10274,#10275,#10276));
#10273 = ORIENTED_EDGE('',*,*,#9944,.T.);
#10274 = ORIENTED_EDGE('',*,*,#8879,.T.);
#10275 = ORIENTED_EDGE('',*,*,#10166,.T.);
#10276 = ORIENTED_EDGE('',*,*,#10090,.F.);
#10277 = ADVANCED_FACE('',(#10278),#9591,.T.);
#10278 = FACE_BOUND('',#10279,.T.);
#10279 = EDGE_LOOP('',(#10280,#10281));
#10280 = ORIENTED_EDGE('',*,*,#9070,.F.);
#10281 = ORIENTED_EDGE('',*,*,#10189,.F.);
#10282 = ( GEOMETRIC_REPRESENTATION_CONTEXT(3) 
GLOBAL_UNCERTAINTY_ASSIGNED_CONTEXT((#10286)) 
GLOBAL_UNIT_ASSIGNED_CONTEXT((#10283,#10284,#10285)) 
REPRESENTATION_CONTEXT('Context #1',
  '3D Context with UNIT and UNCERTAINTY') );
#10283 = ( LENGTH_UNIT() NAMED_UNIT(*) SI_UNIT(.MILLI.,.METRE.) );
#10284 = ( NAMED_UNIT(*) PLANE_ANGLE_UNIT() SI_UNIT($,.RADIAN.) );
#10285 = ( NAMED_UNIT(*) SI_UNIT($,.STERADIAN.) SOLID_ANGLE_UNIT() );
#10286 = UNCERTAINTY_MEASURE_WITH_UNIT(LENGTH_MEASURE(1.E-02),#10283,
  'distance_accuracy_value','confusion accuracy');
#10287 = PRODUCT_RELATED_PRODUCT_CATEGORY('part',$,(#7));
ENDSEC;
END-ISO-10303-21;
